image_path,class_name,class_idx,source,split
data/HAM10000/HAM10000_images_part_2/ISIC_0033538.jpg,악성흑색종,6,ham10000,train
data/HAM10000/HAM10000_images_part_1/ISIC_0026649.jpg,멜라닌세포모반,5,ham10000,train
data/HAM10000/HAM10000_images_part_1/ISIC_0028734.jpg,멜라닌세포모반,5,ham10000,train
data/HAM10000/HAM10000_images_part_2/ISIC_0033206.jpg,악성흑색종,6,ham10000,train
data/HAM10000/HAM10000_images_part_1/ISIC_0025004.jpg,멜라닌세포모반,5,ham10000,train
data/HAM10000/HAM10000_images_part_1/ISIC_0027245.jpg,멜라닌세포모반,5,ham10000,train
data/HAM10000/HAM10000_images_part_1/ISIC_0026496.jpg,기저세포암,4,ham10000,train
data/HAM10000/HAM10000_images_part_1/ISIC_0025437.jpg,멜라닌세포모반,5,ham10000,train
data/HAM10000/HAM10000_images_part_1/ISIC_0027339.jpg,멜라닌세포모반,5,ham10000,train
data/HAM10000/HAM10000_images_part_1/ISIC_0024547.jpg,지루각화증,7,ham10000,train
data/HAM10000/HAM10000_images_part_2/ISIC_0031561.jpg,악성흑색종,6,ham10000,train
data/HAM10000/HAM10000_images_part_1/ISIC_0028032.jpg,멜라닌세포모반,5,ham10000,train
data/HAM10000/HAM10000_images_part_1/ISIC_0026213.jpg,기저세포암,4,ham10000,train
data/HAM10000/HAM10000_images_part_1/ISIC_0024322.jpg,멜라닌세포모반,5,ham10000,train
data/HAM10000/HAM10000_images_part_1/ISIC_0027668.jpg,광선각화증,3,ham10000,train
data/HAM10000/HAM10000_images_part_1/ISIC_0026622.jpg,악성흑색종,6,ham10000,train
data/HAM10000/HAM10000_images_part_2/ISIC_0030060.jpg,악성흑색종,6,ham10000,train
data/HAM10000/HAM10000_images_part_2/ISIC_0030845.jpg,멜라닌세포모반,5,ham10000,train
data/HAM10000/HAM10000_images_part_2/ISIC_0032803.jpg,멜라닌세포모반,5,ham10000,train
data/HAM10000/HAM10000_images_part_1/ISIC_0028645.jpg,멜라닌세포모반,5,ham10000,train
data/HAM10000/HAM10000_images_part_1/ISIC_0026413.jpg,멜라닌세포모반,5,ham10000,train
data/HAM10000/HAM10000_images_part_2/ISIC_0033654.jpg,악성흑색종,6,ham10000,train
data/HAM10000/HAM10000_images_part_1/ISIC_0026820.jpg,멜라닌세포모반,5,ham10000,train
data/HAM10000/HAM10000_images_part_2/ISIC_0032936.jpg,악성흑색종,6,ham10000,train
data/HAM10000/HAM10000_images_part_1/ISIC_0027520.jpg,멜라닌세포모반,5,ham10000,train
data/HAM10000/HAM10000_images_part_1/ISIC_0026191.jpg,멜라닌세포모반,5,ham10000,train
data/HAM10000/HAM10000_images_part_2/ISIC_0031151.jpg,멜라닌세포모반,5,ham10000,train
data/HAM10000/HAM10000_images_part_2/ISIC_0033176.jpg,멜라닌세포모반,5,ham10000,train
data/HAM10000/HAM10000_images_part_1/ISIC_0025210.jpg,멜라닌세포모반,5,ham10000,train
data/HAM10000/HAM10000_images_part_2/ISIC_0032122.jpg,멜라닌세포모반,5,ham10000,train
data/HAM10000/HAM10000_images_part_1/ISIC_0027518.jpg,멜라닌세포모반,5,ham10000,train
data/HAM10000/HAM10000_images_part_1/ISIC_0025578.jpg,혈관종,10,ham10000,train
data/HAM10000/HAM10000_images_part_1/ISIC_0028561.jpg,멜라닌세포모반,5,ham10000,train
data/HAM10000/HAM10000_images_part_2/ISIC_0031270.jpg,혈관종,10,ham10000,train
data/HAM10000/HAM10000_images_part_1/ISIC_0025550.jpg,악성흑색종,6,ham10000,train
data/HAM10000/HAM10000_images_part_2/ISIC_0032732.jpg,지루각화증,7,ham10000,train
data/HAM10000/HAM10000_images_part_1/ISIC_0025219.jpg,악성흑색종,6,ham10000,train
data/HAM10000/HAM10000_images_part_2/ISIC_0033638.jpg,악성흑색종,6,ham10000,train
data/HAM10000/HAM10000_images_part_2/ISIC_0029650.jpg,멜라닌세포모반,5,ham10000,train
data/HAM10000/HAM10000_images_part_1/ISIC_0024853.jpg,악성흑색종,6,ham10000,train
data/HAM10000/HAM10000_images_part_2/ISIC_0029440.jpg,멜라닌세포모반,5,ham10000,train
data/HAM10000/HAM10000_images_part_1/ISIC_0027030.jpg,악성흑색종,6,ham10000,train
data/HAM10000/HAM10000_images_part_2/ISIC_0034135.jpg,피부섬유종,9,ham10000,train
data/HAM10000/HAM10000_images_part_1/ISIC_0025584.jpg,기저세포암,4,ham10000,train
data/HAM10000/HAM10000_images_part_1/ISIC_0029020.jpg,기저세포암,4,ham10000,train
data/HAM10000/HAM10000_images_part_2/ISIC_0032838.jpg,멜라닌세포모반,5,ham10000,train
data/HAM10000/HAM10000_images_part_1/ISIC_0028268.jpg,멜라닌세포모반,5,ham10000,train
data/HAM10000/HAM10000_images_part_1/ISIC_0026335.jpg,지루각화증,7,ham10000,train
data/HAM10000/HAM10000_images_part_1/ISIC_0029180.jpg,멜라닌세포모반,5,ham10000,train
data/HAM10000/HAM10000_images_part_1/ISIC_0026545.jpg,악성흑색종,6,ham10000,train
data/HAM10000/HAM10000_images_part_2/ISIC_0031814.jpg,멜라닌세포모반,5,ham10000,train
data/HAM10000/HAM10000_images_part_1/ISIC_0026263.jpg,지루각화증,7,ham10000,train
data/HAM10000/HAM10000_images_part_1/ISIC_0027937.jpg,혈관종,10,ham10000,train
data/HAM10000/HAM10000_images_part_1/ISIC_0025721.jpg,멜라닌세포모반,5,ham10000,train
data/HAM10000/HAM10000_images_part_1/ISIC_0027126.jpg,악성흑색종,6,ham10000,train
data/HAM10000/HAM10000_images_part_2/ISIC_0032217.jpg,멜라닌세포모반,5,ham10000,train
data/HAM10000/HAM10000_images_part_2/ISIC_0032400.jpg,악성흑색종,6,ham10000,train
data/HAM10000/HAM10000_images_part_1/ISIC_0024883.jpg,지루각화증,7,ham10000,train
data/HAM10000/HAM10000_images_part_1/ISIC_0028386.jpg,지루각화증,7,ham10000,train
data/HAM10000/HAM10000_images_part_1/ISIC_0026720.jpg,광선각화증,3,ham10000,train
data/HAM10000/HAM10000_images_part_1/ISIC_0027622.jpg,악성흑색종,6,ham10000,train
data/HAM10000/HAM10000_images_part_2/ISIC_0031917.jpg,멜라닌세포모반,5,ham10000,train
data/HAM10000/HAM10000_images_part_1/ISIC_0027998.jpg,기저세포암,4,ham10000,train
data/HAM10000/HAM10000_images_part_1/ISIC_0026327.jpg,광선각화증,3,ham10000,train
data/HAM10000/HAM10000_images_part_2/ISIC_0030055.jpg,멜라닌세포모반,5,ham10000,train
data/HAM10000/HAM10000_images_part_1/ISIC_0029068.jpg,지루각화증,7,ham10000,train
data/HAM10000/HAM10000_images_part_2/ISIC_0029819.jpg,악성흑색종,6,ham10000,train
data/HAM10000/HAM10000_images_part_1/ISIC_0027816.jpg,멜라닌세포모반,5,ham10000,train
data/HAM10000/HAM10000_images_part_1/ISIC_0024623.jpg,지루각화증,7,ham10000,train
data/HAM10000/HAM10000_images_part_1/ISIC_0025849.jpg,멜라닌세포모반,5,ham10000,train
data/HAM10000/HAM10000_images_part_1/ISIC_0025276.jpg,지루각화증,7,ham10000,train
data/HAM10000/HAM10000_images_part_1/ISIC_0027268.jpg,멜라닌세포모반,5,ham10000,train
data/HAM10000/HAM10000_images_part_1/ISIC_0028982.jpg,멜라닌세포모반,5,ham10000,train
data/HAM10000/HAM10000_images_part_1/ISIC_0026592.jpg,멜라닌세포모반,5,ham10000,train
data/HAM10000/HAM10000_images_part_2/ISIC_0033156.jpg,지루각화증,7,ham10000,train
data/HAM10000/HAM10000_images_part_1/ISIC_0026319.jpg,광선각화증,3,ham10000,train
data/HAM10000/HAM10000_images_part_1/ISIC_0024923.jpg,광선각화증,3,ham10000,train
data/HAM10000/HAM10000_images_part_2/ISIC_0032694.jpg,지루각화증,7,ham10000,train
data/HAM10000/HAM10000_images_part_2/ISIC_0030241.jpg,지루각화증,7,ham10000,train
data/HAM10000/HAM10000_images_part_2/ISIC_0029416.jpg,멜라닌세포모반,5,ham10000,train
data/HAM10000/HAM10000_images_part_1/ISIC_0027218.jpg,지루각화증,7,ham10000,train
data/HAM10000/HAM10000_images_part_1/ISIC_0024839.jpg,지루각화증,7,ham10000,train
data/HAM10000/HAM10000_images_part_1/ISIC_0027529.jpg,광선각화증,3,ham10000,train
data/HAM10000/HAM10000_images_part_2/ISIC_0029958.jpg,악성흑색종,6,ham10000,train
data/HAM10000/HAM10000_images_part_1/ISIC_0029059.jpg,광선각화증,3,ham10000,train
data/HAM10000/HAM10000_images_part_2/ISIC_0032920.jpg,멜라닌세포모반,5,ham10000,train
data/HAM10000/HAM10000_images_part_2/ISIC_0034288.jpg,멜라닌세포모반,5,ham10000,train
data/HAM10000/HAM10000_images_part_2/ISIC_0031169.jpg,기저세포암,4,ham10000,train
data/HAM10000/HAM10000_images_part_2/ISIC_0031914.jpg,멜라닌세포모반,5,ham10000,train
data/HAM10000/HAM10000_images_part_1/ISIC_0025338.jpg,멜라닌세포모반,5,ham10000,train
data/HAM10000/HAM10000_images_part_2/ISIC_0030868.jpg,기저세포암,4,ham10000,train
data/HAM10000/HAM10000_images_part_2/ISIC_0030352.jpg,기저세포암,4,ham10000,train
data/HAM10000/HAM10000_images_part_1/ISIC_0024336.jpg,지루각화증,7,ham10000,train
data/HAM10000/HAM10000_images_part_1/ISIC_0027115.jpg,멜라닌세포모반,5,ham10000,train
data/HAM10000/HAM10000_images_part_2/ISIC_0030680.jpg,멜라닌세포모반,5,ham10000,train
data/HAM10000/HAM10000_images_part_2/ISIC_0033391.jpg,지루각화증,7,ham10000,train
data/HAM10000/HAM10000_images_part_1/ISIC_0024806.jpg,악성흑색종,6,ham10000,train
data/HAM10000/HAM10000_images_part_2/ISIC_0030863.jpg,멜라닌세포모반,5,ham10000,train
data/HAM10000/HAM10000_images_part_2/ISIC_0030626.jpg,멜라닌세포모반,5,ham10000,train
data/HAM10000/HAM10000_images_part_1/ISIC_0027597.jpg,멜라닌세포모반,5,ham10000,train
data/HAM10000/HAM10000_images_part_2/ISIC_0029748.jpg,멜라닌세포모반,5,ham10000,train
data/HAM10000/HAM10000_images_part_2/ISIC_0034011.jpg,지루각화증,7,ham10000,train
data/HAM10000/HAM10000_images_part_2/ISIC_0033727.jpg,멜라닌세포모반,5,ham10000,train
data/HAM10000/HAM10000_images_part_1/ISIC_0024699.jpg,멜라닌세포모반,5,ham10000,train
data/HAM10000/HAM10000_images_part_1/ISIC_0027639.jpg,멜라닌세포모반,5,ham10000,train
data/HAM10000/HAM10000_images_part_1/ISIC_0028758.jpg,멜라닌세포모반,5,ham10000,train
data/HAM10000/HAM10000_images_part_2/ISIC_0031653.jpg,멜라닌세포모반,5,ham10000,train
data/HAM10000/HAM10000_images_part_2/ISIC_0032363.jpg,멜라닌세포모반,5,ham10000,train
data/HAM10000/HAM10000_images_part_1/ISIC_0024339.jpg,멜라닌세포모반,5,ham10000,train
data/HAM10000/HAM10000_images_part_1/ISIC_0024498.jpg,지루각화증,7,ham10000,train
data/HAM10000/HAM10000_images_part_2/ISIC_0032095.jpg,악성흑색종,6,ham10000,train
data/HAM10000/HAM10000_images_part_2/ISIC_0030957.jpg,멜라닌세포모반,5,ham10000,train
data/HAM10000/HAM10000_images_part_2/ISIC_0033991.jpg,혈관종,10,ham10000,train
data/HAM10000/HAM10000_images_part_2/ISIC_0031766.jpg,지루각화증,7,ham10000,train
data/HAM10000/HAM10000_images_part_2/ISIC_0032863.jpg,지루각화증,7,ham10000,train
data/HAM10000/HAM10000_images_part_1/ISIC_0026113.jpg,악성흑색종,6,ham10000,train
data/HAM10000/HAM10000_images_part_1/ISIC_0024870.jpg,멜라닌세포모반,5,ham10000,train
data/HAM10000/HAM10000_images_part_1/ISIC_0024814.jpg,지루각화증,7,ham10000,train
data/HAM10000/HAM10000_images_part_2/ISIC_0033514.jpg,멜라닌세포모반,5,ham10000,train
data/HAM10000/HAM10000_images_part_2/ISIC_0033130.jpg,지루각화증,7,ham10000,train
data/HAM10000/HAM10000_images_part_1/ISIC_0025507.jpg,지루각화증,7,ham10000,train
data/HAM10000/HAM10000_images_part_2/ISIC_0031272.jpg,기저세포암,4,ham10000,train
data/HAM10000/HAM10000_images_part_1/ISIC_0029129.jpg,기저세포암,4,ham10000,train
data/HAM10000/HAM10000_images_part_1/ISIC_0025663.jpg,악성흑색종,6,ham10000,train
data/HAM10000/HAM10000_images_part_1/ISIC_0026285.jpg,멜라닌세포모반,5,ham10000,train
data/HAM10000/HAM10000_images_part_2/ISIC_0030211.jpg,악성흑색종,6,ham10000,train
data/HAM10000/HAM10000_images_part_2/ISIC_0029610.jpg,광선각화증,3,ham10000,train
data/HAM10000/HAM10000_images_part_1/ISIC_0028626.jpg,멜라닌세포모반,5,ham10000,train
data/HAM10000/HAM10000_images_part_2/ISIC_0029796.jpg,멜라닌세포모반,5,ham10000,train
data/HAM10000/HAM10000_images_part_1/ISIC_0027424.jpg,멜라닌세포모반,5,ham10000,train
data/HAM10000/HAM10000_images_part_1/ISIC_0027294.jpg,광선각화증,3,ham10000,train
data/HAM10000/HAM10000_images_part_1/ISIC_0028570.jpg,기저세포암,4,ham10000,train
data/HAM10000/HAM10000_images_part_1/ISIC_0027312.jpg,멜라닌세포모반,5,ham10000,train
data/HAM10000/HAM10000_images_part_2/ISIC_0032115.jpg,멜라닌세포모반,5,ham10000,train
data/HAM10000/HAM10000_images_part_2/ISIC_0032913.jpg,악성흑색종,6,ham10000,train
data/HAM10000/HAM10000_images_part_1/ISIC_0029039.jpg,피부섬유종,9,ham10000,train
data/HAM10000/HAM10000_images_part_1/ISIC_0024399.jpg,멜라닌세포모반,5,ham10000,train
data/HAM10000/HAM10000_images_part_2/ISIC_0033684.jpg,멜라닌세포모반,5,ham10000,train
data/HAM10000/HAM10000_images_part_1/ISIC_0025775.jpg,멜라닌세포모반,5,ham10000,train
data/HAM10000/HAM10000_images_part_2/ISIC_0030283.jpg,혈관종,10,ham10000,train
data/HAM10000/HAM10000_images_part_2/ISIC_0031851.jpg,지루각화증,7,ham10000,train
data/HAM10000/HAM10000_images_part_1/ISIC_0027695.jpg,멜라닌세포모반,5,ham10000,train
data/HAM10000/HAM10000_images_part_2/ISIC_0033938.jpg,악성흑색종,6,ham10000,train
data/HAM10000/HAM10000_images_part_1/ISIC_0026404.jpg,멜라닌세포모반,5,ham10000,train
data/HAM10000/HAM10000_images_part_2/ISIC_0033304.jpg,악성흑색종,6,ham10000,train
data/HAM10000/HAM10000_images_part_2/ISIC_0033470.jpg,악성흑색종,6,ham10000,train
data/HAM10000/HAM10000_images_part_2/ISIC_0030658.jpg,멜라닌세포모반,5,ham10000,train
data/HAM10000/HAM10000_images_part_2/ISIC_0029843.jpg,악성흑색종,6,ham10000,train
data/HAM10000/HAM10000_images_part_2/ISIC_0030718.jpg,멜라닌세포모반,5,ham10000,train
data/HAM10000/HAM10000_images_part_2/ISIC_0033842.jpg,멜라닌세포모반,5,ham10000,train
data/HAM10000/HAM10000_images_part_2/ISIC_0032318.jpg,기저세포암,4,ham10000,train
data/HAM10000/HAM10000_images_part_1/ISIC_0027493.jpg,멜라닌세포모반,5,ham10000,train
data/HAM10000/HAM10000_images_part_2/ISIC_0030926.jpg,지루각화증,7,ham10000,train
data/HAM10000/HAM10000_images_part_2/ISIC_0034120.jpg,악성흑색종,6,ham10000,train
data/HAM10000/HAM10000_images_part_2/ISIC_0033785.jpg,지루각화증,7,ham10000,train
data/HAM10000/HAM10000_images_part_2/ISIC_0031558.jpg,지루각화증,7,ham10000,train
data/HAM10000/HAM10000_images_part_2/ISIC_0032430.jpg,악성흑색종,6,ham10000,train
data/HAM10000/HAM10000_images_part_2/ISIC_0030120.jpg,멜라닌세포모반,5,ham10000,train
data/HAM10000/HAM10000_images_part_1/ISIC_0027256.jpg,혈관종,10,ham10000,train
data/HAM10000/HAM10000_images_part_1/ISIC_0026811.jpg,악성흑색종,6,ham10000,train
data/HAM10000/HAM10000_images_part_1/ISIC_0027441.jpg,멜라닌세포모반,5,ham10000,train
data/HAM10000/HAM10000_images_part_2/ISIC_0032327.jpg,멜라닌세포모반,5,ham10000,train
data/HAM10000/HAM10000_images_part_2/ISIC_0030264.jpg,멜라닌세포모반,5,ham10000,train
data/HAM10000/HAM10000_images_part_2/ISIC_0030533.jpg,지루각화증,7,ham10000,train
data/HAM10000/HAM10000_images_part_1/ISIC_0024624.jpg,악성흑색종,6,ham10000,train
data/HAM10000/HAM10000_images_part_1/ISIC_0024868.jpg,멜라닌세포모반,5,ham10000,train
data/HAM10000/HAM10000_images_part_2/ISIC_0033509.jpg,지루각화증,7,ham10000,train
data/HAM10000/HAM10000_images_part_1/ISIC_0026730.jpg,멜라닌세포모반,5,ham10000,train
data/HAM10000/HAM10000_images_part_2/ISIC_0033507.jpg,지루각화증,7,ham10000,train
data/HAM10000/HAM10000_images_part_1/ISIC_0025373.jpg,피부섬유종,9,ham10000,train
data/HAM10000/HAM10000_images_part_1/ISIC_0028925.jpg,지루각화증,7,ham10000,train
data/HAM10000/HAM10000_images_part_2/ISIC_0029420.jpg,지루각화증,7,ham10000,train
data/HAM10000/HAM10000_images_part_1/ISIC_0024496.jpg,악성흑색종,6,ham10000,train
data/HAM10000/HAM10000_images_part_1/ISIC_0025121.jpg,악성흑색종,6,ham10000,train
data/HAM10000/HAM10000_images_part_1/ISIC_0025178.jpg,광선각화증,3,ham10000,train
data/HAM10000/HAM10000_images_part_1/ISIC_0029000.jpg,악성흑색종,6,ham10000,train
data/HAM10000/HAM10000_images_part_2/ISIC_0032397.jpg,광선각화증,3,ham10000,train
data/HAM10000/HAM10000_images_part_1/ISIC_0025321.jpg,혈관종,10,ham10000,train
data/HAM10000/HAM10000_images_part_1/ISIC_0025409.jpg,악성흑색종,6,ham10000,train
data/HAM10000/HAM10000_images_part_2/ISIC_0033896.jpg,멜라닌세포모반,5,ham10000,train
data/HAM10000/HAM10000_images_part_2/ISIC_0029574.jpg,악성흑색종,6,ham10000,train
data/HAM10000/HAM10000_images_part_2/ISIC_0032074.jpg,멜라닌세포모반,5,ham10000,train
data/HAM10000/HAM10000_images_part_1/ISIC_0028503.jpg,지루각화증,7,ham10000,train
data/HAM10000/HAM10000_images_part_1/ISIC_0029255.jpg,멜라닌세포모반,5,ham10000,train
data/HAM10000/HAM10000_images_part_2/ISIC_0030906.jpg,멜라닌세포모반,5,ham10000,train
data/HAM10000/HAM10000_images_part_2/ISIC_0032736.jpg,악성흑색종,6,ham10000,train
data/HAM10000/HAM10000_images_part_1/ISIC_0027814.jpg,기저세포암,4,ham10000,train
data/HAM10000/HAM10000_images_part_1/ISIC_0024511.jpg,광선각화증,3,ham10000,train
data/HAM10000/HAM10000_images_part_2/ISIC_0032937.jpg,멜라닌세포모반,5,ham10000,train
data/HAM10000/HAM10000_images_part_1/ISIC_0028041.jpg,악성흑색종,6,ham10000,train
data/HAM10000/HAM10000_images_part_1/ISIC_0028224.jpg,광선각화증,3,ham10000,train
data/HAM10000/HAM10000_images_part_2/ISIC_0032970.jpg,악성흑색종,6,ham10000,train
data/HAM10000/HAM10000_images_part_2/ISIC_0032792.jpg,멜라닌세포모반,5,ham10000,train
data/HAM10000/HAM10000_images_part_1/ISIC_0028963.jpg,멜라닌세포모반,5,ham10000,train
data/HAM10000/HAM10000_images_part_1/ISIC_0025808.jpg,광선각화증,3,ham10000,train
data/HAM10000/HAM10000_images_part_2/ISIC_0030450.jpg,멜라닌세포모반,5,ham10000,train
data/HAM10000/HAM10000_images_part_1/ISIC_0027079.jpg,멜라닌세포모반,5,ham10000,train
data/HAM10000/HAM10000_images_part_2/ISIC_0030855.jpg,멜라닌세포모반,5,ham10000,train
data/HAM10000/HAM10000_images_part_1/ISIC_0028334.jpg,멜라닌세포모반,5,ham10000,train
data/HAM10000/HAM10000_images_part_2/ISIC_0033453.jpg,지루각화증,7,ham10000,train
data/HAM10000/HAM10000_images_part_2/ISIC_0029847.jpg,기저세포암,4,ham10000,train
data/HAM10000/HAM10000_images_part_2/ISIC_0031735.jpg,피부섬유종,9,ham10000,train
data/HAM10000/HAM10000_images_part_2/ISIC_0032812.jpg,악성흑색종,6,ham10000,train
data/HAM10000/HAM10000_images_part_2/ISIC_0029750.jpg,멜라닌세포모반,5,ham10000,train
data/HAM10000/HAM10000_images_part_1/ISIC_0028093.jpg,멜라닌세포모반,5,ham10000,train
data/HAM10000/HAM10000_images_part_1/ISIC_0026315.jpg,멜라닌세포모반,5,ham10000,train
data/HAM10000/HAM10000_images_part_2/ISIC_0032656.jpg,악성흑색종,6,ham10000,train
data/HAM10000/HAM10000_images_part_1/ISIC_0026472.jpg,멜라닌세포모반,5,ham10000,train
data/HAM10000/HAM10000_images_part_1/ISIC_0027735.jpg,지루각화증,7,ham10000,train
data/HAM10000/HAM10000_images_part_1/ISIC_0026311.jpg,지루각화증,7,ham10000,train
data/HAM10000/HAM10000_images_part_2/ISIC_0031945.jpg,지루각화증,7,ham10000,train
data/HAM10000/HAM10000_images_part_1/ISIC_0024419.jpg,멜라닌세포모반,5,ham10000,train
data/HAM10000/HAM10000_images_part_1/ISIC_0026481.jpg,지루각화증,7,ham10000,train
data/HAM10000/HAM10000_images_part_2/ISIC_0030737.jpg,기저세포암,4,ham10000,train
data/HAM10000/HAM10000_images_part_1/ISIC_0028846.jpg,지루각화증,7,ham10000,train
data/HAM10000/HAM10000_images_part_2/ISIC_0029593.jpg,멜라닌세포모반,5,ham10000,train
data/HAM10000/HAM10000_images_part_1/ISIC_0025297.jpg,지루각화증,7,ham10000,train
data/HAM10000/HAM10000_images_part_2/ISIC_0030203.jpg,지루각화증,7,ham10000,train
data/HAM10000/HAM10000_images_part_2/ISIC_0033204.jpg,악성흑색종,6,ham10000,train
data/HAM10000/HAM10000_images_part_1/ISIC_0024394.jpg,멜라닌세포모반,5,ham10000,train
data/HAM10000/HAM10000_images_part_2/ISIC_0030451.jpg,멜라닌세포모반,5,ham10000,train
data/HAM10000/HAM10000_images_part_2/ISIC_0029778.jpg,지루각화증,7,ham10000,train
data/HAM10000/HAM10000_images_part_2/ISIC_0034167.jpg,지루각화증,7,ham10000,train
data/HAM10000/HAM10000_images_part_1/ISIC_0025862.jpg,멜라닌세포모반,5,ham10000,train
data/HAM10000/HAM10000_images_part_2/ISIC_0033279.jpg,악성흑색종,6,ham10000,train
data/HAM10000/HAM10000_images_part_1/ISIC_0027580.jpg,광선각화증,3,ham10000,train
data/HAM10000/HAM10000_images_part_1/ISIC_0026918.jpg,멜라닌세포모반,5,ham10000,train
data/HAM10000/HAM10000_images_part_2/ISIC_0029677.jpg,멜라닌세포모반,5,ham10000,train
data/HAM10000/HAM10000_images_part_1/ISIC_0027188.jpg,피부섬유종,9,ham10000,train
data/HAM10000/HAM10000_images_part_2/ISIC_0032964.jpg,멜라닌세포모반,5,ham10000,train
data/HAM10000/HAM10000_images_part_2/ISIC_0033000.jpg,광선각화증,3,ham10000,train
data/HAM10000/HAM10000_images_part_2/ISIC_0029606.jpg,악성흑색종,6,ham10000,train
data/HAM10000/HAM10000_images_part_2/ISIC_0030310.jpg,지루각화증,7,ham10000,train
data/HAM10000/HAM10000_images_part_1/ISIC_0024677.jpg,멜라닌세포모반,5,ham10000,train
data/HAM10000/HAM10000_images_part_1/ISIC_0025129.jpg,멜라닌세포모반,5,ham10000,train
data/HAM10000/HAM10000_images_part_1/ISIC_0024754.jpg,멜라닌세포모반,5,ham10000,train
data/HAM10000/HAM10000_images_part_2/ISIC_0032331.jpg,악성흑색종,6,ham10000,train
data/HAM10000/HAM10000_images_part_2/ISIC_0033648.jpg,멜라닌세포모반,5,ham10000,train
data/HAM10000/HAM10000_images_part_1/ISIC_0028198.jpg,악성흑색종,6,ham10000,train
data/HAM10000/HAM10000_images_part_2/ISIC_0029707.jpg,멜라닌세포모반,5,ham10000,train
data/HAM10000/HAM10000_images_part_1/ISIC_0026302.jpg,멜라닌세포모반,5,ham10000,train
data/HAM10000/HAM10000_images_part_1/ISIC_0024472.jpg,기저세포암,4,ham10000,train
data/HAM10000/HAM10000_images_part_2/ISIC_0029759.jpg,멜라닌세포모반,5,ham10000,train
data/HAM10000/HAM10000_images_part_2/ISIC_0031196.jpg,지루각화증,7,ham10000,train
data/HAM10000/HAM10000_images_part_1/ISIC_0024473.jpg,멜라닌세포모반,5,ham10000,train
data/HAM10000/HAM10000_images_part_2/ISIC_0034010.jpg,멜라닌세포모반,5,ham10000,train
data/HAM10000/HAM10000_images_part_2/ISIC_0031753.jpg,지루각화증,7,ham10000,train
data/HAM10000/HAM10000_images_part_1/ISIC_0025635.jpg,멜라닌세포모반,5,ham10000,train
data/HAM10000/HAM10000_images_part_1/ISIC_0025938.jpg,멜라닌세포모반,5,ham10000,train
data/HAM10000/HAM10000_images_part_1/ISIC_0024402.jpg,혈관종,10,ham10000,train
data/HAM10000/HAM10000_images_part_1/ISIC_0027420.jpg,악성흑색종,6,ham10000,train
data/HAM10000/HAM10000_images_part_1/ISIC_0024689.jpg,멜라닌세포모반,5,ham10000,train
data/HAM10000/HAM10000_images_part_2/ISIC_0033138.jpg,멜라닌세포모반,5,ham10000,train
data/HAM10000/HAM10000_images_part_1/ISIC_0027810.jpg,멜라닌세포모반,5,ham10000,train
data/HAM10000/HAM10000_images_part_2/ISIC_0030550.jpg,멜라닌세포모반,5,ham10000,train
data/HAM10000/HAM10000_images_part_2/ISIC_0034303.jpg,지루각화증,7,ham10000,train
data/HAM10000/HAM10000_images_part_2/ISIC_0033169.jpg,지루각화증,7,ham10000,train
data/HAM10000/HAM10000_images_part_1/ISIC_0029004.jpg,멜라닌세포모반,5,ham10000,train
data/HAM10000/HAM10000_images_part_1/ISIC_0028856.jpg,지루각화증,7,ham10000,train
data/HAM10000/HAM10000_images_part_2/ISIC_0030691.jpg,멜라닌세포모반,5,ham10000,train
data/HAM10000/HAM10000_images_part_2/ISIC_0032486.jpg,지루각화증,7,ham10000,train
data/HAM10000/HAM10000_images_part_1/ISIC_0027876.jpg,피부섬유종,9,ham10000,train
data/HAM10000/HAM10000_images_part_2/ISIC_0030035.jpg,멜라닌세포모반,5,ham10000,train
data/HAM10000/HAM10000_images_part_1/ISIC_0024609.jpg,멜라닌세포모반,5,ham10000,train
data/HAM10000/HAM10000_images_part_2/ISIC_0031683.jpg,멜라닌세포모반,5,ham10000,train
data/HAM10000/HAM10000_images_part_1/ISIC_0025299.jpg,기저세포암,4,ham10000,train
data/HAM10000/HAM10000_images_part_1/ISIC_0025442.jpg,멜라닌세포모반,5,ham10000,train
data/HAM10000/HAM10000_images_part_1/ISIC_0029170.jpg,악성흑색종,6,ham10000,train
data/HAM10000/HAM10000_images_part_2/ISIC_0032704.jpg,멜라닌세포모반,5,ham10000,train
data/HAM10000/HAM10000_images_part_2/ISIC_0033060.jpg,지루각화증,7,ham10000,train
data/HAM10000/HAM10000_images_part_2/ISIC_0030419.jpg,멜라닌세포모반,5,ham10000,train
data/HAM10000/HAM10000_images_part_1/ISIC_0026347.jpg,멜라닌세포모반,5,ham10000,train
data/HAM10000/HAM10000_images_part_2/ISIC_0029747.jpg,기저세포암,4,ham10000,train
data/HAM10000/HAM10000_images_part_2/ISIC_0033006.jpg,멜라닌세포모반,5,ham10000,train
data/HAM10000/HAM10000_images_part_1/ISIC_0028420.jpg,멜라닌세포모반,5,ham10000,train
data/HAM10000/HAM10000_images_part_2/ISIC_0033498.jpg,악성흑색종,6,ham10000,train
data/HAM10000/HAM10000_images_part_1/ISIC_0024710.jpg,광선각화증,3,ham10000,train
data/HAM10000/HAM10000_images_part_2/ISIC_0031907.jpg,멜라닌세포모반,5,ham10000,train
data/HAM10000/HAM10000_images_part_1/ISIC_0026046.jpg,지루각화증,7,ham10000,train
data/HAM10000/HAM10000_images_part_2/ISIC_0032420.jpg,악성흑색종,6,ham10000,train
data/HAM10000/HAM10000_images_part_1/ISIC_0026181.jpg,멜라닌세포모반,5,ham10000,train
data/HAM10000/HAM10000_images_part_2/ISIC_0034245.jpg,멜라닌세포모반,5,ham10000,train
data/HAM10000/HAM10000_images_part_2/ISIC_0029568.jpg,지루각화증,7,ham10000,train
data/HAM10000/HAM10000_images_part_2/ISIC_0034268.jpg,멜라닌세포모반,5,ham10000,train
data/HAM10000/HAM10000_images_part_2/ISIC_0030976.jpg,지루각화증,7,ham10000,train
data/HAM10000/HAM10000_images_part_1/ISIC_0024602.jpg,지루각화증,7,ham10000,train
data/HAM10000/HAM10000_images_part_2/ISIC_0032906.jpg,기저세포암,4,ham10000,train
data/HAM10000/HAM10000_images_part_2/ISIC_0031926.jpg,멜라닌세포모반,5,ham10000,train
data/HAM10000/HAM10000_images_part_2/ISIC_0031172.jpg,멜라닌세포모반,5,ham10000,train
data/HAM10000/HAM10000_images_part_2/ISIC_0031019.jpg,멜라닌세포모반,5,ham10000,train
data/HAM10000/HAM10000_images_part_2/ISIC_0033438.jpg,지루각화증,7,ham10000,train
data/HAM10000/HAM10000_images_part_2/ISIC_0031381.jpg,광선각화증,3,ham10000,train
data/HAM10000/HAM10000_images_part_2/ISIC_0032413.jpg,멜라닌세포모반,5,ham10000,train
data/HAM10000/HAM10000_images_part_1/ISIC_0026539.jpg,지루각화증,7,ham10000,train
data/HAM10000/HAM10000_images_part_1/ISIC_0025015.jpg,멜라닌세포모반,5,ham10000,train
data/HAM10000/HAM10000_images_part_1/ISIC_0028017.jpg,악성흑색종,6,ham10000,train
data/HAM10000/HAM10000_images_part_1/ISIC_0025433.jpg,기저세포암,4,ham10000,train
data/HAM10000/HAM10000_images_part_2/ISIC_0029495.jpg,악성흑색종,6,ham10000,train
data/HAM10000/HAM10000_images_part_1/ISIC_0026370.jpg,멜라닌세포모반,5,ham10000,train
data/HAM10000/HAM10000_images_part_2/ISIC_0032711.jpg,멜라닌세포모반,5,ham10000,train
data/HAM10000/HAM10000_images_part_2/ISIC_0030250.jpg,멜라닌세포모반,5,ham10000,train
data/HAM10000/HAM10000_images_part_1/ISIC_0025944.jpg,멜라닌세포모반,5,ham10000,train
data/HAM10000/HAM10000_images_part_1/ISIC_0026499.jpg,멜라닌세포모반,5,ham10000,train
data/HAM10000/HAM10000_images_part_2/ISIC_0030662.jpg,멜라닌세포모반,5,ham10000,train
data/HAM10000/HAM10000_images_part_1/ISIC_0026877.jpg,악성흑색종,6,ham10000,train
data/HAM10000/HAM10000_images_part_2/ISIC_0032301.jpg,멜라닌세포모반,5,ham10000,train
data/HAM10000/HAM10000_images_part_1/ISIC_0024667.jpg,멜라닌세포모반,5,ham10000,train
data/HAM10000/HAM10000_images_part_2/ISIC_0032782.jpg,악성흑색종,6,ham10000,train
data/HAM10000/HAM10000_images_part_2/ISIC_0031087.jpg,악성흑색종,6,ham10000,train
data/HAM10000/HAM10000_images_part_2/ISIC_0032411.jpg,멜라닌세포모반,5,ham10000,train
data/HAM10000/HAM10000_images_part_1/ISIC_0024544.jpg,멜라닌세포모반,5,ham10000,train
data/HAM10000/HAM10000_images_part_2/ISIC_0031872.jpg,지루각화증,7,ham10000,train
data/HAM10000/HAM10000_images_part_2/ISIC_0033162.jpg,멜라닌세포모반,5,ham10000,train
data/HAM10000/HAM10000_images_part_2/ISIC_0031211.jpg,광선각화증,3,ham10000,train
data/HAM10000/HAM10000_images_part_1/ISIC_0026437.jpg,멜라닌세포모반,5,ham10000,train
data/HAM10000/HAM10000_images_part_1/ISIC_0028690.jpg,멜라닌세포모반,5,ham10000,train
data/HAM10000/HAM10000_images_part_1/ISIC_0024495.jpg,지루각화증,7,ham10000,train
data/HAM10000/HAM10000_images_part_2/ISIC_0032390.jpg,멜라닌세포모반,5,ham10000,train
data/HAM10000/HAM10000_images_part_1/ISIC_0028243.jpg,멜라닌세포모반,5,ham10000,train
data/HAM10000/HAM10000_images_part_2/ISIC_0030946.jpg,멜라닌세포모반,5,ham10000,train
data/HAM10000/HAM10000_images_part_1/ISIC_0027632.jpg,멜라닌세포모반,5,ham10000,train
data/HAM10000/HAM10000_images_part_1/ISIC_0027533.jpg,지루각화증,7,ham10000,train
data/HAM10000/HAM10000_images_part_2/ISIC_0033701.jpg,지루각화증,7,ham10000,train
data/HAM10000/HAM10000_images_part_2/ISIC_0030909.jpg,멜라닌세포모반,5,ham10000,train
data/HAM10000/HAM10000_images_part_2/ISIC_0031228.jpg,광선각화증,3,ham10000,train
data/HAM10000/HAM10000_images_part_2/ISIC_0032333.jpg,멜라닌세포모반,5,ham10000,train
data/HAM10000/HAM10000_images_part_2/ISIC_0033397.jpg,지루각화증,7,ham10000,train
data/HAM10000/HAM10000_images_part_1/ISIC_0025660.jpg,멜라닌세포모반,5,ham10000,train
data/HAM10000/HAM10000_images_part_2/ISIC_0032690.jpg,악성흑색종,6,ham10000,train
data/HAM10000/HAM10000_images_part_1/ISIC_0025807.jpg,혈관종,10,ham10000,train
data/HAM10000/HAM10000_images_part_2/ISIC_0031249.jpg,멜라닌세포모반,5,ham10000,train
data/HAM10000/HAM10000_images_part_2/ISIC_0031783.jpg,지루각화증,7,ham10000,train
data/HAM10000/HAM10000_images_part_1/ISIC_0025636.jpg,멜라닌세포모반,5,ham10000,train
data/HAM10000/HAM10000_images_part_1/ISIC_0024930.jpg,악성흑색종,6,ham10000,train
data/HAM10000/HAM10000_images_part_1/ISIC_0024426.jpg,지루각화증,7,ham10000,train
data/HAM10000/HAM10000_images_part_1/ISIC_0024913.jpg,광선각화증,3,ham10000,train
data/HAM10000/HAM10000_images_part_1/ISIC_0026575.jpg,광선각화증,3,ham10000,train
data/HAM10000/HAM10000_images_part_2/ISIC_0030854.jpg,멜라닌세포모반,5,ham10000,train
data/HAM10000/HAM10000_images_part_1/ISIC_0026604.jpg,악성흑색종,6,ham10000,train
data/HAM10000/HAM10000_images_part_2/ISIC_0030185.jpg,멜라닌세포모반,5,ham10000,train
data/HAM10000/HAM10000_images_part_2/ISIC_0031369.jpg,악성흑색종,6,ham10000,train
data/HAM10000/HAM10000_images_part_1/ISIC_0025839.jpg,멜라닌세포모반,5,ham10000,train
data/HAM10000/HAM10000_images_part_1/ISIC_0028227.jpg,악성흑색종,6,ham10000,train
data/HAM10000/HAM10000_images_part_1/ISIC_0024387.jpg,멜라닌세포모반,5,ham10000,train
data/HAM10000/HAM10000_images_part_2/ISIC_0033728.jpg,악성흑색종,6,ham10000,train
data/HAM10000/HAM10000_images_part_2/ISIC_0033508.jpg,멜라닌세포모반,5,ham10000,train
data/HAM10000/HAM10000_images_part_1/ISIC_0028600.jpg,멜라닌세포모반,5,ham10000,train
data/HAM10000/HAM10000_images_part_1/ISIC_0026224.jpg,멜라닌세포모반,5,ham10000,train
data/HAM10000/HAM10000_images_part_2/ISIC_0033323.jpg,악성흑색종,6,ham10000,train
data/HAM10000/HAM10000_images_part_2/ISIC_0031594.jpg,멜라닌세포모반,5,ham10000,train
data/HAM10000/HAM10000_images_part_2/ISIC_0031844.jpg,악성흑색종,6,ham10000,train
data/HAM10000/HAM10000_images_part_2/ISIC_0030017.jpg,멜라닌세포모반,5,ham10000,train
data/HAM10000/HAM10000_images_part_2/ISIC_0032903.jpg,악성흑색종,6,ham10000,train
data/HAM10000/HAM10000_images_part_1/ISIC_0027979.jpg,멜라닌세포모반,5,ham10000,train
data/HAM10000/HAM10000_images_part_1/ISIC_0024783.jpg,멜라닌세포모반,5,ham10000,train
data/HAM10000/HAM10000_images_part_2/ISIC_0031301.jpg,멜라닌세포모반,5,ham10000,train
data/HAM10000/HAM10000_images_part_2/ISIC_0032030.jpg,기저세포암,4,ham10000,train
data/HAM10000/HAM10000_images_part_1/ISIC_0026195.jpg,멜라닌세포모반,5,ham10000,train
data/HAM10000/HAM10000_images_part_1/ISIC_0028797.jpg,지루각화증,7,ham10000,train
data/HAM10000/HAM10000_images_part_2/ISIC_0034173.jpg,악성흑색종,6,ham10000,train
data/HAM10000/HAM10000_images_part_2/ISIC_0029468.jpg,멜라닌세포모반,5,ham10000,train
data/HAM10000/HAM10000_images_part_2/ISIC_0032800.jpg,멜라닌세포모반,5,ham10000,train
data/HAM10000/HAM10000_images_part_1/ISIC_0026868.jpg,악성흑색종,6,ham10000,train
data/HAM10000/HAM10000_images_part_2/ISIC_0030279.jpg,멜라닌세포모반,5,ham10000,train
data/HAM10000/HAM10000_images_part_2/ISIC_0032856.jpg,악성흑색종,6,ham10000,train
data/HAM10000/HAM10000_images_part_1/ISIC_0024560.jpg,멜라닌세포모반,5,ham10000,train
data/HAM10000/HAM10000_images_part_1/ISIC_0026249.jpg,지루각화증,7,ham10000,train
data/HAM10000/HAM10000_images_part_2/ISIC_0031491.jpg,멜라닌세포모반,5,ham10000,train
data/HAM10000/HAM10000_images_part_1/ISIC_0028487.jpg,멜라닌세포모반,5,ham10000,train
data/HAM10000/HAM10000_images_part_2/ISIC_0030965.jpg,지루각화증,7,ham10000,train
data/HAM10000/HAM10000_images_part_2/ISIC_0034175.jpg,지루각화증,7,ham10000,train
data/HAM10000/HAM10000_images_part_2/ISIC_0032972.jpg,지루각화증,7,ham10000,train
data/HAM10000/HAM10000_images_part_2/ISIC_0032427.jpg,멜라닌세포모반,5,ham10000,train
data/HAM10000/HAM10000_images_part_2/ISIC_0033449.jpg,지루각화증,7,ham10000,train
data/HAM10000/HAM10000_images_part_2/ISIC_0033238.jpg,악성흑색종,6,ham10000,train
data/HAM10000/HAM10000_images_part_2/ISIC_0031259.jpg,멜라닌세포모반,5,ham10000,train
data/HAM10000/HAM10000_images_part_2/ISIC_0033687.jpg,악성흑색종,6,ham10000,train
data/HAM10000/HAM10000_images_part_1/ISIC_0028746.jpg,악성흑색종,6,ham10000,train
data/HAM10000/HAM10000_images_part_2/ISIC_0029951.jpg,기저세포암,4,ham10000,train
data/HAM10000/HAM10000_images_part_2/ISIC_0030785.jpg,광선각화증,3,ham10000,train
data/HAM10000/HAM10000_images_part_1/ISIC_0025661.jpg,지루각화증,7,ham10000,train
data/HAM10000/HAM10000_images_part_2/ISIC_0033023.jpg,악성흑색종,6,ham10000,train
data/HAM10000/HAM10000_images_part_2/ISIC_0033393.jpg,악성흑색종,6,ham10000,train
data/HAM10000/HAM10000_images_part_2/ISIC_0033306.jpg,지루각화증,7,ham10000,train
data/HAM10000/HAM10000_images_part_2/ISIC_0032947.jpg,광선각화증,3,ham10000,train
data/HAM10000/HAM10000_images_part_1/ISIC_0028116.jpg,멜라닌세포모반,5,ham10000,train
data/HAM10000/HAM10000_images_part_1/ISIC_0028225.jpg,악성흑색종,6,ham10000,train
data/HAM10000/HAM10000_images_part_1/ISIC_0026298.jpg,지루각화증,7,ham10000,train
data/HAM10000/HAM10000_images_part_1/ISIC_0025199.jpg,지루각화증,7,ham10000,train
data/HAM10000/HAM10000_images_part_2/ISIC_0033125.jpg,악성흑색종,6,ham10000,train
data/HAM10000/HAM10000_images_part_2/ISIC_0030249.jpg,기저세포암,4,ham10000,train
data/HAM10000/HAM10000_images_part_2/ISIC_0032467.jpg,멜라닌세포모반,5,ham10000,train
data/HAM10000/HAM10000_images_part_2/ISIC_0029320.jpg,지루각화증,7,ham10000,train
data/HAM10000/HAM10000_images_part_1/ISIC_0028168.jpg,기저세포암,4,ham10000,train
data/HAM10000/HAM10000_images_part_2/ISIC_0031607.jpg,멜라닌세포모반,5,ham10000,train
data/HAM10000/HAM10000_images_part_2/ISIC_0032870.jpg,악성흑색종,6,ham10000,train
data/HAM10000/HAM10000_images_part_1/ISIC_0024561.jpg,멜라닌세포모반,5,ham10000,train
data/HAM10000/HAM10000_images_part_2/ISIC_0032113.jpg,지루각화증,7,ham10000,train
data/HAM10000/HAM10000_images_part_1/ISIC_0026343.jpg,기저세포암,4,ham10000,train
data/HAM10000/HAM10000_images_part_1/ISIC_0028815.jpg,기저세포암,4,ham10000,train
data/HAM10000/HAM10000_images_part_2/ISIC_0030806.jpg,지루각화증,7,ham10000,train
data/HAM10000/HAM10000_images_part_2/ISIC_0029492.jpg,멜라닌세포모반,5,ham10000,train
data/HAM10000/HAM10000_images_part_2/ISIC_0030138.jpg,기저세포암,4,ham10000,train
data/HAM10000/HAM10000_images_part_1/ISIC_0029021.jpg,악성흑색종,6,ham10000,train
data/HAM10000/HAM10000_images_part_2/ISIC_0033963.jpg,멜라닌세포모반,5,ham10000,train
data/HAM10000/HAM10000_images_part_1/ISIC_0026008.jpg,멜라닌세포모반,5,ham10000,train
data/HAM10000/HAM10000_images_part_1/ISIC_0028889.jpg,멜라닌세포모반,5,ham10000,train
data/HAM10000/HAM10000_images_part_1/ISIC_0025600.jpg,기저세포암,4,ham10000,train
data/HAM10000/HAM10000_images_part_1/ISIC_0027832.jpg,악성흑색종,6,ham10000,train
data/HAM10000/HAM10000_images_part_1/ISIC_0024717.jpg,멜라닌세포모반,5,ham10000,train
data/HAM10000/HAM10000_images_part_2/ISIC_0032685.jpg,악성흑색종,6,ham10000,train
data/HAM10000/HAM10000_images_part_1/ISIC_0029123.jpg,기저세포암,4,ham10000,train
data/HAM10000/HAM10000_images_part_1/ISIC_0025406.jpg,멜라닌세포모반,5,ham10000,train
data/HAM10000/HAM10000_images_part_1/ISIC_0029259.jpg,멜라닌세포모반,5,ham10000,train
data/HAM10000/HAM10000_images_part_1/ISIC_0025234.jpg,악성흑색종,6,ham10000,train
data/HAM10000/HAM10000_images_part_2/ISIC_0030025.jpg,멜라닌세포모반,5,ham10000,train
data/HAM10000/HAM10000_images_part_1/ISIC_0026965.jpg,멜라닌세포모반,5,ham10000,train
data/HAM10000/HAM10000_images_part_2/ISIC_0031970.jpg,멜라닌세포모반,5,ham10000,train
data/HAM10000/HAM10000_images_part_1/ISIC_0024881.jpg,지루각화증,7,ham10000,train
data/HAM10000/HAM10000_images_part_1/ISIC_0027714.jpg,멜라닌세포모반,5,ham10000,train
data/HAM10000/HAM10000_images_part_2/ISIC_0029379.jpg,멜라닌세포모반,5,ham10000,train
data/HAM10000/HAM10000_images_part_1/ISIC_0027871.jpg,멜라닌세포모반,5,ham10000,train
data/HAM10000/HAM10000_images_part_2/ISIC_0030518.jpg,멜라닌세포모반,5,ham10000,train
data/HAM10000/HAM10000_images_part_2/ISIC_0030482.jpg,멜라닌세포모반,5,ham10000,train
data/HAM10000/HAM10000_images_part_1/ISIC_0025302.jpg,피부섬유종,9,ham10000,train
data/HAM10000/HAM10000_images_part_1/ISIC_0026230.jpg,기저세포암,4,ham10000,train
data/HAM10000/HAM10000_images_part_2/ISIC_0029475.jpg,멜라닌세포모반,5,ham10000,train
data/HAM10000/HAM10000_images_part_2/ISIC_0030094.jpg,기저세포암,4,ham10000,train
data/HAM10000/HAM10000_images_part_2/ISIC_0033700.jpg,악성흑색종,6,ham10000,train
data/HAM10000/HAM10000_images_part_2/ISIC_0029377.jpg,멜라닌세포모반,5,ham10000,train
data/HAM10000/HAM10000_images_part_1/ISIC_0024448.jpg,기저세포암,4,ham10000,train
data/HAM10000/HAM10000_images_part_2/ISIC_0031915.jpg,악성흑색종,6,ham10000,train
data/HAM10000/HAM10000_images_part_2/ISIC_0031621.jpg,멜라닌세포모반,5,ham10000,train
data/HAM10000/HAM10000_images_part_2/ISIC_0033172.jpg,멜라닌세포모반,5,ham10000,train
data/HAM10000/HAM10000_images_part_1/ISIC_0027354.jpg,지루각화증,7,ham10000,train
data/HAM10000/HAM10000_images_part_2/ISIC_0034116.jpg,멜라닌세포모반,5,ham10000,train
data/HAM10000/HAM10000_images_part_2/ISIC_0032047.jpg,멜라닌세포모반,5,ham10000,train
data/HAM10000/HAM10000_images_part_2/ISIC_0031064.jpg,멜라닌세포모반,5,ham10000,train
data/HAM10000/HAM10000_images_part_2/ISIC_0033910.jpg,지루각화증,7,ham10000,train
data/HAM10000/HAM10000_images_part_2/ISIC_0033911.jpg,악성흑색종,6,ham10000,train
data/HAM10000/HAM10000_images_part_2/ISIC_0034005.jpg,악성흑색종,6,ham10000,train
data/HAM10000/HAM10000_images_part_2/ISIC_0034068.jpg,악성흑색종,6,ham10000,train
data/HAM10000/HAM10000_images_part_1/ISIC_0024563.jpg,멜라닌세포모반,5,ham10000,train
data/HAM10000/HAM10000_images_part_1/ISIC_0024711.jpg,지루각화증,7,ham10000,train
data/HAM10000/HAM10000_images_part_2/ISIC_0031741.jpg,악성흑색종,6,ham10000,train
data/HAM10000/HAM10000_images_part_2/ISIC_0034254.jpg,멜라닌세포모반,5,ham10000,train
data/HAM10000/HAM10000_images_part_1/ISIC_0025898.jpg,멜라닌세포모반,5,ham10000,train
data/HAM10000/HAM10000_images_part_2/ISIC_0033916.jpg,멜라닌세포모반,5,ham10000,train
data/HAM10000/HAM10000_images_part_2/ISIC_0032902.jpg,멜라닌세포모반,5,ham10000,train
data/HAM10000/HAM10000_images_part_2/ISIC_0030057.jpg,멜라닌세포모반,5,ham10000,train
data/HAM10000/HAM10000_images_part_1/ISIC_0024786.jpg,지루각화증,7,ham10000,train
data/HAM10000/HAM10000_images_part_2/ISIC_0033460.jpg,지루각화증,7,ham10000,train
data/HAM10000/HAM10000_images_part_1/ISIC_0027754.jpg,지루각화증,7,ham10000,train
data/HAM10000/HAM10000_images_part_2/ISIC_0032992.jpg,멜라닌세포모반,5,ham10000,train
data/HAM10000/HAM10000_images_part_1/ISIC_0027790.jpg,혈관종,10,ham10000,train
data/HAM10000/HAM10000_images_part_2/ISIC_0031115.jpg,멜라닌세포모반,5,ham10000,train
data/HAM10000/HAM10000_images_part_2/ISIC_0032965.jpg,악성흑색종,6,ham10000,train
data/HAM10000/HAM10000_images_part_2/ISIC_0030449.jpg,멜라닌세포모반,5,ham10000,train
data/HAM10000/HAM10000_images_part_2/ISIC_0031187.jpg,멜라닌세포모반,5,ham10000,train
data/HAM10000/HAM10000_images_part_2/ISIC_0032979.jpg,멜라닌세포모반,5,ham10000,train
data/HAM10000/HAM10000_images_part_2/ISIC_0032317.jpg,멜라닌세포모반,5,ham10000,train
data/HAM10000/HAM10000_images_part_2/ISIC_0031526.jpg,기저세포암,4,ham10000,train
data/HAM10000/HAM10000_images_part_2/ISIC_0033070.jpg,멜라닌세포모반,5,ham10000,train
data/HAM10000/HAM10000_images_part_1/ISIC_0029132.jpg,멜라닌세포모반,5,ham10000,train
data/HAM10000/HAM10000_images_part_1/ISIC_0028730.jpg,광선각화증,3,ham10000,train
data/HAM10000/HAM10000_images_part_2/ISIC_0030128.jpg,멜라닌세포모반,5,ham10000,train
data/HAM10000/HAM10000_images_part_1/ISIC_0025874.jpg,지루각화증,7,ham10000,train
data/HAM10000/HAM10000_images_part_2/ISIC_0030349.jpg,기저세포암,4,ham10000,train
data/HAM10000/HAM10000_images_part_1/ISIC_0025950.jpg,멜라닌세포모반,5,ham10000,train
data/HAM10000/HAM10000_images_part_2/ISIC_0033831.jpg,악성흑색종,6,ham10000,train
data/HAM10000/HAM10000_images_part_1/ISIC_0025769.jpg,멜라닌세포모반,5,ham10000,train
data/HAM10000/HAM10000_images_part_1/ISIC_0025706.jpg,멜라닌세포모반,5,ham10000,train
data/HAM10000/HAM10000_images_part_1/ISIC_0028670.jpg,기저세포암,4,ham10000,train
data/HAM10000/HAM10000_images_part_1/ISIC_0024340.jpg,멜라닌세포모반,5,ham10000,train
data/HAM10000/HAM10000_images_part_1/ISIC_0025046.jpg,기저세포암,4,ham10000,train
data/HAM10000/HAM10000_images_part_2/ISIC_0030817.jpg,멜라닌세포모반,5,ham10000,train
data/HAM10000/HAM10000_images_part_2/ISIC_0030096.jpg,기저세포암,4,ham10000,train
data/HAM10000/HAM10000_images_part_2/ISIC_0031324.jpg,멜라닌세포모반,5,ham10000,train
data/HAM10000/HAM10000_images_part_1/ISIC_0026606.jpg,지루각화증,7,ham10000,train
data/HAM10000/HAM10000_images_part_2/ISIC_0029973.jpg,피부섬유종,9,ham10000,train
data/HAM10000/HAM10000_images_part_1/ISIC_0028864.jpg,멜라닌세포모반,5,ham10000,train
data/HAM10000/HAM10000_images_part_1/ISIC_0024582.jpg,기저세포암,4,ham10000,train
data/HAM10000/HAM10000_images_part_1/ISIC_0024875.jpg,악성흑색종,6,ham10000,train
data/HAM10000/HAM10000_images_part_1/ISIC_0024370.jpg,혈관종,10,ham10000,train
data/HAM10000/HAM10000_images_part_2/ISIC_0030364.jpg,멜라닌세포모반,5,ham10000,train
data/HAM10000/HAM10000_images_part_2/ISIC_0033467.jpg,멜라닌세포모반,5,ham10000,train
data/HAM10000/HAM10000_images_part_1/ISIC_0025149.jpg,멜라닌세포모반,5,ham10000,train
data/HAM10000/HAM10000_images_part_2/ISIC_0031307.jpg,멜라닌세포모반,5,ham10000,train
data/HAM10000/HAM10000_images_part_2/ISIC_0033299.jpg,악성흑색종,6,ham10000,train
data/HAM10000/HAM10000_images_part_2/ISIC_0029901.jpg,멜라닌세포모반,5,ham10000,train
data/HAM10000/HAM10000_images_part_2/ISIC_0033558.jpg,멜라닌세포모반,5,ham10000,train
data/HAM10000/HAM10000_images_part_2/ISIC_0030514.jpg,기저세포암,4,ham10000,train
data/HAM10000/HAM10000_images_part_1/ISIC_0029001.jpg,멜라닌세포모반,5,ham10000,train
data/HAM10000/HAM10000_images_part_1/ISIC_0027818.jpg,멜라닌세포모반,5,ham10000,train
data/HAM10000/HAM10000_images_part_1/ISIC_0028948.jpg,멜라닌세포모반,5,ham10000,train
data/HAM10000/HAM10000_images_part_2/ISIC_0029480.jpg,악성흑색종,6,ham10000,train
data/HAM10000/HAM10000_images_part_2/ISIC_0030267.jpg,멜라닌세포모반,5,ham10000,train
data/HAM10000/HAM10000_images_part_1/ISIC_0025946.jpg,멜라닌세포모반,5,ham10000,train
data/HAM10000/HAM10000_images_part_1/ISIC_0025976.jpg,멜라닌세포모반,5,ham10000,train
data/HAM10000/HAM10000_images_part_1/ISIC_0026708.jpg,멜라닌세포모반,5,ham10000,train
data/HAM10000/HAM10000_images_part_1/ISIC_0024849.jpg,멜라닌세포모반,5,ham10000,train
data/HAM10000/HAM10000_images_part_2/ISIC_0033874.jpg,악성흑색종,6,ham10000,train
data/HAM10000/HAM10000_images_part_2/ISIC_0031424.jpg,지루각화증,7,ham10000,train
data/HAM10000/HAM10000_images_part_2/ISIC_0030404.jpg,멜라닌세포모반,5,ham10000,train
data/HAM10000/HAM10000_images_part_2/ISIC_0032415.jpg,기저세포암,4,ham10000,train
data/HAM10000/HAM10000_images_part_2/ISIC_0031702.jpg,지루각화증,7,ham10000,train
data/HAM10000/HAM10000_images_part_1/ISIC_0025226.jpg,멜라닌세포모반,5,ham10000,train
data/HAM10000/HAM10000_images_part_2/ISIC_0030148.jpg,멜라닌세포모반,5,ham10000,train
data/HAM10000/HAM10000_images_part_1/ISIC_0029010.jpg,지루각화증,7,ham10000,train
data/HAM10000/HAM10000_images_part_1/ISIC_0027270.jpg,지루각화증,7,ham10000,train
data/HAM10000/HAM10000_images_part_2/ISIC_0031967.jpg,지루각화증,7,ham10000,train
data/HAM10000/HAM10000_images_part_2/ISIC_0033750.jpg,지루각화증,7,ham10000,train
data/HAM10000/HAM10000_images_part_1/ISIC_0026701.jpg,멜라닌세포모반,5,ham10000,train
data/HAM10000/HAM10000_images_part_2/ISIC_0033953.jpg,악성흑색종,6,ham10000,train
data/HAM10000/HAM10000_images_part_2/ISIC_0033928.jpg,멜라닌세포모반,5,ham10000,train
data/HAM10000/HAM10000_images_part_1/ISIC_0026042.jpg,지루각화증,7,ham10000,train
data/HAM10000/HAM10000_images_part_1/ISIC_0025026.jpg,멜라닌세포모반,5,ham10000,train
data/HAM10000/HAM10000_images_part_1/ISIC_0027154.jpg,지루각화증,7,ham10000,train
data/HAM10000/HAM10000_images_part_2/ISIC_0030281.jpg,악성흑색종,6,ham10000,train
data/HAM10000/HAM10000_images_part_1/ISIC_0028878.jpg,악성흑색종,6,ham10000,train
data/HAM10000/HAM10000_images_part_1/ISIC_0025911.jpg,피부섬유종,9,ham10000,train
data/HAM10000/HAM10000_images_part_2/ISIC_0032733.jpg,악성흑색종,6,ham10000,train
data/HAM10000/HAM10000_images_part_1/ISIC_0029183.jpg,멜라닌세포모반,5,ham10000,train
data/HAM10000/HAM10000_images_part_1/ISIC_0024823.jpg,악성흑색종,6,ham10000,train
data/HAM10000/HAM10000_images_part_2/ISIC_0033919.jpg,멜라닌세포모반,5,ham10000,train
data/HAM10000/HAM10000_images_part_2/ISIC_0033668.jpg,악성흑색종,6,ham10000,train
data/HAM10000/HAM10000_images_part_2/ISIC_0033979.jpg,기저세포암,4,ham10000,train
data/HAM10000/HAM10000_images_part_1/ISIC_0024504.jpg,기저세포암,4,ham10000,train
data/HAM10000/HAM10000_images_part_2/ISIC_0033095.jpg,멜라닌세포모반,5,ham10000,train
data/HAM10000/HAM10000_images_part_2/ISIC_0031050.jpg,지루각화증,7,ham10000,train
data/HAM10000/HAM10000_images_part_2/ISIC_0029756.jpg,멜라닌세포모반,5,ham10000,train
data/HAM10000/HAM10000_images_part_2/ISIC_0033347.jpg,멜라닌세포모반,5,ham10000,train
data/HAM10000/HAM10000_images_part_1/ISIC_0028372.jpg,광선각화증,3,ham10000,train
data/HAM10000/HAM10000_images_part_1/ISIC_0029209.jpg,악성흑색종,6,ham10000,train
data/HAM10000/HAM10000_images_part_1/ISIC_0028329.jpg,기저세포암,4,ham10000,train
data/HAM10000/HAM10000_images_part_2/ISIC_0033986.jpg,악성흑색종,6,ham10000,train
data/HAM10000/HAM10000_images_part_1/ISIC_0028439.jpg,멜라닌세포모반,5,ham10000,train
data/HAM10000/HAM10000_images_part_1/ISIC_0024449.jpg,악성흑색종,6,ham10000,train
data/HAM10000/HAM10000_images_part_2/ISIC_0032144.jpg,멜라닌세포모반,5,ham10000,train
data/HAM10000/HAM10000_images_part_1/ISIC_0026041.jpg,멜라닌세포모반,5,ham10000,train
data/HAM10000/HAM10000_images_part_1/ISIC_0026296.jpg,악성흑색종,6,ham10000,train
data/HAM10000/HAM10000_images_part_1/ISIC_0024865.jpg,악성흑색종,6,ham10000,train
data/HAM10000/HAM10000_images_part_1/ISIC_0027825.jpg,기저세포암,4,ham10000,train
data/HAM10000/HAM10000_images_part_2/ISIC_0031429.jpg,피부섬유종,9,ham10000,train
data/HAM10000/HAM10000_images_part_2/ISIC_0031578.jpg,광선각화증,3,ham10000,train
data/HAM10000/HAM10000_images_part_1/ISIC_0027100.jpg,악성흑색종,6,ham10000,train
data/HAM10000/HAM10000_images_part_1/ISIC_0025454.jpg,지루각화증,7,ham10000,train
data/HAM10000/HAM10000_images_part_1/ISIC_0027282.jpg,악성흑색종,6,ham10000,train
data/HAM10000/HAM10000_images_part_2/ISIC_0033534.jpg,악성흑색종,6,ham10000,train
data/HAM10000/HAM10000_images_part_1/ISIC_0026796.jpg,악성흑색종,6,ham10000,train
data/HAM10000/HAM10000_images_part_2/ISIC_0029789.jpg,지루각화증,7,ham10000,train
data/HAM10000/HAM10000_images_part_1/ISIC_0025388.jpg,지루각화증,7,ham10000,train
data/HAM10000/HAM10000_images_part_2/ISIC_0030240.jpg,지루각화증,7,ham10000,train
data/HAM10000/HAM10000_images_part_2/ISIC_0032424.jpg,악성흑색종,6,ham10000,train
data/HAM10000/HAM10000_images_part_2/ISIC_0033520.jpg,악성흑색종,6,ham10000,train
data/HAM10000/HAM10000_images_part_1/ISIC_0028180.jpg,지루각화증,7,ham10000,train
data/HAM10000/HAM10000_images_part_2/ISIC_0031198.jpg,광선각화증,3,ham10000,train
data/HAM10000/HAM10000_images_part_2/ISIC_0030238.jpg,악성흑색종,6,ham10000,train
data/HAM10000/HAM10000_images_part_1/ISIC_0024659.jpg,멜라닌세포모반,5,ham10000,train
data/HAM10000/HAM10000_images_part_2/ISIC_0030416.jpg,멜라닌세포모반,5,ham10000,train
data/HAM10000/HAM10000_images_part_2/ISIC_0031252.jpg,멜라닌세포모반,5,ham10000,train
data/HAM10000/HAM10000_images_part_1/ISIC_0026797.jpg,멜라닌세포모반,5,ham10000,train
data/HAM10000/HAM10000_images_part_2/ISIC_0031512.jpg,멜라닌세포모반,5,ham10000,train
data/HAM10000/HAM10000_images_part_1/ISIC_0028235.jpg,멜라닌세포모반,5,ham10000,train
data/HAM10000/HAM10000_images_part_1/ISIC_0027425.jpg,기저세포암,4,ham10000,train
data/HAM10000/HAM10000_images_part_2/ISIC_0029666.jpg,멜라닌세포모반,5,ham10000,train
data/HAM10000/HAM10000_images_part_2/ISIC_0032156.jpg,지루각화증,7,ham10000,train
data/HAM10000/HAM10000_images_part_1/ISIC_0025063.jpg,지루각화증,7,ham10000,train
data/HAM10000/HAM10000_images_part_1/ISIC_0029265.jpg,악성흑색종,6,ham10000,train
data/HAM10000/HAM10000_images_part_2/ISIC_0034169.jpg,피부섬유종,9,ham10000,train
data/HAM10000/HAM10000_images_part_1/ISIC_0028121.jpg,지루각화증,7,ham10000,train
data/HAM10000/HAM10000_images_part_2/ISIC_0029540.jpg,멜라닌세포모반,5,ham10000,train
data/HAM10000/HAM10000_images_part_1/ISIC_0026262.jpg,지루각화증,7,ham10000,train
data/HAM10000/HAM10000_images_part_1/ISIC_0027125.jpg,악성흑색종,6,ham10000,train
data/HAM10000/HAM10000_images_part_1/ISIC_0025262.jpg,멜라닌세포모반,5,ham10000,train
data/HAM10000/HAM10000_images_part_2/ISIC_0032176.jpg,멜라닌세포모반,5,ham10000,train
data/HAM10000/HAM10000_images_part_2/ISIC_0030372.jpg,지루각화증,7,ham10000,train
data/HAM10000/HAM10000_images_part_2/ISIC_0033148.jpg,멜라닌세포모반,5,ham10000,train
data/HAM10000/HAM10000_images_part_2/ISIC_0031409.jpg,멜라닌세포모반,5,ham10000,train
data/HAM10000/HAM10000_images_part_1/ISIC_0028295.jpg,멜라닌세포모반,5,ham10000,train
data/HAM10000/HAM10000_images_part_2/ISIC_0034283.jpg,지루각화증,7,ham10000,train
data/HAM10000/HAM10000_images_part_1/ISIC_0028323.jpg,기저세포암,4,ham10000,train
data/HAM10000/HAM10000_images_part_2/ISIC_0029837.jpg,지루각화증,7,ham10000,train
data/HAM10000/HAM10000_images_part_2/ISIC_0034257.jpg,멜라닌세포모반,5,ham10000,train
data/HAM10000/HAM10000_images_part_1/ISIC_0027165.jpg,멜라닌세포모반,5,ham10000,train
data/HAM10000/HAM10000_images_part_2/ISIC_0029979.jpg,멜라닌세포모반,5,ham10000,train
data/HAM10000/HAM10000_images_part_2/ISIC_0032279.jpg,멜라닌세포모반,5,ham10000,train
data/HAM10000/HAM10000_images_part_1/ISIC_0029219.jpg,멜라닌세포모반,5,ham10000,train
data/HAM10000/HAM10000_images_part_1/ISIC_0024942.jpg,멜라닌세포모반,5,ham10000,train
data/HAM10000/HAM10000_images_part_1/ISIC_0025150.jpg,멜라닌세포모반,5,ham10000,train
data/HAM10000/HAM10000_images_part_2/ISIC_0029481.jpg,멜라닌세포모반,5,ham10000,train
data/HAM10000/HAM10000_images_part_1/ISIC_0026104.jpg,지루각화증,7,ham10000,train
data/HAM10000/HAM10000_images_part_2/ISIC_0031496.jpg,지루각화증,7,ham10000,train
data/HAM10000/HAM10000_images_part_2/ISIC_0030292.jpg,멜라닌세포모반,5,ham10000,train
data/HAM10000/HAM10000_images_part_1/ISIC_0027293.jpg,멜라닌세포모반,5,ham10000,train
data/HAM10000/HAM10000_images_part_1/ISIC_0027675.jpg,기저세포암,4,ham10000,train
data/HAM10000/HAM10000_images_part_1/ISIC_0026594.jpg,멜라닌세포모반,5,ham10000,train
data/HAM10000/HAM10000_images_part_1/ISIC_0029157.jpg,악성흑색종,6,ham10000,train
data/HAM10000/HAM10000_images_part_2/ISIC_0034059.jpg,악성흑색종,6,ham10000,train
data/HAM10000/HAM10000_images_part_1/ISIC_0024799.jpg,기저세포암,4,ham10000,train
data/HAM10000/HAM10000_images_part_2/ISIC_0033983.jpg,멜라닌세포모반,5,ham10000,train
data/HAM10000/HAM10000_images_part_1/ISIC_0027723.jpg,멜라닌세포모반,5,ham10000,train
data/HAM10000/HAM10000_images_part_2/ISIC_0031863.jpg,멜라닌세포모반,5,ham10000,train
data/HAM10000/HAM10000_images_part_1/ISIC_0028405.jpg,멜라닌세포모반,5,ham10000,train
data/HAM10000/HAM10000_images_part_1/ISIC_0027162.jpg,지루각화증,7,ham10000,train
data/HAM10000/HAM10000_images_part_1/ISIC_0025648.jpg,멜라닌세포모반,5,ham10000,train
data/HAM10000/HAM10000_images_part_2/ISIC_0034234.jpg,멜라닌세포모반,5,ham10000,train
data/HAM10000/HAM10000_images_part_2/ISIC_0033246.jpg,지루각화증,7,ham10000,train
data/HAM10000/HAM10000_images_part_1/ISIC_0025275.jpg,지루각화증,7,ham10000,train
data/HAM10000/HAM10000_images_part_2/ISIC_0033089.jpg,악성흑색종,6,ham10000,train
data/HAM10000/HAM10000_images_part_1/ISIC_0026679.jpg,지루각화증,7,ham10000,train
data/HAM10000/HAM10000_images_part_1/ISIC_0028767.jpg,멜라닌세포모반,5,ham10000,train
data/HAM10000/HAM10000_images_part_2/ISIC_0030574.jpg,기저세포암,4,ham10000,train
data/HAM10000/HAM10000_images_part_1/ISIC_0028448.jpg,지루각화증,7,ham10000,train
data/HAM10000/HAM10000_images_part_2/ISIC_0031467.jpg,멜라닌세포모반,5,ham10000,train
data/HAM10000/HAM10000_images_part_1/ISIC_0025003.jpg,멜라닌세포모반,5,ham10000,train
data/HAM10000/HAM10000_images_part_1/ISIC_0025011.jpg,멜라닌세포모반,5,ham10000,train
data/HAM10000/HAM10000_images_part_2/ISIC_0030225.jpg,멜라닌세포모반,5,ham10000,train
data/HAM10000/HAM10000_images_part_1/ISIC_0028681.jpg,지루각화증,7,ham10000,train
data/HAM10000/HAM10000_images_part_2/ISIC_0031485.jpg,지루각화증,7,ham10000,train
data/HAM10000/HAM10000_images_part_2/ISIC_0032214.jpg,악성흑색종,6,ham10000,train
data/HAM10000/HAM10000_images_part_2/ISIC_0034248.jpg,멜라닌세포모반,5,ham10000,train
data/HAM10000/HAM10000_images_part_2/ISIC_0034261.jpg,멜라닌세포모반,5,ham10000,train
data/HAM10000/HAM10000_images_part_1/ISIC_0024494.jpg,지루각화증,7,ham10000,train
data/HAM10000/HAM10000_images_part_1/ISIC_0024502.jpg,멜라닌세포모반,5,ham10000,train
data/HAM10000/HAM10000_images_part_1/ISIC_0028860.jpg,악성흑색종,6,ham10000,train
data/HAM10000/HAM10000_images_part_1/ISIC_0026387.jpg,멜라닌세포모반,5,ham10000,train
data/HAM10000/HAM10000_images_part_2/ISIC_0032880.jpg,멜라닌세포모반,5,ham10000,train
data/HAM10000/HAM10000_images_part_2/ISIC_0029967.jpg,피부섬유종,9,ham10000,train
data/HAM10000/HAM10000_images_part_1/ISIC_0028228.jpg,악성흑색종,6,ham10000,train
data/HAM10000/HAM10000_images_part_2/ISIC_0031749.jpg,기저세포암,4,ham10000,train
data/HAM10000/HAM10000_images_part_1/ISIC_0028231.jpg,광선각화증,3,ham10000,train
data/HAM10000/HAM10000_images_part_2/ISIC_0032437.jpg,광선각화증,3,ham10000,train
data/HAM10000/HAM10000_images_part_2/ISIC_0034008.jpg,멜라닌세포모반,5,ham10000,train
data/HAM10000/HAM10000_images_part_1/ISIC_0028446.jpg,멜라닌세포모반,5,ham10000,train
data/HAM10000/HAM10000_images_part_1/ISIC_0025799.jpg,지루각화증,7,ham10000,train
data/HAM10000/HAM10000_images_part_1/ISIC_0024431.jpg,기저세포암,4,ham10000,train
data/HAM10000/HAM10000_images_part_1/ISIC_0027091.jpg,멜라닌세포모반,5,ham10000,train
data/HAM10000/HAM10000_images_part_2/ISIC_0030021.jpg,피부섬유종,9,ham10000,train
data/HAM10000/HAM10000_images_part_1/ISIC_0028610.jpg,멜라닌세포모반,5,ham10000,train
data/HAM10000/HAM10000_images_part_1/ISIC_0026221.jpg,멜라닌세포모반,5,ham10000,train
data/HAM10000/HAM10000_images_part_1/ISIC_0025820.jpg,멜라닌세포모반,5,ham10000,train
data/HAM10000/HAM10000_images_part_1/ISIC_0027230.jpg,멜라닌세포모반,5,ham10000,train
data/HAM10000/HAM10000_images_part_1/ISIC_0026045.jpg,악성흑색종,6,ham10000,train
data/HAM10000/HAM10000_images_part_2/ISIC_0030307.jpg,멜라닌세포모반,5,ham10000,train
data/HAM10000/HAM10000_images_part_2/ISIC_0032226.jpg,멜라닌세포모반,5,ham10000,train
data/HAM10000/HAM10000_images_part_2/ISIC_0032844.jpg,악성흑색종,6,ham10000,train
data/HAM10000/HAM10000_images_part_2/ISIC_0031138.jpg,지루각화증,7,ham10000,train
data/HAM10000/HAM10000_images_part_1/ISIC_0027565.jpg,멜라닌세포모반,5,ham10000,train
data/HAM10000/HAM10000_images_part_2/ISIC_0034258.jpg,멜라닌세포모반,5,ham10000,train
data/HAM10000/HAM10000_images_part_1/ISIC_0025782.jpg,멜라닌세포모반,5,ham10000,train
data/HAM10000/HAM10000_images_part_2/ISIC_0032376.jpg,멜라닌세포모반,5,ham10000,train
data/HAM10000/HAM10000_images_part_2/ISIC_0033616.jpg,악성흑색종,6,ham10000,train
data/HAM10000/HAM10000_images_part_1/ISIC_0024493.jpg,멜라닌세포모반,5,ham10000,train
data/HAM10000/HAM10000_images_part_1/ISIC_0029062.jpg,지루각화증,7,ham10000,train
data/HAM10000/HAM10000_images_part_1/ISIC_0027322.jpg,멜라닌세포모반,5,ham10000,train
data/HAM10000/HAM10000_images_part_1/ISIC_0024539.jpg,광선각화증,3,ham10000,train
data/HAM10000/HAM10000_images_part_1/ISIC_0026936.jpg,멜라닌세포모반,5,ham10000,train
data/HAM10000/HAM10000_images_part_1/ISIC_0025759.jpg,멜라닌세포모반,5,ham10000,train
data/HAM10000/HAM10000_images_part_1/ISIC_0025987.jpg,악성흑색종,6,ham10000,train
data/HAM10000/HAM10000_images_part_1/ISIC_0025301.jpg,기저세포암,4,ham10000,train
data/HAM10000/HAM10000_images_part_2/ISIC_0031410.jpg,악성흑색종,6,ham10000,train
data/HAM10000/HAM10000_images_part_1/ISIC_0027434.jpg,멜라닌세포모반,5,ham10000,train
data/HAM10000/HAM10000_images_part_2/ISIC_0034146.jpg,멜라닌세포모반,5,ham10000,train
data/HAM10000/HAM10000_images_part_1/ISIC_0027576.jpg,멜라닌세포모반,5,ham10000,train
data/HAM10000/HAM10000_images_part_1/ISIC_0029063.jpg,멜라닌세포모반,5,ham10000,train
data/HAM10000/HAM10000_images_part_1/ISIC_0024952.jpg,악성흑색종,6,ham10000,train
data/HAM10000/HAM10000_images_part_1/ISIC_0026167.jpg,악성흑색종,6,ham10000,train
data/HAM10000/HAM10000_images_part_2/ISIC_0031649.jpg,멜라닌세포모반,5,ham10000,train
data/HAM10000/HAM10000_images_part_2/ISIC_0032393.jpg,멜라닌세포모반,5,ham10000,train
data/HAM10000/HAM10000_images_part_1/ISIC_0026265.jpg,지루각화증,7,ham10000,train
data/HAM10000/HAM10000_images_part_1/ISIC_0029087.jpg,멜라닌세포모반,5,ham10000,train
data/HAM10000/HAM10000_images_part_2/ISIC_0033905.jpg,악성흑색종,6,ham10000,train
data/HAM10000/HAM10000_images_part_2/ISIC_0033320.jpg,악성흑색종,6,ham10000,train
data/HAM10000/HAM10000_images_part_1/ISIC_0028003.jpg,악성흑색종,6,ham10000,train
data/HAM10000/HAM10000_images_part_1/ISIC_0025847.jpg,멜라닌세포모반,5,ham10000,train
data/HAM10000/HAM10000_images_part_2/ISIC_0031739.jpg,멜라닌세포모반,5,ham10000,train
data/HAM10000/HAM10000_images_part_1/ISIC_0024739.jpg,악성흑색종,6,ham10000,train
data/HAM10000/HAM10000_images_part_1/ISIC_0027423.jpg,멜라닌세포모반,5,ham10000,train
data/HAM10000/HAM10000_images_part_1/ISIC_0027387.jpg,악성흑색종,6,ham10000,train
data/HAM10000/HAM10000_images_part_1/ISIC_0028656.jpg,지루각화증,7,ham10000,train
data/HAM10000/HAM10000_images_part_1/ISIC_0028370.jpg,광선각화증,3,ham10000,train
data/HAM10000/HAM10000_images_part_2/ISIC_0033175.jpg,악성흑색종,6,ham10000,train
data/HAM10000/HAM10000_images_part_2/ISIC_0029310.jpg,멜라닌세포모반,5,ham10000,train
data/HAM10000/HAM10000_images_part_2/ISIC_0030959.jpg,지루각화증,7,ham10000,train
data/HAM10000/HAM10000_images_part_2/ISIC_0030719.jpg,멜라닌세포모반,5,ham10000,train
data/HAM10000/HAM10000_images_part_2/ISIC_0033856.jpg,악성흑색종,6,ham10000,train
data/HAM10000/HAM10000_images_part_1/ISIC_0027537.jpg,멜라닌세포모반,5,ham10000,train
data/HAM10000/HAM10000_images_part_2/ISIC_0030164.jpg,멜라닌세포모반,5,ham10000,train
data/HAM10000/HAM10000_images_part_2/ISIC_0033846.jpg,멜라닌세포모반,5,ham10000,train
data/HAM10000/HAM10000_images_part_1/ISIC_0024378.jpg,멜라닌세포모반,5,ham10000,train
data/HAM10000/HAM10000_images_part_1/ISIC_0029188.jpg,멜라닌세포모반,5,ham10000,train
data/HAM10000/HAM10000_images_part_2/ISIC_0029932.jpg,광선각화증,3,ham10000,train
data/HAM10000/HAM10000_images_part_2/ISIC_0033925.jpg,악성흑색종,6,ham10000,train
data/HAM10000/HAM10000_images_part_1/ISIC_0025710.jpg,지루각화증,7,ham10000,train
data/HAM10000/HAM10000_images_part_1/ISIC_0025613.jpg,멜라닌세포모반,5,ham10000,train
data/HAM10000/HAM10000_images_part_2/ISIC_0032223.jpg,멜라닌세포모반,5,ham10000,train
data/HAM10000/HAM10000_images_part_2/ISIC_0031098.jpg,멜라닌세포모반,5,ham10000,train
data/HAM10000/HAM10000_images_part_2/ISIC_0033504.jpg,기저세포암,4,ham10000,train
data/HAM10000/HAM10000_images_part_2/ISIC_0033943.jpg,멜라닌세포모반,5,ham10000,train
data/HAM10000/HAM10000_images_part_1/ISIC_0028799.jpg,멜라닌세포모반,5,ham10000,train
data/HAM10000/HAM10000_images_part_2/ISIC_0032528.jpg,멜라닌세포모반,5,ham10000,train
data/HAM10000/HAM10000_images_part_1/ISIC_0024891.jpg,멜라닌세포모반,5,ham10000,train
data/HAM10000/HAM10000_images_part_2/ISIC_0030962.jpg,멜라닌세포모반,5,ham10000,train
data/HAM10000/HAM10000_images_part_2/ISIC_0030008.jpg,멜라닌세포모반,5,ham10000,train
data/HAM10000/HAM10000_images_part_2/ISIC_0030793.jpg,멜라닌세포모반,5,ham10000,train
data/HAM10000/HAM10000_images_part_1/ISIC_0026442.jpg,기저세포암,4,ham10000,train
data/HAM10000/HAM10000_images_part_1/ISIC_0028867.jpg,멜라닌세포모반,5,ham10000,train
data/HAM10000/HAM10000_images_part_1/ISIC_0026771.jpg,멜라닌세포모반,5,ham10000,train
data/HAM10000/HAM10000_images_part_2/ISIC_0031208.jpg,악성흑색종,6,ham10000,train
data/HAM10000/HAM10000_images_part_2/ISIC_0031459.jpg,지루각화증,7,ham10000,train
data/HAM10000/HAM10000_images_part_2/ISIC_0033209.jpg,악성흑색종,6,ham10000,train
data/HAM10000/HAM10000_images_part_1/ISIC_0027467.jpg,멜라닌세포모반,5,ham10000,train
data/HAM10000/HAM10000_images_part_2/ISIC_0032130.jpg,멜라닌세포모반,5,ham10000,train
data/HAM10000/HAM10000_images_part_1/ISIC_0028745.jpg,멜라닌세포모반,5,ham10000,train
data/HAM10000/HAM10000_images_part_2/ISIC_0033787.jpg,멜라닌세포모반,5,ham10000,train
data/HAM10000/HAM10000_images_part_1/ISIC_0026764.jpg,멜라닌세포모반,5,ham10000,train
data/HAM10000/HAM10000_images_part_2/ISIC_0031318.jpg,기저세포암,4,ham10000,train
data/HAM10000/HAM10000_images_part_2/ISIC_0034252.jpg,지루각화증,7,ham10000,train
data/HAM10000/HAM10000_images_part_1/ISIC_0024537.jpg,악성흑색종,6,ham10000,train
data/HAM10000/HAM10000_images_part_1/ISIC_0027604.jpg,악성흑색종,6,ham10000,train
data/HAM10000/HAM10000_images_part_2/ISIC_0033956.jpg,악성흑색종,6,ham10000,train
data/HAM10000/HAM10000_images_part_2/ISIC_0030186.jpg,멜라닌세포모반,5,ham10000,train
data/HAM10000/HAM10000_images_part_1/ISIC_0025691.jpg,기저세포암,4,ham10000,train
data/HAM10000/HAM10000_images_part_1/ISIC_0029028.jpg,악성흑색종,6,ham10000,train
data/HAM10000/HAM10000_images_part_2/ISIC_0032150.jpg,멜라닌세포모반,5,ham10000,train
data/HAM10000/HAM10000_images_part_1/ISIC_0026112.jpg,멜라닌세포모반,5,ham10000,train
data/HAM10000/HAM10000_images_part_2/ISIC_0029343.jpg,악성흑색종,6,ham10000,train
data/HAM10000/HAM10000_images_part_1/ISIC_0024634.jpg,기저세포암,4,ham10000,train
data/HAM10000/HAM10000_images_part_1/ISIC_0026869.jpg,멜라닌세포모반,5,ham10000,train
data/HAM10000/HAM10000_images_part_2/ISIC_0029519.jpg,지루각화증,7,ham10000,train
data/HAM10000/HAM10000_images_part_1/ISIC_0027392.jpg,지루각화증,7,ham10000,train
data/HAM10000/HAM10000_images_part_2/ISIC_0030653.jpg,악성흑색종,6,ham10000,train
data/HAM10000/HAM10000_images_part_2/ISIC_0033268.jpg,악성흑색종,6,ham10000,train
data/HAM10000/HAM10000_images_part_2/ISIC_0030133.jpg,광선각화증,3,ham10000,train
data/HAM10000/HAM10000_images_part_2/ISIC_0030953.jpg,광선각화증,3,ham10000,train
data/HAM10000/HAM10000_images_part_1/ISIC_0024632.jpg,기저세포암,4,ham10000,train
data/HAM10000/HAM10000_images_part_2/ISIC_0031193.jpg,멜라닌세포모반,5,ham10000,train
data/HAM10000/HAM10000_images_part_1/ISIC_0024759.jpg,멜라닌세포모반,5,ham10000,train
data/HAM10000/HAM10000_images_part_1/ISIC_0026107.jpg,지루각화증,7,ham10000,train
data/HAM10000/HAM10000_images_part_1/ISIC_0026807.jpg,멜라닌세포모반,5,ham10000,train
data/HAM10000/HAM10000_images_part_2/ISIC_0031616.jpg,멜라닌세포모반,5,ham10000,train
data/HAM10000/HAM10000_images_part_1/ISIC_0026724.jpg,멜라닌세포모반,5,ham10000,train
data/HAM10000/HAM10000_images_part_2/ISIC_0030610.jpg,멜라닌세포모반,5,ham10000,train
data/HAM10000/HAM10000_images_part_1/ISIC_0028128.jpg,멜라닌세포모반,5,ham10000,train
data/HAM10000/HAM10000_images_part_1/ISIC_0025705.jpg,멜라닌세포모반,5,ham10000,train
data/HAM10000/HAM10000_images_part_1/ISIC_0028707.jpg,지루각화증,7,ham10000,train
data/HAM10000/HAM10000_images_part_1/ISIC_0027911.jpg,멜라닌세포모반,5,ham10000,train
data/HAM10000/HAM10000_images_part_1/ISIC_0028100.jpg,지루각화증,7,ham10000,train
data/HAM10000/HAM10000_images_part_1/ISIC_0026150.jpg,악성흑색종,6,ham10000,train
data/HAM10000/HAM10000_images_part_2/ISIC_0030592.jpg,멜라닌세포모반,5,ham10000,train
data/HAM10000/HAM10000_images_part_1/ISIC_0025924.jpg,혈관종,10,ham10000,train
data/HAM10000/HAM10000_images_part_1/ISIC_0028393.jpg,광선각화증,3,ham10000,train
data/HAM10000/HAM10000_images_part_2/ISIC_0029536.jpg,멜라닌세포모반,5,ham10000,train
data/HAM10000/HAM10000_images_part_1/ISIC_0028143.jpg,멜라닌세포모반,5,ham10000,train
data/HAM10000/HAM10000_images_part_1/ISIC_0027756.jpg,멜라닌세포모반,5,ham10000,train
data/HAM10000/HAM10000_images_part_1/ISIC_0026090.jpg,기저세포암,4,ham10000,train
data/HAM10000/HAM10000_images_part_2/ISIC_0030730.jpg,광선각화증,3,ham10000,train
data/HAM10000/HAM10000_images_part_1/ISIC_0027149.jpg,악성흑색종,6,ham10000,train
data/HAM10000/HAM10000_images_part_1/ISIC_0024321.jpg,멜라닌세포모반,5,ham10000,train
data/HAM10000/HAM10000_images_part_1/ISIC_0026252.jpg,멜라닌세포모반,5,ham10000,train
data/HAM10000/HAM10000_images_part_2/ISIC_0029849.jpg,지루각화증,7,ham10000,train
data/HAM10000/HAM10000_images_part_1/ISIC_0029029.jpg,지루각화증,7,ham10000,train
data/HAM10000/HAM10000_images_part_2/ISIC_0031630.jpg,지루각화증,7,ham10000,train
data/HAM10000/HAM10000_images_part_1/ISIC_0026961.jpg,지루각화증,7,ham10000,train
data/HAM10000/HAM10000_images_part_1/ISIC_0027990.jpg,지루각화증,7,ham10000,train
data/HAM10000/HAM10000_images_part_1/ISIC_0025830.jpg,지루각화증,7,ham10000,train
data/HAM10000/HAM10000_images_part_1/ISIC_0024716.jpg,멜라닌세포모반,5,ham10000,train
data/HAM10000/HAM10000_images_part_1/ISIC_0024708.jpg,지루각화증,7,ham10000,train
data/HAM10000/HAM10000_images_part_1/ISIC_0025876.jpg,지루각화증,7,ham10000,train
data/HAM10000/HAM10000_images_part_1/ISIC_0026778.jpg,멜라닌세포모반,5,ham10000,train
data/HAM10000/HAM10000_images_part_1/ISIC_0027542.jpg,멜라닌세포모반,5,ham10000,train
data/HAM10000/HAM10000_images_part_1/ISIC_0025546.jpg,악성흑색종,6,ham10000,train
data/HAM10000/HAM10000_images_part_1/ISIC_0028708.jpg,멜라닌세포모반,5,ham10000,train
data/HAM10000/HAM10000_images_part_1/ISIC_0027652.jpg,지루각화증,7,ham10000,train
data/HAM10000/HAM10000_images_part_2/ISIC_0031366.jpg,멜라닌세포모반,5,ham10000,train
data/HAM10000/HAM10000_images_part_2/ISIC_0033396.jpg,멜라닌세포모반,5,ham10000,train
data/HAM10000/HAM10000_images_part_1/ISIC_0025478.jpg,멜라닌세포모반,5,ham10000,train
data/HAM10000/HAM10000_images_part_1/ISIC_0024389.jpg,멜라닌세포모반,5,ham10000,train
data/HAM10000/HAM10000_images_part_1/ISIC_0028729.jpg,멜라닌세포모반,5,ham10000,train
data/HAM10000/HAM10000_images_part_1/ISIC_0024384.jpg,멜라닌세포모반,5,ham10000,train
data/HAM10000/HAM10000_images_part_1/ISIC_0028778.jpg,멜라닌세포모반,5,ham10000,train
data/HAM10000/HAM10000_images_part_2/ISIC_0031953.jpg,악성흑색종,6,ham10000,train
data/HAM10000/HAM10000_images_part_1/ISIC_0027904.jpg,악성흑색종,6,ham10000,train
data/HAM10000/HAM10000_images_part_1/ISIC_0027183.jpg,멜라닌세포모반,5,ham10000,train
data/HAM10000/HAM10000_images_part_1/ISIC_0026671.jpg,멜라닌세포모반,5,ham10000,train
data/HAM10000/HAM10000_images_part_2/ISIC_0033496.jpg,악성흑색종,6,ham10000,train
data/HAM10000/HAM10000_images_part_1/ISIC_0029011.jpg,멜라닌세포모반,5,ham10000,train
data/HAM10000/HAM10000_images_part_1/ISIC_0029022.jpg,지루각화증,7,ham10000,train
data/HAM10000/HAM10000_images_part_1/ISIC_0029192.jpg,기저세포암,4,ham10000,train
data/HAM10000/HAM10000_images_part_2/ISIC_0032143.jpg,멜라닌세포모반,5,ham10000,train
data/HAM10000/HAM10000_images_part_2/ISIC_0034074.jpg,악성흑색종,6,ham10000,train
data/HAM10000/HAM10000_images_part_1/ISIC_0026151.jpg,멜라닌세포모반,5,ham10000,train
data/HAM10000/HAM10000_images_part_2/ISIC_0031243.jpg,기저세포암,4,ham10000,train
data/HAM10000/HAM10000_images_part_1/ISIC_0024719.jpg,멜라닌세포모반,5,ham10000,train
data/HAM10000/HAM10000_images_part_2/ISIC_0032173.jpg,광선각화증,3,ham10000,train
data/HAM10000/HAM10000_images_part_2/ISIC_0030327.jpg,멜라닌세포모반,5,ham10000,train
data/HAM10000/HAM10000_images_part_2/ISIC_0032537.jpg,악성흑색종,6,ham10000,train
data/HAM10000/HAM10000_images_part_1/ISIC_0026907.jpg,지루각화증,7,ham10000,train
data/HAM10000/HAM10000_images_part_2/ISIC_0030500.jpg,멜라닌세포모반,5,ham10000,train
data/HAM10000/HAM10000_images_part_2/ISIC_0030189.jpg,지루각화증,7,ham10000,train
data/HAM10000/HAM10000_images_part_2/ISIC_0029911.jpg,멜라닌세포모반,5,ham10000,train
data/HAM10000/HAM10000_images_part_1/ISIC_0026996.jpg,악성흑색종,6,ham10000,train
data/HAM10000/HAM10000_images_part_2/ISIC_0029743.jpg,멜라닌세포모반,5,ham10000,train
data/HAM10000/HAM10000_images_part_2/ISIC_0030320.jpg,멜라닌세포모반,5,ham10000,train
data/HAM10000/HAM10000_images_part_2/ISIC_0033424.jpg,악성흑색종,6,ham10000,train
data/HAM10000/HAM10000_images_part_2/ISIC_0034172.jpg,악성흑색종,6,ham10000,train
data/HAM10000/HAM10000_images_part_1/ISIC_0026956.jpg,멜라닌세포모반,5,ham10000,train
data/HAM10000/HAM10000_images_part_1/ISIC_0025899.jpg,멜라닌세포모반,5,ham10000,train
data/HAM10000/HAM10000_images_part_2/ISIC_0030689.jpg,악성흑색종,6,ham10000,train
data/HAM10000/HAM10000_images_part_2/ISIC_0034226.jpg,멜라닌세포모반,5,ham10000,train
data/HAM10000/HAM10000_images_part_1/ISIC_0029035.jpg,기저세포암,4,ham10000,train
data/HAM10000/HAM10000_images_part_2/ISIC_0031646.jpg,멜라닌세포모반,5,ham10000,train
data/HAM10000/HAM10000_images_part_2/ISIC_0029998.jpg,멜라닌세포모반,5,ham10000,train
data/HAM10000/HAM10000_images_part_2/ISIC_0029489.jpg,기저세포암,4,ham10000,train
data/HAM10000/HAM10000_images_part_2/ISIC_0031177.jpg,악성흑색종,6,ham10000,train
data/HAM10000/HAM10000_images_part_1/ISIC_0029061.jpg,지루각화증,7,ham10000,train
data/HAM10000/HAM10000_images_part_2/ISIC_0031443.jpg,피부섬유종,9,ham10000,train
data/HAM10000/HAM10000_images_part_2/ISIC_0031772.jpg,멜라닌세포모반,5,ham10000,train
data/HAM10000/HAM10000_images_part_1/ISIC_0028004.jpg,멜라닌세포모반,5,ham10000,train
data/HAM10000/HAM10000_images_part_1/ISIC_0025657.jpg,멜라닌세포모반,5,ham10000,train
data/HAM10000/HAM10000_images_part_1/ISIC_0025250.jpg,혈관종,10,ham10000,train
data/HAM10000/HAM10000_images_part_2/ISIC_0030706.jpg,지루각화증,7,ham10000,train
data/HAM10000/HAM10000_images_part_2/ISIC_0031639.jpg,지루각화증,7,ham10000,train
data/HAM10000/HAM10000_images_part_1/ISIC_0025860.jpg,멜라닌세포모반,5,ham10000,train
data/HAM10000/HAM10000_images_part_1/ISIC_0028306.jpg,악성흑색종,6,ham10000,train
data/HAM10000/HAM10000_images_part_1/ISIC_0024843.jpg,광선각화증,3,ham10000,train
data/HAM10000/HAM10000_images_part_1/ISIC_0028486.jpg,기저세포암,4,ham10000,train
data/HAM10000/HAM10000_images_part_2/ISIC_0032758.jpg,멜라닌세포모반,5,ham10000,train
data/HAM10000/HAM10000_images_part_2/ISIC_0032750.jpg,악성흑색종,6,ham10000,train
data/HAM10000/HAM10000_images_part_2/ISIC_0033454.jpg,악성흑색종,6,ham10000,train
data/HAM10000/HAM10000_images_part_1/ISIC_0028458.jpg,멜라닌세포모반,5,ham10000,train
data/HAM10000/HAM10000_images_part_1/ISIC_0027527.jpg,지루각화증,7,ham10000,train
data/HAM10000/HAM10000_images_part_2/ISIC_0030784.jpg,악성흑색종,6,ham10000,train
data/HAM10000/HAM10000_images_part_2/ISIC_0033362.jpg,악성흑색종,6,ham10000,train
data/HAM10000/HAM10000_images_part_1/ISIC_0026406.jpg,멜라닌세포모반,5,ham10000,train
data/HAM10000/HAM10000_images_part_1/ISIC_0025137.jpg,멜라닌세포모반,5,ham10000,train
data/HAM10000/HAM10000_images_part_1/ISIC_0025523.jpg,멜라닌세포모반,5,ham10000,train
data/HAM10000/HAM10000_images_part_1/ISIC_0025904.jpg,악성흑색종,6,ham10000,train
data/HAM10000/HAM10000_images_part_1/ISIC_0026328.jpg,멜라닌세포모반,5,ham10000,train
data/HAM10000/HAM10000_images_part_2/ISIC_0033720.jpg,기저세포암,4,ham10000,train
data/HAM10000/HAM10000_images_part_1/ISIC_0027567.jpg,멜라닌세포모반,5,ham10000,train
data/HAM10000/HAM10000_images_part_1/ISIC_0026183.jpg,멜라닌세포모반,5,ham10000,train
data/HAM10000/HAM10000_images_part_1/ISIC_0028525.jpg,지루각화증,7,ham10000,train
data/HAM10000/HAM10000_images_part_2/ISIC_0033543.jpg,멜라닌세포모반,5,ham10000,train
data/HAM10000/HAM10000_images_part_1/ISIC_0025623.jpg,지루각화증,7,ham10000,train
data/HAM10000/HAM10000_images_part_1/ISIC_0024904.jpg,혈관종,10,ham10000,train
data/HAM10000/HAM10000_images_part_2/ISIC_0033232.jpg,악성흑색종,6,ham10000,train
data/HAM10000/HAM10000_images_part_2/ISIC_0031707.jpg,지루각화증,7,ham10000,train
data/HAM10000/HAM10000_images_part_1/ISIC_0028197.jpg,기저세포암,4,ham10000,train
data/HAM10000/HAM10000_images_part_2/ISIC_0034134.jpg,악성흑색종,6,ham10000,train
data/HAM10000/HAM10000_images_part_1/ISIC_0025350.jpg,광선각화증,3,ham10000,train
data/HAM10000/HAM10000_images_part_1/ISIC_0026602.jpg,멜라닌세포모반,5,ham10000,train
data/HAM10000/HAM10000_images_part_1/ISIC_0027506.jpg,광선각화증,3,ham10000,train
data/HAM10000/HAM10000_images_part_1/ISIC_0028040.jpg,멜라닌세포모반,5,ham10000,train
data/HAM10000/HAM10000_images_part_2/ISIC_0029980.jpg,멜라닌세포모반,5,ham10000,train
data/HAM10000/HAM10000_images_part_1/ISIC_0027984.jpg,멜라닌세포모반,5,ham10000,train
data/HAM10000/HAM10000_images_part_1/ISIC_0026115.jpg,악성흑색종,6,ham10000,train
data/HAM10000/HAM10000_images_part_1/ISIC_0025203.jpg,멜라닌세포모반,5,ham10000,train
data/HAM10000/HAM10000_images_part_1/ISIC_0029232.jpg,지루각화증,7,ham10000,train
data/HAM10000/HAM10000_images_part_2/ISIC_0032111.jpg,지루각화증,7,ham10000,train
data/HAM10000/HAM10000_images_part_2/ISIC_0033970.jpg,멜라닌세포모반,5,ham10000,train
data/HAM10000/HAM10000_images_part_1/ISIC_0024443.jpg,기저세포암,4,ham10000,train
data/HAM10000/HAM10000_images_part_1/ISIC_0028823.jpg,멜라닌세포모반,5,ham10000,train
data/HAM10000/HAM10000_images_part_2/ISIC_0029836.jpg,지루각화증,7,ham10000,train
data/HAM10000/HAM10000_images_part_2/ISIC_0031765.jpg,멜라닌세포모반,5,ham10000,train
data/HAM10000/HAM10000_images_part_1/ISIC_0029194.jpg,멜라닌세포모반,5,ham10000,train
data/HAM10000/HAM10000_images_part_1/ISIC_0027550.jpg,광선각화증,3,ham10000,train
data/HAM10000/HAM10000_images_part_1/ISIC_0028445.jpg,악성흑색종,6,ham10000,train
data/HAM10000/HAM10000_images_part_1/ISIC_0026293.jpg,멜라닌세포모반,5,ham10000,train
data/HAM10000/HAM10000_images_part_2/ISIC_0033311.jpg,멜라닌세포모반,5,ham10000,train
data/HAM10000/HAM10000_images_part_1/ISIC_0027206.jpg,멜라닌세포모반,5,ham10000,train
data/HAM10000/HAM10000_images_part_2/ISIC_0031777.jpg,멜라닌세포모반,5,ham10000,train
data/HAM10000/HAM10000_images_part_2/ISIC_0033160.jpg,멜라닌세포모반,5,ham10000,train
data/HAM10000/HAM10000_images_part_2/ISIC_0032835.jpg,지루각화증,7,ham10000,train
data/HAM10000/HAM10000_images_part_2/ISIC_0030247.jpg,멜라닌세포모반,5,ham10000,train
data/HAM10000/HAM10000_images_part_2/ISIC_0031900.jpg,악성흑색종,6,ham10000,train
data/HAM10000/HAM10000_images_part_2/ISIC_0032282.jpg,멜라닌세포모반,5,ham10000,train
data/HAM10000/HAM10000_images_part_1/ISIC_0027490.jpg,멜라닌세포모반,5,ham10000,train
data/HAM10000/HAM10000_images_part_2/ISIC_0033791.jpg,지루각화증,7,ham10000,train
data/HAM10000/HAM10000_images_part_1/ISIC_0028218.jpg,악성흑색종,6,ham10000,train
data/HAM10000/HAM10000_images_part_2/ISIC_0032433.jpg,악성흑색종,6,ham10000,train
data/HAM10000/HAM10000_images_part_1/ISIC_0025655.jpg,멜라닌세포모반,5,ham10000,train
data/HAM10000/HAM10000_images_part_2/ISIC_0030177.jpg,기저세포암,4,ham10000,train
data/HAM10000/HAM10000_images_part_2/ISIC_0032637.jpg,악성흑색종,6,ham10000,train
data/HAM10000/HAM10000_images_part_2/ISIC_0030026.jpg,지루각화증,7,ham10000,train
data/HAM10000/HAM10000_images_part_1/ISIC_0026063.jpg,멜라닌세포모반,5,ham10000,train
data/HAM10000/HAM10000_images_part_2/ISIC_0032935.jpg,멜라닌세포모반,5,ham10000,train
data/HAM10000/HAM10000_images_part_1/ISIC_0024573.jpg,기저세포암,4,ham10000,train
data/HAM10000/HAM10000_images_part_2/ISIC_0031431.jpg,광선각화증,3,ham10000,train
data/HAM10000/HAM10000_images_part_1/ISIC_0026888.jpg,멜라닌세포모반,5,ham10000,train
data/HAM10000/HAM10000_images_part_1/ISIC_0027214.jpg,멜라닌세포모반,5,ham10000,train
data/HAM10000/HAM10000_images_part_2/ISIC_0031601.jpg,지루각화증,7,ham10000,train
data/HAM10000/HAM10000_images_part_2/ISIC_0033131.jpg,멜라닌세포모반,5,ham10000,train
data/HAM10000/HAM10000_images_part_2/ISIC_0032194.jpg,기저세포암,4,ham10000,train
data/HAM10000/HAM10000_images_part_2/ISIC_0030661.jpg,지루각화증,7,ham10000,train
data/HAM10000/HAM10000_images_part_1/ISIC_0028476.jpg,멜라닌세포모반,5,ham10000,train
data/HAM10000/HAM10000_images_part_2/ISIC_0032200.jpg,지루각화증,7,ham10000,train
data/HAM10000/HAM10000_images_part_2/ISIC_0034065.jpg,악성흑색종,6,ham10000,train
data/HAM10000/HAM10000_images_part_2/ISIC_0031037.jpg,지루각화증,7,ham10000,train
data/HAM10000/HAM10000_images_part_2/ISIC_0030355.jpg,멜라닌세포모반,5,ham10000,train
data/HAM10000/HAM10000_images_part_1/ISIC_0025252.jpg,멜라닌세포모반,5,ham10000,train
data/HAM10000/HAM10000_images_part_1/ISIC_0027557.jpg,멜라닌세포모반,5,ham10000,train
data/HAM10000/HAM10000_images_part_1/ISIC_0026975.jpg,멜라닌세포모반,5,ham10000,train
data/HAM10000/HAM10000_images_part_2/ISIC_0033088.jpg,지루각화증,7,ham10000,train
data/HAM10000/HAM10000_images_part_2/ISIC_0031096.jpg,멜라닌세포모반,5,ham10000,train
data/HAM10000/HAM10000_images_part_1/ISIC_0028247.jpg,멜라닌세포모반,5,ham10000,train
data/HAM10000/HAM10000_images_part_2/ISIC_0030435.jpg,멜라닌세포모반,5,ham10000,train
data/HAM10000/HAM10000_images_part_2/ISIC_0029632.jpg,악성흑색종,6,ham10000,train
data/HAM10000/HAM10000_images_part_1/ISIC_0028211.jpg,악성흑색종,6,ham10000,train
data/HAM10000/HAM10000_images_part_2/ISIC_0029772.jpg,멜라닌세포모반,5,ham10000,train
data/HAM10000/HAM10000_images_part_1/ISIC_0026909.jpg,악성흑색종,6,ham10000,train
data/HAM10000/HAM10000_images_part_1/ISIC_0025844.jpg,멜라닌세포모반,5,ham10000,train
data/HAM10000/HAM10000_images_part_2/ISIC_0030531.jpg,멜라닌세포모반,5,ham10000,train
data/HAM10000/HAM10000_images_part_2/ISIC_0030749.jpg,멜라닌세포모반,5,ham10000,train
data/HAM10000/HAM10000_images_part_2/ISIC_0030070.jpg,혈관종,10,ham10000,train
data/HAM10000/HAM10000_images_part_2/ISIC_0033170.jpg,멜라닌세포모반,5,ham10000,train
data/HAM10000/HAM10000_images_part_2/ISIC_0032959.jpg,기저세포암,4,ham10000,train
data/HAM10000/HAM10000_images_part_2/ISIC_0031572.jpg,멜라닌세포모반,5,ham10000,train
data/HAM10000/HAM10000_images_part_1/ISIC_0025515.jpg,지루각화증,7,ham10000,train
data/HAM10000/HAM10000_images_part_1/ISIC_0026336.jpg,혈관종,10,ham10000,train
data/HAM10000/HAM10000_images_part_1/ISIC_0027038.jpg,기저세포암,4,ham10000,train
data/HAM10000/HAM10000_images_part_1/ISIC_0027107.jpg,피부섬유종,9,ham10000,train
data/HAM10000/HAM10000_images_part_1/ISIC_0028911.jpg,멜라닌세포모반,5,ham10000,train
data/HAM10000/HAM10000_images_part_2/ISIC_0034281.jpg,멜라닌세포모반,5,ham10000,train
data/HAM10000/HAM10000_images_part_2/ISIC_0032269.jpg,악성흑색종,6,ham10000,train
data/HAM10000/HAM10000_images_part_1/ISIC_0027402.jpg,악성흑색종,6,ham10000,train
data/HAM10000/HAM10000_images_part_2/ISIC_0031430.jpg,광선각화증,3,ham10000,train
data/HAM10000/HAM10000_images_part_2/ISIC_0030366.jpg,악성흑색종,6,ham10000,train
data/HAM10000/HAM10000_images_part_2/ISIC_0032036.jpg,악성흑색종,6,ham10000,train
data/HAM10000/HAM10000_images_part_2/ISIC_0030402.jpg,멜라닌세포모반,5,ham10000,train
data/HAM10000/HAM10000_images_part_2/ISIC_0033269.jpg,악성흑색종,6,ham10000,train
data/HAM10000/HAM10000_images_part_1/ISIC_0027486.jpg,멜라닌세포모반,5,ham10000,train
data/HAM10000/HAM10000_images_part_2/ISIC_0032244.jpg,악성흑색종,6,ham10000,train
data/HAM10000/HAM10000_images_part_1/ISIC_0028296.jpg,멜라닌세포모반,5,ham10000,train
data/HAM10000/HAM10000_images_part_1/ISIC_0024411.jpg,기저세포암,4,ham10000,train
data/HAM10000/HAM10000_images_part_1/ISIC_0027037.jpg,지루각화증,7,ham10000,train
data/HAM10000/HAM10000_images_part_2/ISIC_0034170.jpg,악성흑색종,6,ham10000,train
data/HAM10000/HAM10000_images_part_1/ISIC_0027982.jpg,지루각화증,7,ham10000,train
data/HAM10000/HAM10000_images_part_1/ISIC_0025875.jpg,멜라닌세포모반,5,ham10000,train
data/HAM10000/HAM10000_images_part_2/ISIC_0032836.jpg,악성흑색종,6,ham10000,train
data/HAM10000/HAM10000_images_part_2/ISIC_0031913.jpg,멜라닌세포모반,5,ham10000,train
data/HAM10000/HAM10000_images_part_1/ISIC_0026399.jpg,멜라닌세포모반,5,ham10000,train
data/HAM10000/HAM10000_images_part_2/ISIC_0031326.jpg,지루각화증,7,ham10000,train
data/HAM10000/HAM10000_images_part_1/ISIC_0028651.jpg,피부섬유종,9,ham10000,train
data/HAM10000/HAM10000_images_part_1/ISIC_0026138.jpg,광선각화증,3,ham10000,train
data/HAM10000/HAM10000_images_part_2/ISIC_0033080.jpg,멜라닌세포모반,5,ham10000,train
data/HAM10000/HAM10000_images_part_1/ISIC_0027673.jpg,악성흑색종,6,ham10000,train
data/HAM10000/HAM10000_images_part_1/ISIC_0028132.jpg,광선각화증,3,ham10000,train
data/HAM10000/HAM10000_images_part_2/ISIC_0031942.jpg,멜라닌세포모반,5,ham10000,train
data/HAM10000/HAM10000_images_part_1/ISIC_0025774.jpg,멜라닌세포모반,5,ham10000,train
data/HAM10000/HAM10000_images_part_2/ISIC_0032953.jpg,멜라닌세포모반,5,ham10000,train
data/HAM10000/HAM10000_images_part_1/ISIC_0028485.jpg,멜라닌세포모반,5,ham10000,train
data/HAM10000/HAM10000_images_part_2/ISIC_0030835.jpg,지루각화증,7,ham10000,train
data/HAM10000/HAM10000_images_part_2/ISIC_0033722.jpg,지루각화증,7,ham10000,train
data/HAM10000/HAM10000_images_part_2/ISIC_0033440.jpg,악성흑색종,6,ham10000,train
data/HAM10000/HAM10000_images_part_1/ISIC_0028962.jpg,멜라닌세포모반,5,ham10000,train
data/HAM10000/HAM10000_images_part_2/ISIC_0033762.jpg,혈관종,10,ham10000,train
data/HAM10000/HAM10000_images_part_1/ISIC_0026552.jpg,멜라닌세포모반,5,ham10000,train
data/HAM10000/HAM10000_images_part_2/ISIC_0034076.jpg,악성흑색종,6,ham10000,train
data/HAM10000/HAM10000_images_part_1/ISIC_0025824.jpg,기저세포암,4,ham10000,train
data/HAM10000/HAM10000_images_part_1/ISIC_0024458.jpg,멜라닌세포모반,5,ham10000,train
data/HAM10000/HAM10000_images_part_2/ISIC_0032778.jpg,지루각화증,7,ham10000,train
data/HAM10000/HAM10000_images_part_2/ISIC_0034193.jpg,멜라닌세포모반,5,ham10000,train
data/HAM10000/HAM10000_images_part_2/ISIC_0032804.jpg,지루각화증,7,ham10000,train
data/HAM10000/HAM10000_images_part_1/ISIC_0025989.jpg,멜라닌세포모반,5,ham10000,train
data/HAM10000/HAM10000_images_part_2/ISIC_0033651.jpg,악성흑색종,6,ham10000,train
data/HAM10000/HAM10000_images_part_1/ISIC_0025980.jpg,피부섬유종,9,ham10000,train
data/HAM10000/HAM10000_images_part_1/ISIC_0024410.jpg,악성흑색종,6,ham10000,train
data/HAM10000/HAM10000_images_part_2/ISIC_0033529.jpg,지루각화증,7,ham10000,train
data/HAM10000/HAM10000_images_part_2/ISIC_0030458.jpg,지루각화증,7,ham10000,train
data/HAM10000/HAM10000_images_part_2/ISIC_0033004.jpg,악성흑색종,6,ham10000,train
data/HAM10000/HAM10000_images_part_2/ISIC_0032630.jpg,악성흑색종,6,ham10000,train
data/HAM10000/HAM10000_images_part_1/ISIC_0024308.jpg,멜라닌세포모반,5,ham10000,train
data/HAM10000/HAM10000_images_part_1/ISIC_0024787.jpg,기저세포암,4,ham10000,train
data/HAM10000/HAM10000_images_part_1/ISIC_0025796.jpg,멜라닌세포모반,5,ham10000,train
data/HAM10000/HAM10000_images_part_2/ISIC_0031893.jpg,지루각화증,7,ham10000,train
data/HAM10000/HAM10000_images_part_2/ISIC_0032886.jpg,멜라닌세포모반,5,ham10000,train
data/HAM10000/HAM10000_images_part_1/ISIC_0026416.jpg,지루각화증,7,ham10000,train
data/HAM10000/HAM10000_images_part_1/ISIC_0024969.jpg,멜라닌세포모반,5,ham10000,train
data/HAM10000/HAM10000_images_part_2/ISIC_0032631.jpg,멜라닌세포모반,5,ham10000,train
data/HAM10000/HAM10000_images_part_2/ISIC_0030100.jpg,멜라닌세포모반,5,ham10000,train
data/HAM10000/HAM10000_images_part_2/ISIC_0031242.jpg,멜라닌세포모반,5,ham10000,train
data/HAM10000/HAM10000_images_part_2/ISIC_0030136.jpg,멜라닌세포모반,5,ham10000,train
data/HAM10000/HAM10000_images_part_2/ISIC_0033969.jpg,혈관종,10,ham10000,train
data/HAM10000/HAM10000_images_part_2/ISIC_0031225.jpg,기저세포암,4,ham10000,train
data/HAM10000/HAM10000_images_part_2/ISIC_0032952.jpg,멜라닌세포모반,5,ham10000,train
data/HAM10000/HAM10000_images_part_2/ISIC_0032308.jpg,악성흑색종,6,ham10000,train
data/HAM10000/HAM10000_images_part_2/ISIC_0031529.jpg,악성흑색종,6,ham10000,train
data/HAM10000/HAM10000_images_part_2/ISIC_0030695.jpg,악성흑색종,6,ham10000,train
data/HAM10000/HAM10000_images_part_1/ISIC_0027310.jpg,지루각화증,7,ham10000,train
data/HAM10000/HAM10000_images_part_2/ISIC_0029591.jpg,악성흑색종,6,ham10000,train
data/HAM10000/HAM10000_images_part_1/ISIC_0028317.jpg,악성흑색종,6,ham10000,train
data/HAM10000/HAM10000_images_part_1/ISIC_0024742.jpg,멜라닌세포모반,5,ham10000,train
data/HAM10000/HAM10000_images_part_1/ISIC_0028258.jpg,지루각화증,7,ham10000,train
data/HAM10000/HAM10000_images_part_2/ISIC_0033600.jpg,멜라닌세포모반,5,ham10000,train
data/HAM10000/HAM10000_images_part_1/ISIC_0025954.jpg,피부섬유종,9,ham10000,train
data/HAM10000/HAM10000_images_part_1/ISIC_0024346.jpg,멜라닌세포모반,5,ham10000,train
data/HAM10000/HAM10000_images_part_2/ISIC_0030300.jpg,멜라닌세포모반,5,ham10000,train
data/HAM10000/HAM10000_images_part_1/ISIC_0028402.jpg,멜라닌세포모반,5,ham10000,train
data/HAM10000/HAM10000_images_part_2/ISIC_0031585.jpg,기저세포암,4,ham10000,train
data/HAM10000/HAM10000_images_part_2/ISIC_0031873.jpg,멜라닌세포모반,5,ham10000,train
data/HAM10000/HAM10000_images_part_1/ISIC_0026158.jpg,악성흑색종,6,ham10000,train
data/HAM10000/HAM10000_images_part_1/ISIC_0025103.jpg,지루각화증,7,ham10000,train
data/HAM10000/HAM10000_images_part_1/ISIC_0027138.jpg,멜라닌세포모반,5,ham10000,train
data/HAM10000/HAM10000_images_part_2/ISIC_0031159.jpg,지루각화증,7,ham10000,train
data/HAM10000/HAM10000_images_part_1/ISIC_0025897.jpg,멜라닌세포모반,5,ham10000,train
data/HAM10000/HAM10000_images_part_1/ISIC_0029069.jpg,멜라닌세포모반,5,ham10000,train
data/HAM10000/HAM10000_images_part_1/ISIC_0027711.jpg,멜라닌세포모반,5,ham10000,train
data/HAM10000/HAM10000_images_part_2/ISIC_0031204.jpg,멜라닌세포모반,5,ham10000,train
data/HAM10000/HAM10000_images_part_2/ISIC_0033415.jpg,악성흑색종,6,ham10000,train
data/HAM10000/HAM10000_images_part_2/ISIC_0030594.jpg,기저세포암,4,ham10000,train
data/HAM10000/HAM10000_images_part_2/ISIC_0034247.jpg,멜라닌세포모반,5,ham10000,train
data/HAM10000/HAM10000_images_part_2/ISIC_0030524.jpg,멜라닌세포모반,5,ham10000,train
data/HAM10000/HAM10000_images_part_2/ISIC_0031503.jpg,멜라닌세포모반,5,ham10000,train
data/HAM10000/HAM10000_images_part_1/ISIC_0024646.jpg,광선각화증,3,ham10000,train
data/HAM10000/HAM10000_images_part_2/ISIC_0031852.jpg,광선각화증,3,ham10000,train
data/HAM10000/HAM10000_images_part_1/ISIC_0024926.jpg,멜라닌세포모반,5,ham10000,train
data/HAM10000/HAM10000_images_part_2/ISIC_0033317.jpg,악성흑색종,6,ham10000,train
data/HAM10000/HAM10000_images_part_2/ISIC_0030935.jpg,지루각화증,7,ham10000,train
data/HAM10000/HAM10000_images_part_2/ISIC_0033744.jpg,지루각화증,7,ham10000,train
data/HAM10000/HAM10000_images_part_2/ISIC_0030192.jpg,악성흑색종,6,ham10000,train
data/HAM10000/HAM10000_images_part_2/ISIC_0033092.jpg,혈관종,10,ham10000,train
data/HAM10000/HAM10000_images_part_1/ISIC_0027829.jpg,광선각화증,3,ham10000,train
data/HAM10000/HAM10000_images_part_2/ISIC_0033683.jpg,멜라닌세포모반,5,ham10000,train
data/HAM10000/HAM10000_images_part_1/ISIC_0026040.jpg,광선각화증,3,ham10000,train
data/HAM10000/HAM10000_images_part_1/ISIC_0027686.jpg,멜라닌세포모반,5,ham10000,train
data/HAM10000/HAM10000_images_part_1/ISIC_0025270.jpg,멜라닌세포모반,5,ham10000,train
data/HAM10000/HAM10000_images_part_1/ISIC_0024705.jpg,지루각화증,7,ham10000,train
data/HAM10000/HAM10000_images_part_2/ISIC_0033300.jpg,악성흑색종,6,ham10000,train
data/HAM10000/HAM10000_images_part_1/ISIC_0027355.jpg,지루각화증,7,ham10000,train
data/HAM10000/HAM10000_images_part_1/ISIC_0026627.jpg,멜라닌세포모반,5,ham10000,train
data/HAM10000/HAM10000_images_part_2/ISIC_0034196.jpg,혈관종,10,ham10000,train
data/HAM10000/HAM10000_images_part_1/ISIC_0025814.jpg,악성흑색종,6,ham10000,train
data/HAM10000/HAM10000_images_part_2/ISIC_0029392.jpg,기저세포암,4,ham10000,train
data/HAM10000/HAM10000_images_part_1/ISIC_0028344.jpg,멜라닌세포모반,5,ham10000,train
data/HAM10000/HAM10000_images_part_1/ISIC_0026621.jpg,멜라닌세포모반,5,ham10000,train
data/HAM10000/HAM10000_images_part_2/ISIC_0032613.jpg,피부섬유종,9,ham10000,train
data/HAM10000/HAM10000_images_part_2/ISIC_0031376.jpg,지루각화증,7,ham10000,train
data/HAM10000/HAM10000_images_part_1/ISIC_0026857.jpg,광선각화증,3,ham10000,train
data/HAM10000/HAM10000_images_part_1/ISIC_0027112.jpg,멜라닌세포모반,5,ham10000,train
data/HAM10000/HAM10000_images_part_2/ISIC_0032473.jpg,멜라닌세포모반,5,ham10000,train
data/HAM10000/HAM10000_images_part_2/ISIC_0032949.jpg,지루각화증,7,ham10000,train
data/HAM10000/HAM10000_images_part_1/ISIC_0025169.jpg,멜라닌세포모반,5,ham10000,train
data/HAM10000/HAM10000_images_part_2/ISIC_0033280.jpg,지루각화증,7,ham10000,train
data/HAM10000/HAM10000_images_part_2/ISIC_0033822.jpg,멜라닌세포모반,5,ham10000,train
data/HAM10000/HAM10000_images_part_2/ISIC_0032941.jpg,피부섬유종,9,ham10000,train
data/HAM10000/HAM10000_images_part_1/ISIC_0028455.jpg,멜라닌세포모반,5,ham10000,train
data/HAM10000/HAM10000_images_part_2/ISIC_0032187.jpg,악성흑색종,6,ham10000,train
data/HAM10000/HAM10000_images_part_2/ISIC_0032744.jpg,멜라닌세포모반,5,ham10000,train
data/HAM10000/HAM10000_images_part_1/ISIC_0028126.jpg,악성흑색종,6,ham10000,train
data/HAM10000/HAM10000_images_part_2/ISIC_0031761.jpg,지루각화증,7,ham10000,train
data/HAM10000/HAM10000_images_part_2/ISIC_0033607.jpg,악성흑색종,6,ham10000,train
data/HAM10000/HAM10000_images_part_2/ISIC_0033143.jpg,멜라닌세포모반,5,ham10000,train
data/HAM10000/HAM10000_images_part_1/ISIC_0024409.jpg,지루각화증,7,ham10000,train
data/HAM10000/HAM10000_images_part_1/ISIC_0024873.jpg,멜라닌세포모반,5,ham10000,train
data/HAM10000/HAM10000_images_part_2/ISIC_0033857.jpg,멜라닌세포모반,5,ham10000,train
data/HAM10000/HAM10000_images_part_1/ISIC_0027747.jpg,지루각화증,7,ham10000,train
data/HAM10000/HAM10000_images_part_1/ISIC_0026853.jpg,악성흑색종,6,ham10000,train
data/HAM10000/HAM10000_images_part_1/ISIC_0026813.jpg,멜라닌세포모반,5,ham10000,train
data/HAM10000/HAM10000_images_part_1/ISIC_0024332.jpg,기저세포암,4,ham10000,train
data/HAM10000/HAM10000_images_part_1/ISIC_0028692.jpg,멜라닌세포모반,5,ham10000,train
data/HAM10000/HAM10000_images_part_1/ISIC_0025334.jpg,멜라닌세포모반,5,ham10000,train
data/HAM10000/HAM10000_images_part_1/ISIC_0029195.jpg,지루각화증,7,ham10000,train
data/HAM10000/HAM10000_images_part_1/ISIC_0025025.jpg,멜라닌세포모반,5,ham10000,train
data/HAM10000/HAM10000_images_part_1/ISIC_0026940.jpg,기저세포암,4,ham10000,train
data/HAM10000/HAM10000_images_part_2/ISIC_0031831.jpg,지루각화증,7,ham10000,train
data/HAM10000/HAM10000_images_part_2/ISIC_0031413.jpg,기저세포암,4,ham10000,train
data/HAM10000/HAM10000_images_part_1/ISIC_0024313.jpg,악성흑색종,6,ham10000,train
data/HAM10000/HAM10000_images_part_1/ISIC_0024987.jpg,악성흑색종,6,ham10000,train
data/HAM10000/HAM10000_images_part_1/ISIC_0025101.jpg,멜라닌세포모반,5,ham10000,train
data/HAM10000/HAM10000_images_part_1/ISIC_0024666.jpg,기저세포암,4,ham10000,train
data/HAM10000/HAM10000_images_part_2/ISIC_0029371.jpg,광선각화증,3,ham10000,train
data/HAM10000/HAM10000_images_part_2/ISIC_0033161.jpg,멜라닌세포모반,5,ham10000,train
data/HAM10000/HAM10000_images_part_2/ISIC_0030275.jpg,혈관종,10,ham10000,train
data/HAM10000/HAM10000_images_part_2/ISIC_0029672.jpg,멜라닌세포모반,5,ham10000,train
data/HAM10000/HAM10000_images_part_2/ISIC_0031850.jpg,멜라닌세포모반,5,ham10000,train
data/HAM10000/HAM10000_images_part_2/ISIC_0032864.jpg,멜라닌세포모반,5,ham10000,train
data/HAM10000/HAM10000_images_part_2/ISIC_0032898.jpg,지루각화증,7,ham10000,train
data/HAM10000/HAM10000_images_part_1/ISIC_0025110.jpg,멜라닌세포모반,5,ham10000,train
data/HAM10000/HAM10000_images_part_1/ISIC_0025920.jpg,멜라닌세포모반,5,ham10000,train
data/HAM10000/HAM10000_images_part_2/ISIC_0031600.jpg,지루각화증,7,ham10000,train
data/HAM10000/HAM10000_images_part_2/ISIC_0032450.jpg,악성흑색종,6,ham10000,train
data/HAM10000/HAM10000_images_part_1/ISIC_0028715.jpg,멜라닌세포모반,5,ham10000,train
data/HAM10000/HAM10000_images_part_2/ISIC_0032262.jpg,멜라닌세포모반,5,ham10000,train
data/HAM10000/HAM10000_images_part_1/ISIC_0026350.jpg,기저세포암,4,ham10000,train
data/HAM10000/HAM10000_images_part_1/ISIC_0027563.jpg,혈관종,10,ham10000,train
data/HAM10000/HAM10000_images_part_2/ISIC_0029841.jpg,지루각화증,7,ham10000,train
data/HAM10000/HAM10000_images_part_2/ISIC_0031647.jpg,멜라닌세포모반,5,ham10000,train
data/HAM10000/HAM10000_images_part_2/ISIC_0032597.jpg,악성흑색종,6,ham10000,train
data/HAM10000/HAM10000_images_part_2/ISIC_0032917.jpg,악성흑색종,6,ham10000,train
data/HAM10000/HAM10000_images_part_1/ISIC_0028696.jpg,악성흑색종,6,ham10000,train
data/HAM10000/HAM10000_images_part_2/ISIC_0033811.jpg,광선각화증,3,ham10000,train
data/HAM10000/HAM10000_images_part_1/ISIC_0028974.jpg,멜라닌세포모반,5,ham10000,train
data/HAM10000/HAM10000_images_part_2/ISIC_0032034.jpg,멜라닌세포모반,5,ham10000,train
data/HAM10000/HAM10000_images_part_2/ISIC_0033271.jpg,기저세포암,4,ham10000,train
data/HAM10000/HAM10000_images_part_2/ISIC_0033281.jpg,멜라닌세포모반,5,ham10000,train
data/HAM10000/HAM10000_images_part_1/ISIC_0027437.jpg,지루각화증,7,ham10000,train
data/HAM10000/HAM10000_images_part_1/ISIC_0026885.jpg,멜라닌세포모반,5,ham10000,train
data/HAM10000/HAM10000_images_part_1/ISIC_0024514.jpg,멜라닌세포모반,5,ham10000,train
data/HAM10000/HAM10000_images_part_1/ISIC_0027760.jpg,지루각화증,7,ham10000,train
data/HAM10000/HAM10000_images_part_2/ISIC_0033952.jpg,지루각화증,7,ham10000,train
data/HAM10000/HAM10000_images_part_2/ISIC_0034251.jpg,멜라닌세포모반,5,ham10000,train
data/HAM10000/HAM10000_images_part_1/ISIC_0028158.jpg,광선각화증,3,ham10000,train
data/HAM10000/HAM10000_images_part_2/ISIC_0029500.jpg,광선각화증,3,ham10000,train
data/HAM10000/HAM10000_images_part_2/ISIC_0034066.jpg,기저세포암,4,ham10000,train
data/HAM10000/HAM10000_images_part_2/ISIC_0031958.jpg,악성흑색종,6,ham10000,train
data/HAM10000/HAM10000_images_part_1/ISIC_0028195.jpg,멜라닌세포모반,5,ham10000,train
data/HAM10000/HAM10000_images_part_1/ISIC_0025141.jpg,멜라닌세포모반,5,ham10000,train
data/HAM10000/HAM10000_images_part_1/ISIC_0025761.jpg,멜라닌세포모반,5,ham10000,train
data/HAM10000/HAM10000_images_part_2/ISIC_0029642.jpg,악성흑색종,6,ham10000,train
data/HAM10000/HAM10000_images_part_1/ISIC_0028700.jpg,멜라닌세포모반,5,ham10000,train
data/HAM10000/HAM10000_images_part_1/ISIC_0024525.jpg,악성흑색종,6,ham10000,train
data/HAM10000/HAM10000_images_part_1/ISIC_0025787.jpg,멜라닌세포모반,5,ham10000,train
data/HAM10000/HAM10000_images_part_1/ISIC_0028801.jpg,멜라닌세포모반,5,ham10000,train
data/HAM10000/HAM10000_images_part_2/ISIC_0031344.jpg,피부섬유종,9,ham10000,train
data/HAM10000/HAM10000_images_part_1/ISIC_0027945.jpg,멜라닌세포모반,5,ham10000,train
data/HAM10000/HAM10000_images_part_1/ISIC_0025536.jpg,멜라닌세포모반,5,ham10000,train
data/HAM10000/HAM10000_images_part_1/ISIC_0025956.jpg,멜라닌세포모반,5,ham10000,train
data/HAM10000/HAM10000_images_part_1/ISIC_0024999.jpg,악성흑색종,6,ham10000,train
data/HAM10000/HAM10000_images_part_1/ISIC_0027919.jpg,멜라닌세포모반,5,ham10000,train
data/HAM10000/HAM10000_images_part_1/ISIC_0026245.jpg,지루각화증,7,ham10000,train
data/HAM10000/HAM10000_images_part_1/ISIC_0026418.jpg,멜라닌세포모반,5,ham10000,train
data/HAM10000/HAM10000_images_part_1/ISIC_0024753.jpg,멜라닌세포모반,5,ham10000,train
data/HAM10000/HAM10000_images_part_2/ISIC_0032888.jpg,악성흑색종,6,ham10000,train
data/HAM10000/HAM10000_images_part_1/ISIC_0024732.jpg,악성흑색종,6,ham10000,train
data/HAM10000/HAM10000_images_part_1/ISIC_0026727.jpg,멜라닌세포모반,5,ham10000,train
data/HAM10000/HAM10000_images_part_2/ISIC_0030369.jpg,지루각화증,7,ham10000,train
data/HAM10000/HAM10000_images_part_1/ISIC_0028578.jpg,멜라닌세포모반,5,ham10000,train
data/HAM10000/HAM10000_images_part_2/ISIC_0032776.jpg,지루각화증,7,ham10000,train
data/HAM10000/HAM10000_images_part_2/ISIC_0032916.jpg,멜라닌세포모반,5,ham10000,train
data/HAM10000/HAM10000_images_part_1/ISIC_0029079.jpg,멜라닌세포모반,5,ham10000,train
data/HAM10000/HAM10000_images_part_2/ISIC_0032015.jpg,멜라닌세포모반,5,ham10000,train
data/HAM10000/HAM10000_images_part_1/ISIC_0025557.jpg,기저세포암,4,ham10000,train
data/HAM10000/HAM10000_images_part_1/ISIC_0028490.jpg,지루각화증,7,ham10000,train
data/HAM10000/HAM10000_images_part_1/ISIC_0026696.jpg,멜라닌세포모반,5,ham10000,train
data/HAM10000/HAM10000_images_part_1/ISIC_0028793.jpg,멜라닌세포모반,5,ham10000,train
data/HAM10000/HAM10000_images_part_2/ISIC_0033420.jpg,멜라닌세포모반,5,ham10000,train
data/HAM10000/HAM10000_images_part_2/ISIC_0031819.jpg,지루각화증,7,ham10000,train
data/HAM10000/HAM10000_images_part_2/ISIC_0032910.jpg,멜라닌세포모반,5,ham10000,train
data/HAM10000/HAM10000_images_part_1/ISIC_0028293.jpg,멜라닌세포모반,5,ham10000,train
data/HAM10000/HAM10000_images_part_1/ISIC_0024947.jpg,지루각화증,7,ham10000,train
data/HAM10000/HAM10000_images_part_1/ISIC_0027111.jpg,멜라닌세포모반,5,ham10000,train
data/HAM10000/HAM10000_images_part_2/ISIC_0033945.jpg,지루각화증,7,ham10000,train
data/HAM10000/HAM10000_images_part_1/ISIC_0027638.jpg,멜라닌세포모반,5,ham10000,train
data/HAM10000/HAM10000_images_part_1/ISIC_0025326.jpg,지루각화증,7,ham10000,train
data/HAM10000/HAM10000_images_part_1/ISIC_0025588.jpg,멜라닌세포모반,5,ham10000,train
data/HAM10000/HAM10000_images_part_1/ISIC_0025224.jpg,멜라닌세포모반,5,ham10000,train
data/HAM10000/HAM10000_images_part_1/ISIC_0025955.jpg,악성흑색종,6,ham10000,train
data/HAM10000/HAM10000_images_part_1/ISIC_0027959.jpg,멜라닌세포모반,5,ham10000,train
data/HAM10000/HAM10000_images_part_1/ISIC_0026009.jpg,악성흑색종,6,ham10000,train
data/HAM10000/HAM10000_images_part_2/ISIC_0029961.jpg,멜라닌세포모반,5,ham10000,train
data/HAM10000/HAM10000_images_part_1/ISIC_0025965.jpg,멜라닌세포모반,5,ham10000,train
data/HAM10000/HAM10000_images_part_2/ISIC_0031357.jpg,멜라닌세포모반,5,ham10000,train
data/HAM10000/HAM10000_images_part_2/ISIC_0029448.jpg,혈관종,10,ham10000,train
data/HAM10000/HAM10000_images_part_2/ISIC_0030158.jpg,광선각화증,3,ham10000,train
data/HAM10000/HAM10000_images_part_1/ISIC_0025253.jpg,멜라닌세포모반,5,ham10000,train
data/HAM10000/HAM10000_images_part_1/ISIC_0025102.jpg,기저세포암,4,ham10000,train
data/HAM10000/HAM10000_images_part_2/ISIC_0033258.jpg,악성흑색종,6,ham10000,train
data/HAM10000/HAM10000_images_part_1/ISIC_0024552.jpg,악성흑색종,6,ham10000,train
data/HAM10000/HAM10000_images_part_2/ISIC_0032809.jpg,멜라닌세포모반,5,ham10000,train
data/HAM10000/HAM10000_images_part_2/ISIC_0030754.jpg,악성흑색종,6,ham10000,train
data/HAM10000/HAM10000_images_part_2/ISIC_0032833.jpg,악성흑색종,6,ham10000,train
data/HAM10000/HAM10000_images_part_2/ISIC_0031449.jpg,지루각화증,7,ham10000,train
data/HAM10000/HAM10000_images_part_2/ISIC_0032980.jpg,멜라닌세포모반,5,ham10000,train
data/HAM10000/HAM10000_images_part_2/ISIC_0029815.jpg,멜라닌세포모반,5,ham10000,train
data/HAM10000/HAM10000_images_part_2/ISIC_0030883.jpg,악성흑색종,6,ham10000,train
data/HAM10000/HAM10000_images_part_1/ISIC_0027737.jpg,지루각화증,7,ham10000,train
data/HAM10000/HAM10000_images_part_2/ISIC_0033747.jpg,기저세포암,4,ham10000,train
data/HAM10000/HAM10000_images_part_1/ISIC_0028215.jpg,악성흑색종,6,ham10000,train
data/HAM10000/HAM10000_images_part_1/ISIC_0026881.jpg,멜라닌세포모반,5,ham10000,train
data/HAM10000/HAM10000_images_part_1/ISIC_0024371.jpg,지루각화증,7,ham10000,train
data/HAM10000/HAM10000_images_part_1/ISIC_0024766.jpg,멜라닌세포모반,5,ham10000,train
data/HAM10000/HAM10000_images_part_2/ISIC_0033610.jpg,멜라닌세포모반,5,ham10000,train
data/HAM10000/HAM10000_images_part_2/ISIC_0030440.jpg,악성흑색종,6,ham10000,train
data/HAM10000/HAM10000_images_part_2/ISIC_0032250.jpg,멜라닌세포모반,5,ham10000,train
data/HAM10000/HAM10000_images_part_1/ISIC_0026300.jpg,멜라닌세포모반,5,ham10000,train
data/HAM10000/HAM10000_images_part_1/ISIC_0025377.jpg,멜라닌세포모반,5,ham10000,train
data/HAM10000/HAM10000_images_part_1/ISIC_0027444.jpg,멜라닌세포모반,5,ham10000,train
data/HAM10000/HAM10000_images_part_2/ISIC_0032617.jpg,악성흑색종,6,ham10000,train
data/HAM10000/HAM10000_images_part_1/ISIC_0025760.jpg,멜라닌세포모반,5,ham10000,train
data/HAM10000/HAM10000_images_part_2/ISIC_0032081.jpg,악성흑색종,6,ham10000,train
data/HAM10000/HAM10000_images_part_2/ISIC_0029731.jpg,지루각화증,7,ham10000,train
data/HAM10000/HAM10000_images_part_1/ISIC_0027987.jpg,멜라닌세포모반,5,ham10000,train
data/HAM10000/HAM10000_images_part_1/ISIC_0028354.jpg,지루각화증,7,ham10000,train
data/HAM10000/HAM10000_images_part_2/ISIC_0031813.jpg,멜라닌세포모반,5,ham10000,train
data/HAM10000/HAM10000_images_part_2/ISIC_0033531.jpg,지루각화증,7,ham10000,train
data/HAM10000/HAM10000_images_part_1/ISIC_0027316.jpg,멜라닌세포모반,5,ham10000,train
data/HAM10000/HAM10000_images_part_2/ISIC_0030867.jpg,멜라닌세포모반,5,ham10000,train
data/HAM10000/HAM10000_images_part_1/ISIC_0025520.jpg,악성흑색종,6,ham10000,train
data/HAM10000/HAM10000_images_part_1/ISIC_0025431.jpg,지루각화증,7,ham10000,train
data/HAM10000/HAM10000_images_part_1/ISIC_0026015.jpg,지루각화증,7,ham10000,train
data/HAM10000/HAM10000_images_part_1/ISIC_0027680.jpg,지루각화증,7,ham10000,train
data/HAM10000/HAM10000_images_part_1/ISIC_0025157.jpg,지루각화증,7,ham10000,train
data/HAM10000/HAM10000_images_part_1/ISIC_0024363.jpg,멜라닌세포모반,5,ham10000,train
data/HAM10000/HAM10000_images_part_2/ISIC_0030893.jpg,기저세포암,4,ham10000,train
data/HAM10000/HAM10000_images_part_1/ISIC_0027335.jpg,지루각화증,7,ham10000,train
data/HAM10000/HAM10000_images_part_1/ISIC_0028138.jpg,멜라닌세포모반,5,ham10000,train
data/HAM10000/HAM10000_images_part_1/ISIC_0026364.jpg,멜라닌세포모반,5,ham10000,train
data/HAM10000/HAM10000_images_part_2/ISIC_0033584.jpg,멜라닌세포모반,5,ham10000,train
data/HAM10000/HAM10000_images_part_2/ISIC_0029513.jpg,악성흑색종,6,ham10000,train
data/HAM10000/HAM10000_images_part_2/ISIC_0034105.jpg,멜라닌세포모반,5,ham10000,train
data/HAM10000/HAM10000_images_part_2/ISIC_0030591.jpg,광선각화증,3,ham10000,train
data/HAM10000/HAM10000_images_part_2/ISIC_0032348.jpg,지루각화증,7,ham10000,train
data/HAM10000/HAM10000_images_part_2/ISIC_0031878.jpg,멜라닌세포모반,5,ham10000,train
data/HAM10000/HAM10000_images_part_2/ISIC_0033565.jpg,혈관종,10,ham10000,train
data/HAM10000/HAM10000_images_part_1/ISIC_0027359.jpg,악성흑색종,6,ham10000,train
data/HAM10000/HAM10000_images_part_2/ISIC_0031261.jpg,지루각화증,7,ham10000,train
data/HAM10000/HAM10000_images_part_1/ISIC_0025140.jpg,지루각화증,7,ham10000,train
data/HAM10000/HAM10000_images_part_2/ISIC_0030998.jpg,지루각화증,7,ham10000,train
data/HAM10000/HAM10000_images_part_2/ISIC_0030396.jpg,지루각화증,7,ham10000,train
data/HAM10000/HAM10000_images_part_2/ISIC_0034132.jpg,악성흑색종,6,ham10000,train
data/HAM10000/HAM10000_images_part_2/ISIC_0030874.jpg,멜라닌세포모반,5,ham10000,train
data/HAM10000/HAM10000_images_part_1/ISIC_0028845.jpg,멜라닌세포모반,5,ham10000,train
data/HAM10000/HAM10000_images_part_2/ISIC_0032206.jpg,광선각화증,3,ham10000,train
data/HAM10000/HAM10000_images_part_2/ISIC_0031108.jpg,광선각화증,3,ham10000,train
data/HAM10000/HAM10000_images_part_2/ISIC_0032287.jpg,악성흑색종,6,ham10000,train
data/HAM10000/HAM10000_images_part_2/ISIC_0031406.jpg,악성흑색종,6,ham10000,train
data/HAM10000/HAM10000_images_part_2/ISIC_0033907.jpg,멜라닌세포모반,5,ham10000,train
data/HAM10000/HAM10000_images_part_1/ISIC_0024471.jpg,지루각화증,7,ham10000,train
data/HAM10000/HAM10000_images_part_2/ISIC_0033091.jpg,멜라닌세포모반,5,ham10000,train
data/HAM10000/HAM10000_images_part_1/ISIC_0028069.jpg,악성흑색종,6,ham10000,train
data/HAM10000/HAM10000_images_part_2/ISIC_0031436.jpg,지루각화증,7,ham10000,train
data/HAM10000/HAM10000_images_part_1/ISIC_0026891.jpg,멜라닌세포모반,5,ham10000,train
data/HAM10000/HAM10000_images_part_1/ISIC_0029119.jpg,멜라닌세포모반,5,ham10000,train
data/HAM10000/HAM10000_images_part_2/ISIC_0032899.jpg,멜라닌세포모반,5,ham10000,train
data/HAM10000/HAM10000_images_part_1/ISIC_0027981.jpg,멜라닌세포모반,5,ham10000,train
data/HAM10000/HAM10000_images_part_2/ISIC_0033620.jpg,지루각화증,7,ham10000,train
data/HAM10000/HAM10000_images_part_2/ISIC_0029546.jpg,기저세포암,4,ham10000,train
data/HAM10000/HAM10000_images_part_1/ISIC_0025509.jpg,기저세포암,4,ham10000,train
data/HAM10000/HAM10000_images_part_2/ISIC_0032654.jpg,지루각화증,7,ham10000,train
data/HAM10000/HAM10000_images_part_1/ISIC_0027411.jpg,멜라닌세포모반,5,ham10000,train
data/HAM10000/HAM10000_images_part_2/ISIC_0033817.jpg,혈관종,10,ham10000,train
data/HAM10000/HAM10000_images_part_2/ISIC_0029600.jpg,지루각화증,7,ham10000,train
data/HAM10000/HAM10000_images_part_2/ISIC_0031002.jpg,피부섬유종,9,ham10000,train
data/HAM10000/HAM10000_images_part_1/ISIC_0027820.jpg,지루각화증,7,ham10000,train
data/HAM10000/HAM10000_images_part_2/ISIC_0033786.jpg,멜라닌세포모반,5,ham10000,train
data/HAM10000/HAM10000_images_part_2/ISIC_0032774.jpg,악성흑색종,6,ham10000,train
data/HAM10000/HAM10000_images_part_1/ISIC_0027194.jpg,지루각화증,7,ham10000,train
data/HAM10000/HAM10000_images_part_1/ISIC_0028054.jpg,멜라닌세포모반,5,ham10000,train
data/HAM10000/HAM10000_images_part_2/ISIC_0033733.jpg,멜라닌세포모반,5,ham10000,train
data/HAM10000/HAM10000_images_part_1/ISIC_0025179.jpg,멜라닌세포모반,5,ham10000,train
data/HAM10000/HAM10000_images_part_2/ISIC_0030824.jpg,악성흑색종,6,ham10000,train
data/HAM10000/HAM10000_images_part_2/ISIC_0033073.jpg,악성흑색종,6,ham10000,train
data/HAM10000/HAM10000_images_part_1/ISIC_0027006.jpg,지루각화증,7,ham10000,train
data/HAM10000/HAM10000_images_part_1/ISIC_0025330.jpg,지루각화증,7,ham10000,train
data/HAM10000/HAM10000_images_part_1/ISIC_0025985.jpg,지루각화증,7,ham10000,train
data/HAM10000/HAM10000_images_part_1/ISIC_0026102.jpg,멜라닌세포모반,5,ham10000,train
data/HAM10000/HAM10000_images_part_2/ISIC_0030227.jpg,지루각화증,7,ham10000,train
data/HAM10000/HAM10000_images_part_2/ISIC_0032254.jpg,멜라닌세포모반,5,ham10000,train
data/HAM10000/HAM10000_images_part_1/ISIC_0024735.jpg,멜라닌세포모반,5,ham10000,train
data/HAM10000/HAM10000_images_part_2/ISIC_0029949.jpg,멜라닌세포모반,5,ham10000,train
data/HAM10000/HAM10000_images_part_2/ISIC_0031983.jpg,멜라닌세포모반,5,ham10000,train
data/HAM10000/HAM10000_images_part_1/ISIC_0025582.jpg,멜라닌세포모반,5,ham10000,train
data/HAM10000/HAM10000_images_part_2/ISIC_0032946.jpg,멜라닌세포모반,5,ham10000,train
data/HAM10000/HAM10000_images_part_1/ISIC_0029082.jpg,기저세포암,4,ham10000,train
data/HAM10000/HAM10000_images_part_2/ISIC_0029923.jpg,멜라닌세포모반,5,ham10000,train
data/HAM10000/HAM10000_images_part_2/ISIC_0030700.jpg,지루각화증,7,ham10000,train
data/HAM10000/HAM10000_images_part_1/ISIC_0028710.jpg,지루각화증,7,ham10000,train
data/HAM10000/HAM10000_images_part_2/ISIC_0030889.jpg,멜라닌세포모반,5,ham10000,train
data/HAM10000/HAM10000_images_part_2/ISIC_0029945.jpg,멜라닌세포모반,5,ham10000,train
data/HAM10000/HAM10000_images_part_2/ISIC_0033704.jpg,악성흑색종,6,ham10000,train
data/HAM10000/HAM10000_images_part_1/ISIC_0026409.jpg,지루각화증,7,ham10000,train
data/HAM10000/HAM10000_images_part_1/ISIC_0026658.jpg,멜라닌세포모반,5,ham10000,train
data/HAM10000/HAM10000_images_part_1/ISIC_0025982.jpg,지루각화증,7,ham10000,train
data/HAM10000/HAM10000_images_part_2/ISIC_0033120.jpg,악성흑색종,6,ham10000,train
data/HAM10000/HAM10000_images_part_2/ISIC_0029538.jpg,악성흑색종,6,ham10000,train
data/HAM10000/HAM10000_images_part_2/ISIC_0031969.jpg,멜라닌세포모반,5,ham10000,train
data/HAM10000/HAM10000_images_part_1/ISIC_0024432.jpg,기저세포암,4,ham10000,train
data/HAM10000/HAM10000_images_part_2/ISIC_0031830.jpg,멜라닌세포모반,5,ham10000,train
data/HAM10000/HAM10000_images_part_1/ISIC_0024407.jpg,멜라닌세포모반,5,ham10000,train
data/HAM10000/HAM10000_images_part_1/ISIC_0024521.jpg,멜라닌세포모반,5,ham10000,train
data/HAM10000/HAM10000_images_part_2/ISIC_0031592.jpg,멜라닌세포모반,5,ham10000,train
data/HAM10000/HAM10000_images_part_2/ISIC_0029456.jpg,멜라닌세포모반,5,ham10000,train
data/HAM10000/HAM10000_images_part_1/ISIC_0025180.jpg,지루각화증,7,ham10000,train
data/HAM10000/HAM10000_images_part_2/ISIC_0031960.jpg,멜라닌세포모반,5,ham10000,train
data/HAM10000/HAM10000_images_part_1/ISIC_0027607.jpg,멜라닌세포모반,5,ham10000,train
data/HAM10000/HAM10000_images_part_2/ISIC_0031215.jpg,혈관종,10,ham10000,train
data/HAM10000/HAM10000_images_part_1/ISIC_0027925.jpg,멜라닌세포모반,5,ham10000,train
data/HAM10000/HAM10000_images_part_2/ISIC_0032698.jpg,악성흑색종,6,ham10000,train
data/HAM10000/HAM10000_images_part_2/ISIC_0033030.jpg,멜라닌세포모반,5,ham10000,train
data/HAM10000/HAM10000_images_part_1/ISIC_0026538.jpg,지루각화증,7,ham10000,train
data/HAM10000/HAM10000_images_part_1/ISIC_0026398.jpg,멜라닌세포모반,5,ham10000,train
data/HAM10000/HAM10000_images_part_2/ISIC_0032768.jpg,기저세포암,4,ham10000,train
data/HAM10000/HAM10000_images_part_2/ISIC_0029866.jpg,멜라닌세포모반,5,ham10000,train
data/HAM10000/HAM10000_images_part_2/ISIC_0034092.jpg,악성흑색종,6,ham10000,train
data/HAM10000/HAM10000_images_part_2/ISIC_0031557.jpg,악성흑색종,6,ham10000,train
data/HAM10000/HAM10000_images_part_2/ISIC_0032278.jpg,멜라닌세포모반,5,ham10000,train
data/HAM10000/HAM10000_images_part_2/ISIC_0032567.jpg,지루각화증,7,ham10000,train
data/HAM10000/HAM10000_images_part_2/ISIC_0031669.jpg,멜라닌세포모반,5,ham10000,train
data/HAM10000/HAM10000_images_part_2/ISIC_0032699.jpg,악성흑색종,6,ham10000,train
data/HAM10000/HAM10000_images_part_1/ISIC_0025501.jpg,멜라닌세포모반,5,ham10000,train
data/HAM10000/HAM10000_images_part_1/ISIC_0025500.jpg,악성흑색종,6,ham10000,train
data/HAM10000/HAM10000_images_part_1/ISIC_0025805.jpg,지루각화증,7,ham10000,train
data/HAM10000/HAM10000_images_part_1/ISIC_0027271.jpg,멜라닌세포모반,5,ham10000,train
data/HAM10000/HAM10000_images_part_1/ISIC_0024541.jpg,멜라닌세포모반,5,ham10000,train
data/HAM10000/HAM10000_images_part_1/ISIC_0026132.jpg,광선각화증,3,ham10000,train
data/HAM10000/HAM10000_images_part_1/ISIC_0025476.jpg,멜라닌세포모반,5,ham10000,train
data/HAM10000/HAM10000_images_part_2/ISIC_0032014.jpg,광선각화증,3,ham10000,train
data/HAM10000/HAM10000_images_part_2/ISIC_0031017.jpg,지루각화증,7,ham10000,train
data/HAM10000/HAM10000_images_part_1/ISIC_0027587.jpg,멜라닌세포모반,5,ham10000,train
data/HAM10000/HAM10000_images_part_1/ISIC_0025592.jpg,악성흑색종,6,ham10000,train
data/HAM10000/HAM10000_images_part_1/ISIC_0027577.jpg,광선각화증,3,ham10000,train
data/HAM10000/HAM10000_images_part_1/ISIC_0027119.jpg,멜라닌세포모반,5,ham10000,train
data/HAM10000/HAM10000_images_part_2/ISIC_0031698.jpg,기저세포암,4,ham10000,train
data/HAM10000/HAM10000_images_part_1/ISIC_0028304.jpg,멜라닌세포모반,5,ham10000,train
data/HAM10000/HAM10000_images_part_2/ISIC_0032968.jpg,악성흑색종,6,ham10000,train
data/HAM10000/HAM10000_images_part_2/ISIC_0033807.jpg,악성흑색종,6,ham10000,train
data/HAM10000/HAM10000_images_part_2/ISIC_0029384.jpg,지루각화증,7,ham10000,train
data/HAM10000/HAM10000_images_part_2/ISIC_0034007.jpg,지루각화증,7,ham10000,train
data/HAM10000/HAM10000_images_part_2/ISIC_0031145.jpg,멜라닌세포모반,5,ham10000,train
data/HAM10000/HAM10000_images_part_1/ISIC_0028262.jpg,멜라닌세포모반,5,ham10000,train
data/HAM10000/HAM10000_images_part_2/ISIC_0031901.jpg,혈관종,10,ham10000,train
data/HAM10000/HAM10000_images_part_2/ISIC_0031551.jpg,멜라닌세포모반,5,ham10000,train
data/HAM10000/HAM10000_images_part_2/ISIC_0030112.jpg,멜라닌세포모반,5,ham10000,train
data/HAM10000/HAM10000_images_part_1/ISIC_0027774.jpg,기저세포암,4,ham10000,train
data/HAM10000/HAM10000_images_part_1/ISIC_0026834.jpg,멜라닌세포모반,5,ham10000,train
data/HAM10000/HAM10000_images_part_1/ISIC_0025891.jpg,악성흑색종,6,ham10000,train
data/HAM10000/HAM10000_images_part_1/ISIC_0027624.jpg,멜라닌세포모반,5,ham10000,train
data/HAM10000/HAM10000_images_part_2/ISIC_0029929.jpg,지루각화증,7,ham10000,train
data/HAM10000/HAM10000_images_part_2/ISIC_0029934.jpg,멜라닌세포모반,5,ham10000,train
data/HAM10000/HAM10000_images_part_1/ISIC_0025462.jpg,멜라닌세포모반,5,ham10000,train
data/HAM10000/HAM10000_images_part_2/ISIC_0034034.jpg,악성흑색종,6,ham10000,train
data/HAM10000/HAM10000_images_part_1/ISIC_0028542.jpg,기저세포암,4,ham10000,train
data/HAM10000/HAM10000_images_part_2/ISIC_0033375.jpg,멜라닌세포모반,5,ham10000,train
data/HAM10000/HAM10000_images_part_1/ISIC_0027831.jpg,지루각화증,7,ham10000,train
data/HAM10000/HAM10000_images_part_1/ISIC_0026997.jpg,멜라닌세포모반,5,ham10000,train
data/HAM10000/HAM10000_images_part_2/ISIC_0031934.jpg,멜라닌세포모반,5,ham10000,train
data/HAM10000/HAM10000_images_part_1/ISIC_0029041.jpg,광선각화증,3,ham10000,train
data/HAM10000/HAM10000_images_part_2/ISIC_0032395.jpg,지루각화증,7,ham10000,train
data/HAM10000/HAM10000_images_part_1/ISIC_0027631.jpg,기저세포암,4,ham10000,train
data/HAM10000/HAM10000_images_part_2/ISIC_0032523.jpg,멜라닌세포모반,5,ham10000,train
data/HAM10000/HAM10000_images_part_2/ISIC_0031513.jpg,기저세포암,4,ham10000,train
data/HAM10000/HAM10000_images_part_1/ISIC_0025209.jpg,지루각화증,7,ham10000,train
data/HAM10000/HAM10000_images_part_1/ISIC_0025458.jpg,멜라닌세포모반,5,ham10000,train
data/HAM10000/HAM10000_images_part_2/ISIC_0032781.jpg,멜라닌세포모반,5,ham10000,train
data/HAM10000/HAM10000_images_part_2/ISIC_0031441.jpg,멜라닌세포모반,5,ham10000,train
data/HAM10000/HAM10000_images_part_1/ISIC_0028076.jpg,광선각화증,3,ham10000,train
data/HAM10000/HAM10000_images_part_2/ISIC_0032773.jpg,지루각화증,7,ham10000,train
data/HAM10000/HAM10000_images_part_1/ISIC_0025383.jpg,기저세포암,4,ham10000,train
data/HAM10000/HAM10000_images_part_1/ISIC_0027928.jpg,멜라닌세포모반,5,ham10000,train
data/HAM10000/HAM10000_images_part_2/ISIC_0031239.jpg,악성흑색종,6,ham10000,train
data/HAM10000/HAM10000_images_part_2/ISIC_0032445.jpg,지루각화증,7,ham10000,train
data/HAM10000/HAM10000_images_part_2/ISIC_0029981.jpg,멜라닌세포모반,5,ham10000,train
data/HAM10000/HAM10000_images_part_2/ISIC_0032815.jpg,멜라닌세포모반,5,ham10000,train
data/HAM10000/HAM10000_images_part_1/ISIC_0026344.jpg,멜라닌세포모반,5,ham10000,train
data/HAM10000/HAM10000_images_part_1/ISIC_0026971.jpg,멜라닌세포모반,5,ham10000,train
data/HAM10000/HAM10000_images_part_1/ISIC_0026085.jpg,지루각화증,7,ham10000,train
data/HAM10000/HAM10000_images_part_2/ISIC_0030794.jpg,광선각화증,3,ham10000,train
data/HAM10000/HAM10000_images_part_1/ISIC_0028388.jpg,지루각화증,7,ham10000,train
data/HAM10000/HAM10000_images_part_2/ISIC_0029425.jpg,지루각화증,7,ham10000,train
data/HAM10000/HAM10000_images_part_2/ISIC_0032271.jpg,지루각화증,7,ham10000,train
data/HAM10000/HAM10000_images_part_2/ISIC_0032522.jpg,악성흑색종,6,ham10000,train
data/HAM10000/HAM10000_images_part_2/ISIC_0033630.jpg,악성흑색종,6,ham10000,train
data/HAM10000/HAM10000_images_part_1/ISIC_0026457.jpg,광선각화증,3,ham10000,train
data/HAM10000/HAM10000_images_part_1/ISIC_0025342.jpg,멜라닌세포모반,5,ham10000,train
data/HAM10000/HAM10000_images_part_2/ISIC_0032166.jpg,멜라닌세포모반,5,ham10000,train
data/HAM10000/HAM10000_images_part_2/ISIC_0033808.jpg,피부섬유종,9,ham10000,train
data/HAM10000/HAM10000_images_part_2/ISIC_0032715.jpg,혈관종,10,ham10000,train
data/HAM10000/HAM10000_images_part_2/ISIC_0029738.jpg,멜라닌세포모반,5,ham10000,train
data/HAM10000/HAM10000_images_part_1/ISIC_0025489.jpg,악성흑색종,6,ham10000,train
data/HAM10000/HAM10000_images_part_1/ISIC_0028501.jpg,멜라닌세포모반,5,ham10000,train
data/HAM10000/HAM10000_images_part_2/ISIC_0030418.jpg,멜라닌세포모반,5,ham10000,train
data/HAM10000/HAM10000_images_part_2/ISIC_0033843.jpg,악성흑색종,6,ham10000,train
data/HAM10000/HAM10000_images_part_2/ISIC_0032508.jpg,지루각화증,7,ham10000,train
data/HAM10000/HAM10000_images_part_1/ISIC_0027531.jpg,기저세포암,4,ham10000,train
data/HAM10000/HAM10000_images_part_1/ISIC_0025753.jpg,지루각화증,7,ham10000,train
data/HAM10000/HAM10000_images_part_2/ISIC_0033840.jpg,멜라닌세포모반,5,ham10000,train
data/HAM10000/HAM10000_images_part_1/ISIC_0024593.jpg,멜라닌세포모반,5,ham10000,train
data/HAM10000/HAM10000_images_part_1/ISIC_0027276.jpg,멜라닌세포모반,5,ham10000,train
data/HAM10000/HAM10000_images_part_1/ISIC_0029033.jpg,악성흑색종,6,ham10000,train
data/HAM10000/HAM10000_images_part_1/ISIC_0028688.jpg,기저세포암,4,ham10000,train
data/HAM10000/HAM10000_images_part_1/ISIC_0024833.jpg,기저세포암,4,ham10000,train
data/HAM10000/HAM10000_images_part_2/ISIC_0034061.jpg,악성흑색종,6,ham10000,train
data/HAM10000/HAM10000_images_part_2/ISIC_0029857.jpg,기저세포암,4,ham10000,train
data/HAM10000/HAM10000_images_part_1/ISIC_0027869.jpg,멜라닌세포모반,5,ham10000,train
data/HAM10000/HAM10000_images_part_2/ISIC_0029543.jpg,멜라닌세포모반,5,ham10000,train
data/HAM10000/HAM10000_images_part_1/ISIC_0028196.jpg,멜라닌세포모반,5,ham10000,train
data/HAM10000/HAM10000_images_part_2/ISIC_0031752.jpg,멜라닌세포모반,5,ham10000,train
data/HAM10000/HAM10000_images_part_1/ISIC_0025292.jpg,지루각화증,7,ham10000,train
data/HAM10000/HAM10000_images_part_1/ISIC_0028711.jpg,멜라닌세포모반,5,ham10000,train
data/HAM10000/HAM10000_images_part_2/ISIC_0031971.jpg,기저세포암,4,ham10000,train
data/HAM10000/HAM10000_images_part_2/ISIC_0030652.jpg,멜라닌세포모반,5,ham10000,train
data/HAM10000/HAM10000_images_part_2/ISIC_0031396.jpg,지루각화증,7,ham10000,train
data/HAM10000/HAM10000_images_part_2/ISIC_0033053.jpg,멜라닌세포모반,5,ham10000,train
data/HAM10000/HAM10000_images_part_2/ISIC_0029952.jpg,멜라닌세포모반,5,ham10000,train
data/HAM10000/HAM10000_images_part_2/ISIC_0030814.jpg,멜라닌세포모반,5,ham10000,train
data/HAM10000/HAM10000_images_part_2/ISIC_0033284.jpg,지루각화증,7,ham10000,train
data/HAM10000/HAM10000_images_part_2/ISIC_0031870.jpg,멜라닌세포모반,5,ham10000,train
data/HAM10000/HAM10000_images_part_2/ISIC_0033361.jpg,지루각화증,7,ham10000,train
data/HAM10000/HAM10000_images_part_2/ISIC_0031720.jpg,멜라닌세포모반,5,ham10000,train
data/HAM10000/HAM10000_images_part_2/ISIC_0030161.jpg,멜라닌세포모반,5,ham10000,train
data/HAM10000/HAM10000_images_part_2/ISIC_0034115.jpg,지루각화증,7,ham10000,train
data/HAM10000/HAM10000_images_part_2/ISIC_0033115.jpg,멜라닌세포모반,5,ham10000,train
data/HAM10000/HAM10000_images_part_1/ISIC_0028698.jpg,멜라닌세포모반,5,ham10000,train
data/HAM10000/HAM10000_images_part_1/ISIC_0027661.jpg,멜라닌세포모반,5,ham10000,train
data/HAM10000/HAM10000_images_part_1/ISIC_0027967.jpg,지루각화증,7,ham10000,train
data/HAM10000/HAM10000_images_part_1/ISIC_0026802.jpg,악성흑색종,6,ham10000,train
data/HAM10000/HAM10000_images_part_1/ISIC_0024679.jpg,악성흑색종,6,ham10000,train
data/HAM10000/HAM10000_images_part_1/ISIC_0029213.jpg,지루각화증,7,ham10000,train
data/HAM10000/HAM10000_images_part_1/ISIC_0026901.jpg,멜라닌세포모반,5,ham10000,train
data/HAM10000/HAM10000_images_part_1/ISIC_0027511.jpg,멜라닌세포모반,5,ham10000,train
data/HAM10000/HAM10000_images_part_2/ISIC_0032168.jpg,지루각화증,7,ham10000,train
data/HAM10000/HAM10000_images_part_2/ISIC_0030122.jpg,악성흑색종,6,ham10000,train
data/HAM10000/HAM10000_images_part_2/ISIC_0030007.jpg,지루각화증,7,ham10000,train
data/HAM10000/HAM10000_images_part_2/ISIC_0031042.jpg,멜라닌세포모반,5,ham10000,train
data/HAM10000/HAM10000_images_part_1/ISIC_0028147.jpg,기저세포암,4,ham10000,train
data/HAM10000/HAM10000_images_part_1/ISIC_0025558.jpg,멜라닌세포모반,5,ham10000,train
data/HAM10000/HAM10000_images_part_2/ISIC_0034239.jpg,악성흑색종,6,ham10000,train
data/HAM10000/HAM10000_images_part_2/ISIC_0031417.jpg,악성흑색종,6,ham10000,train
data/HAM10000/HAM10000_images_part_1/ISIC_0026634.jpg,지루각화증,7,ham10000,train
data/HAM10000/HAM10000_images_part_2/ISIC_0033059.jpg,멜라닌세포모반,5,ham10000,train
data/HAM10000/HAM10000_images_part_2/ISIC_0031119.jpg,광선각화증,3,ham10000,train
data/HAM10000/HAM10000_images_part_1/ISIC_0025019.jpg,기저세포암,4,ham10000,train
data/HAM10000/HAM10000_images_part_2/ISIC_0029325.jpg,멜라닌세포모반,5,ham10000,train
data/HAM10000/HAM10000_images_part_2/ISIC_0032901.jpg,멜라닌세포모반,5,ham10000,train
data/HAM10000/HAM10000_images_part_2/ISIC_0033309.jpg,멜라닌세포모반,5,ham10000,train
data/HAM10000/HAM10000_images_part_1/ISIC_0026250.jpg,멜라닌세포모반,5,ham10000,train
data/HAM10000/HAM10000_images_part_1/ISIC_0026139.jpg,지루각화증,7,ham10000,train
data/HAM10000/HAM10000_images_part_2/ISIC_0029331.jpg,기저세포암,4,ham10000,train
data/HAM10000/HAM10000_images_part_1/ISIC_0025945.jpg,멜라닌세포모반,5,ham10000,train
data/HAM10000/HAM10000_images_part_1/ISIC_0028432.jpg,멜라닌세포모반,5,ham10000,train
data/HAM10000/HAM10000_images_part_2/ISIC_0029937.jpg,악성흑색종,6,ham10000,train
data/HAM10000/HAM10000_images_part_1/ISIC_0027525.jpg,기저세포암,4,ham10000,train
data/HAM10000/HAM10000_images_part_2/ISIC_0032299.jpg,멜라닌세포모반,5,ham10000,train
data/HAM10000/HAM10000_images_part_1/ISIC_0027549.jpg,멜라닌세포모반,5,ham10000,train
data/HAM10000/HAM10000_images_part_1/ISIC_0025887.jpg,멜라닌세포모반,5,ham10000,train
data/HAM10000/HAM10000_images_part_1/ISIC_0027669.jpg,악성흑색종,6,ham10000,train
data/HAM10000/HAM10000_images_part_1/ISIC_0028052.jpg,지루각화증,7,ham10000,train
data/HAM10000/HAM10000_images_part_1/ISIC_0026083.jpg,광선각화증,3,ham10000,train
data/HAM10000/HAM10000_images_part_1/ISIC_0027338.jpg,멜라닌세포모반,5,ham10000,train
data/HAM10000/HAM10000_images_part_2/ISIC_0031548.jpg,멜라닌세포모반,5,ham10000,train
data/HAM10000/HAM10000_images_part_2/ISIC_0033216.jpg,악성흑색종,6,ham10000,train
data/HAM10000/HAM10000_images_part_1/ISIC_0029280.jpg,멜라닌세포모반,5,ham10000,train
data/HAM10000/HAM10000_images_part_2/ISIC_0030560.jpg,멜라닌세포모반,5,ham10000,train
data/HAM10000/HAM10000_images_part_2/ISIC_0032314.jpg,기저세포암,4,ham10000,train
data/HAM10000/HAM10000_images_part_2/ISIC_0033908.jpg,지루각화증,7,ham10000,train
data/HAM10000/HAM10000_images_part_1/ISIC_0026953.jpg,멜라닌세포모반,5,ham10000,train
data/HAM10000/HAM10000_images_part_2/ISIC_0031838.jpg,멜라닌세포모반,5,ham10000,train
data/HAM10000/HAM10000_images_part_1/ISIC_0027239.jpg,지루각화증,7,ham10000,train
data/HAM10000/HAM10000_images_part_1/ISIC_0025518.jpg,멜라닌세포모반,5,ham10000,train
data/HAM10000/HAM10000_images_part_1/ISIC_0028184.jpg,멜라닌세포모반,5,ham10000,train
data/HAM10000/HAM10000_images_part_2/ISIC_0033480.jpg,지루각화증,7,ham10000,train
data/HAM10000/HAM10000_images_part_2/ISIC_0032526.jpg,악성흑색종,6,ham10000,train
data/HAM10000/HAM10000_images_part_1/ISIC_0028576.jpg,멜라닌세포모반,5,ham10000,train
data/HAM10000/HAM10000_images_part_1/ISIC_0026099.jpg,멜라닌세포모반,5,ham10000,train
data/HAM10000/HAM10000_images_part_1/ISIC_0024771.jpg,광선각화증,3,ham10000,train
data/HAM10000/HAM10000_images_part_2/ISIC_0033725.jpg,악성흑색종,6,ham10000,train
data/HAM10000/HAM10000_images_part_2/ISIC_0032201.jpg,멜라닌세포모반,5,ham10000,train
data/HAM10000/HAM10000_images_part_1/ISIC_0027309.jpg,멜라닌세포모반,5,ham10000,train
data/HAM10000/HAM10000_images_part_2/ISIC_0033904.jpg,멜라닌세포모반,5,ham10000,train
data/HAM10000/HAM10000_images_part_1/ISIC_0026069.jpg,지루각화증,7,ham10000,train
data/HAM10000/HAM10000_images_part_1/ISIC_0028236.jpg,지루각화증,7,ham10000,train
data/HAM10000/HAM10000_images_part_1/ISIC_0026625.jpg,광선각화증,3,ham10000,train
data/HAM10000/HAM10000_images_part_1/ISIC_0028606.jpg,멜라닌세포모반,5,ham10000,train
data/HAM10000/HAM10000_images_part_1/ISIC_0028806.jpg,멜라닌세포모반,5,ham10000,train
data/HAM10000/HAM10000_images_part_2/ISIC_0030513.jpg,멜라닌세포모반,5,ham10000,train
data/HAM10000/HAM10000_images_part_2/ISIC_0032006.jpg,지루각화증,7,ham10000,train
data/HAM10000/HAM10000_images_part_1/ISIC_0028795.jpg,광선각화증,3,ham10000,train
data/HAM10000/HAM10000_images_part_1/ISIC_0029298.jpg,멜라닌세포모반,5,ham10000,train
data/HAM10000/HAM10000_images_part_1/ISIC_0027866.jpg,멜라닌세포모반,5,ham10000,train
data/HAM10000/HAM10000_images_part_2/ISIC_0029412.jpg,기저세포암,4,ham10000,train
data/HAM10000/HAM10000_images_part_2/ISIC_0032183.jpg,멜라닌세포모반,5,ham10000,train
data/HAM10000/HAM10000_images_part_1/ISIC_0024649.jpg,멜라닌세포모반,5,ham10000,train
data/HAM10000/HAM10000_images_part_2/ISIC_0031425.jpg,멜라닌세포모반,5,ham10000,train
data/HAM10000/HAM10000_images_part_2/ISIC_0031697.jpg,기저세포암,4,ham10000,train
data/HAM10000/HAM10000_images_part_1/ISIC_0025351.jpg,지루각화증,7,ham10000,train
data/HAM10000/HAM10000_images_part_1/ISIC_0026479.jpg,멜라닌세포모반,5,ham10000,train
data/HAM10000/HAM10000_images_part_1/ISIC_0025959.jpg,멜라닌세포모반,5,ham10000,train
data/HAM10000/HAM10000_images_part_1/ISIC_0024461.jpg,기저세포암,4,ham10000,train
data/HAM10000/HAM10000_images_part_1/ISIC_0027285.jpg,멜라닌세포모반,5,ham10000,train
data/HAM10000/HAM10000_images_part_2/ISIC_0030933.jpg,멜라닌세포모반,5,ham10000,train
data/HAM10000/HAM10000_images_part_2/ISIC_0030612.jpg,멜라닌세포모반,5,ham10000,train
data/HAM10000/HAM10000_images_part_2/ISIC_0029554.jpg,멜라닌세포모반,5,ham10000,train
data/HAM10000/HAM10000_images_part_2/ISIC_0030573.jpg,멜라닌세포모반,5,ham10000,train
data/HAM10000/HAM10000_images_part_2/ISIC_0031955.jpg,혈관종,10,ham10000,train
data/HAM10000/HAM10000_images_part_1/ISIC_0028562.jpg,멜라닌세포모반,5,ham10000,train
data/HAM10000/HAM10000_images_part_2/ISIC_0033155.jpg,멜라닌세포모반,5,ham10000,train
data/HAM10000/HAM10000_images_part_1/ISIC_0027135.jpg,기저세포암,4,ham10000,train
data/HAM10000/HAM10000_images_part_1/ISIC_0025752.jpg,기저세포암,4,ham10000,train
data/HAM10000/HAM10000_images_part_1/ISIC_0027593.jpg,멜라닌세포모반,5,ham10000,train
data/HAM10000/HAM10000_images_part_1/ISIC_0029024.jpg,멜라닌세포모반,5,ham10000,train
data/HAM10000/HAM10000_images_part_2/ISIC_0032645.jpg,악성흑색종,6,ham10000,train
data/HAM10000/HAM10000_images_part_1/ISIC_0026420.jpg,악성흑색종,6,ham10000,train
data/HAM10000/HAM10000_images_part_2/ISIC_0033784.jpg,지루각화증,7,ham10000,train
data/HAM10000/HAM10000_images_part_2/ISIC_0031633.jpg,지루각화증,7,ham10000,train
data/HAM10000/HAM10000_images_part_2/ISIC_0029770.jpg,지루각화증,7,ham10000,train
data/HAM10000/HAM10000_images_part_2/ISIC_0032875.jpg,악성흑색종,6,ham10000,train
data/HAM10000/HAM10000_images_part_2/ISIC_0030822.jpg,지루각화증,7,ham10000,train
data/HAM10000/HAM10000_images_part_1/ISIC_0029210.jpg,광선각화증,3,ham10000,train
data/HAM10000/HAM10000_images_part_2/ISIC_0033113.jpg,멜라닌세포모반,5,ham10000,train
data/HAM10000/HAM10000_images_part_1/ISIC_0025732.jpg,악성흑색종,6,ham10000,train
data/HAM10000/HAM10000_images_part_2/ISIC_0030745.jpg,멜라닌세포모반,5,ham10000,train
data/HAM10000/HAM10000_images_part_2/ISIC_0031175.jpg,기저세포암,4,ham10000,train
data/HAM10000/HAM10000_images_part_1/ISIC_0025826.jpg,기저세포암,4,ham10000,train
data/HAM10000/HAM10000_images_part_1/ISIC_0027215.jpg,멜라닌세포모반,5,ham10000,train
data/HAM10000/HAM10000_images_part_1/ISIC_0029297.jpg,피부섬유종,9,ham10000,train
data/HAM10000/HAM10000_images_part_2/ISIC_0030413.jpg,멜라닌세포모반,5,ham10000,train
data/HAM10000/HAM10000_images_part_1/ISIC_0024885.jpg,기저세포암,4,ham10000,train
data/HAM10000/HAM10000_images_part_2/ISIC_0033915.jpg,멜라닌세포모반,5,ham10000,train
data/HAM10000/HAM10000_images_part_1/ISIC_0028084.jpg,기저세포암,4,ham10000,train
data/HAM10000/HAM10000_images_part_2/ISIC_0033205.jpg,기저세포암,4,ham10000,train
data/HAM10000/HAM10000_images_part_2/ISIC_0030564.jpg,악성흑색종,6,ham10000,train
data/HAM10000/HAM10000_images_part_2/ISIC_0032039.jpg,멜라닌세포모반,5,ham10000,train
data/HAM10000/HAM10000_images_part_1/ISIC_0025926.jpg,멜라닌세포모반,5,ham10000,train
data/HAM10000/HAM10000_images_part_2/ISIC_0030686.jpg,멜라닌세포모반,5,ham10000,train
data/HAM10000/HAM10000_images_part_2/ISIC_0029514.jpg,혈관종,10,ham10000,train
data/HAM10000/HAM10000_images_part_1/ISIC_0028419.jpg,기저세포암,4,ham10000,train
data/HAM10000/HAM10000_images_part_1/ISIC_0024327.jpg,멜라닌세포모반,5,ham10000,train
data/HAM10000/HAM10000_images_part_2/ISIC_0032912.jpg,멜라닌세포모반,5,ham10000,train
data/HAM10000/HAM10000_images_part_2/ISIC_0033992.jpg,멜라닌세포모반,5,ham10000,train
data/HAM10000/HAM10000_images_part_1/ISIC_0028560.jpg,지루각화증,7,ham10000,train
data/HAM10000/HAM10000_images_part_2/ISIC_0031692.jpg,광선각화증,3,ham10000,train
data/HAM10000/HAM10000_images_part_1/ISIC_0028073.jpg,멜라닌세포모반,5,ham10000,train
data/HAM10000/HAM10000_images_part_1/ISIC_0026469.jpg,멜라닌세포모반,5,ham10000,train
data/HAM10000/HAM10000_images_part_2/ISIC_0034318.jpg,지루각화증,7,ham10000,train
data/HAM10000/HAM10000_images_part_1/ISIC_0027155.jpg,악성흑색종,6,ham10000,train
data/HAM10000/HAM10000_images_part_2/ISIC_0032151.jpg,멜라닌세포모반,5,ham10000,train
data/HAM10000/HAM10000_images_part_1/ISIC_0027626.jpg,피부섬유종,9,ham10000,train
data/HAM10000/HAM10000_images_part_2/ISIC_0031789.jpg,기저세포암,4,ham10000,train
data/HAM10000/HAM10000_images_part_2/ISIC_0034051.jpg,악성흑색종,6,ham10000,train
data/HAM10000/HAM10000_images_part_1/ISIC_0027193.jpg,멜라닌세포모반,5,ham10000,train
data/HAM10000/HAM10000_images_part_2/ISIC_0032646.jpg,멜라닌세포모반,5,ham10000,train
data/HAM10000/HAM10000_images_part_1/ISIC_0025973.jpg,지루각화증,7,ham10000,train
data/HAM10000/HAM10000_images_part_2/ISIC_0030071.jpg,멜라닌세포모반,5,ham10000,train
data/HAM10000/HAM10000_images_part_2/ISIC_0033674.jpg,멜라닌세포모반,5,ham10000,train
data/HAM10000/HAM10000_images_part_1/ISIC_0024751.jpg,멜라닌세포모반,5,ham10000,train
data/HAM10000/HAM10000_images_part_2/ISIC_0029648.jpg,멜라닌세포모반,5,ham10000,train
data/HAM10000/HAM10000_images_part_2/ISIC_0030441.jpg,멜라닌세포모반,5,ham10000,train
data/HAM10000/HAM10000_images_part_1/ISIC_0028302.jpg,멜라닌세포모반,5,ham10000,train
data/HAM10000/HAM10000_images_part_2/ISIC_0033287.jpg,악성흑색종,6,ham10000,train
data/HAM10000/HAM10000_images_part_1/ISIC_0027101.jpg,악성흑색종,6,ham10000,train
data/HAM10000/HAM10000_images_part_1/ISIC_0028705.jpg,멜라닌세포모반,5,ham10000,train
data/HAM10000/HAM10000_images_part_1/ISIC_0024997.jpg,지루각화증,7,ham10000,train
data/HAM10000/HAM10000_images_part_2/ISIC_0032915.jpg,악성흑색종,6,ham10000,train
data/HAM10000/HAM10000_images_part_2/ISIC_0029794.jpg,멜라닌세포모반,5,ham10000,train
data/HAM10000/HAM10000_images_part_1/ISIC_0025916.jpg,멜라닌세포모반,5,ham10000,train
data/HAM10000/HAM10000_images_part_1/ISIC_0027313.jpg,멜라닌세포모반,5,ham10000,train
data/HAM10000/HAM10000_images_part_1/ISIC_0025354.jpg,멜라닌세포모반,5,ham10000,train
data/HAM10000/HAM10000_images_part_1/ISIC_0026207.jpg,악성흑색종,6,ham10000,train
data/HAM10000/HAM10000_images_part_1/ISIC_0025058.jpg,멜라닌세포모반,5,ham10000,train
data/HAM10000/HAM10000_images_part_1/ISIC_0027606.jpg,지루각화증,7,ham10000,train
data/HAM10000/HAM10000_images_part_1/ISIC_0027279.jpg,지루각화증,7,ham10000,train
data/HAM10000/HAM10000_images_part_1/ISIC_0029278.jpg,기저세포암,4,ham10000,train
data/HAM10000/HAM10000_images_part_2/ISIC_0033643.jpg,악성흑색종,6,ham10000,train
data/HAM10000/HAM10000_images_part_1/ISIC_0027166.jpg,멜라닌세포모반,5,ham10000,train
data/HAM10000/HAM10000_images_part_2/ISIC_0029913.jpg,악성흑색종,6,ham10000,train
data/HAM10000/HAM10000_images_part_2/ISIC_0033297.jpg,멜라닌세포모반,5,ham10000,train
data/HAM10000/HAM10000_images_part_2/ISIC_0030001.jpg,멜라닌세포모반,5,ham10000,train
data/HAM10000/HAM10000_images_part_1/ISIC_0028511.jpg,지루각화증,7,ham10000,train
data/HAM10000/HAM10000_images_part_1/ISIC_0028952.jpg,지루각화증,7,ham10000,train
data/HAM10000/HAM10000_images_part_1/ISIC_0026234.jpg,멜라닌세포모반,5,ham10000,train
data/HAM10000/HAM10000_images_part_1/ISIC_0027163.jpg,악성흑색종,6,ham10000,train
data/HAM10000/HAM10000_images_part_1/ISIC_0027889.jpg,멜라닌세포모반,5,ham10000,train
data/HAM10000/HAM10000_images_part_1/ISIC_0026543.jpg,멜라닌세포모반,5,ham10000,train
data/HAM10000/HAM10000_images_part_2/ISIC_0032128.jpg,지루각화증,7,ham10000,train
data/HAM10000/HAM10000_images_part_1/ISIC_0028883.jpg,멜라닌세포모반,5,ham10000,train
data/HAM10000/HAM10000_images_part_2/ISIC_0031236.jpg,기저세포암,4,ham10000,train
data/HAM10000/HAM10000_images_part_2/ISIC_0029805.jpg,기저세포암,4,ham10000,train
data/HAM10000/HAM10000_images_part_2/ISIC_0031156.jpg,멜라닌세포모반,5,ham10000,train
data/HAM10000/HAM10000_images_part_2/ISIC_0031538.jpg,멜라닌세포모반,5,ham10000,train
data/HAM10000/HAM10000_images_part_1/ISIC_0027413.jpg,멜라닌세포모반,5,ham10000,train
data/HAM10000/HAM10000_images_part_1/ISIC_0028229.jpg,지루각화증,7,ham10000,train
data/HAM10000/HAM10000_images_part_1/ISIC_0024647.jpg,악성흑색종,6,ham10000,train
data/HAM10000/HAM10000_images_part_1/ISIC_0028822.jpg,지루각화증,7,ham10000,train
data/HAM10000/HAM10000_images_part_2/ISIC_0031888.jpg,지루각화증,7,ham10000,train
data/HAM10000/HAM10000_images_part_2/ISIC_0032948.jpg,멜라닌세포모반,5,ham10000,train
data/HAM10000/HAM10000_images_part_2/ISIC_0029357.jpg,멜라닌세포모반,5,ham10000,train
data/HAM10000/HAM10000_images_part_2/ISIC_0032790.jpg,악성흑색종,6,ham10000,train
data/HAM10000/HAM10000_images_part_1/ISIC_0026425.jpg,멜라닌세포모반,5,ham10000,train
data/HAM10000/HAM10000_images_part_2/ISIC_0032940.jpg,악성흑색종,6,ham10000,train
data/HAM10000/HAM10000_images_part_1/ISIC_0024949.jpg,기저세포암,4,ham10000,train
data/HAM10000/HAM10000_images_part_2/ISIC_0030047.jpg,악성흑색종,6,ham10000,train
data/HAM10000/HAM10000_images_part_1/ISIC_0026164.jpg,멜라닌세포모반,5,ham10000,train
data/HAM10000/HAM10000_images_part_1/ISIC_0026702.jpg,광선각화증,3,ham10000,train
data/HAM10000/HAM10000_images_part_2/ISIC_0033245.jpg,악성흑색종,6,ham10000,train
data/HAM10000/HAM10000_images_part_2/ISIC_0033485.jpg,악성흑색종,6,ham10000,train
data/HAM10000/HAM10000_images_part_2/ISIC_0033838.jpg,멜라닌세포모반,5,ham10000,train
data/HAM10000/HAM10000_images_part_1/ISIC_0026981.jpg,광선각화증,3,ham10000,train
data/HAM10000/HAM10000_images_part_2/ISIC_0033262.jpg,지루각화증,7,ham10000,train
data/HAM10000/HAM10000_images_part_1/ISIC_0027120.jpg,기저세포암,4,ham10000,train
data/HAM10000/HAM10000_images_part_2/ISIC_0033489.jpg,멜라닌세포모반,5,ham10000,train
data/HAM10000/HAM10000_images_part_2/ISIC_0031731.jpg,멜라닌세포모반,5,ham10000,train
data/HAM10000/HAM10000_images_part_2/ISIC_0031203.jpg,악성흑색종,6,ham10000,train
data/HAM10000/HAM10000_images_part_2/ISIC_0034137.jpg,멜라닌세포모반,5,ham10000,train
data/HAM10000/HAM10000_images_part_1/ISIC_0028394.jpg,멜라닌세포모반,5,ham10000,train
data/HAM10000/HAM10000_images_part_1/ISIC_0027893.jpg,지루각화증,7,ham10000,train
data/HAM10000/HAM10000_images_part_1/ISIC_0025544.jpg,멜라닌세포모반,5,ham10000,train
data/HAM10000/HAM10000_images_part_1/ISIC_0027897.jpg,멜라닌세포모반,5,ham10000,train
data/HAM10000/HAM10000_images_part_2/ISIC_0030129.jpg,악성흑색종,6,ham10000,train
data/HAM10000/HAM10000_images_part_1/ISIC_0027763.jpg,멜라닌세포모반,5,ham10000,train
data/HAM10000/HAM10000_images_part_1/ISIC_0024529.jpg,멜라닌세포모반,5,ham10000,train
data/HAM10000/HAM10000_images_part_2/ISIC_0031110.jpg,멜라닌세포모반,5,ham10000,train
data/HAM10000/HAM10000_images_part_1/ISIC_0025855.jpg,멜라닌세포모반,5,ham10000,train
data/HAM10000/HAM10000_images_part_2/ISIC_0029311.jpg,지루각화증,7,ham10000,train
data/HAM10000/HAM10000_images_part_2/ISIC_0033344.jpg,악성흑색종,6,ham10000,train
data/HAM10000/HAM10000_images_part_1/ISIC_0025477.jpg,멜라닌세포모반,5,ham10000,train
data/HAM10000/HAM10000_images_part_1/ISIC_0024861.jpg,멜라닌세포모반,5,ham10000,train
data/HAM10000/HAM10000_images_part_1/ISIC_0025619.jpg,멜라닌세포모반,5,ham10000,train
data/HAM10000/HAM10000_images_part_1/ISIC_0026947.jpg,지루각화증,7,ham10000,train
data/HAM10000/HAM10000_images_part_1/ISIC_0024772.jpg,지루각화증,7,ham10000,train
data/HAM10000/HAM10000_images_part_2/ISIC_0031294.jpg,기저세포암,4,ham10000,train
data/HAM10000/HAM10000_images_part_2/ISIC_0032052.jpg,멜라닌세포모반,5,ham10000,train
data/HAM10000/HAM10000_images_part_1/ISIC_0028587.jpg,지루각화증,7,ham10000,train
data/HAM10000/HAM10000_images_part_2/ISIC_0031738.jpg,광선각화증,3,ham10000,train
data/HAM10000/HAM10000_images_part_2/ISIC_0031886.jpg,멜라닌세포모반,5,ham10000,train
data/HAM10000/HAM10000_images_part_2/ISIC_0032850.jpg,기저세포암,4,ham10000,train
data/HAM10000/HAM10000_images_part_2/ISIC_0032098.jpg,악성흑색종,6,ham10000,train
data/HAM10000/HAM10000_images_part_1/ISIC_0028155.jpg,기저세포암,4,ham10000,train
data/HAM10000/HAM10000_images_part_1/ISIC_0026848.jpg,광선각화증,3,ham10000,train
data/HAM10000/HAM10000_images_part_1/ISIC_0024747.jpg,혈관종,10,ham10000,train
data/HAM10000/HAM10000_images_part_2/ISIC_0029355.jpg,멜라닌세포모반,5,ham10000,train
data/HAM10000/HAM10000_images_part_1/ISIC_0028311.jpg,멜라닌세포모반,5,ham10000,train
data/HAM10000/HAM10000_images_part_1/ISIC_0027609.jpg,기저세포암,4,ham10000,train
data/HAM10000/HAM10000_images_part_1/ISIC_0029064.jpg,멜라닌세포모반,5,ham10000,train
data/HAM10000/HAM10000_images_part_1/ISIC_0025031.jpg,기저세포암,4,ham10000,train
data/HAM10000/HAM10000_images_part_1/ISIC_0026852.jpg,멜라닌세포모반,5,ham10000,train
data/HAM10000/HAM10000_images_part_2/ISIC_0031457.jpg,피부섬유종,9,ham10000,train
data/HAM10000/HAM10000_images_part_1/ISIC_0026384.jpg,멜라닌세포모반,5,ham10000,train
data/HAM10000/HAM10000_images_part_1/ISIC_0026568.jpg,멜라닌세포모반,5,ham10000,train
data/HAM10000/HAM10000_images_part_1/ISIC_0025018.jpg,악성흑색종,6,ham10000,train
data/HAM10000/HAM10000_images_part_2/ISIC_0030258.jpg,지루각화증,7,ham10000,train
data/HAM10000/HAM10000_images_part_1/ISIC_0025791.jpg,악성흑색종,6,ham10000,train
data/HAM10000/HAM10000_images_part_2/ISIC_0033968.jpg,악성흑색종,6,ham10000,train
data/HAM10000/HAM10000_images_part_1/ISIC_0024869.jpg,멜라닌세포모반,5,ham10000,train
data/HAM10000/HAM10000_images_part_2/ISIC_0032955.jpg,악성흑색종,6,ham10000,train
data/HAM10000/HAM10000_images_part_2/ISIC_0032982.jpg,악성흑색종,6,ham10000,train
data/HAM10000/HAM10000_images_part_2/ISIC_0030118.jpg,지루각화증,7,ham10000,train
data/HAM10000/HAM10000_images_part_1/ISIC_0025953.jpg,광선각화증,3,ham10000,train
data/HAM10000/HAM10000_images_part_1/ISIC_0025735.jpg,멜라닌세포모반,5,ham10000,train
data/HAM10000/HAM10000_images_part_1/ISIC_0024596.jpg,멜라닌세포모반,5,ham10000,train
data/HAM10000/HAM10000_images_part_1/ISIC_0024951.jpg,악성흑색종,6,ham10000,train
data/HAM10000/HAM10000_images_part_2/ISIC_0029515.jpg,기저세포암,4,ham10000,train
data/HAM10000/HAM10000_images_part_1/ISIC_0025074.jpg,멜라닌세포모반,5,ham10000,train
data/HAM10000/HAM10000_images_part_1/ISIC_0026341.jpg,멜라닌세포모반,5,ham10000,train
data/HAM10000/HAM10000_images_part_1/ISIC_0028495.jpg,기저세포암,4,ham10000,train
data/HAM10000/HAM10000_images_part_1/ISIC_0025554.jpg,지루각화증,7,ham10000,train
data/HAM10000/HAM10000_images_part_1/ISIC_0024972.jpg,악성흑색종,6,ham10000,train
data/HAM10000/HAM10000_images_part_2/ISIC_0029329.jpg,지루각화증,7,ham10000,train
data/HAM10000/HAM10000_images_part_1/ISIC_0026137.jpg,멜라닌세포모반,5,ham10000,train
data/HAM10000/HAM10000_images_part_1/ISIC_0024612.jpg,지루각화증,7,ham10000,train
data/HAM10000/HAM10000_images_part_1/ISIC_0024700.jpg,악성흑색종,6,ham10000,train
data/HAM10000/HAM10000_images_part_1/ISIC_0025451.jpg,악성흑색종,6,ham10000,train
data/HAM10000/HAM10000_images_part_2/ISIC_0032742.jpg,멜라닌세포모반,5,ham10000,train
data/HAM10000/HAM10000_images_part_1/ISIC_0027447.jpg,광선각화증,3,ham10000,train
data/HAM10000/HAM10000_images_part_1/ISIC_0025952.jpg,멜라닌세포모반,5,ham10000,train
data/HAM10000/HAM10000_images_part_1/ISIC_0027042.jpg,지루각화증,7,ham10000,train
data/HAM10000/HAM10000_images_part_2/ISIC_0033358.jpg,광선각화증,3,ham10000,train
data/HAM10000/HAM10000_images_part_1/ISIC_0028075.jpg,악성흑색종,6,ham10000,train
data/HAM10000/HAM10000_images_part_2/ISIC_0033149.jpg,멜라닌세포모반,5,ham10000,train
data/HAM10000/HAM10000_images_part_2/ISIC_0033533.jpg,악성흑색종,6,ham10000,train
data/HAM10000/HAM10000_images_part_2/ISIC_0032539.jpg,멜라닌세포모반,5,ham10000,train
data/HAM10000/HAM10000_images_part_1/ISIC_0025790.jpg,광선각화증,3,ham10000,train
data/HAM10000/HAM10000_images_part_2/ISIC_0030828.jpg,악성흑색종,6,ham10000,train
data/HAM10000/HAM10000_images_part_1/ISIC_0028735.jpg,피부섬유종,9,ham10000,train
data/HAM10000/HAM10000_images_part_1/ISIC_0027909.jpg,멜라닌세포모반,5,ham10000,train
data/HAM10000/HAM10000_images_part_2/ISIC_0030049.jpg,멜라닌세포모반,5,ham10000,train
data/HAM10000/HAM10000_images_part_2/ISIC_0033313.jpg,멜라닌세포모반,5,ham10000,train
data/HAM10000/HAM10000_images_part_2/ISIC_0029498.jpg,멜라닌세포모반,5,ham10000,train
data/HAM10000/HAM10000_images_part_2/ISIC_0030900.jpg,멜라닌세포모반,5,ham10000,train
data/HAM10000/HAM10000_images_part_2/ISIC_0030913.jpg,멜라닌세포모반,5,ham10000,train
data/HAM10000/HAM10000_images_part_2/ISIC_0032396.jpg,악성흑색종,6,ham10000,train
data/HAM10000/HAM10000_images_part_1/ISIC_0028098.jpg,멜라닌세포모반,5,ham10000,train
data/HAM10000/HAM10000_images_part_1/ISIC_0025524.jpg,악성흑색종,6,ham10000,train
data/HAM10000/HAM10000_images_part_1/ISIC_0024744.jpg,멜라닌세포모반,5,ham10000,train
data/HAM10000/HAM10000_images_part_2/ISIC_0033957.jpg,악성흑색종,6,ham10000,train
data/HAM10000/HAM10000_images_part_1/ISIC_0024818.jpg,멜라닌세포모반,5,ham10000,train
data/HAM10000/HAM10000_images_part_2/ISIC_0031903.jpg,지루각화증,7,ham10000,train
data/HAM10000/HAM10000_images_part_1/ISIC_0026593.jpg,기저세포암,4,ham10000,train
data/HAM10000/HAM10000_images_part_1/ISIC_0029092.jpg,악성흑색종,6,ham10000,train
data/HAM10000/HAM10000_images_part_2/ISIC_0030815.jpg,멜라닌세포모반,5,ham10000,train
data/HAM10000/HAM10000_images_part_1/ISIC_0029017.jpg,악성흑색종,6,ham10000,train
data/HAM10000/HAM10000_images_part_2/ISIC_0030152.jpg,멜라닌세포모반,5,ham10000,train
data/HAM10000/HAM10000_images_part_1/ISIC_0027710.jpg,지루각화증,7,ham10000,train
data/HAM10000/HAM10000_images_part_1/ISIC_0028508.jpg,악성흑색종,6,ham10000,train
data/HAM10000/HAM10000_images_part_2/ISIC_0033429.jpg,악성흑색종,6,ham10000,train
data/HAM10000/HAM10000_images_part_1/ISIC_0027164.jpg,멜라닌세포모반,5,ham10000,train
data/HAM10000/HAM10000_images_part_1/ISIC_0026923.jpg,지루각화증,7,ham10000,train
data/HAM10000/HAM10000_images_part_2/ISIC_0031781.jpg,멜라닌세포모반,5,ham10000,train
data/HAM10000/HAM10000_images_part_2/ISIC_0032476.jpg,악성흑색종,6,ham10000,train
data/HAM10000/HAM10000_images_part_2/ISIC_0029822.jpg,멜라닌세포모반,5,ham10000,train
data/HAM10000/HAM10000_images_part_2/ISIC_0033726.jpg,멜라닌세포모반,5,ham10000,train
data/HAM10000/HAM10000_images_part_1/ISIC_0026553.jpg,지루각화증,7,ham10000,train
data/HAM10000/HAM10000_images_part_2/ISIC_0032105.jpg,멜라닌세포모반,5,ham10000,train
data/HAM10000/HAM10000_images_part_2/ISIC_0029894.jpg,멜라닌세포모반,5,ham10000,train
data/HAM10000/HAM10000_images_part_2/ISIC_0033855.jpg,지루각화증,7,ham10000,train
data/HAM10000/HAM10000_images_part_1/ISIC_0025059.jpg,멜라닌세포모반,5,ham10000,train
data/HAM10000/HAM10000_images_part_2/ISIC_0029603.jpg,지루각화증,7,ham10000,train
data/HAM10000/HAM10000_images_part_1/ISIC_0026689.jpg,멜라닌세포모반,5,ham10000,train
data/HAM10000/HAM10000_images_part_2/ISIC_0033399.jpg,악성흑색종,6,ham10000,train
data/HAM10000/HAM10000_images_part_1/ISIC_0024383.jpg,지루각화증,7,ham10000,train
data/HAM10000/HAM10000_images_part_2/ISIC_0031160.jpg,멜라닌세포모반,5,ham10000,train
data/HAM10000/HAM10000_images_part_2/ISIC_0033408.jpg,멜라닌세포모반,5,ham10000,train
data/HAM10000/HAM10000_images_part_2/ISIC_0030521.jpg,악성흑색종,6,ham10000,train
data/HAM10000/HAM10000_images_part_2/ISIC_0031041.jpg,기저세포암,4,ham10000,train
data/HAM10000/HAM10000_images_part_2/ISIC_0030850.jpg,멜라닌세포모반,5,ham10000,train
data/HAM10000/HAM10000_images_part_2/ISIC_0032981.jpg,악성흑색종,6,ham10000,train
data/HAM10000/HAM10000_images_part_2/ISIC_0032337.jpg,멜라닌세포모반,5,ham10000,train
data/HAM10000/HAM10000_images_part_1/ISIC_0028582.jpg,악성흑색종,6,ham10000,train
data/HAM10000/HAM10000_images_part_1/ISIC_0024630.jpg,악성흑색종,6,ham10000,train
data/HAM10000/HAM10000_images_part_2/ISIC_0029352.jpg,기저세포암,4,ham10000,train
data/HAM10000/HAM10000_images_part_2/ISIC_0034001.jpg,멜라닌세포모반,5,ham10000,train
data/HAM10000/HAM10000_images_part_1/ISIC_0028425.jpg,멜라닌세포모반,5,ham10000,train
data/HAM10000/HAM10000_images_part_2/ISIC_0032695.jpg,악성흑색종,6,ham10000,train
data/HAM10000/HAM10000_images_part_1/ISIC_0025720.jpg,멜라닌세포모반,5,ham10000,train
data/HAM10000/HAM10000_images_part_1/ISIC_0027759.jpg,기저세포암,4,ham10000,train
data/HAM10000/HAM10000_images_part_2/ISIC_0034123.jpg,기저세포암,4,ham10000,train
data/HAM10000/HAM10000_images_part_2/ISIC_0030911.jpg,멜라닌세포모반,5,ham10000,train
data/HAM10000/HAM10000_images_part_1/ISIC_0026897.jpg,악성흑색종,6,ham10000,train
data/HAM10000/HAM10000_images_part_1/ISIC_0025697.jpg,멜라닌세포모반,5,ham10000,train
data/HAM10000/HAM10000_images_part_2/ISIC_0031303.jpg,악성흑색종,6,ham10000,train
data/HAM10000/HAM10000_images_part_2/ISIC_0029678.jpg,지루각화증,7,ham10000,train
data/HAM10000/HAM10000_images_part_2/ISIC_0033834.jpg,악성흑색종,6,ham10000,train
data/HAM10000/HAM10000_images_part_1/ISIC_0025124.jpg,멜라닌세포모반,5,ham10000,train
data/HAM10000/HAM10000_images_part_2/ISIC_0029570.jpg,악성흑색종,6,ham10000,train
data/HAM10000/HAM10000_images_part_2/ISIC_0032157.jpg,멜라닌세포모반,5,ham10000,train
data/HAM10000/HAM10000_images_part_1/ISIC_0024451.jpg,멜라닌세포모반,5,ham10000,train
data/HAM10000/HAM10000_images_part_2/ISIC_0032067.jpg,멜라닌세포모반,5,ham10000,train
data/HAM10000/HAM10000_images_part_2/ISIC_0031445.jpg,멜라닌세포모반,5,ham10000,train
data/HAM10000/HAM10000_images_part_1/ISIC_0028332.jpg,멜라닌세포모반,5,ham10000,train
data/HAM10000/HAM10000_images_part_2/ISIC_0033770.jpg,지루각화증,7,ham10000,train
data/HAM10000/HAM10000_images_part_2/ISIC_0032603.jpg,악성흑색종,6,ham10000,train
data/HAM10000/HAM10000_images_part_2/ISIC_0032598.jpg,악성흑색종,6,ham10000,train
data/HAM10000/HAM10000_images_part_1/ISIC_0028163.jpg,혈관종,10,ham10000,train
data/HAM10000/HAM10000_images_part_1/ISIC_0026713.jpg,혈관종,10,ham10000,train
data/HAM10000/HAM10000_images_part_2/ISIC_0033367.jpg,멜라닌세포모반,5,ham10000,train
data/HAM10000/HAM10000_images_part_1/ISIC_0026991.jpg,멜라닌세포모반,5,ham10000,train
data/HAM10000/HAM10000_images_part_1/ISIC_0029144.jpg,멜라닌세포모반,5,ham10000,train
data/HAM10000/HAM10000_images_part_2/ISIC_0031999.jpg,악성흑색종,6,ham10000,train
data/HAM10000/HAM10000_images_part_1/ISIC_0026656.jpg,기저세포암,4,ham10000,train
data/HAM10000/HAM10000_images_part_1/ISIC_0026016.jpg,지루각화증,7,ham10000,train
data/HAM10000/HAM10000_images_part_1/ISIC_0025622.jpg,피부섬유종,9,ham10000,train
data/HAM10000/HAM10000_images_part_1/ISIC_0028026.jpg,악성흑색종,6,ham10000,train
data/HAM10000/HAM10000_images_part_1/ISIC_0024984.jpg,기저세포암,4,ham10000,train
data/HAM10000/HAM10000_images_part_2/ISIC_0030137.jpg,지루각화증,7,ham10000,train
data/HAM10000/HAM10000_images_part_2/ISIC_0033829.jpg,지루각화증,7,ham10000,train
data/HAM10000/HAM10000_images_part_1/ISIC_0025482.jpg,멜라닌세포모반,5,ham10000,train
data/HAM10000/HAM10000_images_part_2/ISIC_0033814.jpg,악성흑색종,6,ham10000,train
data/HAM10000/HAM10000_images_part_2/ISIC_0033583.jpg,지루각화증,7,ham10000,train
data/HAM10000/HAM10000_images_part_2/ISIC_0034299.jpg,기저세포암,4,ham10000,train
data/HAM10000/HAM10000_images_part_2/ISIC_0031943.jpg,기저세포암,4,ham10000,train
data/HAM10000/HAM10000_images_part_2/ISIC_0031478.jpg,멜라닌세포모반,5,ham10000,train
data/HAM10000/HAM10000_images_part_1/ISIC_0027740.jpg,멜라닌세포모반,5,ham10000,train
data/HAM10000/HAM10000_images_part_1/ISIC_0029146.jpg,악성흑색종,6,ham10000,train
data/HAM10000/HAM10000_images_part_1/ISIC_0027150.jpg,멜라닌세포모반,5,ham10000,train
data/HAM10000/HAM10000_images_part_2/ISIC_0032190.jpg,악성흑색종,6,ham10000,train
data/HAM10000/HAM10000_images_part_2/ISIC_0029372.jpg,기저세포암,4,ham10000,train
data/HAM10000/HAM10000_images_part_2/ISIC_0032441.jpg,악성흑색종,6,ham10000,train
data/HAM10000/HAM10000_images_part_2/ISIC_0031398.jpg,멜라닌세포모반,5,ham10000,train
data/HAM10000/HAM10000_images_part_1/ISIC_0029056.jpg,악성흑색종,6,ham10000,train
data/HAM10000/HAM10000_images_part_1/ISIC_0025812.jpg,멜라닌세포모반,5,ham10000,train
data/HAM10000/HAM10000_images_part_2/ISIC_0032040.jpg,지루각화증,7,ham10000,train
data/HAM10000/HAM10000_images_part_2/ISIC_0032658.jpg,멜라닌세포모반,5,ham10000,train
data/HAM10000/HAM10000_images_part_2/ISIC_0033353.jpg,멜라닌세포모반,5,ham10000,train
data/HAM10000/HAM10000_images_part_2/ISIC_0032975.jpg,악성흑색종,6,ham10000,train
data/HAM10000/HAM10000_images_part_2/ISIC_0031613.jpg,멜라닌세포모반,5,ham10000,train
data/HAM10000/HAM10000_images_part_1/ISIC_0024441.jpg,멜라닌세포모반,5,ham10000,train
data/HAM10000/HAM10000_images_part_1/ISIC_0024629.jpg,멜라닌세포모반,5,ham10000,train
data/HAM10000/HAM10000_images_part_1/ISIC_0028527.jpg,멜라닌세포모반,5,ham10000,train
data/HAM10000/HAM10000_images_part_1/ISIC_0025767.jpg,지루각화증,7,ham10000,train
data/HAM10000/HAM10000_images_part_1/ISIC_0028473.jpg,지루각화증,7,ham10000,train
data/HAM10000/HAM10000_images_part_2/ISIC_0029891.jpg,피부섬유종,9,ham10000,train
data/HAM10000/HAM10000_images_part_2/ISIC_0031029.jpg,지루각화증,7,ham10000,train
data/HAM10000/HAM10000_images_part_1/ISIC_0025996.jpg,악성흑색종,6,ham10000,train
data/HAM10000/HAM10000_images_part_2/ISIC_0033592.jpg,지루각화증,7,ham10000,train
data/HAM10000/HAM10000_images_part_1/ISIC_0025630.jpg,기저세포암,4,ham10000,train
data/HAM10000/HAM10000_images_part_2/ISIC_0033336.jpg,악성흑색종,6,ham10000,train
data/HAM10000/HAM10000_images_part_1/ISIC_0026979.jpg,멜라닌세포모반,5,ham10000,train
data/HAM10000/HAM10000_images_part_2/ISIC_0030655.jpg,광선각화증,3,ham10000,train
data/HAM10000/HAM10000_images_part_1/ISIC_0028113.jpg,기저세포암,4,ham10000,train
data/HAM10000/HAM10000_images_part_2/ISIC_0033832.jpg,멜라닌세포모반,5,ham10000,train
data/HAM10000/HAM10000_images_part_1/ISIC_0026135.jpg,지루각화증,7,ham10000,train
data/HAM10000/HAM10000_images_part_2/ISIC_0030681.jpg,악성흑색종,6,ham10000,train
data/HAM10000/HAM10000_images_part_1/ISIC_0026889.jpg,멜라닌세포모반,5,ham10000,train
data/HAM10000/HAM10000_images_part_2/ISIC_0029510.jpg,멜라닌세포모반,5,ham10000,train
data/HAM10000/HAM10000_images_part_2/ISIC_0029629.jpg,멜라닌세포모반,5,ham10000,train
data/HAM10000/HAM10000_images_part_1/ISIC_0027110.jpg,멜라닌세포모반,5,ham10000,train
data/HAM10000/HAM10000_images_part_1/ISIC_0026149.jpg,광선각화증,3,ham10000,train
data/HAM10000/HAM10000_images_part_1/ISIC_0027462.jpg,멜라닌세포모반,5,ham10000,train
data/HAM10000/HAM10000_images_part_1/ISIC_0027031.jpg,멜라닌세포모반,5,ham10000,train
data/HAM10000/HAM10000_images_part_2/ISIC_0031166.jpg,기저세포암,4,ham10000,train
data/HAM10000/HAM10000_images_part_1/ISIC_0025766.jpg,악성흑색종,6,ham10000,train
data/HAM10000/HAM10000_images_part_1/ISIC_0026617.jpg,멜라닌세포모반,5,ham10000,train
data/HAM10000/HAM10000_images_part_1/ISIC_0026094.jpg,악성흑색종,6,ham10000,train
data/HAM10000/HAM10000_images_part_2/ISIC_0031577.jpg,지루각화증,7,ham10000,train
data/HAM10000/HAM10000_images_part_2/ISIC_0033650.jpg,멜라닌세포모반,5,ham10000,train
data/HAM10000/HAM10000_images_part_2/ISIC_0030297.jpg,광선각화증,3,ham10000,train
data/HAM10000/HAM10000_images_part_2/ISIC_0032931.jpg,멜라닌세포모반,5,ham10000,train
data/HAM10000/HAM10000_images_part_1/ISIC_0025837.jpg,지루각화증,7,ham10000,train
data/HAM10000/HAM10000_images_part_2/ISIC_0030586.jpg,광선각화증,3,ham10000,train
data/HAM10000/HAM10000_images_part_2/ISIC_0033661.jpg,멜라닌세포모반,5,ham10000,train
data/HAM10000/HAM10000_images_part_1/ISIC_0025131.jpg,지루각화증,7,ham10000,train
data/HAM10000/HAM10000_images_part_2/ISIC_0029335.jpg,멜라닌세포모반,5,ham10000,train
data/HAM10000/HAM10000_images_part_2/ISIC_0034297.jpg,멜라닌세포모반,5,ham10000,train
data/HAM10000/HAM10000_images_part_1/ISIC_0025861.jpg,멜라닌세포모반,5,ham10000,train
data/HAM10000/HAM10000_images_part_2/ISIC_0029956.jpg,멜라닌세포모반,5,ham10000,train
data/HAM10000/HAM10000_images_part_2/ISIC_0033261.jpg,악성흑색종,6,ham10000,train
data/HAM10000/HAM10000_images_part_2/ISIC_0031650.jpg,지루각화증,7,ham10000,train
data/HAM10000/HAM10000_images_part_2/ISIC_0031580.jpg,지루각화증,7,ham10000,train
data/HAM10000/HAM10000_images_part_2/ISIC_0032858.jpg,멜라닌세포모반,5,ham10000,train
data/HAM10000/HAM10000_images_part_2/ISIC_0033881.jpg,악성흑색종,6,ham10000,train
data/HAM10000/HAM10000_images_part_2/ISIC_0033802.jpg,악성흑색종,6,ham10000,train
data/HAM10000/HAM10000_images_part_1/ISIC_0024497.jpg,멜라닌세포모반,5,ham10000,train
data/HAM10000/HAM10000_images_part_2/ISIC_0031051.jpg,멜라닌세포모반,5,ham10000,train
data/HAM10000/HAM10000_images_part_1/ISIC_0024846.jpg,멜라닌세포모반,5,ham10000,train
data/HAM10000/HAM10000_images_part_2/ISIC_0033016.jpg,멜라닌세포모반,5,ham10000,train
data/HAM10000/HAM10000_images_part_2/ISIC_0030333.jpg,악성흑색종,6,ham10000,train
data/HAM10000/HAM10000_images_part_1/ISIC_0025211.jpg,멜라닌세포모반,5,ham10000,train
data/HAM10000/HAM10000_images_part_2/ISIC_0031316.jpg,멜라닌세포모반,5,ham10000,train
data/HAM10000/HAM10000_images_part_2/ISIC_0032531.jpg,악성흑색종,6,ham10000,train
data/HAM10000/HAM10000_images_part_1/ISIC_0025013.jpg,멜라닌세포모반,5,ham10000,train
data/HAM10000/HAM10000_images_part_2/ISIC_0030114.jpg,기저세포암,4,ham10000,train
data/HAM10000/HAM10000_images_part_1/ISIC_0028573.jpg,멜라닌세포모반,5,ham10000,train
data/HAM10000/HAM10000_images_part_2/ISIC_0033891.jpg,피부섬유종,9,ham10000,train
data/HAM10000/HAM10000_images_part_2/ISIC_0032757.jpg,지루각화증,7,ham10000,train
data/HAM10000/HAM10000_images_part_1/ISIC_0027795.jpg,광선각화증,3,ham10000,train
data/HAM10000/HAM10000_images_part_1/ISIC_0026912.jpg,지루각화증,7,ham10000,train
data/HAM10000/HAM10000_images_part_2/ISIC_0032265.jpg,악성흑색종,6,ham10000,train
data/HAM10000/HAM10000_images_part_2/ISIC_0029694.jpg,멜라닌세포모반,5,ham10000,train
data/HAM10000/HAM10000_images_part_1/ISIC_0029002.jpg,광선각화증,3,ham10000,train
data/HAM10000/HAM10000_images_part_2/ISIC_0030091.jpg,멜라닌세포모반,5,ham10000,train
data/HAM10000/HAM10000_images_part_1/ISIC_0029248.jpg,피부섬유종,9,ham10000,train
data/HAM10000/HAM10000_images_part_1/ISIC_0025128.jpg,악성흑색종,6,ham10000,train
data/HAM10000/HAM10000_images_part_2/ISIC_0031240.jpg,멜라닌세포모반,5,ham10000,train
data/HAM10000/HAM10000_images_part_2/ISIC_0029807.jpg,멜라닌세포모반,5,ham10000,train
data/HAM10000/HAM10000_images_part_1/ISIC_0026729.jpg,광선각화증,3,ham10000,train
data/HAM10000/HAM10000_images_part_2/ISIC_0031127.jpg,멜라닌세포모반,5,ham10000,train
data/HAM10000/HAM10000_images_part_2/ISIC_0030301.jpg,멜라닌세포모반,5,ham10000,train
data/HAM10000/HAM10000_images_part_1/ISIC_0027005.jpg,멜라닌세포모반,5,ham10000,train
data/HAM10000/HAM10000_images_part_2/ISIC_0033717.jpg,악성흑색종,6,ham10000,train
data/HAM10000/HAM10000_images_part_2/ISIC_0034233.jpg,악성흑색종,6,ham10000,train
data/HAM10000/HAM10000_images_part_1/ISIC_0025972.jpg,멜라닌세포모반,5,ham10000,train
data/HAM10000/HAM10000_images_part_2/ISIC_0031691.jpg,지루각화증,7,ham10000,train
data/HAM10000/HAM10000_images_part_1/ISIC_0024832.jpg,지루각화증,7,ham10000,train
data/HAM10000/HAM10000_images_part_2/ISIC_0032487.jpg,멜라닌세포모반,5,ham10000,train
data/HAM10000/HAM10000_images_part_2/ISIC_0033707.jpg,멜라닌세포모반,5,ham10000,train
data/HAM10000/HAM10000_images_part_1/ISIC_0029081.jpg,악성흑색종,6,ham10000,train
data/HAM10000/HAM10000_images_part_2/ISIC_0029558.jpg,악성흑색종,6,ham10000,train
data/HAM10000/HAM10000_images_part_1/ISIC_0028921.jpg,멜라닌세포모반,5,ham10000,train
data/HAM10000/HAM10000_images_part_2/ISIC_0030731.jpg,지루각화증,7,ham10000,train
data/HAM10000/HAM10000_images_part_2/ISIC_0032558.jpg,멜라닌세포모반,5,ham10000,train
data/HAM10000/HAM10000_images_part_2/ISIC_0034050.jpg,악성흑색종,6,ham10000,train
data/HAM10000/HAM10000_images_part_1/ISIC_0026366.jpg,멜라닌세포모반,5,ham10000,train
data/HAM10000/HAM10000_images_part_1/ISIC_0025838.jpg,지루각화증,7,ham10000,train
data/HAM10000/HAM10000_images_part_1/ISIC_0024770.jpg,지루각화증,7,ham10000,train
data/HAM10000/HAM10000_images_part_1/ISIC_0025667.jpg,멜라닌세포모반,5,ham10000,train
data/HAM10000/HAM10000_images_part_1/ISIC_0026257.jpg,멜라닌세포모반,5,ham10000,train
data/HAM10000/HAM10000_images_part_2/ISIC_0033129.jpg,악성흑색종,6,ham10000,train
data/HAM10000/HAM10000_images_part_1/ISIC_0026626.jpg,광선각화증,3,ham10000,train
data/HAM10000/HAM10000_images_part_1/ISIC_0026074.jpg,기저세포암,4,ham10000,train
data/HAM10000/HAM10000_images_part_1/ISIC_0025268.jpg,악성흑색종,6,ham10000,train
data/HAM10000/HAM10000_images_part_1/ISIC_0025049.jpg,멜라닌세포모반,5,ham10000,train
data/HAM10000/HAM10000_images_part_2/ISIC_0031411.jpg,멜라닌세포모반,5,ham10000,train
data/HAM10000/HAM10000_images_part_2/ISIC_0034165.jpg,지루각화증,7,ham10000,train
data/HAM10000/HAM10000_images_part_2/ISIC_0031440.jpg,멜라닌세포모반,5,ham10000,train
data/HAM10000/HAM10000_images_part_1/ISIC_0027044.jpg,피부섬유종,9,ham10000,train
data/HAM10000/HAM10000_images_part_1/ISIC_0024642.jpg,멜라닌세포모반,5,ham10000,train
data/HAM10000/HAM10000_images_part_2/ISIC_0032821.jpg,멜라닌세포모반,5,ham10000,train
data/HAM10000/HAM10000_images_part_2/ISIC_0032092.jpg,기저세포암,4,ham10000,train
data/HAM10000/HAM10000_images_part_2/ISIC_0029417.jpg,광선각화증,3,ham10000,train
data/HAM10000/HAM10000_images_part_2/ISIC_0033555.jpg,멜라닌세포모반,5,ham10000,train
data/HAM10000/HAM10000_images_part_2/ISIC_0029321.jpg,멜라닌세포모반,5,ham10000,train
data/HAM10000/HAM10000_images_part_1/ISIC_0024792.jpg,악성흑색종,6,ham10000,train
data/HAM10000/HAM10000_images_part_1/ISIC_0027082.jpg,멜라닌세포모반,5,ham10000,train
data/HAM10000/HAM10000_images_part_1/ISIC_0024548.jpg,멜라닌세포모반,5,ham10000,train
data/HAM10000/HAM10000_images_part_1/ISIC_0028169.jpg,멜라닌세포모반,5,ham10000,train
data/HAM10000/HAM10000_images_part_2/ISIC_0031427.jpg,멜라닌세포모반,5,ham10000,train
data/HAM10000/HAM10000_images_part_2/ISIC_0033830.jpg,멜라닌세포모반,5,ham10000,train
data/HAM10000/HAM10000_images_part_2/ISIC_0033357.jpg,멜라닌세포모반,5,ham10000,train
data/HAM10000/HAM10000_images_part_2/ISIC_0032966.jpg,멜라닌세포모반,5,ham10000,train
data/HAM10000/HAM10000_images_part_2/ISIC_0031862.jpg,멜라닌세포모반,5,ham10000,train
data/HAM10000/HAM10000_images_part_2/ISIC_0031931.jpg,악성흑색종,6,ham10000,train
data/HAM10000/HAM10000_images_part_2/ISIC_0031793.jpg,멜라닌세포모반,5,ham10000,train
data/HAM10000/HAM10000_images_part_2/ISIC_0031371.jpg,멜라닌세포모반,5,ham10000,train
data/HAM10000/HAM10000_images_part_1/ISIC_0029102.jpg,지루각화증,7,ham10000,train
data/HAM10000/HAM10000_images_part_1/ISIC_0025062.jpg,멜라닌세포모반,5,ham10000,train
data/HAM10000/HAM10000_images_part_1/ISIC_0028050.jpg,기저세포암,4,ham10000,train
data/HAM10000/HAM10000_images_part_2/ISIC_0033754.jpg,악성흑색종,6,ham10000,train
data/HAM10000/HAM10000_images_part_2/ISIC_0031786.jpg,멜라닌세포모반,5,ham10000,train
data/HAM10000/HAM10000_images_part_2/ISIC_0029485.jpg,멜라닌세포모반,5,ham10000,train
data/HAM10000/HAM10000_images_part_2/ISIC_0031351.jpg,기저세포암,4,ham10000,train
data/HAM10000/HAM10000_images_part_2/ISIC_0034317.jpg,악성흑색종,6,ham10000,train
data/HAM10000/HAM10000_images_part_2/ISIC_0030457.jpg,멜라닌세포모반,5,ham10000,train
data/HAM10000/HAM10000_images_part_2/ISIC_0032123.jpg,지루각화증,7,ham10000,train
data/HAM10000/HAM10000_images_part_1/ISIC_0027769.jpg,악성흑색종,6,ham10000,train
data/HAM10000/HAM10000_images_part_2/ISIC_0032559.jpg,악성흑색종,6,ham10000,train
data/HAM10000/HAM10000_images_part_1/ISIC_0028530.jpg,멜라닌세포모반,5,ham10000,train
data/HAM10000/HAM10000_images_part_1/ISIC_0025154.jpg,피부섬유종,9,ham10000,train
data/HAM10000/HAM10000_images_part_2/ISIC_0033039.jpg,멜라닌세포모반,5,ham10000,train
data/HAM10000/HAM10000_images_part_2/ISIC_0033302.jpg,악성흑색종,6,ham10000,train
data/HAM10000/HAM10000_images_part_2/ISIC_0034219.jpg,멜라닌세포모반,5,ham10000,train
data/HAM10000/HAM10000_images_part_2/ISIC_0032389.jpg,악성흑색종,6,ham10000,train
data/HAM10000/HAM10000_images_part_1/ISIC_0028346.jpg,피부섬유종,9,ham10000,train
data/HAM10000/HAM10000_images_part_1/ISIC_0024962.jpg,악성흑색종,6,ham10000,train
data/HAM10000/HAM10000_images_part_2/ISIC_0030666.jpg,멜라닌세포모반,5,ham10000,train
data/HAM10000/HAM10000_images_part_1/ISIC_0027180.jpg,멜라닌세포모반,5,ham10000,train
data/HAM10000/HAM10000_images_part_2/ISIC_0033865.jpg,지루각화증,7,ham10000,train
data/HAM10000/HAM10000_images_part_1/ISIC_0028467.jpg,악성흑색종,6,ham10000,train
data/HAM10000/HAM10000_images_part_1/ISIC_0025673.jpg,멜라닌세포모반,5,ham10000,train
data/HAM10000/HAM10000_images_part_1/ISIC_0029169.jpg,멜라닌세포모반,5,ham10000,train
data/HAM10000/HAM10000_images_part_1/ISIC_0027055.jpg,멜라닌세포모반,5,ham10000,train
data/HAM10000/HAM10000_images_part_2/ISIC_0029835.jpg,멜라닌세포모반,5,ham10000,train
data/HAM10000/HAM10000_images_part_2/ISIC_0033186.jpg,악성흑색종,6,ham10000,train
data/HAM10000/HAM10000_images_part_2/ISIC_0030944.jpg,멜라닌세포모반,5,ham10000,train
data/HAM10000/HAM10000_images_part_1/ISIC_0028811.jpg,멜라닌세포모반,5,ham10000,train
data/HAM10000/HAM10000_images_part_2/ISIC_0032989.jpg,멜라닌세포모반,5,ham10000,train
data/HAM10000/HAM10000_images_part_2/ISIC_0032037.jpg,멜라닌세포모반,5,ham10000,train
data/HAM10000/HAM10000_images_part_2/ISIC_0033260.jpg,지루각화증,7,ham10000,train
data/HAM10000/HAM10000_images_part_1/ISIC_0028761.jpg,멜라닌세포모반,5,ham10000,train
data/HAM10000/HAM10000_images_part_1/ISIC_0024344.jpg,멜라닌세포모반,5,ham10000,train
data/HAM10000/HAM10000_images_part_1/ISIC_0027288.jpg,멜라닌세포모반,5,ham10000,train
data/HAM10000/HAM10000_images_part_2/ISIC_0033473.jpg,악성흑색종,6,ham10000,train
data/HAM10000/HAM10000_images_part_1/ISIC_0027210.jpg,혈관종,10,ham10000,train
data/HAM10000/HAM10000_images_part_1/ISIC_0026444.jpg,지루각화증,7,ham10000,train
data/HAM10000/HAM10000_images_part_1/ISIC_0025941.jpg,악성흑색종,6,ham10000,train
data/HAM10000/HAM10000_images_part_2/ISIC_0029576.jpg,지루각화증,7,ham10000,train
data/HAM10000/HAM10000_images_part_2/ISIC_0030383.jpg,지루각화증,7,ham10000,train
data/HAM10000/HAM10000_images_part_1/ISIC_0025340.jpg,멜라닌세포모반,5,ham10000,train
data/HAM10000/HAM10000_images_part_1/ISIC_0024957.jpg,멜라닌세포모반,5,ham10000,train
data/HAM10000/HAM10000_images_part_2/ISIC_0031223.jpg,지루각화증,7,ham10000,train
data/HAM10000/HAM10000_images_part_2/ISIC_0030315.jpg,멜라닌세포모반,5,ham10000,train
data/HAM10000/HAM10000_images_part_2/ISIC_0032834.jpg,기저세포암,4,ham10000,train
data/HAM10000/HAM10000_images_part_2/ISIC_0029441.jpg,멜라닌세포모반,5,ham10000,train
data/HAM10000/HAM10000_images_part_2/ISIC_0029933.jpg,악성흑색종,6,ham10000,train
data/HAM10000/HAM10000_images_part_2/ISIC_0033322.jpg,지루각화증,7,ham10000,train
data/HAM10000/HAM10000_images_part_1/ISIC_0026490.jpg,혈관종,10,ham10000,train
data/HAM10000/HAM10000_images_part_1/ISIC_0028594.jpg,멜라닌세포모반,5,ham10000,train
data/HAM10000/HAM10000_images_part_2/ISIC_0032681.jpg,지루각화증,7,ham10000,train
data/HAM10000/HAM10000_images_part_2/ISIC_0032517.jpg,악성흑색종,6,ham10000,train
data/HAM10000/HAM10000_images_part_2/ISIC_0033921.jpg,멜라닌세포모반,5,ham10000,train
data/HAM10000/HAM10000_images_part_2/ISIC_0031253.jpg,지루각화증,7,ham10000,train
data/HAM10000/HAM10000_images_part_1/ISIC_0027320.jpg,지루각화증,7,ham10000,train
data/HAM10000/HAM10000_images_part_2/ISIC_0031857.jpg,멜라닌세포모반,5,ham10000,train
data/HAM10000/HAM10000_images_part_2/ISIC_0030921.jpg,멜라닌세포모반,5,ham10000,train
data/HAM10000/HAM10000_images_part_2/ISIC_0030556.jpg,멜라닌세포모반,5,ham10000,train
data/HAM10000/HAM10000_images_part_2/ISIC_0030741.jpg,멜라닌세포모반,5,ham10000,train
data/HAM10000/HAM10000_images_part_1/ISIC_0028532.jpg,멜라닌세포모반,5,ham10000,train
data/HAM10000/HAM10000_images_part_1/ISIC_0026926.jpg,멜라닌세포모반,5,ham10000,train
data/HAM10000/HAM10000_images_part_1/ISIC_0025919.jpg,멜라닌세포모반,5,ham10000,train
data/HAM10000/HAM10000_images_part_2/ISIC_0031509.jpg,멜라닌세포모반,5,ham10000,train
data/HAM10000/HAM10000_images_part_2/ISIC_0031181.jpg,지루각화증,7,ham10000,train
data/HAM10000/HAM10000_images_part_2/ISIC_0033801.jpg,악성흑색종,6,ham10000,train
data/HAM10000/HAM10000_images_part_2/ISIC_0033286.jpg,악성흑색종,6,ham10000,train
data/HAM10000/HAM10000_images_part_2/ISIC_0029367.jpg,멜라닌세포모반,5,ham10000,train
data/HAM10000/HAM10000_images_part_1/ISIC_0025037.jpg,멜라닌세포모반,5,ham10000,train
data/HAM10000/HAM10000_images_part_1/ISIC_0027071.jpg,악성흑색종,6,ham10000,train
data/HAM10000/HAM10000_images_part_1/ISIC_0024845.jpg,피부섬유종,9,ham10000,train
data/HAM10000/HAM10000_images_part_2/ISIC_0034150.jpg,악성흑색종,6,ham10000,train
data/HAM10000/HAM10000_images_part_1/ISIC_0026048.jpg,멜라닌세포모반,5,ham10000,train
data/HAM10000/HAM10000_images_part_2/ISIC_0032534.jpg,지루각화증,7,ham10000,train
data/HAM10000/HAM10000_images_part_1/ISIC_0027090.jpg,기저세포암,4,ham10000,train
data/HAM10000/HAM10000_images_part_1/ISIC_0027390.jpg,멜라닌세포모반,5,ham10000,train
data/HAM10000/HAM10000_images_part_1/ISIC_0027382.jpg,멜라닌세포모반,5,ham10000,train
data/HAM10000/HAM10000_images_part_1/ISIC_0027930.jpg,광선각화증,3,ham10000,train
data/HAM10000/HAM10000_images_part_1/ISIC_0028079.jpg,기저세포암,4,ham10000,train
data/HAM10000/HAM10000_images_part_1/ISIC_0024989.jpg,멜라닌세포모반,5,ham10000,train
data/HAM10000/HAM10000_images_part_1/ISIC_0027190.jpg,악성흑색종,6,ham10000,train
data/HAM10000/HAM10000_images_part_1/ISIC_0026468.jpg,광선각화증,3,ham10000,train
data/HAM10000/HAM10000_images_part_1/ISIC_0027281.jpg,기저세포암,4,ham10000,train
data/HAM10000/HAM10000_images_part_2/ISIC_0031552.jpg,기저세포암,4,ham10000,train
data/HAM10000/HAM10000_images_part_2/ISIC_0034276.jpg,기저세포암,4,ham10000,train
data/HAM10000/HAM10000_images_part_1/ISIC_0024604.jpg,멜라닌세포모반,5,ham10000,train
data/HAM10000/HAM10000_images_part_2/ISIC_0032222.jpg,기저세포암,4,ham10000,train
data/HAM10000/HAM10000_images_part_1/ISIC_0025565.jpg,멜라닌세포모반,5,ham10000,train
data/HAM10000/HAM10000_images_part_2/ISIC_0033475.jpg,멜라닌세포모반,5,ham10000,train
data/HAM10000/HAM10000_images_part_1/ISIC_0025419.jpg,지루각화증,7,ham10000,train
data/HAM10000/HAM10000_images_part_2/ISIC_0030644.jpg,기저세포암,4,ham10000,train
data/HAM10000/HAM10000_images_part_1/ISIC_0025007.jpg,멜라닌세포모반,5,ham10000,train
data/HAM10000/HAM10000_images_part_1/ISIC_0026890.jpg,멜라닌세포모반,5,ham10000,train
data/HAM10000/HAM10000_images_part_1/ISIC_0027696.jpg,멜라닌세포모반,5,ham10000,train
data/HAM10000/HAM10000_images_part_2/ISIC_0031246.jpg,멜라닌세포모반,5,ham10000,train
data/HAM10000/HAM10000_images_part_2/ISIC_0033020.jpg,기저세포암,4,ham10000,train
data/HAM10000/HAM10000_images_part_2/ISIC_0033827.jpg,멜라닌세포모반,5,ham10000,train
data/HAM10000/HAM10000_images_part_1/ISIC_0026844.jpg,지루각화증,7,ham10000,train
data/HAM10000/HAM10000_images_part_2/ISIC_0029330.jpg,멜라닌세포모반,5,ham10000,train
data/HAM10000/HAM10000_images_part_2/ISIC_0031386.jpg,악성흑색종,6,ham10000,train
data/HAM10000/HAM10000_images_part_2/ISIC_0030922.jpg,멜라닌세포모반,5,ham10000,train
data/HAM10000/HAM10000_images_part_1/ISIC_0025440.jpg,멜라닌세포모반,5,ham10000,train
data/HAM10000/HAM10000_images_part_1/ISIC_0028260.jpg,멜라닌세포모반,5,ham10000,train
data/HAM10000/HAM10000_images_part_2/ISIC_0029898.jpg,멜라닌세포모반,5,ham10000,train
data/HAM10000/HAM10000_images_part_1/ISIC_0026547.jpg,멜라닌세포모반,5,ham10000,train
data/HAM10000/HAM10000_images_part_1/ISIC_0028824.jpg,멜라닌세포모반,5,ham10000,train
data/HAM10000/HAM10000_images_part_2/ISIC_0031472.jpg,멜라닌세포모반,5,ham10000,train
data/HAM10000/HAM10000_images_part_2/ISIC_0033582.jpg,지루각화증,7,ham10000,train
data/HAM10000/HAM10000_images_part_2/ISIC_0031170.jpg,악성흑색종,6,ham10000,train
data/HAM10000/HAM10000_images_part_2/ISIC_0030770.jpg,혈관종,10,ham10000,train
data/HAM10000/HAM10000_images_part_2/ISIC_0030401.jpg,멜라닌세포모반,5,ham10000,train
data/HAM10000/HAM10000_images_part_2/ISIC_0032283.jpg,지루각화증,7,ham10000,train
data/HAM10000/HAM10000_images_part_2/ISIC_0030991.jpg,광선각화증,3,ham10000,train
data/HAM10000/HAM10000_images_part_1/ISIC_0026154.jpg,기저세포암,4,ham10000,train
data/HAM10000/HAM10000_images_part_1/ISIC_0026493.jpg,지루각화증,7,ham10000,train
data/HAM10000/HAM10000_images_part_2/ISIC_0031916.jpg,멜라닌세포모반,5,ham10000,train
data/HAM10000/HAM10000_images_part_2/ISIC_0031311.jpg,멜라닌세포모반,5,ham10000,train
data/HAM10000/HAM10000_images_part_1/ISIC_0026972.jpg,멜라닌세포모반,5,ham10000,train
data/HAM10000/HAM10000_images_part_1/ISIC_0028452.jpg,멜라닌세포모반,5,ham10000,train
data/HAM10000/HAM10000_images_part_2/ISIC_0033401.jpg,지루각화증,7,ham10000,train
data/HAM10000/HAM10000_images_part_1/ISIC_0027260.jpg,악성흑색종,6,ham10000,train
data/HAM10000/HAM10000_images_part_1/ISIC_0028798.jpg,멜라닌세포모반,5,ham10000,train
data/HAM10000/HAM10000_images_part_2/ISIC_0032205.jpg,멜라닌세포모반,5,ham10000,train
data/HAM10000/HAM10000_images_part_2/ISIC_0031286.jpg,광선각화증,3,ham10000,train
data/HAM10000/HAM10000_images_part_1/ISIC_0029281.jpg,악성흑색종,6,ham10000,train
data/HAM10000/HAM10000_images_part_1/ISIC_0024640.jpg,악성흑색종,6,ham10000,train
data/HAM10000/HAM10000_images_part_2/ISIC_0030685.jpg,멜라닌세포모반,5,ham10000,train
data/HAM10000/HAM10000_images_part_1/ISIC_0027615.jpg,광선각화증,3,ham10000,train
data/HAM10000/HAM10000_images_part_1/ISIC_0028521.jpg,멜라닌세포모반,5,ham10000,train
data/HAM10000/HAM10000_images_part_2/ISIC_0029353.jpg,악성흑색종,6,ham10000,train
data/HAM10000/HAM10000_images_part_2/ISIC_0031533.jpg,멜라닌세포모반,5,ham10000,train
data/HAM10000/HAM10000_images_part_2/ISIC_0033708.jpg,악성흑색종,6,ham10000,train
data/HAM10000/HAM10000_images_part_1/ISIC_0026805.jpg,멜라닌세포모반,5,ham10000,train
data/HAM10000/HAM10000_images_part_1/ISIC_0026528.jpg,기저세포암,4,ham10000,train
data/HAM10000/HAM10000_images_part_2/ISIC_0030490.jpg,멜라닌세포모반,5,ham10000,train
data/HAM10000/HAM10000_images_part_2/ISIC_0032138.jpg,피부섬유종,9,ham10000,train
data/HAM10000/HAM10000_images_part_1/ISIC_0025143.jpg,멜라닌세포모반,5,ham10000,train
data/HAM10000/HAM10000_images_part_2/ISIC_0034223.jpg,기저세포암,4,ham10000,train
data/HAM10000/HAM10000_images_part_2/ISIC_0029780.jpg,악성흑색종,6,ham10000,train
data/HAM10000/HAM10000_images_part_2/ISIC_0033713.jpg,악성흑색종,6,ham10000,train
data/HAM10000/HAM10000_images_part_2/ISIC_0031349.jpg,지루각화증,7,ham10000,train
data/HAM10000/HAM10000_images_part_2/ISIC_0033029.jpg,악성흑색종,6,ham10000,train
data/HAM10000/HAM10000_images_part_2/ISIC_0030317.jpg,멜라닌세포모반,5,ham10000,train
data/HAM10000/HAM10000_images_part_1/ISIC_0024579.jpg,광선각화증,3,ham10000,train
data/HAM10000/HAM10000_images_part_1/ISIC_0024318.jpg,피부섬유종,9,ham10000,train
data/HAM10000/HAM10000_images_part_2/ISIC_0030802.jpg,멜라닌세포모반,5,ham10000,train
data/HAM10000/HAM10000_images_part_1/ISIC_0027891.jpg,멜라닌세포모반,5,ham10000,train
data/HAM10000/HAM10000_images_part_1/ISIC_0026505.jpg,멜라닌세포모반,5,ham10000,train
data/HAM10000/HAM10000_images_part_1/ISIC_0028914.jpg,멜라닌세포모반,5,ham10000,train
data/HAM10000/HAM10000_images_part_1/ISIC_0029270.jpg,지루각화증,7,ham10000,train
data/HAM10000/HAM10000_images_part_1/ISIC_0027629.jpg,기저세포암,4,ham10000,train
data/HAM10000/HAM10000_images_part_2/ISIC_0029900.jpg,광선각화증,3,ham10000,train
data/HAM10000/HAM10000_images_part_1/ISIC_0024569.jpg,멜라닌세포모반,5,ham10000,train
data/HAM10000/HAM10000_images_part_2/ISIC_0030724.jpg,멜라닌세포모반,5,ham10000,train
data/HAM10000/HAM10000_images_part_1/ISIC_0026821.jpg,멜라닌세포모반,5,ham10000,train
data/HAM10000/HAM10000_images_part_1/ISIC_0029088.jpg,멜라닌세포모반,5,ham10000,train
data/HAM10000/HAM10000_images_part_2/ISIC_0032872.jpg,악성흑색종,6,ham10000,train
data/HAM10000/HAM10000_images_part_2/ISIC_0033221.jpg,멜라닌세포모반,5,ham10000,train
data/HAM10000/HAM10000_images_part_1/ISIC_0027742.jpg,악성흑색종,6,ham10000,train
data/HAM10000/HAM10000_images_part_2/ISIC_0032749.jpg,멜라닌세포모반,5,ham10000,train
data/HAM10000/HAM10000_images_part_2/ISIC_0033201.jpg,지루각화증,7,ham10000,train
data/HAM10000/HAM10000_images_part_2/ISIC_0034188.jpg,악성흑색종,6,ham10000,train
data/HAM10000/HAM10000_images_part_2/ISIC_0033432.jpg,악성흑색종,6,ham10000,train
data/HAM10000/HAM10000_images_part_2/ISIC_0030286.jpg,멜라닌세포모반,5,ham10000,train
data/HAM10000/HAM10000_images_part_2/ISIC_0029437.jpg,멜라닌세포모반,5,ham10000,train
data/HAM10000/HAM10000_images_part_2/ISIC_0032352.jpg,멜라닌세포모반,5,ham10000,train
data/HAM10000/HAM10000_images_part_1/ISIC_0028016.jpg,멜라닌세포모반,5,ham10000,train
data/HAM10000/HAM10000_images_part_2/ISIC_0031418.jpg,멜라닌세포모반,5,ham10000,train
data/HAM10000/HAM10000_images_part_1/ISIC_0026554.jpg,멜라닌세포모반,5,ham10000,train
data/HAM10000/HAM10000_images_part_2/ISIC_0033194.jpg,멜라닌세포모반,5,ham10000,train
data/HAM10000/HAM10000_images_part_1/ISIC_0027704.jpg,기저세포암,4,ham10000,train
data/HAM10000/HAM10000_images_part_2/ISIC_0032976.jpg,악성흑색종,6,ham10000,train
data/HAM10000/HAM10000_images_part_2/ISIC_0032249.jpg,지루각화증,7,ham10000,train
data/HAM10000/HAM10000_images_part_1/ISIC_0024915.jpg,지루각화증,7,ham10000,train
data/HAM10000/HAM10000_images_part_2/ISIC_0029363.jpg,악성흑색종,6,ham10000,train
data/HAM10000/HAM10000_images_part_1/ISIC_0024793.jpg,멜라닌세포모반,5,ham10000,train
data/HAM10000/HAM10000_images_part_2/ISIC_0033987.jpg,지루각화증,7,ham10000,train
data/HAM10000/HAM10000_images_part_1/ISIC_0027026.jpg,지루각화증,7,ham10000,train
data/HAM10000/HAM10000_images_part_1/ISIC_0026064.jpg,멜라닌세포모반,5,ham10000,train
data/HAM10000/HAM10000_images_part_1/ISIC_0024688.jpg,악성흑색종,6,ham10000,train
data/HAM10000/HAM10000_images_part_1/ISIC_0025594.jpg,피부섬유종,9,ham10000,train
data/HAM10000/HAM10000_images_part_1/ISIC_0025958.jpg,멜라닌세포모반,5,ham10000,train
data/HAM10000/HAM10000_images_part_1/ISIC_0028398.jpg,멜라닌세포모반,5,ham10000,train
data/HAM10000/HAM10000_images_part_1/ISIC_0026661.jpg,지루각화증,7,ham10000,train
data/HAM10000/HAM10000_images_part_1/ISIC_0026878.jpg,멜라닌세포모반,5,ham10000,train
data/HAM10000/HAM10000_images_part_1/ISIC_0025290.jpg,멜라닌세포모반,5,ham10000,train
data/HAM10000/HAM10000_images_part_2/ISIC_0031218.jpg,지루각화증,7,ham10000,train
data/HAM10000/HAM10000_images_part_1/ISIC_0026823.jpg,악성흑색종,6,ham10000,train
data/HAM10000/HAM10000_images_part_1/ISIC_0028162.jpg,멜라닌세포모반,5,ham10000,train
data/HAM10000/HAM10000_images_part_2/ISIC_0032120.jpg,멜라닌세포모반,5,ham10000,train
data/HAM10000/HAM10000_images_part_1/ISIC_0025827.jpg,멜라닌세포모반,5,ham10000,train
data/HAM10000/HAM10000_images_part_1/ISIC_0026456.jpg,혈관종,10,ham10000,train
data/HAM10000/HAM10000_images_part_1/ISIC_0027052.jpg,멜라닌세포모반,5,ham10000,train
data/HAM10000/HAM10000_images_part_2/ISIC_0030487.jpg,광선각화증,3,ham10000,train
data/HAM10000/HAM10000_images_part_2/ISIC_0029560.jpg,멜라닌세포모반,5,ham10000,train
data/HAM10000/HAM10000_images_part_1/ISIC_0028459.jpg,멜라닌세포모반,5,ham10000,train
data/HAM10000/HAM10000_images_part_2/ISIC_0032533.jpg,악성흑색종,6,ham10000,train
data/HAM10000/HAM10000_images_part_2/ISIC_0029658.jpg,멜라닌세포모반,5,ham10000,train
data/HAM10000/HAM10000_images_part_1/ISIC_0024917.jpg,멜라닌세포모반,5,ham10000,train
data/HAM10000/HAM10000_images_part_1/ISIC_0027344.jpg,지루각화증,7,ham10000,train
data/HAM10000/HAM10000_images_part_1/ISIC_0026919.jpg,멜라닌세포모반,5,ham10000,train
data/HAM10000/HAM10000_images_part_2/ISIC_0029413.jpg,지루각화증,7,ham10000,train
data/HAM10000/HAM10000_images_part_2/ISIC_0033752.jpg,악성흑색종,6,ham10000,train
data/HAM10000/HAM10000_images_part_2/ISIC_0030623.jpg,악성흑색종,6,ham10000,train
data/HAM10000/HAM10000_images_part_2/ISIC_0032243.jpg,멜라닌세포모반,5,ham10000,train
data/HAM10000/HAM10000_images_part_1/ISIC_0025366.jpg,지루각화증,7,ham10000,train
data/HAM10000/HAM10000_images_part_2/ISIC_0032472.jpg,멜라닌세포모반,5,ham10000,train
data/HAM10000/HAM10000_images_part_1/ISIC_0026629.jpg,피부섬유종,9,ham10000,train
data/HAM10000/HAM10000_images_part_1/ISIC_0026378.jpg,지루각화증,7,ham10000,train
data/HAM10000/HAM10000_images_part_2/ISIC_0033629.jpg,지루각화증,7,ham10000,train
data/HAM10000/HAM10000_images_part_1/ISIC_0028769.jpg,멜라닌세포모반,5,ham10000,train
data/HAM10000/HAM10000_images_part_1/ISIC_0028519.jpg,악성흑색종,6,ham10000,train
data/HAM10000/HAM10000_images_part_2/ISIC_0030145.jpg,기저세포암,4,ham10000,train
data/HAM10000/HAM10000_images_part_1/ISIC_0024380.jpg,멜라닌세포모반,5,ham10000,train
data/HAM10000/HAM10000_images_part_2/ISIC_0030391.jpg,악성흑색종,6,ham10000,train
data/HAM10000/HAM10000_images_part_1/ISIC_0026905.jpg,광선각화증,3,ham10000,train
data/HAM10000/HAM10000_images_part_1/ISIC_0026698.jpg,멜라닌세포모반,5,ham10000,train
data/HAM10000/HAM10000_images_part_2/ISIC_0030759.jpg,악성흑색종,6,ham10000,train
data/HAM10000/HAM10000_images_part_1/ISIC_0028764.jpg,악성흑색종,6,ham10000,train
data/HAM10000/HAM10000_images_part_2/ISIC_0032270.jpg,혈관종,10,ham10000,train
data/HAM10000/HAM10000_images_part_2/ISIC_0030960.jpg,멜라닌세포모반,5,ham10000,train
data/HAM10000/HAM10000_images_part_2/ISIC_0032577.jpg,멜라닌세포모반,5,ham10000,train
data/HAM10000/HAM10000_images_part_1/ISIC_0024773.jpg,지루각화증,7,ham10000,train
data/HAM10000/HAM10000_images_part_1/ISIC_0025450.jpg,악성흑색종,6,ham10000,train
data/HAM10000/HAM10000_images_part_2/ISIC_0033263.jpg,멜라닌세포모반,5,ham10000,train
data/HAM10000/HAM10000_images_part_2/ISIC_0030408.jpg,광선각화증,3,ham10000,train
data/HAM10000/HAM10000_images_part_1/ISIC_0028526.jpg,멜라닌세포모반,5,ham10000,train
data/HAM10000/HAM10000_images_part_2/ISIC_0033277.jpg,멜라닌세포모반,5,ham10000,train
data/HAM10000/HAM10000_images_part_1/ISIC_0028059.jpg,기저세포암,4,ham10000,train
data/HAM10000/HAM10000_images_part_2/ISIC_0032889.jpg,멜라닌세포모반,5,ham10000,train
data/HAM10000/HAM10000_images_part_1/ISIC_0029127.jpg,멜라닌세포모반,5,ham10000,train
data/HAM10000/HAM10000_images_part_1/ISIC_0025427.jpg,광선각화증,3,ham10000,train
data/HAM10000/HAM10000_images_part_1/ISIC_0025534.jpg,멜라닌세포모반,5,ham10000,train
data/HAM10000/HAM10000_images_part_1/ISIC_0026056.jpg,기저세포암,4,ham10000,train
data/HAM10000/HAM10000_images_part_2/ISIC_0033835.jpg,멜라닌세포모반,5,ham10000,train
data/HAM10000/HAM10000_images_part_2/ISIC_0034089.jpg,악성흑색종,6,ham10000,train
data/HAM10000/HAM10000_images_part_2/ISIC_0032892.jpg,악성흑색종,6,ham10000,train
data/HAM10000/HAM10000_images_part_1/ISIC_0027517.jpg,악성흑색종,6,ham10000,train
data/HAM10000/HAM10000_images_part_2/ISIC_0030851.jpg,멜라닌세포모반,5,ham10000,train
data/HAM10000/HAM10000_images_part_2/ISIC_0030910.jpg,악성흑색종,6,ham10000,train
data/HAM10000/HAM10000_images_part_1/ISIC_0026229.jpg,악성흑색종,6,ham10000,train
data/HAM10000/HAM10000_images_part_1/ISIC_0028657.jpg,멜라닌세포모반,5,ham10000,train
data/HAM10000/HAM10000_images_part_1/ISIC_0027466.jpg,멜라닌세포모반,5,ham10000,train
data/HAM10000/HAM10000_images_part_1/ISIC_0025810.jpg,지루각화증,7,ham10000,train
data/HAM10000/HAM10000_images_part_2/ISIC_0031040.jpg,광선각화증,3,ham10000,train
data/HAM10000/HAM10000_images_part_2/ISIC_0029955.jpg,멜라닌세포모반,5,ham10000,train
data/HAM10000/HAM10000_images_part_1/ISIC_0028660.jpg,멜라닌세포모반,5,ham10000,train
data/HAM10000/HAM10000_images_part_1/ISIC_0027922.jpg,멜라닌세포모반,5,ham10000,train
data/HAM10000/HAM10000_images_part_2/ISIC_0030165.jpg,악성흑색종,6,ham10000,train
data/HAM10000/HAM10000_images_part_1/ISIC_0025957.jpg,광선각화증,3,ham10000,train
data/HAM10000/HAM10000_images_part_2/ISIC_0032709.jpg,악성흑색종,6,ham10000,train
data/HAM10000/HAM10000_images_part_2/ISIC_0033759.jpg,멜라닌세포모반,5,ham10000,train
data/HAM10000/HAM10000_images_part_2/ISIC_0032739.jpg,멜라닌세포모반,5,ham10000,train
data/HAM10000/HAM10000_images_part_1/ISIC_0027033.jpg,악성흑색종,6,ham10000,train
data/HAM10000/HAM10000_images_part_2/ISIC_0032124.jpg,지루각화증,7,ham10000,train
data/HAM10000/HAM10000_images_part_1/ISIC_0024479.jpg,멜라닌세포모반,5,ham10000,train
data/HAM10000/HAM10000_images_part_1/ISIC_0027612.jpg,지루각화증,7,ham10000,train
data/HAM10000/HAM10000_images_part_2/ISIC_0033526.jpg,악성흑색종,6,ham10000,train
data/HAM10000/HAM10000_images_part_1/ISIC_0025471.jpg,광선각화증,3,ham10000,train
data/HAM10000/HAM10000_images_part_2/ISIC_0033518.jpg,악성흑색종,6,ham10000,train
data/HAM10000/HAM10000_images_part_2/ISIC_0031210.jpg,멜라닌세포모반,5,ham10000,train
data/HAM10000/HAM10000_images_part_2/ISIC_0031284.jpg,기저세포암,4,ham10000,train
data/HAM10000/HAM10000_images_part_2/ISIC_0031527.jpg,기저세포암,4,ham10000,train
data/HAM10000/HAM10000_images_part_2/ISIC_0033477.jpg,악성흑색종,6,ham10000,train
data/HAM10000/HAM10000_images_part_1/ISIC_0026810.jpg,멜라닌세포모반,5,ham10000,train
data/HAM10000/HAM10000_images_part_2/ISIC_0033019.jpg,기저세포암,4,ham10000,train
data/HAM10000/HAM10000_images_part_2/ISIC_0031806.jpg,멜라닌세포모반,5,ham10000,train
data/HAM10000/HAM10000_images_part_2/ISIC_0032164.jpg,기저세포암,4,ham10000,train
data/HAM10000/HAM10000_images_part_2/ISIC_0032373.jpg,지루각화증,7,ham10000,train
data/HAM10000/HAM10000_images_part_1/ISIC_0027370.jpg,지루각화증,7,ham10000,train
data/HAM10000/HAM10000_images_part_1/ISIC_0027570.jpg,멜라닌세포모반,5,ham10000,train
data/HAM10000/HAM10000_images_part_2/ISIC_0032465.jpg,멜라닌세포모반,5,ham10000,train
data/HAM10000/HAM10000_images_part_1/ISIC_0027261.jpg,악성흑색종,6,ham10000,train
data/HAM10000/HAM10000_images_part_2/ISIC_0032017.jpg,악성흑색종,6,ham10000,train
data/HAM10000/HAM10000_images_part_1/ISIC_0027817.jpg,멜라닌세포모반,5,ham10000,train
data/HAM10000/HAM10000_images_part_2/ISIC_0030036.jpg,광선각화증,3,ham10000,train
data/HAM10000/HAM10000_images_part_1/ISIC_0026068.jpg,혈관종,10,ham10000,train
data/HAM10000/HAM10000_images_part_1/ISIC_0029047.jpg,멜라닌세포모반,5,ham10000,train
data/HAM10000/HAM10000_images_part_1/ISIC_0025903.jpg,피부섬유종,9,ham10000,train
data/HAM10000/HAM10000_images_part_1/ISIC_0027069.jpg,악성흑색종,6,ham10000,train
data/HAM10000/HAM10000_images_part_2/ISIC_0034164.jpg,멜라닌세포모반,5,ham10000,train
data/HAM10000/HAM10000_images_part_1/ISIC_0024554.jpg,악성흑색종,6,ham10000,train
data/HAM10000/HAM10000_images_part_2/ISIC_0030226.jpg,지루각화증,7,ham10000,train
data/HAM10000/HAM10000_images_part_1/ISIC_0025145.jpg,악성흑색종,6,ham10000,train
data/HAM10000/HAM10000_images_part_1/ISIC_0027396.jpg,멜라닌세포모반,5,ham10000,train
data/HAM10000/HAM10000_images_part_1/ISIC_0027864.jpg,멜라닌세포모반,5,ham10000,train
data/HAM10000/HAM10000_images_part_1/ISIC_0026338.jpg,멜라닌세포모반,5,ham10000,train
data/HAM10000/HAM10000_images_part_1/ISIC_0025624.jpg,멜라닌세포모반,5,ham10000,train
data/HAM10000/HAM10000_images_part_2/ISIC_0033222.jpg,멜라닌세포모반,5,ham10000,train
data/HAM10000/HAM10000_images_part_2/ISIC_0031302.jpg,멜라닌세포모반,5,ham10000,train
data/HAM10000/HAM10000_images_part_2/ISIC_0034186.jpg,지루각화증,7,ham10000,train
data/HAM10000/HAM10000_images_part_2/ISIC_0029559.jpg,지루각화증,7,ham10000,train
data/HAM10000/HAM10000_images_part_1/ISIC_0027303.jpg,광선각화증,3,ham10000,train
data/HAM10000/HAM10000_images_part_1/ISIC_0025543.jpg,악성흑색종,6,ham10000,train
data/HAM10000/HAM10000_images_part_2/ISIC_0033790.jpg,피부섬유종,9,ham10000,train
data/HAM10000/HAM10000_images_part_1/ISIC_0025186.jpg,멜라닌세포모반,5,ham10000,train
data/HAM10000/HAM10000_images_part_1/ISIC_0027613.jpg,피부섬유종,9,ham10000,train
data/HAM10000/HAM10000_images_part_2/ISIC_0034269.jpg,악성흑색종,6,ham10000,train
data/HAM10000/HAM10000_images_part_1/ISIC_0026666.jpg,멜라닌세포모반,5,ham10000,train
data/HAM10000/HAM10000_images_part_1/ISIC_0028491.jpg,멜라닌세포모반,5,ham10000,train
data/HAM10000/HAM10000_images_part_1/ISIC_0029122.jpg,멜라닌세포모반,5,ham10000,train
data/HAM10000/HAM10000_images_part_1/ISIC_0025069.jpg,광선각화증,3,ham10000,train
data/HAM10000/HAM10000_images_part_2/ISIC_0030016.jpg,멜라닌세포모반,5,ham10000,train
data/HAM10000/HAM10000_images_part_2/ISIC_0031716.jpg,지루각화증,7,ham10000,train
data/HAM10000/HAM10000_images_part_1/ISIC_0025075.jpg,지루각화증,7,ham10000,train
data/HAM10000/HAM10000_images_part_2/ISIC_0033527.jpg,멜라닌세포모반,5,ham10000,train
data/HAM10000/HAM10000_images_part_1/ISIC_0025583.jpg,지루각화증,7,ham10000,train
data/HAM10000/HAM10000_images_part_1/ISIC_0024385.jpg,멜라닌세포모반,5,ham10000,train
data/HAM10000/HAM10000_images_part_1/ISIC_0025605.jpg,광선각화증,3,ham10000,train
data/HAM10000/HAM10000_images_part_2/ISIC_0032938.jpg,악성흑색종,6,ham10000,train
data/HAM10000/HAM10000_images_part_1/ISIC_0024645.jpg,멜라닌세포모반,5,ham10000,train
data/HAM10000/HAM10000_images_part_2/ISIC_0029588.jpg,지루각화증,7,ham10000,train
data/HAM10000/HAM10000_images_part_1/ISIC_0026842.jpg,지루각화증,7,ham10000,train
data/HAM10000/HAM10000_images_part_1/ISIC_0029131.jpg,멜라닌세포모반,5,ham10000,train
data/HAM10000/HAM10000_images_part_1/ISIC_0024854.jpg,멜라닌세포모반,5,ham10000,train
data/HAM10000/HAM10000_images_part_2/ISIC_0030101.jpg,멜라닌세포모반,5,ham10000,train
data/HAM10000/HAM10000_images_part_1/ISIC_0028374.jpg,멜라닌세포모반,5,ham10000,train
data/HAM10000/HAM10000_images_part_1/ISIC_0028555.jpg,지루각화증,7,ham10000,train
data/HAM10000/HAM10000_images_part_2/ISIC_0032149.jpg,악성흑색종,6,ham10000,train
data/HAM10000/HAM10000_images_part_1/ISIC_0025832.jpg,악성흑색종,6,ham10000,train
data/HAM10000/HAM10000_images_part_2/ISIC_0031063.jpg,기저세포암,4,ham10000,train
data/HAM10000/HAM10000_images_part_2/ISIC_0030188.jpg,지루각화증,7,ham10000,train
data/HAM10000/HAM10000_images_part_2/ISIC_0034087.jpg,악성흑색종,6,ham10000,train
data/HAM10000/HAM10000_images_part_1/ISIC_0025423.jpg,멜라닌세포모반,5,ham10000,train
data/HAM10000/HAM10000_images_part_1/ISIC_0028994.jpg,기저세포암,4,ham10000,train
data/HAM10000/HAM10000_images_part_1/ISIC_0028796.jpg,멜라닌세포모반,5,ham10000,train
data/HAM10000/HAM10000_images_part_1/ISIC_0028333.jpg,멜라닌세포모반,5,ham10000,train
data/HAM10000/HAM10000_images_part_1/ISIC_0028631.jpg,멜라닌세포모반,5,ham10000,train
data/HAM10000/HAM10000_images_part_2/ISIC_0031593.jpg,지루각화증,7,ham10000,train
data/HAM10000/HAM10000_images_part_2/ISIC_0029432.jpg,멜라닌세포모반,5,ham10000,train
data/HAM10000/HAM10000_images_part_2/ISIC_0029742.jpg,혈관종,10,ham10000,train
data/HAM10000/HAM10000_images_part_1/ISIC_0028382.jpg,멜라닌세포모반,5,ham10000,train
data/HAM10000/HAM10000_images_part_1/ISIC_0025822.jpg,멜라닌세포모반,5,ham10000,train
data/HAM10000/HAM10000_images_part_1/ISIC_0027465.jpg,멜라닌세포모반,5,ham10000,train
data/HAM10000/HAM10000_images_part_2/ISIC_0033500.jpg,악성흑색종,6,ham10000,train
data/HAM10000/HAM10000_images_part_1/ISIC_0027684.jpg,멜라닌세포모반,5,ham10000,train
data/HAM10000/HAM10000_images_part_1/ISIC_0027867.jpg,멜라닌세포모반,5,ham10000,train
data/HAM10000/HAM10000_images_part_2/ISIC_0032506.jpg,멜라닌세포모반,5,ham10000,train
data/HAM10000/HAM10000_images_part_1/ISIC_0024918.jpg,악성흑색종,6,ham10000,train
data/HAM10000/HAM10000_images_part_2/ISIC_0031152.jpg,멜라닌세포모반,5,ham10000,train
data/HAM10000/HAM10000_images_part_2/ISIC_0032661.jpg,멜라닌세포모반,5,ham10000,train
data/HAM10000/HAM10000_images_part_1/ISIC_0024781.jpg,멜라닌세포모반,5,ham10000,train
data/HAM10000/HAM10000_images_part_1/ISIC_0026825.jpg,멜라닌세포모반,5,ham10000,train
data/HAM10000/HAM10000_images_part_1/ISIC_0027078.jpg,멜라닌세포모반,5,ham10000,train
data/HAM10000/HAM10000_images_part_2/ISIC_0032991.jpg,기저세포암,4,ham10000,train
data/HAM10000/HAM10000_images_part_2/ISIC_0032777.jpg,기저세포암,4,ham10000,train
data/HAM10000/HAM10000_images_part_2/ISIC_0033557.jpg,멜라닌세포모반,5,ham10000,train
data/HAM10000/HAM10000_images_part_1/ISIC_0025883.jpg,지루각화증,7,ham10000,train
data/HAM10000/HAM10000_images_part_2/ISIC_0034176.jpg,멜라닌세포모반,5,ham10000,train
data/HAM10000/HAM10000_images_part_1/ISIC_0028431.jpg,혈관종,10,ham10000,train
data/HAM10000/HAM10000_images_part_2/ISIC_0032653.jpg,악성흑색종,6,ham10000,train
data/HAM10000/HAM10000_images_part_1/ISIC_0026196.jpg,멜라닌세포모반,5,ham10000,train
data/HAM10000/HAM10000_images_part_2/ISIC_0033151.jpg,광선각화증,3,ham10000,train
data/HAM10000/HAM10000_images_part_1/ISIC_0024309.jpg,멜라닌세포모반,5,ham10000,train
data/HAM10000/HAM10000_images_part_2/ISIC_0029942.jpg,멜라닌세포모반,5,ham10000,train
data/HAM10000/HAM10000_images_part_2/ISIC_0032586.jpg,악성흑색종,6,ham10000,train
data/HAM10000/HAM10000_images_part_1/ISIC_0028659.jpg,광선각화증,3,ham10000,train
data/HAM10000/HAM10000_images_part_2/ISIC_0033974.jpg,멜라닌세포모반,5,ham10000,train
data/HAM10000/HAM10000_images_part_1/ISIC_0028721.jpg,멜라닌세포모반,5,ham10000,train
data/HAM10000/HAM10000_images_part_2/ISIC_0033691.jpg,지루각화증,7,ham10000,train
data/HAM10000/HAM10000_images_part_1/ISIC_0029181.jpg,멜라닌세포모반,5,ham10000,train
data/HAM10000/HAM10000_images_part_1/ISIC_0028969.jpg,악성흑색종,6,ham10000,train
data/HAM10000/HAM10000_images_part_2/ISIC_0032561.jpg,멜라닌세포모반,5,ham10000,train
data/HAM10000/HAM10000_images_part_1/ISIC_0026522.jpg,광선각화증,3,ham10000,train
data/HAM10000/HAM10000_images_part_1/ISIC_0027815.jpg,지루각화증,7,ham10000,train
data/HAM10000/HAM10000_images_part_2/ISIC_0030344.jpg,광선각화증,3,ham10000,train
data/HAM10000/HAM10000_images_part_1/ISIC_0028904.jpg,멜라닌세포모반,5,ham10000,train
data/HAM10000/HAM10000_images_part_1/ISIC_0028881.jpg,지루각화증,7,ham10000,train
data/HAM10000/HAM10000_images_part_1/ISIC_0025384.jpg,멜라닌세포모반,5,ham10000,train
data/HAM10000/HAM10000_images_part_1/ISIC_0029072.jpg,멜라닌세포모반,5,ham10000,train
data/HAM10000/HAM10000_images_part_2/ISIC_0030242.jpg,광선각화증,3,ham10000,train
data/HAM10000/HAM10000_images_part_2/ISIC_0031000.jpg,지루각화증,7,ham10000,train
data/HAM10000/HAM10000_images_part_1/ISIC_0028423.jpg,멜라닌세포모반,5,ham10000,train
data/HAM10000/HAM10000_images_part_2/ISIC_0032466.jpg,악성흑색종,6,ham10000,train
data/HAM10000/HAM10000_images_part_1/ISIC_0025601.jpg,기저세포암,4,ham10000,train
data/HAM10000/HAM10000_images_part_2/ISIC_0030651.jpg,멜라닌세포모반,5,ham10000,train
data/HAM10000/HAM10000_images_part_2/ISIC_0029493.jpg,멜라닌세포모반,5,ham10000,train
data/HAM10000/HAM10000_images_part_1/ISIC_0029070.jpg,지루각화증,7,ham10000,train
data/HAM10000/HAM10000_images_part_2/ISIC_0033339.jpg,멜라닌세포모반,5,ham10000,train
data/HAM10000/HAM10000_images_part_1/ISIC_0024919.jpg,멜라닌세포모반,5,ham10000,train
data/HAM10000/HAM10000_images_part_1/ISIC_0024422.jpg,지루각화증,7,ham10000,train
data/HAM10000/HAM10000_images_part_1/ISIC_0025233.jpg,멜라닌세포모반,5,ham10000,train
data/HAM10000/HAM10000_images_part_2/ISIC_0034040.jpg,지루각화증,7,ham10000,train
data/HAM10000/HAM10000_images_part_1/ISIC_0025142.jpg,멜라닌세포모반,5,ham10000,train
data/HAM10000/HAM10000_images_part_2/ISIC_0031345.jpg,지루각화증,7,ham10000,train
data/HAM10000/HAM10000_images_part_1/ISIC_0026491.jpg,멜라닌세포모반,5,ham10000,train
data/HAM10000/HAM10000_images_part_2/ISIC_0032404.jpg,광선각화증,3,ham10000,train
data/HAM10000/HAM10000_images_part_2/ISIC_0029706.jpg,멜라닌세포모반,5,ham10000,train
data/HAM10000/HAM10000_images_part_2/ISIC_0033452.jpg,악성흑색종,6,ham10000,train
data/HAM10000/HAM10000_images_part_2/ISIC_0030758.jpg,지루각화증,7,ham10000,train
data/HAM10000/HAM10000_images_part_1/ISIC_0027311.jpg,멜라닌세포모반,5,ham10000,train
data/HAM10000/HAM10000_images_part_2/ISIC_0030274.jpg,멜라닌세포모반,5,ham10000,train
data/HAM10000/HAM10000_images_part_1/ISIC_0025267.jpg,멜라닌세포모반,5,ham10000,train
data/HAM10000/HAM10000_images_part_2/ISIC_0032422.jpg,광선각화증,3,ham10000,train
data/HAM10000/HAM10000_images_part_2/ISIC_0031565.jpg,악성흑색종,6,ham10000,train
data/HAM10000/HAM10000_images_part_1/ISIC_0026124.jpg,멜라닌세포모반,5,ham10000,train
data/HAM10000/HAM10000_images_part_1/ISIC_0024669.jpg,혈관종,10,ham10000,train
data/HAM10000/HAM10000_images_part_1/ISIC_0028074.jpg,멜라닌세포모반,5,ham10000,train
data/HAM10000/HAM10000_images_part_1/ISIC_0025099.jpg,지루각화증,7,ham10000,train
data/HAM10000/HAM10000_images_part_1/ISIC_0027872.jpg,악성흑색종,6,ham10000,train
data/HAM10000/HAM10000_images_part_2/ISIC_0032622.jpg,악성흑색종,6,ham10000,train
data/HAM10000/HAM10000_images_part_1/ISIC_0028718.jpg,악성흑색종,6,ham10000,train
data/HAM10000/HAM10000_images_part_1/ISIC_0024788.jpg,멜라닌세포모반,5,ham10000,train
data/HAM10000/HAM10000_images_part_1/ISIC_0027975.jpg,멜라닌세포모반,5,ham10000,train
data/HAM10000/HAM10000_images_part_2/ISIC_0032634.jpg,멜라닌세포모반,5,ham10000,train
data/HAM10000/HAM10000_images_part_1/ISIC_0024564.jpg,기저세포암,4,ham10000,train
data/HAM10000/HAM10000_images_part_2/ISIC_0029551.jpg,멜라닌세포모반,5,ham10000,train
data/HAM10000/HAM10000_images_part_1/ISIC_0024826.jpg,멜라닌세포모반,5,ham10000,train
data/HAM10000/HAM10000_images_part_1/ISIC_0024880.jpg,지루각화증,7,ham10000,train
data/HAM10000/HAM10000_images_part_1/ISIC_0028701.jpg,지루각화증,7,ham10000,train
data/HAM10000/HAM10000_images_part_2/ISIC_0033168.jpg,멜라닌세포모반,5,ham10000,train
data/HAM10000/HAM10000_images_part_2/ISIC_0032247.jpg,피부섬유종,9,ham10000,train
data/HAM10000/HAM10000_images_part_2/ISIC_0029604.jpg,멜라닌세포모반,5,ham10000,train
data/HAM10000/HAM10000_images_part_2/ISIC_0032963.jpg,지루각화증,7,ham10000,train
data/HAM10000/HAM10000_images_part_1/ISIC_0025127.jpg,악성흑색종,6,ham10000,train
data/HAM10000/HAM10000_images_part_2/ISIC_0030882.jpg,혈관종,10,ham10000,train
data/HAM10000/HAM10000_images_part_2/ISIC_0031706.jpg,혈관종,10,ham10000,train
data/HAM10000/HAM10000_images_part_1/ISIC_0026019.jpg,멜라닌세포모반,5,ham10000,train
data/HAM10000/HAM10000_images_part_2/ISIC_0034159.jpg,악성흑색종,6,ham10000,train
data/HAM10000/HAM10000_images_part_1/ISIC_0028276.jpg,멜라닌세포모반,5,ham10000,train
data/HAM10000/HAM10000_images_part_1/ISIC_0028675.jpg,멜라닌세포모반,5,ham10000,train
data/HAM10000/HAM10000_images_part_1/ISIC_0026576.jpg,지루각화증,7,ham10000,train
data/HAM10000/HAM10000_images_part_2/ISIC_0034009.jpg,멜라닌세포모반,5,ham10000,train
data/HAM10000/HAM10000_images_part_2/ISIC_0033110.jpg,멜라닌세포모반,5,ham10000,train
data/HAM10000/HAM10000_images_part_1/ISIC_0026703.jpg,멜라닌세포모반,5,ham10000,train
data/HAM10000/HAM10000_images_part_2/ISIC_0031489.jpg,기저세포암,4,ham10000,train
data/HAM10000/HAM10000_images_part_1/ISIC_0025389.jpg,지루각화증,7,ham10000,train
data/HAM10000/HAM10000_images_part_1/ISIC_0028833.jpg,멜라닌세포모반,5,ham10000,train
data/HAM10000/HAM10000_images_part_2/ISIC_0031470.jpg,기저세포암,4,ham10000,train
data/HAM10000/HAM10000_images_part_1/ISIC_0027000.jpg,멜라닌세포모반,5,ham10000,train
data/HAM10000/HAM10000_images_part_2/ISIC_0033416.jpg,악성흑색종,6,ham10000,train
data/HAM10000/HAM10000_images_part_1/ISIC_0025318.jpg,멜라닌세포모반,5,ham10000,train
data/HAM10000/HAM10000_images_part_2/ISIC_0031423.jpg,멜라닌세포모반,5,ham10000,train
data/HAM10000/HAM10000_images_part_2/ISIC_0033394.jpg,악성흑색종,6,ham10000,train
data/HAM10000/HAM10000_images_part_2/ISIC_0033386.jpg,멜라닌세포모반,5,ham10000,train
data/HAM10000/HAM10000_images_part_2/ISIC_0029865.jpg,멜라닌세포모반,5,ham10000,train
data/HAM10000/HAM10000_images_part_1/ISIC_0028449.jpg,지루각화증,7,ham10000,train
data/HAM10000/HAM10000_images_part_1/ISIC_0024631.jpg,멜라닌세포모반,5,ham10000,train
data/HAM10000/HAM10000_images_part_1/ISIC_0026765.jpg,광선각화증,3,ham10000,train
data/HAM10000/HAM10000_images_part_1/ISIC_0025466.jpg,지루각화증,7,ham10000,train
data/HAM10000/HAM10000_images_part_2/ISIC_0032570.jpg,지루각화증,7,ham10000,train
data/HAM10000/HAM10000_images_part_2/ISIC_0029962.jpg,피부섬유종,9,ham10000,train
data/HAM10000/HAM10000_images_part_1/ISIC_0028188.jpg,혈관종,10,ham10000,train
data/HAM10000/HAM10000_images_part_2/ISIC_0032707.jpg,멜라닌세포모반,5,ham10000,train
data/HAM10000/HAM10000_images_part_2/ISIC_0030555.jpg,피부섬유종,9,ham10000,train
data/HAM10000/HAM10000_images_part_1/ISIC_0026883.jpg,멜라닌세포모반,5,ham10000,train
data/HAM10000/HAM10000_images_part_1/ISIC_0026441.jpg,지루각화증,7,ham10000,train
data/HAM10000/HAM10000_images_part_2/ISIC_0031837.jpg,멜라닌세포모반,5,ham10000,train
data/HAM10000/HAM10000_images_part_1/ISIC_0026735.jpg,악성흑색종,6,ham10000,train
data/HAM10000/HAM10000_images_part_2/ISIC_0034033.jpg,멜라닌세포모반,5,ham10000,train
data/HAM10000/HAM10000_images_part_2/ISIC_0033328.jpg,멜라닌세포모반,5,ham10000,train
data/HAM10000/HAM10000_images_part_2/ISIC_0033878.jpg,악성흑색종,6,ham10000,train
data/HAM10000/HAM10000_images_part_2/ISIC_0032177.jpg,멜라닌세포모반,5,ham10000,train
data/HAM10000/HAM10000_images_part_2/ISIC_0029990.jpg,멜라닌세포모반,5,ham10000,train
data/HAM10000/HAM10000_images_part_2/ISIC_0029522.jpg,지루각화증,7,ham10000,train
data/HAM10000/HAM10000_images_part_1/ISIC_0027201.jpg,멜라닌세포모반,5,ham10000,train
data/HAM10000/HAM10000_images_part_1/ISIC_0027394.jpg,지루각화증,7,ham10000,train
data/HAM10000/HAM10000_images_part_1/ISIC_0025910.jpg,멜라닌세포모반,5,ham10000,train
data/HAM10000/HAM10000_images_part_2/ISIC_0030270.jpg,멜라닌세포모반,5,ham10000,train
data/HAM10000/HAM10000_images_part_2/ISIC_0031812.jpg,지루각화증,7,ham10000,train
data/HAM10000/HAM10000_images_part_2/ISIC_0029602.jpg,기저세포암,4,ham10000,train
data/HAM10000/HAM10000_images_part_1/ISIC_0024897.jpg,기저세포암,4,ham10000,train
data/HAM10000/HAM10000_images_part_1/ISIC_0027528.jpg,멜라닌세포모반,5,ham10000,train
data/HAM10000/HAM10000_images_part_1/ISIC_0027582.jpg,멜라닌세포모반,5,ham10000,train
data/HAM10000/HAM10000_images_part_1/ISIC_0024852.jpg,멜라닌세포모반,5,ham10000,train
data/HAM10000/HAM10000_images_part_2/ISIC_0030830.jpg,피부섬유종,9,ham10000,train
data/HAM10000/HAM10000_images_part_1/ISIC_0024829.jpg,기저세포암,4,ham10000,train
data/HAM10000/HAM10000_images_part_1/ISIC_0027727.jpg,피부섬유종,9,ham10000,train
data/HAM10000/HAM10000_images_part_2/ISIC_0031952.jpg,멜라닌세포모반,5,ham10000,train
data/HAM10000/HAM10000_images_part_2/ISIC_0032203.jpg,광선각화증,3,ham10000,train
data/HAM10000/HAM10000_images_part_2/ISIC_0030176.jpg,멜라닌세포모반,5,ham10000,train
data/HAM10000/HAM10000_images_part_2/ISIC_0030187.jpg,악성흑색종,6,ham10000,train
data/HAM10000/HAM10000_images_part_2/ISIC_0030752.jpg,멜라닌세포모반,5,ham10000,train
data/HAM10000/HAM10000_images_part_1/ISIC_0027804.jpg,멜라닌세포모반,5,ham10000,train
data/HAM10000/HAM10000_images_part_1/ISIC_0027192.jpg,지루각화증,7,ham10000,train
data/HAM10000/HAM10000_images_part_1/ISIC_0028607.jpg,지루각화증,7,ham10000,train
data/HAM10000/HAM10000_images_part_2/ISIC_0029736.jpg,멜라닌세포모반,5,ham10000,train
data/HAM10000/HAM10000_images_part_1/ISIC_0026471.jpg,피부섬유종,9,ham10000,train
data/HAM10000/HAM10000_images_part_2/ISIC_0030561.jpg,지루각화증,7,ham10000,train
data/HAM10000/HAM10000_images_part_2/ISIC_0030569.jpg,멜라닌세포모반,5,ham10000,train
data/HAM10000/HAM10000_images_part_1/ISIC_0029290.jpg,멜라닌세포모반,5,ham10000,train
data/HAM10000/HAM10000_images_part_1/ISIC_0025932.jpg,기저세포암,4,ham10000,train
data/HAM10000/HAM10000_images_part_1/ISIC_0028988.jpg,멜라닌세포모반,5,ham10000,train
data/HAM10000/HAM10000_images_part_2/ISIC_0030588.jpg,멜라닌세포모반,5,ham10000,train
data/HAM10000/HAM10000_images_part_2/ISIC_0033042.jpg,악성흑색종,6,ham10000,train
data/HAM10000/HAM10000_images_part_1/ISIC_0026573.jpg,멜라닌세포모반,5,ham10000,train
data/HAM10000/HAM10000_images_part_2/ISIC_0029910.jpg,멜라닌세포모반,5,ham10000,train
data/HAM10000/HAM10000_images_part_1/ISIC_0026732.jpg,멜라닌세포모반,5,ham10000,train
data/HAM10000/HAM10000_images_part_1/ISIC_0027076.jpg,악성흑색종,6,ham10000,train
data/HAM10000/HAM10000_images_part_1/ISIC_0024531.jpg,멜라닌세포모반,5,ham10000,train
data/HAM10000/HAM10000_images_part_2/ISIC_0030005.jpg,지루각화증,7,ham10000,train
data/HAM10000/HAM10000_images_part_2/ISIC_0031539.jpg,기저세포암,4,ham10000,train
data/HAM10000/HAM10000_images_part_2/ISIC_0031505.jpg,멜라닌세포모반,5,ham10000,train
data/HAM10000/HAM10000_images_part_2/ISIC_0031088.jpg,지루각화증,7,ham10000,train
data/HAM10000/HAM10000_images_part_1/ISIC_0026372.jpg,멜라닌세포모반,5,ham10000,train
data/HAM10000/HAM10000_images_part_2/ISIC_0029615.jpg,멜라닌세포모반,5,ham10000,train
data/HAM10000/HAM10000_images_part_2/ISIC_0029705.jpg,악성흑색종,6,ham10000,train
data/HAM10000/HAM10000_images_part_2/ISIC_0030859.jpg,멜라닌세포모반,5,ham10000,train
data/HAM10000/HAM10000_images_part_1/ISIC_0028918.jpg,멜라닌세포모반,5,ham10000,train
data/HAM10000/HAM10000_images_part_2/ISIC_0033008.jpg,멜라닌세포모반,5,ham10000,train
data/HAM10000/HAM10000_images_part_1/ISIC_0027266.jpg,멜라닌세포모반,5,ham10000,train
data/HAM10000/HAM10000_images_part_1/ISIC_0027880.jpg,멜라닌세포모반,5,ham10000,train
data/HAM10000/HAM10000_images_part_2/ISIC_0030173.jpg,지루각화증,7,ham10000,train
data/HAM10000/HAM10000_images_part_2/ISIC_0032789.jpg,멜라닌세포모반,5,ham10000,train
data/HAM10000/HAM10000_images_part_2/ISIC_0030346.jpg,지루각화증,7,ham10000,train
data/HAM10000/HAM10000_images_part_1/ISIC_0024892.jpg,멜라닌세포모반,5,ham10000,train
data/HAM10000/HAM10000_images_part_1/ISIC_0025589.jpg,악성흑색종,6,ham10000,train
data/HAM10000/HAM10000_images_part_2/ISIC_0033158.jpg,혈관종,10,ham10000,train
data/HAM10000/HAM10000_images_part_2/ISIC_0031438.jpg,멜라닌세포모반,5,ham10000,train
data/HAM10000/HAM10000_images_part_2/ISIC_0030191.jpg,광선각화증,3,ham10000,train
data/HAM10000/HAM10000_images_part_1/ISIC_0026873.jpg,멜라닌세포모반,5,ham10000,train
data/HAM10000/HAM10000_images_part_2/ISIC_0030374.jpg,멜라닌세포모반,5,ham10000,train
data/HAM10000/HAM10000_images_part_2/ISIC_0030525.jpg,멜라닌세포모반,5,ham10000,train
data/HAM10000/HAM10000_images_part_2/ISIC_0033523.jpg,지루각화증,7,ham10000,train
data/HAM10000/HAM10000_images_part_2/ISIC_0030679.jpg,멜라닌세포모반,5,ham10000,train
data/HAM10000/HAM10000_images_part_1/ISIC_0026556.jpg,지루각화증,7,ham10000,train
data/HAM10000/HAM10000_images_part_1/ISIC_0025611.jpg,악성흑색종,6,ham10000,train
data/HAM10000/HAM10000_images_part_1/ISIC_0026238.jpg,멜라닌세포모반,5,ham10000,train
data/HAM10000/HAM10000_images_part_1/ISIC_0025872.jpg,멜라닌세포모반,5,ham10000,train
data/HAM10000/HAM10000_images_part_2/ISIC_0030056.jpg,지루각화증,7,ham10000,train
data/HAM10000/HAM10000_images_part_2/ISIC_0031937.jpg,지루각화증,7,ham10000,train
data/HAM10000/HAM10000_images_part_2/ISIC_0034048.jpg,악성흑색종,6,ham10000,train
data/HAM10000/HAM10000_images_part_1/ISIC_0024577.jpg,멜라닌세포모반,5,ham10000,train
data/HAM10000/HAM10000_images_part_2/ISIC_0031132.jpg,지루각화증,7,ham10000,train
data/HAM10000/HAM10000_images_part_2/ISIC_0029828.jpg,멜라닌세포모반,5,ham10000,train
data/HAM10000/HAM10000_images_part_1/ISIC_0027002.jpg,멜라닌세포모반,5,ham10000,train
data/HAM10000/HAM10000_images_part_2/ISIC_0034057.jpg,지루각화증,7,ham10000,train
data/HAM10000/HAM10000_images_part_2/ISIC_0031114.jpg,멜라닌세포모반,5,ham10000,train
data/HAM10000/HAM10000_images_part_2/ISIC_0031961.jpg,지루각화증,7,ham10000,train
data/HAM10000/HAM10000_images_part_2/ISIC_0030330.jpg,멜라닌세포모반,5,ham10000,train
data/HAM10000/HAM10000_images_part_2/ISIC_0031570.jpg,광선각화증,3,ham10000,train
data/HAM10000/HAM10000_images_part_1/ISIC_0027463.jpg,지루각화증,7,ham10000,train
data/HAM10000/HAM10000_images_part_1/ISIC_0029052.jpg,피부섬유종,9,ham10000,train
data/HAM10000/HAM10000_images_part_2/ISIC_0030565.jpg,지루각화증,7,ham10000,train
data/HAM10000/HAM10000_images_part_2/ISIC_0030064.jpg,멜라닌세포모반,5,ham10000,train
data/HAM10000/HAM10000_images_part_1/ISIC_0025800.jpg,악성흑색종,6,ham10000,train
data/HAM10000/HAM10000_images_part_1/ISIC_0024545.jpg,악성흑색종,6,ham10000,train
data/HAM10000/HAM10000_images_part_1/ISIC_0024607.jpg,멜라닌세포모반,5,ham10000,train
data/HAM10000/HAM10000_images_part_1/ISIC_0027455.jpg,지루각화증,7,ham10000,train
data/HAM10000/HAM10000_images_part_2/ISIC_0031832.jpg,멜라닌세포모반,5,ham10000,train
data/HAM10000/HAM10000_images_part_1/ISIC_0029217.jpg,지루각화증,7,ham10000,train
data/HAM10000/HAM10000_images_part_1/ISIC_0025633.jpg,멜라닌세포모반,5,ham10000,train
data/HAM10000/HAM10000_images_part_1/ISIC_0025467.jpg,기저세포암,4,ham10000,train
data/HAM10000/HAM10000_images_part_1/ISIC_0028875.jpg,멜라닌세포모반,5,ham10000,train
data/HAM10000/HAM10000_images_part_1/ISIC_0027521.jpg,멜라닌세포모반,5,ham10000,train
data/HAM10000/HAM10000_images_part_2/ISIC_0033585.jpg,멜라닌세포모반,5,ham10000,train
data/HAM10000/HAM10000_images_part_2/ISIC_0032764.jpg,멜라닌세포모반,5,ham10000,train
data/HAM10000/HAM10000_images_part_2/ISIC_0031718.jpg,악성흑색종,6,ham10000,train
data/HAM10000/HAM10000_images_part_1/ISIC_0025564.jpg,기저세포암,4,ham10000,train
data/HAM10000/HAM10000_images_part_2/ISIC_0030799.jpg,멜라닌세포모반,5,ham10000,train
data/HAM10000/HAM10000_images_part_2/ISIC_0029306.jpg,멜라닌세포모반,5,ham10000,train
data/HAM10000/HAM10000_images_part_2/ISIC_0032022.jpg,기저세포암,4,ham10000,train
data/HAM10000/HAM10000_images_part_1/ISIC_0027659.jpg,악성흑색종,6,ham10000,train
data/HAM10000/HAM10000_images_part_2/ISIC_0031550.jpg,악성흑색종,6,ham10000,train
data/HAM10000/HAM10000_images_part_1/ISIC_0024877.jpg,지루각화증,7,ham10000,train
data/HAM10000/HAM10000_images_part_1/ISIC_0027906.jpg,멜라닌세포모반,5,ham10000,train
data/HAM10000/HAM10000_images_part_1/ISIC_0026693.jpg,혈관종,10,ham10000,train
data/HAM10000/HAM10000_images_part_2/ISIC_0030465.jpg,지루각화증,7,ham10000,train
data/HAM10000/HAM10000_images_part_1/ISIC_0028219.jpg,악성흑색종,6,ham10000,train
data/HAM10000/HAM10000_images_part_1/ISIC_0025331.jpg,광선각화증,3,ham10000,train
data/HAM10000/HAM10000_images_part_2/ISIC_0030988.jpg,지루각화증,7,ham10000,train
data/HAM10000/HAM10000_images_part_1/ISIC_0024486.jpg,멜라닌세포모반,5,ham10000,train
data/HAM10000/HAM10000_images_part_1/ISIC_0024430.jpg,멜라닌세포모반,5,ham10000,train
data/HAM10000/HAM10000_images_part_1/ISIC_0027081.jpg,멜라닌세포모반,5,ham10000,train
data/HAM10000/HAM10000_images_part_2/ISIC_0030757.jpg,피부섬유종,9,ham10000,train
data/HAM10000/HAM10000_images_part_2/ISIC_0029634.jpg,광선각화증,3,ham10000,train
data/HAM10000/HAM10000_images_part_2/ISIC_0031070.jpg,멜라닌세포모반,5,ham10000,train
data/HAM10000/HAM10000_images_part_1/ISIC_0026995.jpg,기저세포암,4,ham10000,train
data/HAM10000/HAM10000_images_part_2/ISIC_0031632.jpg,멜라닌세포모반,5,ham10000,train
data/HAM10000/HAM10000_images_part_1/ISIC_0025432.jpg,멜라닌세포모반,5,ham10000,train
data/HAM10000/HAM10000_images_part_1/ISIC_0024375.jpg,혈관종,10,ham10000,train
data/HAM10000/HAM10000_images_part_1/ISIC_0028237.jpg,지루각화증,7,ham10000,train
data/HAM10000/HAM10000_images_part_2/ISIC_0033959.jpg,멜라닌세포모반,5,ham10000,train
data/HAM10000/HAM10000_images_part_2/ISIC_0033031.jpg,혈관종,10,ham10000,train
data/HAM10000/HAM10000_images_part_2/ISIC_0034042.jpg,멜라닌세포모반,5,ham10000,train
data/HAM10000/HAM10000_images_part_1/ISIC_0025285.jpg,기저세포암,4,ham10000,train
data/HAM10000/HAM10000_images_part_2/ISIC_0030678.jpg,멜라닌세포모반,5,ham10000,train
data/HAM10000/HAM10000_images_part_1/ISIC_0025937.jpg,지루각화증,7,ham10000,train
data/HAM10000/HAM10000_images_part_1/ISIC_0024721.jpg,멜라닌세포모반,5,ham10000,train
data/HAM10000/HAM10000_images_part_1/ISIC_0025053.jpg,멜라닌세포모반,5,ham10000,train
data/HAM10000/HAM10000_images_part_1/ISIC_0027337.jpg,기저세포암,4,ham10000,train
data/HAM10000/HAM10000_images_part_1/ISIC_0028035.jpg,기저세포암,4,ham10000,train
data/HAM10000/HAM10000_images_part_1/ISIC_0025359.jpg,멜라닌세포모반,5,ham10000,train
data/HAM10000/HAM10000_images_part_2/ISIC_0033068.jpg,악성흑색종,6,ham10000,train
data/HAM10000/HAM10000_images_part_1/ISIC_0029187.jpg,멜라닌세포모반,5,ham10000,train
data/HAM10000/HAM10000_images_part_2/ISIC_0029575.jpg,악성흑색종,6,ham10000,train
data/HAM10000/HAM10000_images_part_2/ISIC_0031310.jpg,악성흑색종,6,ham10000,train
data/HAM10000/HAM10000_images_part_2/ISIC_0033343.jpg,멜라닌세포모반,5,ham10000,train
data/HAM10000/HAM10000_images_part_1/ISIC_0025174.jpg,멜라닌세포모반,5,ham10000,train
data/HAM10000/HAM10000_images_part_1/ISIC_0026530.jpg,지루각화증,7,ham10000,train
data/HAM10000/HAM10000_images_part_1/ISIC_0028415.jpg,악성흑색종,6,ham10000,train
data/HAM10000/HAM10000_images_part_2/ISIC_0029462.jpg,광선각화증,3,ham10000,train
data/HAM10000/HAM10000_images_part_1/ISIC_0025994.jpg,멜라닌세포모반,5,ham10000,train
data/HAM10000/HAM10000_images_part_1/ISIC_0025694.jpg,멜라닌세포모반,5,ham10000,train
data/HAM10000/HAM10000_images_part_1/ISIC_0024905.jpg,멜라닌세포모반,5,ham10000,train
data/HAM10000/HAM10000_images_part_1/ISIC_0027702.jpg,악성흑색종,6,ham10000,train
data/HAM10000/HAM10000_images_part_1/ISIC_0026728.jpg,지루각화증,7,ham10000,train
data/HAM10000/HAM10000_images_part_2/ISIC_0033047.jpg,악성흑색종,6,ham10000,train
data/HAM10000/HAM10000_images_part_2/ISIC_0032456.jpg,지루각화증,7,ham10000,train
data/HAM10000/HAM10000_images_part_2/ISIC_0030891.jpg,멜라닌세포모반,5,ham10000,train
data/HAM10000/HAM10000_images_part_1/ISIC_0025163.jpg,멜라닌세포모반,5,ham10000,train
data/HAM10000/HAM10000_images_part_1/ISIC_0026716.jpg,기저세포암,4,ham10000,train
data/HAM10000/HAM10000_images_part_1/ISIC_0028145.jpg,멜라닌세포모반,5,ham10000,train
data/HAM10000/HAM10000_images_part_2/ISIC_0032347.jpg,멜라닌세포모반,5,ham10000,train
data/HAM10000/HAM10000_images_part_2/ISIC_0029755.jpg,기저세포암,4,ham10000,train
data/HAM10000/HAM10000_images_part_1/ISIC_0025033.jpg,지루각화증,7,ham10000,train
data/HAM10000/HAM10000_images_part_2/ISIC_0030324.jpg,악성흑색종,6,ham10000,train
data/HAM10000/HAM10000_images_part_1/ISIC_0025081.jpg,악성흑색종,6,ham10000,train
data/HAM10000/HAM10000_images_part_2/ISIC_0032727.jpg,기저세포암,4,ham10000,train
data/HAM10000/HAM10000_images_part_2/ISIC_0030876.jpg,지루각화증,7,ham10000,train
data/HAM10000/HAM10000_images_part_1/ISIC_0025581.jpg,멜라닌세포모반,5,ham10000,train
data/HAM10000/HAM10000_images_part_1/ISIC_0027219.jpg,지루각화증,7,ham10000,train
data/HAM10000/HAM10000_images_part_1/ISIC_0026329.jpg,멜라닌세포모반,5,ham10000,train
data/HAM10000/HAM10000_images_part_2/ISIC_0029409.jpg,멜라닌세포모반,5,ham10000,train
data/HAM10000/HAM10000_images_part_2/ISIC_0032076.jpg,혈관종,10,ham10000,train
data/HAM10000/HAM10000_images_part_1/ISIC_0028460.jpg,악성흑색종,6,ham10000,train
data/HAM10000/HAM10000_images_part_1/ISIC_0024373.jpg,멜라닌세포모반,5,ham10000,train
data/HAM10000/HAM10000_images_part_2/ISIC_0033539.jpg,지루각화증,7,ham10000,train
data/HAM10000/HAM10000_images_part_1/ISIC_0029013.jpg,악성흑색종,6,ham10000,train
data/HAM10000/HAM10000_images_part_2/ISIC_0029682.jpg,지루각화증,7,ham10000,train
data/HAM10000/HAM10000_images_part_2/ISIC_0033213.jpg,멜라닌세포모반,5,ham10000,train
data/HAM10000/HAM10000_images_part_2/ISIC_0032192.jpg,악성흑색종,6,ham10000,train
data/HAM10000/HAM10000_images_part_1/ISIC_0026055.jpg,멜라닌세포모반,5,ham10000,train
data/HAM10000/HAM10000_images_part_2/ISIC_0031468.jpg,지루각화증,7,ham10000,train
data/HAM10000/HAM10000_images_part_1/ISIC_0024330.jpg,피부섬유종,9,ham10000,train
data/HAM10000/HAM10000_images_part_1/ISIC_0026669.jpg,멜라닌세포모반,5,ham10000,train
data/HAM10000/HAM10000_images_part_1/ISIC_0027843.jpg,멜라닌세포모반,5,ham10000,train
data/HAM10000/HAM10000_images_part_1/ISIC_0028697.jpg,멜라닌세포모반,5,ham10000,train
data/HAM10000/HAM10000_images_part_1/ISIC_0028742.jpg,멜라닌세포모반,5,ham10000,train
data/HAM10000/HAM10000_images_part_2/ISIC_0033560.jpg,악성흑색종,6,ham10000,train
data/HAM10000/HAM10000_images_part_2/ISIC_0032557.jpg,혈관종,10,ham10000,train
data/HAM10000/HAM10000_images_part_1/ISIC_0027159.jpg,혈관종,10,ham10000,train
data/HAM10000/HAM10000_images_part_2/ISIC_0034031.jpg,지루각화증,7,ham10000,train
data/HAM10000/HAM10000_images_part_1/ISIC_0027725.jpg,멜라닌세포모반,5,ham10000,train
data/HAM10000/HAM10000_images_part_1/ISIC_0029305.jpg,멜라닌세포모반,5,ham10000,train
data/HAM10000/HAM10000_images_part_1/ISIC_0028377.jpg,멜라닌세포모반,5,ham10000,train
data/HAM10000/HAM10000_images_part_1/ISIC_0027346.jpg,멜라닌세포모반,5,ham10000,train
data/HAM10000/HAM10000_images_part_2/ISIC_0033862.jpg,멜라닌세포모반,5,ham10000,train
data/HAM10000/HAM10000_images_part_2/ISIC_0030463.jpg,광선각화증,3,ham10000,train
data/HAM10000/HAM10000_images_part_2/ISIC_0033611.jpg,악성흑색종,6,ham10000,train
data/HAM10000/HAM10000_images_part_2/ISIC_0032616.jpg,멜라닌세포모반,5,ham10000,train
data/HAM10000/HAM10000_images_part_2/ISIC_0030590.jpg,멜라닌세포모반,5,ham10000,train
data/HAM10000/HAM10000_images_part_2/ISIC_0029925.jpg,멜라닌세포모반,5,ham10000,train
data/HAM10000/HAM10000_images_part_1/ISIC_0028634.jpg,멜라닌세포모반,5,ham10000,train
data/HAM10000/HAM10000_images_part_2/ISIC_0030223.jpg,악성흑색종,6,ham10000,train
data/HAM10000/HAM10000_images_part_1/ISIC_0027326.jpg,지루각화증,7,ham10000,train
data/HAM10000/HAM10000_images_part_2/ISIC_0031456.jpg,멜라닌세포모반,5,ham10000,train
data/HAM10000/HAM10000_images_part_1/ISIC_0029272.jpg,악성흑색종,6,ham10000,train
data/HAM10000/HAM10000_images_part_2/ISIC_0033082.jpg,멜라닌세포모반,5,ham10000,train
data/HAM10000/HAM10000_images_part_2/ISIC_0031061.jpg,지루각화증,7,ham10000,train
data/HAM10000/HAM10000_images_part_1/ISIC_0026089.jpg,악성흑색종,6,ham10000,train
data/HAM10000/HAM10000_images_part_2/ISIC_0031154.jpg,기저세포암,4,ham10000,train
data/HAM10000/HAM10000_images_part_2/ISIC_0033208.jpg,멜라닌세포모반,5,ham10000,train
data/HAM10000/HAM10000_images_part_2/ISIC_0032359.jpg,지루각화증,7,ham10000,train
data/HAM10000/HAM10000_images_part_2/ISIC_0031896.jpg,멜라닌세포모반,5,ham10000,train
data/HAM10000/HAM10000_images_part_1/ISIC_0025640.jpg,멜라닌세포모반,5,ham10000,train
data/HAM10000/HAM10000_images_part_1/ISIC_0028608.jpg,멜라닌세포모반,5,ham10000,train
data/HAM10000/HAM10000_images_part_2/ISIC_0032498.jpg,지루각화증,7,ham10000,train
data/HAM10000/HAM10000_images_part_1/ISIC_0028102.jpg,멜라닌세포모반,5,ham10000,train
data/HAM10000/HAM10000_images_part_2/ISIC_0030207.jpg,지루각화증,7,ham10000,train
data/HAM10000/HAM10000_images_part_2/ISIC_0032482.jpg,기저세포암,4,ham10000,train
data/HAM10000/HAM10000_images_part_1/ISIC_0028103.jpg,악성흑색종,6,ham10000,train
data/HAM10000/HAM10000_images_part_2/ISIC_0031450.jpg,기저세포암,4,ham10000,train
data/HAM10000/HAM10000_images_part_1/ISIC_0025393.jpg,멜라닌세포모반,5,ham10000,train
data/HAM10000/HAM10000_images_part_1/ISIC_0026843.jpg,지루각화증,7,ham10000,train
data/HAM10000/HAM10000_images_part_1/ISIC_0025172.jpg,멜라닌세포모반,5,ham10000,train
data/HAM10000/HAM10000_images_part_2/ISIC_0029722.jpg,멜라닌세포모반,5,ham10000,train
data/HAM10000/HAM10000_images_part_1/ISIC_0025504.jpg,피부섬유종,9,ham10000,train
data/HAM10000/HAM10000_images_part_2/ISIC_0031031.jpg,멜라닌세포모반,5,ham10000,train
data/HAM10000/HAM10000_images_part_1/ISIC_0025895.jpg,멜라닌세포모반,5,ham10000,train
data/HAM10000/HAM10000_images_part_1/ISIC_0025153.jpg,악성흑색종,6,ham10000,train
data/HAM10000/HAM10000_images_part_2/ISIC_0031346.jpg,혈관종,10,ham10000,train
data/HAM10000/HAM10000_images_part_2/ISIC_0033330.jpg,멜라닌세포모반,5,ham10000,train
data/HAM10000/HAM10000_images_part_1/ISIC_0026502.jpg,멜라닌세포모반,5,ham10000,train
data/HAM10000/HAM10000_images_part_2/ISIC_0033636.jpg,악성흑색종,6,ham10000,train
data/HAM10000/HAM10000_images_part_2/ISIC_0034006.jpg,악성흑색종,6,ham10000,train
data/HAM10000/HAM10000_images_part_2/ISIC_0032719.jpg,지루각화증,7,ham10000,train
data/HAM10000/HAM10000_images_part_1/ISIC_0028592.jpg,멜라닌세포모반,5,ham10000,train
data/HAM10000/HAM10000_images_part_1/ISIC_0024571.jpg,악성흑색종,6,ham10000,train
data/HAM10000/HAM10000_images_part_2/ISIC_0030044.jpg,멜라닌세포모반,5,ham10000,train
data/HAM10000/HAM10000_images_part_2/ISIC_0030325.jpg,멜라닌세포모반,5,ham10000,train
data/HAM10000/HAM10000_images_part_1/ISIC_0025771.jpg,피부섬유종,9,ham10000,train
data/HAM10000/HAM10000_images_part_1/ISIC_0024958.jpg,악성흑색종,6,ham10000,train
data/HAM10000/HAM10000_images_part_1/ISIC_0028120.jpg,지루각화증,7,ham10000,train
data/HAM10000/HAM10000_images_part_2/ISIC_0029362.jpg,광선각화증,3,ham10000,train
data/HAM10000/HAM10000_images_part_2/ISIC_0030995.jpg,악성흑색종,6,ham10000,train
data/HAM10000/HAM10000_images_part_2/ISIC_0033696.jpg,악성흑색종,6,ham10000,train
data/HAM10000/HAM10000_images_part_2/ISIC_0030579.jpg,피부섬유종,9,ham10000,train
data/HAM10000/HAM10000_images_part_1/ISIC_0024369.jpg,멜라닌세포모반,5,ham10000,train
data/HAM10000/HAM10000_images_part_1/ISIC_0027641.jpg,멜라닌세포모반,5,ham10000,train
data/HAM10000/HAM10000_images_part_1/ISIC_0024306.jpg,멜라닌세포모반,5,ham10000,train
data/HAM10000/HAM10000_images_part_1/ISIC_0028805.jpg,멜라닌세포모반,5,ham10000,train
data/HAM10000/HAM10000_images_part_2/ISIC_0031908.jpg,악성흑색종,6,ham10000,train
data/HAM10000/HAM10000_images_part_1/ISIC_0026121.jpg,멜라닌세포모반,5,ham10000,train
data/HAM10000/HAM10000_images_part_1/ISIC_0026281.jpg,악성흑색종,6,ham10000,train
data/HAM10000/HAM10000_images_part_1/ISIC_0028877.jpg,기저세포암,4,ham10000,train
data/HAM10000/HAM10000_images_part_1/ISIC_0026061.jpg,멜라닌세포모반,5,ham10000,train
data/HAM10000/HAM10000_images_part_1/ISIC_0026475.jpg,악성흑색종,6,ham10000,train
data/HAM10000/HAM10000_images_part_1/ISIC_0028422.jpg,멜라닌세포모반,5,ham10000,train
data/HAM10000/HAM10000_images_part_2/ISIC_0029470.jpg,멜라닌세포모반,5,ham10000,train
data/HAM10000/HAM10000_images_part_1/ISIC_0027958.jpg,광선각화증,3,ham10000,train
data/HAM10000/HAM10000_images_part_1/ISIC_0026644.jpg,지루각화증,7,ham10000,train
data/HAM10000/HAM10000_images_part_2/ISIC_0031100.jpg,멜라닌세포모반,5,ham10000,train
data/HAM10000/HAM10000_images_part_1/ISIC_0025625.jpg,멜라닌세포모반,5,ham10000,train
data/HAM10000/HAM10000_images_part_2/ISIC_0033462.jpg,멜라닌세포모반,5,ham10000,train
data/HAM10000/HAM10000_images_part_1/ISIC_0026219.jpg,지루각화증,7,ham10000,train
data/HAM10000/HAM10000_images_part_2/ISIC_0031350.jpg,악성흑색종,6,ham10000,train
data/HAM10000/HAM10000_images_part_2/ISIC_0034280.jpg,지루각화증,7,ham10000,train
data/HAM10000/HAM10000_images_part_2/ISIC_0030142.jpg,광선각화증,3,ham10000,train
data/HAM10000/HAM10000_images_part_1/ISIC_0028512.jpg,악성흑색종,6,ham10000,train
data/HAM10000/HAM10000_images_part_2/ISIC_0032209.jpg,멜라닌세포모반,5,ham10000,train
data/HAM10000/HAM10000_images_part_2/ISIC_0033447.jpg,멜라닌세포모반,5,ham10000,train
data/HAM10000/HAM10000_images_part_1/ISIC_0026458.jpg,악성흑색종,6,ham10000,train
data/HAM10000/HAM10000_images_part_2/ISIC_0034101.jpg,악성흑색종,6,ham10000,train
data/HAM10000/HAM10000_images_part_1/ISIC_0025130.jpg,광선각화증,3,ham10000,train
data/HAM10000/HAM10000_images_part_2/ISIC_0033626.jpg,피부섬유종,9,ham10000,train
data/HAM10000/HAM10000_images_part_2/ISIC_0034130.jpg,멜라닌세포모반,5,ham10000,train
data/HAM10000/HAM10000_images_part_2/ISIC_0030777.jpg,멜라닌세포모반,5,ham10000,train
data/HAM10000/HAM10000_images_part_1/ISIC_0027863.jpg,악성흑색종,6,ham10000,train
data/HAM10000/HAM10000_images_part_2/ISIC_0029897.jpg,지루각화증,7,ham10000,train
data/HAM10000/HAM10000_images_part_2/ISIC_0034141.jpg,악성흑색종,6,ham10000,train
data/HAM10000/HAM10000_images_part_1/ISIC_0028314.jpg,광선각화증,3,ham10000,train
data/HAM10000/HAM10000_images_part_1/ISIC_0028462.jpg,멜라닌세포모반,5,ham10000,train
data/HAM10000/HAM10000_images_part_1/ISIC_0026273.jpg,지루각화증,7,ham10000,train
data/HAM10000/HAM10000_images_part_2/ISIC_0031874.jpg,광선각화증,3,ham10000,train
data/HAM10000/HAM10000_images_part_1/ISIC_0026117.jpg,기저세포암,4,ham10000,train
data/HAM10000/HAM10000_images_part_2/ISIC_0033252.jpg,지루각화증,7,ham10000,train
data/HAM10000/HAM10000_images_part_1/ISIC_0024654.jpg,광선각화증,3,ham10000,train
data/HAM10000/HAM10000_images_part_1/ISIC_0027824.jpg,멜라닌세포모반,5,ham10000,train
data/HAM10000/HAM10000_images_part_2/ISIC_0031479.jpg,악성흑색종,6,ham10000,train
data/HAM10000/HAM10000_images_part_2/ISIC_0029974.jpg,기저세포암,4,ham10000,train
data/HAM10000/HAM10000_images_part_2/ISIC_0031024.jpg,지루각화증,7,ham10000,train
data/HAM10000/HAM10000_images_part_1/ISIC_0025933.jpg,멜라닌세포모반,5,ham10000,train
data/HAM10000/HAM10000_images_part_1/ISIC_0027693.jpg,악성흑색종,6,ham10000,train
data/HAM10000/HAM10000_images_part_1/ISIC_0028209.jpg,지루각화증,7,ham10000,train
data/HAM10000/HAM10000_images_part_2/ISIC_0034214.jpg,혈관종,10,ham10000,train
data/HAM10000/HAM10000_images_part_1/ISIC_0028285.jpg,악성흑색종,6,ham10000,train
data/HAM10000/HAM10000_images_part_2/ISIC_0032908.jpg,멜라닌세포모반,5,ham10000,train
data/HAM10000/HAM10000_images_part_2/ISIC_0033666.jpg,기저세포암,4,ham10000,train
data/HAM10000/HAM10000_images_part_1/ISIC_0027503.jpg,멜라닌세포모반,5,ham10000,train
data/HAM10000/HAM10000_images_part_1/ISIC_0024760.jpg,지루각화증,7,ham10000,train
data/HAM10000/HAM10000_images_part_1/ISIC_0024489.jpg,지루각화증,7,ham10000,train
data/HAM10000/HAM10000_images_part_2/ISIC_0030526.jpg,기저세포암,4,ham10000,train
data/HAM10000/HAM10000_images_part_1/ISIC_0027655.jpg,멜라닌세포모반,5,ham10000,train
data/HAM10000/HAM10000_images_part_1/ISIC_0025576.jpg,기저세포암,4,ham10000,train
data/HAM10000/HAM10000_images_part_2/ISIC_0032489.jpg,멜라닌세포모반,5,ham10000,train
data/HAM10000/HAM10000_images_part_1/ISIC_0025035.jpg,악성흑색종,6,ham10000,train
data/HAM10000/HAM10000_images_part_1/ISIC_0026140.jpg,멜라닌세포모반,5,ham10000,train
data/HAM10000/HAM10000_images_part_1/ISIC_0029031.jpg,지루각화증,7,ham10000,train
data/HAM10000/HAM10000_images_part_1/ISIC_0026239.jpg,악성흑색종,6,ham10000,train
data/HAM10000/HAM10000_images_part_2/ISIC_0032649.jpg,멜라닌세포모반,5,ham10000,train
data/HAM10000/HAM10000_images_part_2/ISIC_0034045.jpg,멜라닌세포모반,5,ham10000,train
data/HAM10000/HAM10000_images_part_1/ISIC_0025430.jpg,멜라닌세포모반,5,ham10000,train
data/HAM10000/HAM10000_images_part_1/ISIC_0028520.jpg,악성흑색종,6,ham10000,train
data/HAM10000/HAM10000_images_part_1/ISIC_0026518.jpg,멜라닌세포모반,5,ham10000,train
data/HAM10000/HAM10000_images_part_2/ISIC_0033716.jpg,지루각화증,7,ham10000,train
data/HAM10000/HAM10000_images_part_1/ISIC_0025105.jpg,악성흑색종,6,ham10000,train
data/HAM10000/HAM10000_images_part_1/ISIC_0028251.jpg,멜라닌세포모반,5,ham10000,train
data/HAM10000/HAM10000_images_part_2/ISIC_0031287.jpg,지루각화증,7,ham10000,train
data/HAM10000/HAM10000_images_part_1/ISIC_0028774.jpg,지루각화증,7,ham10000,train
data/HAM10000/HAM10000_images_part_1/ISIC_0025711.jpg,기저세포암,4,ham10000,train
data/HAM10000/HAM10000_images_part_2/ISIC_0029954.jpg,멜라닌세포모반,5,ham10000,train
data/HAM10000/HAM10000_images_part_2/ISIC_0033198.jpg,악성흑색종,6,ham10000,train
data/HAM10000/HAM10000_images_part_2/ISIC_0031648.jpg,혈관종,10,ham10000,train
data/HAM10000/HAM10000_images_part_2/ISIC_0033184.jpg,지루각화증,7,ham10000,train
data/HAM10000/HAM10000_images_part_1/ISIC_0024911.jpg,악성흑색종,6,ham10000,train
data/HAM10000/HAM10000_images_part_1/ISIC_0028517.jpg,광선각화증,3,ham10000,train
data/HAM10000/HAM10000_images_part_2/ISIC_0031372.jpg,피부섬유종,9,ham10000,train
data/HAM10000/HAM10000_images_part_1/ISIC_0025428.jpg,멜라닌세포모반,5,ham10000,train
data/HAM10000/HAM10000_images_part_2/ISIC_0032110.jpg,악성흑색종,6,ham10000,train
data/HAM10000/HAM10000_images_part_1/ISIC_0027651.jpg,악성흑색종,6,ham10000,train
data/HAM10000/HAM10000_images_part_1/ISIC_0024761.jpg,지루각화증,7,ham10000,train
data/HAM10000/HAM10000_images_part_1/ISIC_0028159.jpg,멜라닌세포모반,5,ham10000,train
data/HAM10000/HAM10000_images_part_1/ISIC_0024691.jpg,멜라닌세포모반,5,ham10000,train
data/HAM10000/HAM10000_images_part_2/ISIC_0031300.jpg,멜라닌세포모반,5,ham10000,train
data/HAM10000/HAM10000_images_part_2/ISIC_0031364.jpg,멜라닌세포모반,5,ham10000,train
data/HAM10000/HAM10000_images_part_1/ISIC_0027980.jpg,멜라닌세포모반,5,ham10000,train
data/HAM10000/HAM10000_images_part_1/ISIC_0025818.jpg,기저세포암,4,ham10000,train
data/HAM10000/HAM10000_images_part_2/ISIC_0032432.jpg,멜라닌세포모반,5,ham10000,train
data/HAM10000/HAM10000_images_part_2/ISIC_0030107.jpg,악성흑색종,6,ham10000,train
data/HAM10000/HAM10000_images_part_1/ISIC_0028950.jpg,멜라닌세포모반,5,ham10000,train
data/HAM10000/HAM10000_images_part_1/ISIC_0029301.jpg,지루각화증,7,ham10000,train
data/HAM10000/HAM10000_images_part_2/ISIC_0034306.jpg,기저세포암,4,ham10000,train
data/HAM10000/HAM10000_images_part_2/ISIC_0033446.jpg,지루각화증,7,ham10000,train
data/HAM10000/HAM10000_images_part_2/ISIC_0031972.jpg,악성흑색종,6,ham10000,train
data/HAM10000/HAM10000_images_part_1/ISIC_0025175.jpg,멜라닌세포모반,5,ham10000,train
data/HAM10000/HAM10000_images_part_1/ISIC_0029202.jpg,지루각화증,7,ham10000,train
data/HAM10000/HAM10000_images_part_2/ISIC_0031799.jpg,피부섬유종,9,ham10000,train
data/HAM10000/HAM10000_images_part_1/ISIC_0028130.jpg,멜라닌세포모반,5,ham10000,train
data/HAM10000/HAM10000_images_part_2/ISIC_0030010.jpg,기저세포암,4,ham10000,train
data/HAM10000/HAM10000_images_part_1/ISIC_0025596.jpg,혈관종,10,ham10000,train
data/HAM10000/HAM10000_images_part_1/ISIC_0024994.jpg,피부섬유종,9,ham10000,train
data/HAM10000/HAM10000_images_part_1/ISIC_0028324.jpg,멜라닌세포모반,5,ham10000,train
data/HAM10000/HAM10000_images_part_1/ISIC_0026321.jpg,기저세포암,4,ham10000,train
data/HAM10000/HAM10000_images_part_2/ISIC_0031732.jpg,멜라닌세포모반,5,ham10000,train
data/HAM10000/HAM10000_images_part_2/ISIC_0030106.jpg,악성흑색종,6,ham10000,train
data/HAM10000/HAM10000_images_part_1/ISIC_0026118.jpg,기저세포암,4,ham10000,train
data/HAM10000/HAM10000_images_part_1/ISIC_0024893.jpg,지루각화증,7,ham10000,train
data/HAM10000/HAM10000_images_part_1/ISIC_0026790.jpg,지루각화증,7,ham10000,train
data/HAM10000/HAM10000_images_part_2/ISIC_0030517.jpg,멜라닌세포모반,5,ham10000,train
data/HAM10000/HAM10000_images_part_1/ISIC_0026367.jpg,멜라닌세포모반,5,ham10000,train
data/HAM10000/HAM10000_images_part_1/ISIC_0027064.jpg,지루각화증,7,ham10000,train
data/HAM10000/HAM10000_images_part_2/ISIC_0031521.jpg,멜라닌세포모반,5,ham10000,train
data/HAM10000/HAM10000_images_part_1/ISIC_0028173.jpg,악성흑색종,6,ham10000,train
data/HAM10000/HAM10000_images_part_1/ISIC_0026087.jpg,멜라닌세포모반,5,ham10000,train
data/HAM10000/HAM10000_images_part_2/ISIC_0032573.jpg,멜라닌세포모반,5,ham10000,train
data/HAM10000/HAM10000_images_part_1/ISIC_0025333.jpg,멜라닌세포모반,5,ham10000,train
data/HAM10000/HAM10000_images_part_1/ISIC_0025376.jpg,지루각화증,7,ham10000,train
data/HAM10000/HAM10000_images_part_1/ISIC_0025184.jpg,멜라닌세포모반,5,ham10000,train
data/HAM10000/HAM10000_images_part_2/ISIC_0029999.jpg,멜라닌세포모반,5,ham10000,train
data/HAM10000/HAM10000_images_part_2/ISIC_0030768.jpg,지루각화증,7,ham10000,train
data/HAM10000/HAM10000_images_part_2/ISIC_0031854.jpg,멜라닌세포모반,5,ham10000,train
data/HAM10000/HAM10000_images_part_2/ISIC_0033483.jpg,기저세포암,4,ham10000,train
data/HAM10000/HAM10000_images_part_1/ISIC_0029012.jpg,지루각화증,7,ham10000,train
data/HAM10000/HAM10000_images_part_2/ISIC_0031130.jpg,지루각화증,7,ham10000,train
data/HAM10000/HAM10000_images_part_2/ISIC_0029717.jpg,멜라닌세포모반,5,ham10000,train
data/HAM10000/HAM10000_images_part_2/ISIC_0032692.jpg,혈관종,10,ham10000,train
data/HAM10000/HAM10000_images_part_1/ISIC_0025823.jpg,멜라닌세포모반,5,ham10000,train
data/HAM10000/HAM10000_images_part_1/ISIC_0028650.jpg,지루각화증,7,ham10000,train
data/HAM10000/HAM10000_images_part_1/ISIC_0028177.jpg,멜라닌세포모반,5,ham10000,train
data/HAM10000/HAM10000_images_part_2/ISIC_0030473.jpg,멜라닌세포모반,5,ham10000,train
data/HAM10000/HAM10000_images_part_2/ISIC_0033400.jpg,지루각화증,7,ham10000,train
data/HAM10000/HAM10000_images_part_2/ISIC_0033107.jpg,멜라닌세포모반,5,ham10000,train
data/HAM10000/HAM10000_images_part_2/ISIC_0034160.jpg,기저세포암,4,ham10000,train
data/HAM10000/HAM10000_images_part_2/ISIC_0032569.jpg,악성흑색종,6,ham10000,train
data/HAM10000/HAM10000_images_part_1/ISIC_0028099.jpg,멜라닌세포모반,5,ham10000,train
data/HAM10000/HAM10000_images_part_1/ISIC_0025716.jpg,지루각화증,7,ham10000,train
data/HAM10000/HAM10000_images_part_2/ISIC_0029905.jpg,멜라닌세포모반,5,ham10000,train
data/HAM10000/HAM10000_images_part_1/ISIC_0028591.jpg,멜라닌세포모반,5,ham10000,train
data/HAM10000/HAM10000_images_part_2/ISIC_0032891.jpg,멜라닌세포모반,5,ham10000,train
data/HAM10000/HAM10000_images_part_2/ISIC_0034099.jpg,멜라닌세포모반,5,ham10000,train
data/HAM10000/HAM10000_images_part_1/ISIC_0029118.jpg,멜라닌세포모반,5,ham10000,train
data/HAM10000/HAM10000_images_part_1/ISIC_0024428.jpg,멜라닌세포모반,5,ham10000,train
data/HAM10000/HAM10000_images_part_1/ISIC_0028057.jpg,멜라닌세포모반,5,ham10000,train
data/HAM10000/HAM10000_images_part_2/ISIC_0033273.jpg,멜라닌세포모반,5,ham10000,train
data/HAM10000/HAM10000_images_part_1/ISIC_0027885.jpg,멜라닌세포모반,5,ham10000,train
data/HAM10000/HAM10000_images_part_1/ISIC_0027364.jpg,멜라닌세포모반,5,ham10000,train
data/HAM10000/HAM10000_images_part_1/ISIC_0024536.jpg,멜라닌세포모반,5,ham10000,train
data/HAM10000/HAM10000_images_part_1/ISIC_0025391.jpg,악성흑색종,6,ham10000,train
data/HAM10000/HAM10000_images_part_2/ISIC_0033127.jpg,지루각화증,7,ham10000,train
data/HAM10000/HAM10000_images_part_2/ISIC_0031695.jpg,멜라닌세포모반,5,ham10000,train
data/HAM10000/HAM10000_images_part_2/ISIC_0029341.jpg,기저세포암,4,ham10000,train
data/HAM10000/HAM10000_images_part_1/ISIC_0026358.jpg,멜라닌세포모반,5,ham10000,train
data/HAM10000/HAM10000_images_part_1/ISIC_0027903.jpg,혈관종,10,ham10000,train
data/HAM10000/HAM10000_images_part_2/ISIC_0032538.jpg,혈관종,10,ham10000,train
data/HAM10000/HAM10000_images_part_2/ISIC_0030235.jpg,멜라닌세포모반,5,ham10000,train
data/HAM10000/HAM10000_images_part_2/ISIC_0033886.jpg,악성흑색종,6,ham10000,train
data/HAM10000/HAM10000_images_part_1/ISIC_0027334.jpg,광선각화증,3,ham10000,train
data/HAM10000/HAM10000_images_part_1/ISIC_0026066.jpg,멜라닌세포모반,5,ham10000,train
data/HAM10000/HAM10000_images_part_2/ISIC_0033022.jpg,지루각화증,7,ham10000,train
data/HAM10000/HAM10000_images_part_1/ISIC_0029060.jpg,지루각화증,7,ham10000,train
data/HAM10000/HAM10000_images_part_2/ISIC_0033387.jpg,악성흑색종,6,ham10000,train
data/HAM10000/HAM10000_images_part_1/ISIC_0027811.jpg,지루각화증,7,ham10000,train
data/HAM10000/HAM10000_images_part_1/ISIC_0025207.jpg,멜라닌세포모반,5,ham10000,train
data/HAM10000/HAM10000_images_part_1/ISIC_0024532.jpg,멜라닌세포모반,5,ham10000,train
data/HAM10000/HAM10000_images_part_1/ISIC_0028494.jpg,멜라닌세포모반,5,ham10000,train
data/HAM10000/HAM10000_images_part_2/ISIC_0029687.jpg,지루각화증,7,ham10000,train
data/HAM10000/HAM10000_images_part_1/ISIC_0026303.jpg,멜라닌세포모반,5,ham10000,train
data/HAM10000/HAM10000_images_part_2/ISIC_0032024.jpg,지루각화증,7,ham10000,train
data/HAM10000/HAM10000_images_part_2/ISIC_0029831.jpg,기저세포암,4,ham10000,train
data/HAM10000/HAM10000_images_part_1/ISIC_0027601.jpg,기저세포암,4,ham10000,train
data/HAM10000/HAM10000_images_part_2/ISIC_0030231.jpg,지루각화증,7,ham10000,train
data/HAM10000/HAM10000_images_part_1/ISIC_0024311.jpg,멜라닌세포모반,5,ham10000,train
data/HAM10000/HAM10000_images_part_1/ISIC_0028687.jpg,기저세포암,4,ham10000,train
data/HAM10000/HAM10000_images_part_1/ISIC_0028897.jpg,악성흑색종,6,ham10000,train
data/HAM10000/HAM10000_images_part_1/ISIC_0024696.jpg,지루각화증,7,ham10000,train
data/HAM10000/HAM10000_images_part_2/ISIC_0030277.jpg,악성흑색종,6,ham10000,train
data/HAM10000/HAM10000_images_part_2/ISIC_0030268.jpg,멜라닌세포모반,5,ham10000,train
data/HAM10000/HAM10000_images_part_2/ISIC_0034296.jpg,지루각화증,7,ham10000,train
data/HAM10000/HAM10000_images_part_2/ISIC_0033476.jpg,악성흑색종,6,ham10000,train
data/HAM10000/HAM10000_images_part_2/ISIC_0029912.jpg,지루각화증,7,ham10000,train
data/HAM10000/HAM10000_images_part_2/ISIC_0031564.jpg,멜라닌세포모반,5,ham10000,train
data/HAM10000/HAM10000_images_part_2/ISIC_0034240.jpg,멜라닌세포모반,5,ham10000,train
data/HAM10000/HAM10000_images_part_2/ISIC_0032726.jpg,악성흑색종,6,ham10000,train
data/HAM10000/HAM10000_images_part_1/ISIC_0025195.jpg,악성흑색종,6,ham10000,train
data/HAM10000/HAM10000_images_part_2/ISIC_0033591.jpg,혈관종,10,ham10000,train
data/HAM10000/HAM10000_images_part_2/ISIC_0030636.jpg,지루각화증,7,ham10000,train
data/HAM10000/HAM10000_images_part_2/ISIC_0029586.jpg,멜라닌세포모반,5,ham10000,train
data/HAM10000/HAM10000_images_part_1/ISIC_0026775.jpg,지루각화증,7,ham10000,train
data/HAM10000/HAM10000_images_part_2/ISIC_0032112.jpg,멜라닌세포모반,5,ham10000,train
data/HAM10000/HAM10000_images_part_2/ISIC_0033505.jpg,지루각화증,7,ham10000,train
data/HAM10000/HAM10000_images_part_1/ISIC_0026824.jpg,멜라닌세포모반,5,ham10000,train
data/HAM10000/HAM10000_images_part_2/ISIC_0031034.jpg,악성흑색종,6,ham10000,train
data/HAM10000/HAM10000_images_part_1/ISIC_0027989.jpg,지루각화증,7,ham10000,train
data/HAM10000/HAM10000_images_part_1/ISIC_0025617.jpg,기저세포암,4,ham10000,train
data/HAM10000/HAM10000_images_part_1/ISIC_0027470.jpg,지루각화증,7,ham10000,train
data/HAM10000/HAM10000_images_part_2/ISIC_0034104.jpg,악성흑색종,6,ham10000,train
data/HAM10000/HAM10000_images_part_2/ISIC_0033883.jpg,악성흑색종,6,ham10000,train
data/HAM10000/HAM10000_images_part_1/ISIC_0027130.jpg,악성흑색종,6,ham10000,train
data/HAM10000/HAM10000_images_part_2/ISIC_0031938.jpg,멜라닌세포모반,5,ham10000,train
data/HAM10000/HAM10000_images_part_1/ISIC_0025793.jpg,기저세포암,4,ham10000,train
data/HAM10000/HAM10000_images_part_2/ISIC_0029609.jpg,멜라닌세포모반,5,ham10000,train
data/HAM10000/HAM10000_images_part_2/ISIC_0032618.jpg,지루각화증,7,ham10000,train
data/HAM10000/HAM10000_images_part_2/ISIC_0032332.jpg,멜라닌세포모반,5,ham10000,train
data/HAM10000/HAM10000_images_part_1/ISIC_0025322.jpg,기저세포암,4,ham10000,train
data/HAM10000/HAM10000_images_part_1/ISIC_0027147.jpg,멜라닌세포모반,5,ham10000,train
data/HAM10000/HAM10000_images_part_1/ISIC_0026369.jpg,악성흑색종,6,ham10000,train
data/HAM10000/HAM10000_images_part_1/ISIC_0026950.jpg,악성흑색종,6,ham10000,train
data/HAM10000/HAM10000_images_part_2/ISIC_0032759.jpg,멜라닌세포모반,5,ham10000,train
data/HAM10000/HAM10000_images_part_2/ISIC_0033346.jpg,멜라닌세포모반,5,ham10000,train
data/HAM10000/HAM10000_images_part_1/ISIC_0024323.jpg,악성흑색종,6,ham10000,train
data/HAM10000/HAM10000_images_part_1/ISIC_0027471.jpg,멜라닌세포모반,5,ham10000,train
data/HAM10000/HAM10000_images_part_2/ISIC_0031795.jpg,악성흑색종,6,ham10000,train
data/HAM10000/HAM10000_images_part_1/ISIC_0029126.jpg,지루각화증,7,ham10000,train
data/HAM10000/HAM10000_images_part_2/ISIC_0033676.jpg,지루각화증,7,ham10000,train
data/HAM10000/HAM10000_images_part_1/ISIC_0025649.jpg,멜라닌세포모반,5,ham10000,train
data/HAM10000/HAM10000_images_part_2/ISIC_0031670.jpg,악성흑색종,6,ham10000,train
data/HAM10000/HAM10000_images_part_2/ISIC_0033730.jpg,악성흑색종,6,ham10000,train
data/HAM10000/HAM10000_images_part_2/ISIC_0031623.jpg,멜라닌세포모반,5,ham10000,train
data/HAM10000/HAM10000_images_part_1/ISIC_0029025.jpg,광선각화증,3,ham10000,train
data/HAM10000/HAM10000_images_part_2/ISIC_0029541.jpg,광선각화증,3,ham10000,train
data/HAM10000/HAM10000_images_part_1/ISIC_0025851.jpg,지루각화증,7,ham10000,train
data/HAM10000/HAM10000_images_part_2/ISIC_0033781.jpg,멜라닌세포모반,5,ham10000,train
data/HAM10000/HAM10000_images_part_1/ISIC_0028034.jpg,멜라닌세포모반,5,ham10000,train
data/HAM10000/HAM10000_images_part_2/ISIC_0032369.jpg,멜라닌세포모반,5,ham10000,train
data/HAM10000/HAM10000_images_part_2/ISIC_0030656.jpg,멜라닌세포모반,5,ham10000,train
data/HAM10000/HAM10000_images_part_2/ISIC_0033675.jpg,피부섬유종,9,ham10000,train
data/HAM10000/HAM10000_images_part_2/ISIC_0031861.jpg,멜라닌세포모반,5,ham10000,train
data/HAM10000/HAM10000_images_part_1/ISIC_0025407.jpg,멜라닌세포모반,5,ham10000,train
data/HAM10000/HAM10000_images_part_2/ISIC_0033123.jpg,혈관종,10,ham10000,train
data/HAM10000/HAM10000_images_part_1/ISIC_0026722.jpg,멜라닌세포모반,5,ham10000,train
data/HAM10000/HAM10000_images_part_1/ISIC_0029163.jpg,악성흑색종,6,ham10000,train
data/HAM10000/HAM10000_images_part_1/ISIC_0027749.jpg,멜라닌세포모반,5,ham10000,train
data/HAM10000/HAM10000_images_part_1/ISIC_0025083.jpg,지루각화증,7,ham10000,train
data/HAM10000/HAM10000_images_part_2/ISIC_0030801.jpg,지루각화증,7,ham10000,train
data/HAM10000/HAM10000_images_part_2/ISIC_0030795.jpg,악성흑색종,6,ham10000,train
data/HAM10000/HAM10000_images_part_1/ISIC_0026767.jpg,멜라닌세포모반,5,ham10000,train
data/HAM10000/HAM10000_images_part_1/ISIC_0027767.jpg,광선각화증,3,ham10000,train
data/HAM10000/HAM10000_images_part_1/ISIC_0029139.jpg,지루각화증,7,ham10000,train
data/HAM10000/HAM10000_images_part_1/ISIC_0025627.jpg,지루각화증,7,ham10000,train
data/HAM10000/HAM10000_images_part_1/ISIC_0026100.jpg,광선각화증,3,ham10000,train
data/HAM10000/HAM10000_images_part_2/ISIC_0033444.jpg,악성흑색종,6,ham10000,train
data/HAM10000/HAM10000_images_part_2/ISIC_0033973.jpg,지루각화증,7,ham10000,train
data/HAM10000/HAM10000_images_part_1/ISIC_0028157.jpg,멜라닌세포모반,5,ham10000,train
data/HAM10000/HAM10000_images_part_1/ISIC_0026334.jpg,멜라닌세포모반,5,ham10000,train
data/HAM10000/HAM10000_images_part_1/ISIC_0026503.jpg,멜라닌세포모반,5,ham10000,train
data/HAM10000/HAM10000_images_part_1/ISIC_0028946.jpg,멜라닌세포모반,5,ham10000,train
data/HAM10000/HAM10000_images_part_2/ISIC_0030604.jpg,악성흑색종,6,ham10000,train
data/HAM10000/HAM10000_images_part_2/ISIC_0033806.jpg,악성흑색종,6,ham10000,train
data/HAM10000/HAM10000_images_part_2/ISIC_0030459.jpg,지루각화증,7,ham10000,train
data/HAM10000/HAM10000_images_part_2/ISIC_0029676.jpg,지루각화증,7,ham10000,train
data/HAM10000/HAM10000_images_part_2/ISIC_0030339.jpg,기저세포암,4,ham10000,train
data/HAM10000/HAM10000_images_part_2/ISIC_0031824.jpg,기저세포암,4,ham10000,train
data/HAM10000/HAM10000_images_part_1/ISIC_0027263.jpg,악성흑색종,6,ham10000,train
data/HAM10000/HAM10000_images_part_2/ISIC_0029660.jpg,악성흑색종,6,ham10000,train
data/HAM10000/HAM10000_images_part_2/ISIC_0032127.jpg,멜라닌세포모반,5,ham10000,train
data/HAM10000/HAM10000_images_part_1/ISIC_0025700.jpg,기저세포암,4,ham10000,train
data/HAM10000/HAM10000_images_part_2/ISIC_0031763.jpg,멜라닌세포모반,5,ham10000,train
data/HAM10000/HAM10000_images_part_2/ISIC_0033873.jpg,멜라닌세포모반,5,ham10000,train
data/HAM10000/HAM10000_images_part_2/ISIC_0029505.jpg,지루각화증,7,ham10000,train
data/HAM10000/HAM10000_images_part_1/ISIC_0024970.jpg,지루각화증,7,ham10000,train
data/HAM10000/HAM10000_images_part_1/ISIC_0028242.jpg,멜라닌세포모반,5,ham10000,train
data/HAM10000/HAM10000_images_part_2/ISIC_0030956.jpg,혈관종,10,ham10000,train
data/HAM10000/HAM10000_images_part_1/ISIC_0026780.jpg,멜라닌세포모반,5,ham10000,train
data/HAM10000/HAM10000_images_part_1/ISIC_0028489.jpg,악성흑색종,6,ham10000,train
data/HAM10000/HAM10000_images_part_1/ISIC_0027855.jpg,멜라닌세포모반,5,ham10000,train
data/HAM10000/HAM10000_images_part_1/ISIC_0027969.jpg,지루각화증,7,ham10000,train
data/HAM10000/HAM10000_images_part_1/ISIC_0024800.jpg,광선각화증,3,ham10000,train
data/HAM10000/HAM10000_images_part_1/ISIC_0025061.jpg,멜라닌세포모반,5,ham10000,train
data/HAM10000/HAM10000_images_part_2/ISIC_0033546.jpg,악성흑색종,6,ham10000,train
data/HAM10000/HAM10000_images_part_1/ISIC_0024475.jpg,혈관종,10,ham10000,train
data/HAM10000/HAM10000_images_part_1/ISIC_0028109.jpg,악성흑색종,6,ham10000,train
data/HAM10000/HAM10000_images_part_2/ISIC_0034236.jpg,악성흑색종,6,ham10000,train
data/HAM10000/HAM10000_images_part_2/ISIC_0030446.jpg,기저세포암,4,ham10000,train
data/HAM10000/HAM10000_images_part_2/ISIC_0030160.jpg,지루각화증,7,ham10000,train
data/HAM10000/HAM10000_images_part_1/ISIC_0026322.jpg,멜라닌세포모반,5,ham10000,train
data/HAM10000/HAM10000_images_part_2/ISIC_0033012.jpg,기저세포암,4,ham10000,train
data/HAM10000/HAM10000_images_part_2/ISIC_0033828.jpg,지루각화증,7,ham10000,train
data/HAM10000/HAM10000_images_part_1/ISIC_0026237.jpg,멜라닌세포모반,5,ham10000,train
data/HAM10000/HAM10000_images_part_1/ISIC_0025974.jpg,멜라닌세포모반,5,ham10000,train
data/HAM10000/HAM10000_images_part_2/ISIC_0033601.jpg,지루각화증,7,ham10000,train
data/HAM10000/HAM10000_images_part_2/ISIC_0031909.jpg,멜라닌세포모반,5,ham10000,train
data/HAM10000/HAM10000_images_part_2/ISIC_0030964.jpg,기저세포암,4,ham10000,train
data/HAM10000/HAM10000_images_part_2/ISIC_0032043.jpg,지루각화증,7,ham10000,train
data/HAM10000/HAM10000_images_part_1/ISIC_0026744.jpg,지루각화증,7,ham10000,train
data/HAM10000/HAM10000_images_part_2/ISIC_0033571.jpg,기저세포암,4,ham10000,train
data/HAM10000/HAM10000_images_part_2/ISIC_0033795.jpg,멜라닌세포모반,5,ham10000,train
data/HAM10000/HAM10000_images_part_1/ISIC_0024706.jpg,혈관종,10,ham10000,train
data/HAM10000/HAM10000_images_part_2/ISIC_0033695.jpg,피부섬유종,9,ham10000,train
data/HAM10000/HAM10000_images_part_2/ISIC_0033598.jpg,멜라닌세포모반,5,ham10000,train
data/HAM10000/HAM10000_images_part_2/ISIC_0030175.jpg,광선각화증,3,ham10000,train
data/HAM10000/HAM10000_images_part_2/ISIC_0032241.jpg,멜라닌세포모반,5,ham10000,train
data/HAM10000/HAM10000_images_part_2/ISIC_0032449.jpg,멜라닌세포모반,5,ham10000,train
data/HAM10000/HAM10000_images_part_1/ISIC_0025038.jpg,지루각화증,7,ham10000,train
data/HAM10000/HAM10000_images_part_1/ISIC_0027368.jpg,멜라닌세포모반,5,ham10000,train
data/HAM10000/HAM10000_images_part_2/ISIC_0030262.jpg,멜라닌세포모반,5,ham10000,train
data/HAM10000/HAM10000_images_part_1/ISIC_0027905.jpg,지루각화증,7,ham10000,train
data/HAM10000/HAM10000_images_part_1/ISIC_0027608.jpg,지루각화증,7,ham10000,train
data/HAM10000/HAM10000_images_part_1/ISIC_0028733.jpg,멜라닌세포모반,5,ham10000,train
data/HAM10000/HAM10000_images_part_2/ISIC_0034168.jpg,지루각화증,7,ham10000,train
data/HAM10000/HAM10000_images_part_1/ISIC_0025864.jpg,멜라닌세포모반,5,ham10000,train
data/HAM10000/HAM10000_images_part_2/ISIC_0032069.jpg,멜라닌세포모반,5,ham10000,train
data/HAM10000/HAM10000_images_part_1/ISIC_0027875.jpg,지루각화증,7,ham10000,train
data/HAM10000/HAM10000_images_part_2/ISIC_0032911.jpg,멜라닌세포모반,5,ham10000,train
data/HAM10000/HAM10000_images_part_1/ISIC_0025073.jpg,멜라닌세포모반,5,ham10000,train
data/HAM10000/HAM10000_images_part_1/ISIC_0027908.jpg,멜라닌세포모반,5,ham10000,train
data/HAM10000/HAM10000_images_part_1/ISIC_0025474.jpg,멜라닌세포모반,5,ham10000,train
data/HAM10000/HAM10000_images_part_2/ISIC_0029635.jpg,멜라닌세포모반,5,ham10000,train
data/HAM10000/HAM10000_images_part_1/ISIC_0025422.jpg,멜라닌세포모반,5,ham10000,train
data/HAM10000/HAM10000_images_part_1/ISIC_0028089.jpg,멜라닌세포모반,5,ham10000,train
data/HAM10000/HAM10000_images_part_2/ISIC_0033710.jpg,악성흑색종,6,ham10000,train
data/HAM10000/HAM10000_images_part_1/ISIC_0027146.jpg,기저세포암,4,ham10000,train
data/HAM10000/HAM10000_images_part_2/ISIC_0031062.jpg,기저세포암,4,ham10000,train
data/HAM10000/HAM10000_images_part_1/ISIC_0024390.jpg,멜라닌세포모반,5,ham10000,train
data/HAM10000/HAM10000_images_part_1/ISIC_0028773.jpg,악성흑색종,6,ham10000,train
data/HAM10000/HAM10000_images_part_2/ISIC_0032869.jpg,악성흑색종,6,ham10000,train
data/HAM10000/HAM10000_images_part_1/ISIC_0027898.jpg,멜라닌세포모반,5,ham10000,train
data/HAM10000/HAM10000_images_part_1/ISIC_0028201.jpg,지루각화증,7,ham10000,train
data/HAM10000/HAM10000_images_part_1/ISIC_0027267.jpg,멜라닌세포모반,5,ham10000,train
data/HAM10000/HAM10000_images_part_1/ISIC_0026631.jpg,지루각화증,7,ham10000,train
data/HAM10000/HAM10000_images_part_1/ISIC_0029140.jpg,멜라닌세포모반,5,ham10000,train
data/HAM10000/HAM10000_images_part_2/ISIC_0030303.jpg,멜라닌세포모반,5,ham10000,train
data/HAM10000/HAM10000_images_part_1/ISIC_0025562.jpg,멜라닌세포모반,5,ham10000,train
data/HAM10000/HAM10000_images_part_2/ISIC_0031556.jpg,지루각화증,7,ham10000,train
data/HAM10000/HAM10000_images_part_1/ISIC_0025242.jpg,멜라닌세포모반,5,ham10000,train
data/HAM10000/HAM10000_images_part_2/ISIC_0030800.jpg,기저세포암,4,ham10000,train
data/HAM10000/HAM10000_images_part_2/ISIC_0029579.jpg,멜라닌세포모반,5,ham10000,train
data/HAM10000/HAM10000_images_part_1/ISIC_0028492.jpg,멜라닌세포모반,5,ham10000,train
data/HAM10000/HAM10000_images_part_2/ISIC_0031032.jpg,멜라닌세포모반,5,ham10000,train
data/HAM10000/HAM10000_images_part_1/ISIC_0025123.jpg,멜라닌세포모반,5,ham10000,train
data/HAM10000/HAM10000_images_part_1/ISIC_0027435.jpg,지루각화증,7,ham10000,train
data/HAM10000/HAM10000_images_part_2/ISIC_0034022.jpg,악성흑색종,6,ham10000,train
data/HAM10000/HAM10000_images_part_2/ISIC_0029313.jpg,멜라닌세포모반,5,ham10000,train
data/HAM10000/HAM10000_images_part_1/ISIC_0029091.jpg,멜라닌세포모반,5,ham10000,train
data/HAM10000/HAM10000_images_part_2/ISIC_0031531.jpg,기저세포암,4,ham10000,train
data/HAM10000/HAM10000_images_part_1/ISIC_0027917.jpg,멜라닌세포모반,5,ham10000,train
data/HAM10000/HAM10000_images_part_1/ISIC_0027216.jpg,피부섬유종,9,ham10000,train
data/HAM10000/HAM10000_images_part_2/ISIC_0029630.jpg,악성흑색종,6,ham10000,train
data/HAM10000/HAM10000_images_part_2/ISIC_0031125.jpg,지루각화증,7,ham10000,train
data/HAM10000/HAM10000_images_part_1/ISIC_0024523.jpg,멜라닌세포모반,5,ham10000,train
data/HAM10000/HAM10000_images_part_2/ISIC_0029834.jpg,멜라닌세포모반,5,ham10000,train
data/HAM10000/HAM10000_images_part_1/ISIC_0024403.jpg,기저세포암,4,ham10000,train
data/HAM10000/HAM10000_images_part_1/ISIC_0029153.jpg,멜라닌세포모반,5,ham10000,train
data/HAM10000/HAM10000_images_part_2/ISIC_0029460.jpg,광선각화증,3,ham10000,train
data/HAM10000/HAM10000_images_part_2/ISIC_0031102.jpg,멜라닌세포모반,5,ham10000,train
data/HAM10000/HAM10000_images_part_2/ISIC_0029482.jpg,멜라닌세포모반,5,ham10000,train
data/HAM10000/HAM10000_images_part_1/ISIC_0024993.jpg,멜라닌세포모반,5,ham10000,train
data/HAM10000/HAM10000_images_part_2/ISIC_0032290.jpg,기저세포암,4,ham10000,train
data/HAM10000/HAM10000_images_part_2/ISIC_0032560.jpg,멜라닌세포모반,5,ham10000,train
data/HAM10000/HAM10000_images_part_2/ISIC_0031435.jpg,멜라닌세포모반,5,ham10000,train
data/HAM10000/HAM10000_images_part_1/ISIC_0026755.jpg,멜라닌세포모반,5,ham10000,train
data/HAM10000/HAM10000_images_part_2/ISIC_0030975.jpg,멜라닌세포모반,5,ham10000,train
data/HAM10000/HAM10000_images_part_1/ISIC_0026988.jpg,기저세포암,4,ham10000,train
data/HAM10000/HAM10000_images_part_2/ISIC_0030775.jpg,멜라닌세포모반,5,ham10000,train
data/HAM10000/HAM10000_images_part_1/ISIC_0027057.jpg,기저세포암,4,ham10000,train
data/HAM10000/HAM10000_images_part_2/ISIC_0032474.jpg,멜라닌세포모반,5,ham10000,train
data/HAM10000/HAM10000_images_part_2/ISIC_0033487.jpg,악성흑색종,6,ham10000,train
data/HAM10000/HAM10000_images_part_2/ISIC_0032511.jpg,악성흑색종,6,ham10000,train
data/HAM10000/HAM10000_images_part_2/ISIC_0033488.jpg,지루각화증,7,ham10000,train
data/HAM10000/HAM10000_images_part_1/ISIC_0029201.jpg,기저세포암,4,ham10000,train
data/HAM10000/HAM10000_images_part_1/ISIC_0027488.jpg,피부섬유종,9,ham10000,train
data/HAM10000/HAM10000_images_part_2/ISIC_0031009.jpg,기저세포암,4,ham10000,train
data/HAM10000/HAM10000_images_part_1/ISIC_0025414.jpg,악성흑색종,6,ham10000,train
data/HAM10000/HAM10000_images_part_2/ISIC_0032135.jpg,광선각화증,3,ham10000,train
data/HAM10000/HAM10000_images_part_2/ISIC_0031823.jpg,광선각화증,3,ham10000,train
data/HAM10000/HAM10000_images_part_2/ISIC_0030751.jpg,멜라닌세포모반,5,ham10000,train
data/HAM10000/HAM10000_images_part_2/ISIC_0033141.jpg,악성흑색종,6,ham10000,train
data/HAM10000/HAM10000_images_part_1/ISIC_0025906.jpg,지루각화증,7,ham10000,train
data/HAM10000/HAM10000_images_part_2/ISIC_0031212.jpg,지루각화증,7,ham10000,train
data/HAM10000/HAM10000_images_part_1/ISIC_0027713.jpg,지루각화증,7,ham10000,train
data/HAM10000/HAM10000_images_part_2/ISIC_0032075.jpg,멜라닌세포모반,5,ham10000,train
data/HAM10000/HAM10000_images_part_1/ISIC_0026694.jpg,악성흑색종,6,ham10000,train
data/HAM10000/HAM10000_images_part_1/ISIC_0028916.jpg,악성흑색종,6,ham10000,train
data/HAM10000/HAM10000_images_part_1/ISIC_0025246.jpg,멜라닌세포모반,5,ham10000,train
data/HAM10000/HAM10000_images_part_2/ISIC_0030714.jpg,광선각화증,3,ham10000,train
data/HAM10000/HAM10000_images_part_1/ISIC_0026707.jpg,멜라닌세포모반,5,ham10000,train
data/HAM10000/HAM10000_images_part_2/ISIC_0029675.jpg,멜라닌세포모반,5,ham10000,train
data/HAM10000/HAM10000_images_part_1/ISIC_0028327.jpg,멜라닌세포모반,5,ham10000,train
data/HAM10000/HAM10000_images_part_1/ISIC_0028275.jpg,멜라닌세포모반,5,ham10000,train
data/HAM10000/HAM10000_images_part_2/ISIC_0030245.jpg,광선각화증,3,ham10000,train
data/HAM10000/HAM10000_images_part_2/ISIC_0033025.jpg,멜라닌세포모반,5,ham10000,train
data/HAM10000/HAM10000_images_part_2/ISIC_0029391.jpg,기저세포암,4,ham10000,train
data/HAM10000/HAM10000_images_part_1/ISIC_0025913.jpg,멜라닌세포모반,5,ham10000,train
data/HAM10000/HAM10000_images_part_2/ISIC_0031610.jpg,멜라닌세포모반,5,ham10000,train
data/HAM10000/HAM10000_images_part_1/ISIC_0024729.jpg,악성흑색종,6,ham10000,train
data/HAM10000/HAM10000_images_part_1/ISIC_0024482.jpg,악성흑색종,6,ham10000,train
data/HAM10000/HAM10000_images_part_2/ISIC_0031339.jpg,악성흑색종,6,ham10000,train
data/HAM10000/HAM10000_images_part_1/ISIC_0026351.jpg,지루각화증,7,ham10000,train
data/HAM10000/HAM10000_images_part_2/ISIC_0030507.jpg,악성흑색종,6,ham10000,train
data/HAM10000/HAM10000_images_part_1/ISIC_0028514.jpg,멜라닌세포모반,5,ham10000,train
data/HAM10000/HAM10000_images_part_2/ISIC_0029563.jpg,광선각화증,3,ham10000,train
data/HAM10000/HAM10000_images_part_1/ISIC_0027254.jpg,광선각화증,3,ham10000,train
data/HAM10000/HAM10000_images_part_1/ISIC_0025194.jpg,멜라닌세포모반,5,ham10000,train
data/HAM10000/HAM10000_images_part_1/ISIC_0027129.jpg,멜라닌세포모반,5,ham10000,train
data/HAM10000/HAM10000_images_part_1/ISIC_0028580.jpg,멜라닌세포모반,5,ham10000,train
data/HAM10000/HAM10000_images_part_2/ISIC_0031709.jpg,악성흑색종,6,ham10000,train
data/HAM10000/HAM10000_images_part_2/ISIC_0033866.jpg,광선각화증,3,ham10000,train
data/HAM10000/HAM10000_images_part_2/ISIC_0032225.jpg,기저세포암,4,ham10000,train
data/HAM10000/HAM10000_images_part_2/ISIC_0032643.jpg,지루각화증,7,ham10000,train
data/HAM10000/HAM10000_images_part_2/ISIC_0031305.jpg,멜라닌세포모반,5,ham10000,train
data/HAM10000/HAM10000_images_part_1/ISIC_0024594.jpg,멜라닌세포모반,5,ham10000,train
data/HAM10000/HAM10000_images_part_1/ISIC_0028497.jpg,지루각화증,7,ham10000,train
data/HAM10000/HAM10000_images_part_1/ISIC_0026268.jpg,악성흑색종,6,ham10000,train
data/HAM10000/HAM10000_images_part_1/ISIC_0025674.jpg,악성흑색종,6,ham10000,train
data/HAM10000/HAM10000_images_part_1/ISIC_0024440.jpg,멜라닌세포모반,5,ham10000,train
data/HAM10000/HAM10000_images_part_2/ISIC_0032632.jpg,멜라닌세포모반,5,ham10000,train
data/HAM10000/HAM10000_images_part_1/ISIC_0027084.jpg,광선각화증,3,ham10000,train
data/HAM10000/HAM10000_images_part_1/ISIC_0026091.jpg,기저세포암,4,ham10000,train
data/HAM10000/HAM10000_images_part_2/ISIC_0030132.jpg,멜라닌세포모반,5,ham10000,train
data/HAM10000/HAM10000_images_part_2/ISIC_0030836.jpg,멜라닌세포모반,5,ham10000,train
data/HAM10000/HAM10000_images_part_2/ISIC_0034315.jpg,지루각화증,7,ham10000,train
data/HAM10000/HAM10000_images_part_2/ISIC_0034285.jpg,멜라닌세포모반,5,ham10000,train
data/HAM10000/HAM10000_images_part_1/ISIC_0028481.jpg,악성흑색종,6,ham10000,train
data/HAM10000/HAM10000_images_part_1/ISIC_0028200.jpg,지루각화증,7,ham10000,train
data/HAM10000/HAM10000_images_part_1/ISIC_0027562.jpg,광선각화증,3,ham10000,train
data/HAM10000/HAM10000_images_part_2/ISIC_0032003.jpg,멜라닌세포모반,5,ham10000,train
data/HAM10000/HAM10000_images_part_2/ISIC_0031746.jpg,악성흑색종,6,ham10000,train
data/HAM10000/HAM10000_images_part_1/ISIC_0028308.jpg,지루각화증,7,ham10000,train
data/HAM10000/HAM10000_images_part_2/ISIC_0031027.jpg,멜라닌세포모반,5,ham10000,train
data/HAM10000/HAM10000_images_part_2/ISIC_0030847.jpg,멜라닌세포모반,5,ham10000,train
data/HAM10000/HAM10000_images_part_1/ISIC_0025865.jpg,멜라닌세포모반,5,ham10000,train
data/HAM10000/HAM10000_images_part_1/ISIC_0026855.jpg,기저세포암,4,ham10000,train
data/HAM10000/HAM10000_images_part_2/ISIC_0031499.jpg,악성흑색종,6,ham10000,train
data/HAM10000/HAM10000_images_part_2/ISIC_0032675.jpg,지루각화증,7,ham10000,train
data/HAM10000/HAM10000_images_part_2/ISIC_0030840.jpg,멜라닌세포모반,5,ham10000,train
data/HAM10000/HAM10000_images_part_2/ISIC_0033664.jpg,멜라닌세포모반,5,ham10000,train
data/HAM10000/HAM10000_images_part_2/ISIC_0032929.jpg,지루각화증,7,ham10000,train
data/HAM10000/HAM10000_images_part_2/ISIC_0031229.jpg,멜라닌세포모반,5,ham10000,train
data/HAM10000/HAM10000_images_part_2/ISIC_0033561.jpg,멜라닌세포모반,5,ham10000,train
data/HAM10000/HAM10000_images_part_1/ISIC_0028412.jpg,악성흑색종,6,ham10000,train
data/HAM10000/HAM10000_images_part_1/ISIC_0025235.jpg,악성흑색종,6,ham10000,train
data/HAM10000/HAM10000_images_part_2/ISIC_0031133.jpg,지루각화증,7,ham10000,train
data/HAM10000/HAM10000_images_part_1/ISIC_0027220.jpg,멜라닌세포모반,5,ham10000,train
data/HAM10000/HAM10000_images_part_2/ISIC_0032745.jpg,혈관종,10,ham10000,train
data/HAM10000/HAM10000_images_part_1/ISIC_0024743.jpg,기저세포암,4,ham10000,train
data/HAM10000/HAM10000_images_part_1/ISIC_0026160.jpg,멜라닌세포모반,5,ham10000,train
data/HAM10000/HAM10000_images_part_1/ISIC_0028122.jpg,기저세포암,4,ham10000,train
data/HAM10000/HAM10000_images_part_1/ISIC_0026787.jpg,지루각화증,7,ham10000,train
data/HAM10000/HAM10000_images_part_1/ISIC_0025499.jpg,멜라닌세포모반,5,ham10000,train
data/HAM10000/HAM10000_images_part_2/ISIC_0033377.jpg,악성흑색종,6,ham10000,train
data/HAM10000/HAM10000_images_part_2/ISIC_0031494.jpg,악성흑색종,6,ham10000,train
data/HAM10000/HAM10000_images_part_1/ISIC_0028871.jpg,기저세포암,4,ham10000,train
data/HAM10000/HAM10000_images_part_1/ISIC_0026430.jpg,악성흑색종,6,ham10000,train
data/HAM10000/HAM10000_images_part_1/ISIC_0024470.jpg,광선각화증,3,ham10000,train
data/HAM10000/HAM10000_images_part_1/ISIC_0028891.jpg,멜라닌세포모반,5,ham10000,train
data/HAM10000/HAM10000_images_part_1/ISIC_0028005.jpg,멜라닌세포모반,5,ham10000,train
data/HAM10000/HAM10000_images_part_2/ISIC_0029744.jpg,악성흑색종,6,ham10000,train
data/HAM10000/HAM10000_images_part_1/ISIC_0026500.jpg,악성흑색종,6,ham10000,train
data/HAM10000/HAM10000_images_part_1/ISIC_0024872.jpg,멜라닌세포모반,5,ham10000,train
data/HAM10000/HAM10000_images_part_2/ISIC_0030123.jpg,지루각화증,7,ham10000,train
data/HAM10000/HAM10000_images_part_1/ISIC_0025990.jpg,멜라닌세포모반,5,ham10000,train
data/HAM10000/HAM10000_images_part_1/ISIC_0029080.jpg,지루각화증,7,ham10000,train
data/HAM10000/HAM10000_images_part_2/ISIC_0030154.jpg,멜라닌세포모반,5,ham10000,train
data/HAM10000/HAM10000_images_part_1/ISIC_0024509.jpg,멜라닌세포모반,5,ham10000,train
data/HAM10000/HAM10000_images_part_1/ISIC_0027232.jpg,멜라닌세포모반,5,ham10000,train
data/HAM10000/HAM10000_images_part_2/ISIC_0031919.jpg,멜라닌세포모반,5,ham10000,train
data/HAM10000/HAM10000_images_part_2/ISIC_0033988.jpg,멜라닌세포모반,5,ham10000,train
data/HAM10000/HAM10000_images_part_1/ISIC_0026326.jpg,멜라닌세포모반,5,ham10000,train
data/HAM10000/HAM10000_images_part_1/ISIC_0028465.jpg,악성흑색종,6,ham10000,train
data/HAM10000/HAM10000_images_part_1/ISIC_0024998.jpg,멜라닌세포모반,5,ham10000,train
data/HAM10000/HAM10000_images_part_2/ISIC_0032682.jpg,멜라닌세포모반,5,ham10000,train
data/HAM10000/HAM10000_images_part_2/ISIC_0031025.jpg,악성흑색종,6,ham10000,train
data/HAM10000/HAM10000_images_part_1/ISIC_0028066.jpg,멜라닌세포모반,5,ham10000,train
data/HAM10000/HAM10000_images_part_2/ISIC_0033272.jpg,악성흑색종,6,ham10000,train
data/HAM10000/HAM10000_images_part_1/ISIC_0027504.jpg,지루각화증,7,ham10000,train
data/HAM10000/HAM10000_images_part_2/ISIC_0030360.jpg,악성흑색종,6,ham10000,train
data/HAM10000/HAM10000_images_part_2/ISIC_0029442.jpg,멜라닌세포모반,5,ham10000,train
data/HAM10000/HAM10000_images_part_1/ISIC_0028288.jpg,악성흑색종,6,ham10000,train
data/HAM10000/HAM10000_images_part_2/ISIC_0034029.jpg,멜라닌세포모반,5,ham10000,train
data/HAM10000/HAM10000_images_part_2/ISIC_0029856.jpg,기저세포암,4,ham10000,train
data/HAM10000/HAM10000_images_part_2/ISIC_0033220.jpg,멜라닌세포모반,5,ham10000,train
data/HAM10000/HAM10000_images_part_1/ISIC_0027363.jpg,멜라닌세포모반,5,ham10000,train
data/HAM10000/HAM10000_images_part_1/ISIC_0024863.jpg,멜라닌세포모반,5,ham10000,train
data/HAM10000/HAM10000_images_part_1/ISIC_0024580.jpg,멜라닌세포모반,5,ham10000,train
data/HAM10000/HAM10000_images_part_1/ISIC_0025439.jpg,악성흑색종,6,ham10000,train
data/HAM10000/HAM10000_images_part_2/ISIC_0033663.jpg,악성흑색종,6,ham10000,train
data/HAM10000/HAM10000_images_part_1/ISIC_0026095.jpg,멜라닌세포모반,5,ham10000,train
data/HAM10000/HAM10000_images_part_1/ISIC_0024349.jpg,멜라닌세포모반,5,ham10000,train
data/HAM10000/HAM10000_images_part_2/ISIC_0033257.jpg,기저세포암,4,ham10000,train
data/HAM10000/HAM10000_images_part_1/ISIC_0025548.jpg,지루각화증,7,ham10000,train
data/HAM10000/HAM10000_images_part_2/ISIC_0033112.jpg,멜라닌세포모반,5,ham10000,train
data/HAM10000/HAM10000_images_part_1/ISIC_0028373.jpg,멜라닌세포모반,5,ham10000,train
data/HAM10000/HAM10000_images_part_1/ISIC_0027189.jpg,기저세포암,4,ham10000,train
data/HAM10000/HAM10000_images_part_1/ISIC_0027588.jpg,광선각화증,3,ham10000,train
data/HAM10000/HAM10000_images_part_2/ISIC_0033295.jpg,광선각화증,3,ham10000,train
data/HAM10000/HAM10000_images_part_2/ISIC_0031627.jpg,멜라닌세포모반,5,ham10000,train
data/HAM10000/HAM10000_images_part_2/ISIC_0032525.jpg,멜라닌세포모반,5,ham10000,train
data/HAM10000/HAM10000_images_part_1/ISIC_0026212.jpg,광선각화증,3,ham10000,train
data/HAM10000/HAM10000_images_part_2/ISIC_0030426.jpg,멜라닌세포모반,5,ham10000,train
data/HAM10000/HAM10000_images_part_1/ISIC_0027788.jpg,기저세포암,4,ham10000,train
data/HAM10000/HAM10000_images_part_2/ISIC_0033586.jpg,악성흑색종,6,ham10000,train
data/HAM10000/HAM10000_images_part_2/ISIC_0029427.jpg,지루각화증,7,ham10000,train
data/HAM10000/HAM10000_images_part_2/ISIC_0031686.jpg,지루각화증,7,ham10000,train
data/HAM10000/HAM10000_images_part_1/ISIC_0028901.jpg,악성흑색종,6,ham10000,train
data/HAM10000/HAM10000_images_part_1/ISIC_0024396.jpg,피부섬유종,9,ham10000,train
data/HAM10000/HAM10000_images_part_2/ISIC_0031767.jpg,멜라닌세포모반,5,ham10000,train
data/HAM10000/HAM10000_images_part_2/ISIC_0030609.jpg,멜라닌세포모반,5,ham10000,train
data/HAM10000/HAM10000_images_part_2/ISIC_0033994.jpg,멜라닌세포모반,5,ham10000,train
data/HAM10000/HAM10000_images_part_2/ISIC_0029645.jpg,멜라닌세포모반,5,ham10000,train
data/HAM10000/HAM10000_images_part_2/ISIC_0033235.jpg,지루각화증,7,ham10000,train
data/HAM10000/HAM10000_images_part_1/ISIC_0028325.jpg,악성흑색종,6,ham10000,train
data/HAM10000/HAM10000_images_part_2/ISIC_0034112.jpg,멜라닌세포모반,5,ham10000,train
data/HAM10000/HAM10000_images_part_2/ISIC_0032642.jpg,피부섬유종,9,ham10000,train
data/HAM10000/HAM10000_images_part_2/ISIC_0030781.jpg,멜라닌세포모반,5,ham10000,train
data/HAM10000/HAM10000_images_part_1/ISIC_0025614.jpg,멜라닌세포모반,5,ham10000,train
data/HAM10000/HAM10000_images_part_2/ISIC_0034205.jpg,악성흑색종,6,ham10000,train
data/HAM10000/HAM10000_images_part_1/ISIC_0025339.jpg,지루각화증,7,ham10000,train
data/HAM10000/HAM10000_images_part_2/ISIC_0031146.jpg,악성흑색종,6,ham10000,train
data/HAM10000/HAM10000_images_part_1/ISIC_0027912.jpg,멜라닌세포모반,5,ham10000,train
data/HAM10000/HAM10000_images_part_1/ISIC_0026294.jpg,멜라닌세포모반,5,ham10000,train
data/HAM10000/HAM10000_images_part_2/ISIC_0033869.jpg,광선각화증,3,ham10000,train
data/HAM10000/HAM10000_images_part_2/ISIC_0030081.jpg,지루각화증,7,ham10000,train
data/HAM10000/HAM10000_images_part_1/ISIC_0029107.jpg,지루각화증,7,ham10000,train
data/HAM10000/HAM10000_images_part_2/ISIC_0032004.jpg,멜라닌세포모반,5,ham10000,train
data/HAM10000/HAM10000_images_part_2/ISIC_0032061.jpg,기저세포암,4,ham10000,train
data/HAM10000/HAM10000_images_part_1/ISIC_0025683.jpg,멜라닌세포모반,5,ham10000,train
data/HAM10000/HAM10000_images_part_1/ISIC_0026822.jpg,멜라닌세포모반,5,ham10000,train
data/HAM10000/HAM10000_images_part_2/ISIC_0030791.jpg,멜라닌세포모반,5,ham10000,train
data/HAM10000/HAM10000_images_part_2/ISIC_0034153.jpg,멜라닌세포모반,5,ham10000,train
data/HAM10000/HAM10000_images_part_1/ISIC_0027175.jpg,기저세포암,4,ham10000,train
data/HAM10000/HAM10000_images_part_1/ISIC_0026526.jpg,지루각화증,7,ham10000,train
data/HAM10000/HAM10000_images_part_2/ISIC_0031271.jpg,피부섬유종,9,ham10000,train
data/HAM10000/HAM10000_images_part_1/ISIC_0025666.jpg,멜라닌세포모반,5,ham10000,train
data/HAM10000/HAM10000_images_part_2/ISIC_0031358.jpg,피부섬유종,9,ham10000,train
data/HAM10000/HAM10000_images_part_2/ISIC_0034077.jpg,멜라닌세포모반,5,ham10000,train
data/HAM10000/HAM10000_images_part_1/ISIC_0026171.jpg,광선각화증,3,ham10000,train
data/HAM10000/HAM10000_images_part_2/ISIC_0029608.jpg,혈관종,10,ham10000,train
data/HAM10000/HAM10000_images_part_2/ISIC_0034197.jpg,지루각화증,7,ham10000,train
data/HAM10000/HAM10000_images_part_2/ISIC_0033292.jpg,멜라닌세포모반,5,ham10000,train
data/HAM10000/HAM10000_images_part_2/ISIC_0030825.jpg,광선각화증,3,ham10000,train
data/HAM10000/HAM10000_images_part_2/ISIC_0034109.jpg,멜라닌세포모반,5,ham10000,train
data/HAM10000/HAM10000_images_part_2/ISIC_0033764.jpg,멜라닌세포모반,5,ham10000,train
data/HAM10000/HAM10000_images_part_1/ISIC_0027018.jpg,지루각화증,7,ham10000,train
data/HAM10000/HAM10000_images_part_1/ISIC_0024589.jpg,멜라닌세포모반,5,ham10000,train
data/HAM10000/HAM10000_images_part_1/ISIC_0026803.jpg,지루각화증,7,ham10000,train
data/HAM10000/HAM10000_images_part_2/ISIC_0030002.jpg,악성흑색종,6,ham10000,train
data/HAM10000/HAM10000_images_part_2/ISIC_0030613.jpg,멜라닌세포모반,5,ham10000,train
data/HAM10000/HAM10000_images_part_1/ISIC_0025877.jpg,멜라닌세포모반,5,ham10000,train
data/HAM10000/HAM10000_images_part_2/ISIC_0032684.jpg,악성흑색종,6,ham10000,train
data/HAM10000/HAM10000_images_part_1/ISIC_0027648.jpg,피부섬유종,9,ham10000,train
data/HAM10000/HAM10000_images_part_2/ISIC_0032410.jpg,피부섬유종,9,ham10000,train
data/HAM10000/HAM10000_images_part_2/ISIC_0029875.jpg,멜라닌세포모반,5,ham10000,train
data/HAM10000/HAM10000_images_part_2/ISIC_0033459.jpg,멜라닌세포모반,5,ham10000,train
data/HAM10000/HAM10000_images_part_1/ISIC_0028166.jpg,멜라닌세포모반,5,ham10000,train
data/HAM10000/HAM10000_images_part_1/ISIC_0028254.jpg,지루각화증,7,ham10000,train
data/HAM10000/HAM10000_images_part_2/ISIC_0029529.jpg,멜라닌세포모반,5,ham10000,train
data/HAM10000/HAM10000_images_part_2/ISIC_0033614.jpg,멜라닌세포모반,5,ham10000,train
data/HAM10000/HAM10000_images_part_2/ISIC_0030198.jpg,멜라닌세포모반,5,ham10000,train
data/HAM10000/HAM10000_images_part_2/ISIC_0030707.jpg,광선각화증,3,ham10000,train
data/HAM10000/HAM10000_images_part_2/ISIC_0030059.jpg,멜라닌세포모반,5,ham10000,train
data/HAM10000/HAM10000_images_part_2/ISIC_0030454.jpg,멜라닌세포모반,5,ham10000,train
data/HAM10000/HAM10000_images_part_1/ISIC_0024549.jpg,멜라닌세포모반,5,ham10000,train
data/HAM10000/HAM10000_images_part_2/ISIC_0032718.jpg,악성흑색종,6,ham10000,train
data/HAM10000/HAM10000_images_part_2/ISIC_0029450.jpg,멜라닌세포모반,5,ham10000,train
data/HAM10000/HAM10000_images_part_2/ISIC_0030212.jpg,멜라닌세포모반,5,ham10000,train
data/HAM10000/HAM10000_images_part_1/ISIC_0027298.jpg,멜라닌세포모반,5,ham10000,train
data/HAM10000/HAM10000_images_part_2/ISIC_0033324.jpg,악성흑색종,6,ham10000,train
data/HAM10000/HAM10000_images_part_1/ISIC_0026054.jpg,멜라닌세포모반,5,ham10000,train
data/HAM10000/HAM10000_images_part_1/ISIC_0026712.jpg,멜라닌세포모반,5,ham10000,train
data/HAM10000/HAM10000_images_part_1/ISIC_0025281.jpg,멜라닌세포모반,5,ham10000,train
data/HAM10000/HAM10000_images_part_2/ISIC_0031076.jpg,멜라닌세포모반,5,ham10000,train
data/HAM10000/HAM10000_images_part_2/ISIC_0031189.jpg,악성흑색종,6,ham10000,train
data/HAM10000/HAM10000_images_part_2/ISIC_0034178.jpg,멜라닌세포모반,5,ham10000,train
data/HAM10000/HAM10000_images_part_1/ISIC_0025265.jpg,악성흑색종,6,ham10000,train
data/HAM10000/HAM10000_images_part_1/ISIC_0025009.jpg,멜라닌세포모반,5,ham10000,train
data/HAM10000/HAM10000_images_part_1/ISIC_0029084.jpg,멜라닌세포모반,5,ham10000,train
data/HAM10000/HAM10000_images_part_1/ISIC_0028331.jpg,지루각화증,7,ham10000,train
data/HAM10000/HAM10000_images_part_1/ISIC_0027762.jpg,멜라닌세포모반,5,ham10000,train
data/HAM10000/HAM10000_images_part_2/ISIC_0033389.jpg,멜라닌세포모반,5,ham10000,train
data/HAM10000/HAM10000_images_part_2/ISIC_0031711.jpg,악성흑색종,6,ham10000,train
data/HAM10000/HAM10000_images_part_2/ISIC_0030357.jpg,멜라닌세포모반,5,ham10000,train
data/HAM10000/HAM10000_images_part_1/ISIC_0026895.jpg,지루각화증,7,ham10000,train
data/HAM10000/HAM10000_images_part_1/ISIC_0025835.jpg,악성흑색종,6,ham10000,train
data/HAM10000/HAM10000_images_part_1/ISIC_0028685.jpg,악성흑색종,6,ham10000,train
data/HAM10000/HAM10000_images_part_1/ISIC_0028928.jpg,기저세포암,4,ham10000,train
data/HAM10000/HAM10000_images_part_1/ISIC_0027325.jpg,멜라닌세포모반,5,ham10000,train
data/HAM10000/HAM10000_images_part_1/ISIC_0028367.jpg,멜라닌세포모반,5,ham10000,train
data/HAM10000/HAM10000_images_part_1/ISIC_0028107.jpg,기저세포암,4,ham10000,train
data/HAM10000/HAM10000_images_part_1/ISIC_0028082.jpg,악성흑색종,6,ham10000,train
data/HAM10000/HAM10000_images_part_1/ISIC_0028579.jpg,악성흑색종,6,ham10000,train
data/HAM10000/HAM10000_images_part_1/ISIC_0025879.jpg,지루각화증,7,ham10000,train
data/HAM10000/HAM10000_images_part_2/ISIC_0032847.jpg,악성흑색종,6,ham10000,train
data/HAM10000/HAM10000_images_part_2/ISIC_0030382.jpg,악성흑색종,6,ham10000,train
data/HAM10000/HAM10000_images_part_2/ISIC_0030541.jpg,멜라닌세포모반,5,ham10000,train
data/HAM10000/HAM10000_images_part_1/ISIC_0024558.jpg,멜라닌세포모반,5,ham10000,train
data/HAM10000/HAM10000_images_part_1/ISIC_0028728.jpg,기저세포암,4,ham10000,train
data/HAM10000/HAM10000_images_part_2/ISIC_0032610.jpg,악성흑색종,6,ham10000,train
data/HAM10000/HAM10000_images_part_2/ISIC_0031853.jpg,지루각화증,7,ham10000,train
data/HAM10000/HAM10000_images_part_1/ISIC_0025997.jpg,멜라닌세포모반,5,ham10000,train
data/HAM10000/HAM10000_images_part_2/ISIC_0034246.jpg,악성흑색종,6,ham10000,train
data/HAM10000/HAM10000_images_part_1/ISIC_0027703.jpg,멜라닌세포모반,5,ham10000,train
data/HAM10000/HAM10000_images_part_1/ISIC_0024722.jpg,멜라닌세포모반,5,ham10000,train
data/HAM10000/HAM10000_images_part_1/ISIC_0027722.jpg,기저세포암,4,ham10000,train
data/HAM10000/HAM10000_images_part_2/ISIC_0033859.jpg,멜라닌세포모반,5,ham10000,train
data/HAM10000/HAM10000_images_part_2/ISIC_0032328.jpg,멜라닌세포모반,5,ham10000,train
data/HAM10000/HAM10000_images_part_1/ISIC_0025690.jpg,멜라닌세포모반,5,ham10000,train
data/HAM10000/HAM10000_images_part_2/ISIC_0031247.jpg,멜라닌세포모반,5,ham10000,train
data/HAM10000/HAM10000_images_part_1/ISIC_0028593.jpg,지루각화증,7,ham10000,train
data/HAM10000/HAM10000_images_part_1/ISIC_0026253.jpg,멜라닌세포모반,5,ham10000,train
data/HAM10000/HAM10000_images_part_1/ISIC_0027003.jpg,멜라닌세포모반,5,ham10000,train
data/HAM10000/HAM10000_images_part_1/ISIC_0028653.jpg,기저세포암,4,ham10000,train
data/HAM10000/HAM10000_images_part_1/ISIC_0028031.jpg,멜라닌세포모반,5,ham10000,train
data/HAM10000/HAM10000_images_part_1/ISIC_0028817.jpg,멜라닌세포모반,5,ham10000,train
data/HAM10000/HAM10000_images_part_2/ISIC_0031684.jpg,멜라닌세포모반,5,ham10000,train
data/HAM10000/HAM10000_images_part_1/ISIC_0028086.jpg,악성흑색종,6,ham10000,train
data/HAM10000/HAM10000_images_part_1/ISIC_0026070.jpg,지루각화증,7,ham10000,train
data/HAM10000/HAM10000_images_part_2/ISIC_0033146.jpg,기저세포암,4,ham10000,train
data/HAM10000/HAM10000_images_part_2/ISIC_0033061.jpg,악성흑색종,6,ham10000,train
data/HAM10000/HAM10000_images_part_1/ISIC_0026514.jpg,지루각화증,7,ham10000,train
data/HAM10000/HAM10000_images_part_2/ISIC_0029518.jpg,지루각화증,7,ham10000,train
data/HAM10000/HAM10000_images_part_2/ISIC_0031285.jpg,멜라닌세포모반,5,ham10000,train
data/HAM10000/HAM10000_images_part_1/ISIC_0029206.jpg,지루각화증,7,ham10000,train
data/HAM10000/HAM10000_images_part_1/ISIC_0027741.jpg,멜라닌세포모반,5,ham10000,train
data/HAM10000/HAM10000_images_part_2/ISIC_0032425.jpg,악성흑색종,6,ham10000,train
data/HAM10000/HAM10000_images_part_1/ISIC_0028161.jpg,멜라닌세포모반,5,ham10000,train
data/HAM10000/HAM10000_images_part_1/ISIC_0027063.jpg,악성흑색종,6,ham10000,train
data/HAM10000/HAM10000_images_part_1/ISIC_0026560.jpg,멜라닌세포모반,5,ham10000,train
data/HAM10000/HAM10000_images_part_1/ISIC_0028623.jpg,지루각화증,7,ham10000,train
data/HAM10000/HAM10000_images_part_1/ISIC_0028024.jpg,멜라닌세포모반,5,ham10000,train
data/HAM10000/HAM10000_images_part_1/ISIC_0026989.jpg,악성흑색종,6,ham10000,train
data/HAM10000/HAM10000_images_part_2/ISIC_0031956.jpg,멜라닌세포모반,5,ham10000,train
data/HAM10000/HAM10000_images_part_2/ISIC_0031337.jpg,멜라닌세포모반,5,ham10000,train
data/HAM10000/HAM10000_images_part_2/ISIC_0029798.jpg,멜라닌세포모반,5,ham10000,train
data/HAM10000/HAM10000_images_part_1/ISIC_0025348.jpg,멜라닌세포모반,5,ham10000,train
data/HAM10000/HAM10000_images_part_1/ISIC_0025693.jpg,지루각화증,7,ham10000,train
data/HAM10000/HAM10000_images_part_2/ISIC_0030230.jpg,기저세포암,4,ham10000,train
data/HAM10000/HAM10000_images_part_2/ISIC_0032216.jpg,멜라닌세포모반,5,ham10000,train
data/HAM10000/HAM10000_images_part_2/ISIC_0033474.jpg,멜라닌세포모반,5,ham10000,train
data/HAM10000/HAM10000_images_part_1/ISIC_0026590.jpg,지루각화증,7,ham10000,train
data/HAM10000/HAM10000_images_part_1/ISIC_0028621.jpg,멜라닌세포모반,5,ham10000,train
data/HAM10000/HAM10000_images_part_2/ISIC_0030272.jpg,지루각화증,7,ham10000,train
data/HAM10000/HAM10000_images_part_2/ISIC_0030205.jpg,멜라닌세포모반,5,ham10000,train
data/HAM10000/HAM10000_images_part_1/ISIC_0028964.jpg,기저세포암,4,ham10000,train
data/HAM10000/HAM10000_images_part_2/ISIC_0032153.jpg,멜라닌세포모반,5,ham10000,train
data/HAM10000/HAM10000_images_part_2/ISIC_0034289.jpg,악성흑색종,6,ham10000,train
data/HAM10000/HAM10000_images_part_1/ISIC_0028547.jpg,멜라닌세포모반,5,ham10000,train
data/HAM10000/HAM10000_images_part_2/ISIC_0033521.jpg,멜라닌세포모반,5,ham10000,train
data/HAM10000/HAM10000_images_part_2/ISIC_0029472.jpg,지루각화증,7,ham10000,train
data/HAM10000/HAM10000_images_part_2/ISIC_0029820.jpg,기저세포암,4,ham10000,train
data/HAM10000/HAM10000_images_part_2/ISIC_0033595.jpg,악성흑색종,6,ham10000,train
data/HAM10000/HAM10000_images_part_1/ISIC_0028678.jpg,멜라닌세포모반,5,ham10000,train
data/HAM10000/HAM10000_images_part_1/ISIC_0027419.jpg,지루각화증,7,ham10000,train
data/HAM10000/HAM10000_images_part_1/ISIC_0028702.jpg,지루각화증,7,ham10000,train
data/HAM10000/HAM10000_images_part_1/ISIC_0027951.jpg,멜라닌세포모반,5,ham10000,train
data/HAM10000/HAM10000_images_part_2/ISIC_0033562.jpg,악성흑색종,6,ham10000,train
data/HAM10000/HAM10000_images_part_1/ISIC_0029160.jpg,멜라닌세포모반,5,ham10000,train
data/HAM10000/HAM10000_images_part_2/ISIC_0029654.jpg,멜라닌세포모반,5,ham10000,train
data/HAM10000/HAM10000_images_part_2/ISIC_0032710.jpg,멜라닌세포모반,5,ham10000,train
data/HAM10000/HAM10000_images_part_2/ISIC_0031007.jpg,기저세포암,4,ham10000,train
data/HAM10000/HAM10000_images_part_1/ISIC_0028874.jpg,멜라닌세포모반,5,ham10000,train
data/HAM10000/HAM10000_images_part_2/ISIC_0032199.jpg,광선각화증,3,ham10000,train
data/HAM10000/HAM10000_images_part_1/ISIC_0024939.jpg,멜라닌세포모반,5,ham10000,train
data/HAM10000/HAM10000_images_part_1/ISIC_0025316.jpg,악성흑색종,6,ham10000,train
data/HAM10000/HAM10000_images_part_1/ISIC_0024848.jpg,기저세포암,4,ham10000,train
data/HAM10000/HAM10000_images_part_2/ISIC_0034064.jpg,악성흑색종,6,ham10000,train
data/HAM10000/HAM10000_images_part_2/ISIC_0030237.jpg,멜라닌세포모반,5,ham10000,train
data/HAM10000/HAM10000_images_part_1/ISIC_0028568.jpg,기저세포암,4,ham10000,train
data/HAM10000/HAM10000_images_part_1/ISIC_0028739.jpg,기저세포암,4,ham10000,train
data/HAM10000/HAM10000_images_part_2/ISIC_0032478.jpg,멜라닌세포모반,5,ham10000,train
data/HAM10000/HAM10000_images_part_2/ISIC_0030323.jpg,지루각화증,7,ham10000,train
data/HAM10000/HAM10000_images_part_1/ISIC_0024762.jpg,멜라닌세포모반,5,ham10000,train
data/HAM10000/HAM10000_images_part_2/ISIC_0030259.jpg,멜라닌세포모반,5,ham10000,train
data/HAM10000/HAM10000_images_part_1/ISIC_0026258.jpg,악성흑색종,6,ham10000,train
data/HAM10000/HAM10000_images_part_2/ISIC_0032258.jpg,악성흑색종,6,ham10000,train
data/HAM10000/HAM10000_images_part_2/ISIC_0029439.jpg,혈관종,10,ham10000,train
data/HAM10000/HAM10000_images_part_2/ISIC_0033371.jpg,멜라닌세포모반,5,ham10000,train
data/HAM10000/HAM10000_images_part_1/ISIC_0026494.jpg,멜라닌세포모반,5,ham10000,train
data/HAM10000/HAM10000_images_part_2/ISIC_0033450.jpg,혈관종,10,ham10000,train
data/HAM10000/HAM10000_images_part_2/ISIC_0033559.jpg,악성흑색종,6,ham10000,train
data/HAM10000/HAM10000_images_part_2/ISIC_0033788.jpg,멜라닌세포모반,5,ham10000,train
data/HAM10000/HAM10000_images_part_2/ISIC_0030452.jpg,기저세포암,4,ham10000,train
data/HAM10000/HAM10000_images_part_1/ISIC_0028417.jpg,멜라닌세포모반,5,ham10000,train
data/HAM10000/HAM10000_images_part_2/ISIC_0030823.jpg,멜라닌세포모반,5,ham10000,train
data/HAM10000/HAM10000_images_part_1/ISIC_0025358.jpg,광선각화증,3,ham10000,train
data/HAM10000/HAM10000_images_part_2/ISIC_0029802.jpg,지루각화증,7,ham10000,train
data/HAM10000/HAM10000_images_part_1/ISIC_0028628.jpg,지루각화증,7,ham10000,train
data/HAM10000/HAM10000_images_part_1/ISIC_0026307.jpg,멜라닌세포모반,5,ham10000,train
data/HAM10000/HAM10000_images_part_1/ISIC_0027340.jpg,멜라닌세포모반,5,ham10000,train
data/HAM10000/HAM10000_images_part_2/ISIC_0034235.jpg,지루각화증,7,ham10000,train
data/HAM10000/HAM10000_images_part_1/ISIC_0028252.jpg,멜라닌세포모반,5,ham10000,train
data/HAM10000/HAM10000_images_part_1/ISIC_0027828.jpg,지루각화증,7,ham10000,train
data/HAM10000/HAM10000_images_part_1/ISIC_0027182.jpg,멜라닌세포모반,5,ham10000,train
data/HAM10000/HAM10000_images_part_2/ISIC_0031013.jpg,악성흑색종,6,ham10000,train
data/HAM10000/HAM10000_images_part_1/ISIC_0024673.jpg,기저세포암,4,ham10000,train
data/HAM10000/HAM10000_images_part_2/ISIC_0034012.jpg,악성흑색종,6,ham10000,train
data/HAM10000/HAM10000_images_part_1/ISIC_0024621.jpg,멜라닌세포모반,5,ham10000,train
data/HAM10000/HAM10000_images_part_1/ISIC_0027010.jpg,멜라닌세포모반,5,ham10000,train
data/HAM10000/HAM10000_images_part_2/ISIC_0030528.jpg,기저세포암,4,ham10000,train
data/HAM10000/HAM10000_images_part_1/ISIC_0024478.jpg,멜라닌세포모반,5,ham10000,train
data/HAM10000/HAM10000_images_part_1/ISIC_0025030.jpg,지루각화증,7,ham10000,train
data/HAM10000/HAM10000_images_part_2/ISIC_0033680.jpg,멜라닌세포모반,5,ham10000,train
data/HAM10000/HAM10000_images_part_2/ISIC_0033971.jpg,멜라닌세포모반,5,ham10000,train
data/HAM10000/HAM10000_images_part_1/ISIC_0027960.jpg,지루각화증,7,ham10000,train
data/HAM10000/HAM10000_images_part_1/ISIC_0025479.jpg,멜라닌세포모반,5,ham10000,train
data/HAM10000/HAM10000_images_part_1/ISIC_0026021.jpg,멜라닌세포모반,5,ham10000,train
data/HAM10000/HAM10000_images_part_2/ISIC_0030172.jpg,지루각화증,7,ham10000,train
data/HAM10000/HAM10000_images_part_1/ISIC_0028053.jpg,멜라닌세포모반,5,ham10000,train
data/HAM10000/HAM10000_images_part_1/ISIC_0029120.jpg,멜라닌세포모반,5,ham10000,train
data/HAM10000/HAM10000_images_part_1/ISIC_0027353.jpg,멜라닌세포모반,5,ham10000,train
data/HAM10000/HAM10000_images_part_1/ISIC_0026152.jpg,광선각화증,3,ham10000,train
data/HAM10000/HAM10000_images_part_1/ISIC_0025286.jpg,지루각화증,7,ham10000,train
data/HAM10000/HAM10000_images_part_2/ISIC_0029665.jpg,멜라닌세포모반,5,ham10000,train
data/HAM10000/HAM10000_images_part_1/ISIC_0028336.jpg,지루각화증,7,ham10000,train
data/HAM10000/HAM10000_images_part_2/ISIC_0031976.jpg,기저세포암,4,ham10000,train
data/HAM10000/HAM10000_images_part_1/ISIC_0024622.jpg,멜라닌세포모반,5,ham10000,train
data/HAM10000/HAM10000_images_part_1/ISIC_0026549.jpg,광선각화증,3,ham10000,train
data/HAM10000/HAM10000_images_part_1/ISIC_0025811.jpg,광선각화증,3,ham10000,train
data/HAM10000/HAM10000_images_part_1/ISIC_0024337.jpg,지루각화증,7,ham10000,train
data/HAM10000/HAM10000_images_part_2/ISIC_0030616.jpg,악성흑색종,6,ham10000,train
data/HAM10000/HAM10000_images_part_2/ISIC_0031603.jpg,멜라닌세포모반,5,ham10000,train
data/HAM10000/HAM10000_images_part_1/ISIC_0024733.jpg,악성흑색종,6,ham10000,train
data/HAM10000/HAM10000_images_part_2/ISIC_0032984.jpg,악성흑색종,6,ham10000,train
data/HAM10000/HAM10000_images_part_1/ISIC_0024417.jpg,멜라닌세포모반,5,ham10000,train
data/HAM10000/HAM10000_images_part_1/ISIC_0028722.jpg,멜라닌세포모반,5,ham10000,train
data/HAM10000/HAM10000_images_part_2/ISIC_0031996.jpg,혈관종,10,ham10000,train
data/HAM10000/HAM10000_images_part_1/ISIC_0025144.jpg,기저세포암,4,ham10000,train
data/HAM10000/HAM10000_images_part_2/ISIC_0034161.jpg,기저세포암,4,ham10000,train
data/HAM10000/HAM10000_images_part_1/ISIC_0028337.jpg,멜라닌세포모반,5,ham10000,train
data/HAM10000/HAM10000_images_part_1/ISIC_0026275.jpg,기저세포암,4,ham10000,train
data/HAM10000/HAM10000_images_part_1/ISIC_0028264.jpg,지루각화증,7,ham10000,train
data/HAM10000/HAM10000_images_part_1/ISIC_0026717.jpg,지루각화증,7,ham10000,train
data/HAM10000/HAM10000_images_part_1/ISIC_0026680.jpg,멜라닌세포모반,5,ham10000,train
data/HAM10000/HAM10000_images_part_2/ISIC_0029527.jpg,지루각화증,7,ham10000,train
data/HAM10000/HAM10000_images_part_2/ISIC_0033568.jpg,악성흑색종,6,ham10000,train
data/HAM10000/HAM10000_images_part_1/ISIC_0026662.jpg,멜라닌세포모반,5,ham10000,train
data/HAM10000/HAM10000_images_part_1/ISIC_0026318.jpg,멜라닌세포모반,5,ham10000,train
data/HAM10000/HAM10000_images_part_2/ISIC_0033326.jpg,멜라닌세포모반,5,ham10000,train
data/HAM10000/HAM10000_images_part_1/ISIC_0027333.jpg,멜라닌세포모반,5,ham10000,train
data/HAM10000/HAM10000_images_part_2/ISIC_0034053.jpg,멜라닌세포모반,5,ham10000,train
data/HAM10000/HAM10000_images_part_2/ISIC_0030343.jpg,멜라닌세포모반,5,ham10000,train
data/HAM10000/HAM10000_images_part_1/ISIC_0027654.jpg,멜라닌세포모반,5,ham10000,train
data/HAM10000/HAM10000_images_part_1/ISIC_0027890.jpg,멜라닌세포모반,5,ham10000,train
data/HAM10000/HAM10000_images_part_1/ISIC_0028641.jpg,멜라닌세포모반,5,ham10000,train
data/HAM10000/HAM10000_images_part_1/ISIC_0026838.jpg,멜라닌세포모반,5,ham10000,train
data/HAM10000/HAM10000_images_part_2/ISIC_0029698.jpg,악성흑색종,6,ham10000,train
data/HAM10000/HAM10000_images_part_2/ISIC_0033090.jpg,멜라닌세포모반,5,ham10000,train
data/HAM10000/HAM10000_images_part_2/ISIC_0032260.jpg,멜라닌세포모반,5,ham10000,train
data/HAM10000/HAM10000_images_part_2/ISIC_0031421.jpg,광선각화증,3,ham10000,train
data/HAM10000/HAM10000_images_part_2/ISIC_0032097.jpg,멜라닌세포모반,5,ham10000,train
data/HAM10000/HAM10000_images_part_1/ISIC_0027140.jpg,멜라닌세포모반,5,ham10000,train
data/HAM10000/HAM10000_images_part_2/ISIC_0030290.jpg,멜라닌세포모반,5,ham10000,train
data/HAM10000/HAM10000_images_part_1/ISIC_0027976.jpg,기저세포암,4,ham10000,train
data/HAM10000/HAM10000_images_part_1/ISIC_0027414.jpg,멜라닌세포모반,5,ham10000,train
data/HAM10000/HAM10000_images_part_2/ISIC_0031197.jpg,혈관종,10,ham10000,train
data/HAM10000/HAM10000_images_part_1/ISIC_0026173.jpg,멜라닌세포모반,5,ham10000,train
data/HAM10000/HAM10000_images_part_1/ISIC_0026254.jpg,피부섬유종,9,ham10000,train
data/HAM10000/HAM10000_images_part_1/ISIC_0027247.jpg,멜라닌세포모반,5,ham10000,train
data/HAM10000/HAM10000_images_part_1/ISIC_0024730.jpg,멜라닌세포모반,5,ham10000,train
data/HAM10000/HAM10000_images_part_2/ISIC_0030126.jpg,멜라닌세포모반,5,ham10000,train
data/HAM10000/HAM10000_images_part_2/ISIC_0032513.jpg,지루각화증,7,ham10000,train
data/HAM10000/HAM10000_images_part_2/ISIC_0033356.jpg,멜라닌세포모반,5,ham10000,train
data/HAM10000/HAM10000_images_part_1/ISIC_0028097.jpg,멜라닌세포모반,5,ham10000,train
data/HAM10000/HAM10000_images_part_1/ISIC_0025745.jpg,멜라닌세포모반,5,ham10000,train
data/HAM10000/HAM10000_images_part_2/ISIC_0033410.jpg,지루각화증,7,ham10000,train
data/HAM10000/HAM10000_images_part_2/ISIC_0031951.jpg,지루각화증,7,ham10000,train
data/HAM10000/HAM10000_images_part_2/ISIC_0033212.jpg,지루각화증,7,ham10000,train
data/HAM10000/HAM10000_images_part_2/ISIC_0029578.jpg,피부섬유종,9,ham10000,train
data/HAM10000/HAM10000_images_part_1/ISIC_0027158.jpg,멜라닌세포모반,5,ham10000,train
data/HAM10000/HAM10000_images_part_1/ISIC_0028971.jpg,멜라닌세포모반,5,ham10000,train
data/HAM10000/HAM10000_images_part_2/ISIC_0031329.jpg,지루각화증,7,ham10000,train
data/HAM10000/HAM10000_images_part_1/ISIC_0026086.jpg,악성흑색종,6,ham10000,train
data/HAM10000/HAM10000_images_part_1/ISIC_0026839.jpg,멜라닌세포모반,5,ham10000,train
data/HAM10000/HAM10000_images_part_2/ISIC_0033532.jpg,멜라닌세포모반,5,ham10000,train
data/HAM10000/HAM10000_images_part_2/ISIC_0029659.jpg,광선각화증,3,ham10000,train
data/HAM10000/HAM10000_images_part_1/ISIC_0025516.jpg,멜라닌세포모반,5,ham10000,train
data/HAM10000/HAM10000_images_part_2/ISIC_0030365.jpg,지루각화증,7,ham10000,train
data/HAM10000/HAM10000_images_part_2/ISIC_0029607.jpg,멜라닌세포모반,5,ham10000,train
data/HAM10000/HAM10000_images_part_2/ISIC_0030621.jpg,멜라닌세포모반,5,ham10000,train
data/HAM10000/HAM10000_images_part_2/ISIC_0030932.jpg,악성흑색종,6,ham10000,train
data/HAM10000/HAM10000_images_part_2/ISIC_0029356.jpg,멜라닌세포모반,5,ham10000,train
data/HAM10000/HAM10000_images_part_2/ISIC_0031860.jpg,멜라닌세포모반,5,ham10000,train
data/HAM10000/HAM10000_images_part_2/ISIC_0031537.jpg,지루각화증,7,ham10000,train
data/HAM10000/HAM10000_images_part_1/ISIC_0028381.jpg,광선각화증,3,ham10000,train
data/HAM10000/HAM10000_images_part_1/ISIC_0028909.jpg,멜라닌세포모반,5,ham10000,train
data/HAM10000/HAM10000_images_part_2/ISIC_0033491.jpg,지루각화증,7,ham10000,train
data/HAM10000/HAM10000_images_part_1/ISIC_0025223.jpg,피부섬유종,9,ham10000,train
data/HAM10000/HAM10000_images_part_1/ISIC_0027868.jpg,멜라닌세포모반,5,ham10000,train
data/HAM10000/HAM10000_images_part_2/ISIC_0032385.jpg,멜라닌세포모반,5,ham10000,train
data/HAM10000/HAM10000_images_part_2/ISIC_0032461.jpg,기저세포암,4,ham10000,train
data/HAM10000/HAM10000_images_part_1/ISIC_0026246.jpg,멜라닌세포모반,5,ham10000,train
data/HAM10000/HAM10000_images_part_1/ISIC_0028828.jpg,멜라닌세포모반,5,ham10000,train
data/HAM10000/HAM10000_images_part_2/ISIC_0032806.jpg,악성흑색종,6,ham10000,train
data/HAM10000/HAM10000_images_part_2/ISIC_0033021.jpg,멜라닌세포모반,5,ham10000,train
data/HAM10000/HAM10000_images_part_1/ISIC_0024358.jpg,지루각화증,7,ham10000,train
data/HAM10000/HAM10000_images_part_2/ISIC_0029882.jpg,멜라닌세포모반,5,ham10000,train
data/HAM10000/HAM10000_images_part_2/ISIC_0029810.jpg,지루각화증,7,ham10000,train
data/HAM10000/HAM10000_images_part_2/ISIC_0031498.jpg,악성흑색종,6,ham10000,train
data/HAM10000/HAM10000_images_part_2/ISIC_0031957.jpg,악성흑색종,6,ham10000,train
data/HAM10000/HAM10000_images_part_2/ISIC_0032673.jpg,멜라닌세포모반,5,ham10000,train
data/HAM10000/HAM10000_images_part_1/ISIC_0028033.jpg,악성흑색종,6,ham10000,train
data/HAM10000/HAM10000_images_part_2/ISIC_0031280.jpg,멜라닌세포모반,5,ham10000,train
data/HAM10000/HAM10000_images_part_2/ISIC_0030183.jpg,악성흑색종,6,ham10000,train
data/HAM10000/HAM10000_images_part_1/ISIC_0029124.jpg,멜라닌세포모반,5,ham10000,train
data/HAM10000/HAM10000_images_part_2/ISIC_0032202.jpg,멜라닌세포모반,5,ham10000,train
data/HAM10000/HAM10000_images_part_1/ISIC_0028899.jpg,악성흑색종,6,ham10000,train
data/HAM10000/HAM10000_images_part_2/ISIC_0029613.jpg,지루각화증,7,ham10000,train
data/HAM10000/HAM10000_images_part_2/ISIC_0032904.jpg,멜라닌세포모반,5,ham10000,train
data/HAM10000/HAM10000_images_part_1/ISIC_0027856.jpg,혈관종,10,ham10000,train
data/HAM10000/HAM10000_images_part_1/ISIC_0025417.jpg,기저세포암,4,ham10000,train
data/HAM10000/HAM10000_images_part_1/ISIC_0027231.jpg,광선각화증,3,ham10000,train
data/HAM10000/HAM10000_images_part_1/ISIC_0026379.jpg,멜라닌세포모반,5,ham10000,train
data/HAM10000/HAM10000_images_part_1/ISIC_0029230.jpg,기저세포암,4,ham10000,train
data/HAM10000/HAM10000_images_part_2/ISIC_0032887.jpg,악성흑색종,6,ham10000,train
data/HAM10000/HAM10000_images_part_1/ISIC_0027705.jpg,멜라닌세포모반,5,ham10000,train
data/HAM10000/HAM10000_images_part_2/ISIC_0029833.jpg,멜라닌세포모반,5,ham10000,train
data/HAM10000/HAM10000_images_part_2/ISIC_0031495.jpg,지루각화증,7,ham10000,train
data/HAM10000/HAM10000_images_part_1/ISIC_0026018.jpg,지루각화증,7,ham10000,train
data/HAM10000/HAM10000_images_part_1/ISIC_0027233.jpg,멜라닌세포모반,5,ham10000,train
data/HAM10000/HAM10000_images_part_2/ISIC_0032162.jpg,멜라닌세포모반,5,ham10000,train
data/HAM10000/HAM10000_images_part_2/ISIC_0031077.jpg,악성흑색종,6,ham10000,train
data/HAM10000/HAM10000_images_part_2/ISIC_0032797.jpg,악성흑색종,6,ham10000,train
data/HAM10000/HAM10000_images_part_2/ISIC_0032409.jpg,혈관종,10,ham10000,train
data/HAM10000/HAM10000_images_part_2/ISIC_0030778.jpg,기저세포암,4,ham10000,train
data/HAM10000/HAM10000_images_part_2/ISIC_0030000.jpg,멜라닌세포모반,5,ham10000,train
data/HAM10000/HAM10000_images_part_1/ISIC_0027966.jpg,기저세포암,4,ham10000,train
data/HAM10000/HAM10000_images_part_1/ISIC_0025738.jpg,멜라닌세포모반,5,ham10000,train
data/HAM10000/HAM10000_images_part_1/ISIC_0028865.jpg,멜라닌세포모반,5,ham10000,train
data/HAM10000/HAM10000_images_part_2/ISIC_0031876.jpg,지루각화증,7,ham10000,train
data/HAM10000/HAM10000_images_part_1/ISIC_0029176.jpg,지루각화증,7,ham10000,train
data/HAM10000/HAM10000_images_part_2/ISIC_0029760.jpg,피부섬유종,9,ham10000,train
data/HAM10000/HAM10000_images_part_1/ISIC_0028418.jpg,악성흑색종,6,ham10000,train
data/HAM10000/HAM10000_images_part_2/ISIC_0033178.jpg,악성흑색종,6,ham10000,train
data/HAM10000/HAM10000_images_part_2/ISIC_0031426.jpg,멜라닌세포모반,5,ham10000,train
data/HAM10000/HAM10000_images_part_1/ISIC_0025446.jpg,멜라닌세포모반,5,ham10000,train
data/HAM10000/HAM10000_images_part_1/ISIC_0027834.jpg,멜라닌세포모반,5,ham10000,train
data/HAM10000/HAM10000_images_part_2/ISIC_0030578.jpg,멜라닌세포모반,5,ham10000,train
data/HAM10000/HAM10000_images_part_1/ISIC_0027844.jpg,멜라닌세포모반,5,ham10000,train
data/HAM10000/HAM10000_images_part_2/ISIC_0029394.jpg,지루각화증,7,ham10000,train
data/HAM10000/HAM10000_images_part_2/ISIC_0032612.jpg,멜라닌세포모반,5,ham10000,train
data/HAM10000/HAM10000_images_part_1/ISIC_0027199.jpg,멜라닌세포모반,5,ham10000,train
data/HAM10000/HAM10000_images_part_1/ISIC_0027428.jpg,지루각화증,7,ham10000,train
data/HAM10000/HAM10000_images_part_1/ISIC_0028349.jpg,멜라닌세포모반,5,ham10000,train
data/HAM10000/HAM10000_images_part_2/ISIC_0032547.jpg,악성흑색종,6,ham10000,train
data/HAM10000/HAM10000_images_part_2/ISIC_0032263.jpg,멜라닌세포모반,5,ham10000,train
data/HAM10000/HAM10000_images_part_2/ISIC_0031216.jpg,멜라닌세포모반,5,ham10000,train
data/HAM10000/HAM10000_images_part_2/ISIC_0032677.jpg,멜라닌세포모반,5,ham10000,train
data/HAM10000/HAM10000_images_part_1/ISIC_0029211.jpg,멜라닌세포모반,5,ham10000,train
data/HAM10000/HAM10000_images_part_1/ISIC_0028611.jpg,지루각화증,7,ham10000,train
data/HAM10000/HAM10000_images_part_1/ISIC_0028106.jpg,기저세포암,4,ham10000,train
data/HAM10000/HAM10000_images_part_1/ISIC_0027996.jpg,지루각화증,7,ham10000,train
data/HAM10000/HAM10000_images_part_1/ISIC_0025986.jpg,지루각화증,7,ham10000,train
data/HAM10000/HAM10000_images_part_2/ISIC_0032842.jpg,지루각화증,7,ham10000,train
data/HAM10000/HAM10000_images_part_1/ISIC_0029294.jpg,멜라닌세포모반,5,ham10000,train
data/HAM10000/HAM10000_images_part_1/ISIC_0026392.jpg,멜라닌세포모반,5,ham10000,train
data/HAM10000/HAM10000_images_part_2/ISIC_0033431.jpg,악성흑색종,6,ham10000,train
data/HAM10000/HAM10000_images_part_1/ISIC_0024943.jpg,지루각화증,7,ham10000,train
data/HAM10000/HAM10000_images_part_2/ISIC_0032769.jpg,멜라닌세포모반,5,ham10000,train
data/HAM10000/HAM10000_images_part_2/ISIC_0032624.jpg,악성흑색종,6,ham10000,train
data/HAM10000/HAM10000_images_part_2/ISIC_0029562.jpg,악성흑색종,6,ham10000,train
data/HAM10000/HAM10000_images_part_2/ISIC_0033981.jpg,악성흑색종,6,ham10000,train
data/HAM10000/HAM10000_images_part_2/ISIC_0031940.jpg,광선각화증,3,ham10000,train
data/HAM10000/HAM10000_images_part_2/ISIC_0031123.jpg,피부섬유종,9,ham10000,train
data/HAM10000/HAM10000_images_part_1/ISIC_0025677.jpg,혈관종,10,ham10000,train
data/HAM10000/HAM10000_images_part_2/ISIC_0034047.jpg,기저세포암,4,ham10000,train
data/HAM10000/HAM10000_images_part_1/ISIC_0026477.jpg,지루각화증,7,ham10000,train
data/HAM10000/HAM10000_images_part_1/ISIC_0027332.jpg,지루각화증,7,ham10000,train
data/HAM10000/HAM10000_images_part_2/ISIC_0031341.jpg,멜라닌세포모반,5,ham10000,train
data/HAM10000/HAM10000_images_part_1/ISIC_0025777.jpg,지루각화증,7,ham10000,train
data/HAM10000/HAM10000_images_part_1/ISIC_0024932.jpg,악성흑색종,6,ham10000,train
data/HAM10000/HAM10000_images_part_1/ISIC_0025656.jpg,지루각화증,7,ham10000,train
data/HAM10000/HAM10000_images_part_1/ISIC_0024310.jpg,악성흑색종,6,ham10000,train
data/HAM10000/HAM10000_images_part_1/ISIC_0027306.jpg,악성흑색종,6,ham10000,train
data/HAM10000/HAM10000_images_part_2/ISIC_0029830.jpg,광선각화증,3,ham10000,train
data/HAM10000/HAM10000_images_part_2/ISIC_0034118.jpg,악성흑색종,6,ham10000,train
data/HAM10000/HAM10000_images_part_2/ISIC_0034189.jpg,지루각화증,7,ham10000,train
data/HAM10000/HAM10000_images_part_2/ISIC_0033433.jpg,멜라닌세포모반,5,ham10000,train
data/HAM10000/HAM10000_images_part_1/ISIC_0024820.jpg,멜라닌세포모반,5,ham10000,train
data/HAM10000/HAM10000_images_part_2/ISIC_0029381.jpg,멜라닌세포모반,5,ham10000,train
data/HAM10000/HAM10000_images_part_2/ISIC_0032447.jpg,악성흑색종,6,ham10000,train
data/HAM10000/HAM10000_images_part_2/ISIC_0030092.jpg,멜라닌세포모반,5,ham10000,train
data/HAM10000/HAM10000_images_part_2/ISIC_0032600.jpg,멜라닌세포모반,5,ham10000,train
data/HAM10000/HAM10000_images_part_1/ISIC_0028596.jpg,멜라닌세포모반,5,ham10000,train
data/HAM10000/HAM10000_images_part_1/ISIC_0028614.jpg,멜라닌세포모반,5,ham10000,train
data/HAM10000/HAM10000_images_part_1/ISIC_0026142.jpg,지루각화증,7,ham10000,train
data/HAM10000/HAM10000_images_part_2/ISIC_0030929.jpg,악성흑색종,6,ham10000,train
data/HAM10000/HAM10000_images_part_2/ISIC_0032256.jpg,멜라닌세포모반,5,ham10000,train
data/HAM10000/HAM10000_images_part_2/ISIC_0030233.jpg,기저세포암,4,ham10000,train
data/HAM10000/HAM10000_images_part_2/ISIC_0032722.jpg,악성흑색종,6,ham10000,train
data/HAM10000/HAM10000_images_part_1/ISIC_0026232.jpg,멜라닌세포모반,5,ham10000,train
data/HAM10000/HAM10000_images_part_2/ISIC_0032747.jpg,멜라닌세포모반,5,ham10000,train
data/HAM10000/HAM10000_images_part_1/ISIC_0026769.jpg,지루각화증,7,ham10000,train
data/HAM10000/HAM10000_images_part_2/ISIC_0030849.jpg,지루각화증,7,ham10000,train
data/HAM10000/HAM10000_images_part_1/ISIC_0026589.jpg,멜라닌세포모반,5,ham10000,train
data/HAM10000/HAM10000_images_part_2/ISIC_0030808.jpg,멜라닌세포모반,5,ham10000,train
data/HAM10000/HAM10000_images_part_1/ISIC_0025943.jpg,멜라닌세포모반,5,ham10000,train
data/HAM10000/HAM10000_images_part_2/ISIC_0030271.jpg,기저세포암,4,ham10000,train
data/HAM10000/HAM10000_images_part_2/ISIC_0030474.jpg,멜라닌세포모반,5,ham10000,train
data/HAM10000/HAM10000_images_part_2/ISIC_0032652.jpg,기저세포암,4,ham10000,train
data/HAM10000/HAM10000_images_part_2/ISIC_0029876.jpg,멜라닌세포모반,5,ham10000,train
data/HAM10000/HAM10000_images_part_1/ISIC_0026835.jpg,지루각화증,7,ham10000,train
data/HAM10000/HAM10000_images_part_1/ISIC_0025603.jpg,악성흑색종,6,ham10000,train
data/HAM10000/HAM10000_images_part_2/ISIC_0030813.jpg,기저세포암,4,ham10000,train
data/HAM10000/HAM10000_images_part_1/ISIC_0028990.jpg,광선각화증,3,ham10000,train
data/HAM10000/HAM10000_images_part_1/ISIC_0027457.jpg,멜라닌세포모반,5,ham10000,train
data/HAM10000/HAM10000_images_part_1/ISIC_0028680.jpg,혈관종,10,ham10000,train
data/HAM10000/HAM10000_images_part_2/ISIC_0034179.jpg,멜라닌세포모반,5,ham10000,train
data/HAM10000/HAM10000_images_part_2/ISIC_0029517.jpg,멜라닌세포모반,5,ham10000,train
data/HAM10000/HAM10000_images_part_1/ISIC_0026092.jpg,혈관종,10,ham10000,train
data/HAM10000/HAM10000_images_part_2/ISIC_0029863.jpg,멜라닌세포모반,5,ham10000,train
data/HAM10000/HAM10000_images_part_1/ISIC_0024562.jpg,광선각화증,3,ham10000,train
data/HAM10000/HAM10000_images_part_1/ISIC_0026699.jpg,멜라닌세포모반,5,ham10000,train
data/HAM10000/HAM10000_images_part_2/ISIC_0032574.jpg,멜라닌세포모반,5,ham10000,train
data/HAM10000/HAM10000_images_part_2/ISIC_0033552.jpg,멜라닌세포모반,5,ham10000,train
data/HAM10000/HAM10000_images_part_2/ISIC_0032693.jpg,멜라닌세포모반,5,ham10000,train
data/HAM10000/HAM10000_images_part_1/ISIC_0026541.jpg,멜라닌세포모반,5,ham10000,train
data/HAM10000/HAM10000_images_part_2/ISIC_0030699.jpg,멜라닌세포모반,5,ham10000,train
data/HAM10000/HAM10000_images_part_2/ISIC_0029342.jpg,기저세포암,4,ham10000,train
data/HAM10000/HAM10000_images_part_2/ISIC_0033319.jpg,멜라닌세포모반,5,ham10000,train
data/HAM10000/HAM10000_images_part_2/ISIC_0032042.jpg,멜라닌세포모반,5,ham10000,train
data/HAM10000/HAM10000_images_part_1/ISIC_0028894.jpg,멜라닌세포모반,5,ham10000,train
data/HAM10000/HAM10000_images_part_1/ISIC_0026205.jpg,지루각화증,7,ham10000,train
data/HAM10000/HAM10000_images_part_2/ISIC_0033748.jpg,멜라닌세포모반,5,ham10000,train
data/HAM10000/HAM10000_images_part_2/ISIC_0031604.jpg,멜라닌세포모반,5,ham10000,train
data/HAM10000/HAM10000_images_part_1/ISIC_0028930.jpg,악성흑색종,6,ham10000,train
data/HAM10000/HAM10000_images_part_2/ISIC_0030356.jpg,악성흑색종,6,ham10000,train
data/HAM10000/HAM10000_images_part_1/ISIC_0025086.jpg,지루각화증,7,ham10000,train
data/HAM10000/HAM10000_images_part_1/ISIC_0024948.jpg,광선각화증,3,ham10000,train
data/HAM10000/HAM10000_images_part_1/ISIC_0025085.jpg,악성흑색종,6,ham10000,train
data/HAM10000/HAM10000_images_part_2/ISIC_0031933.jpg,멜라닌세포모반,5,ham10000,train
data/HAM10000/HAM10000_images_part_1/ISIC_0029151.jpg,멜라닌세포모반,5,ham10000,train
data/HAM10000/HAM10000_images_part_2/ISIC_0032714.jpg,멜라닌세포모반,5,ham10000,train
data/HAM10000/HAM10000_images_part_1/ISIC_0028803.jpg,멜라닌세포모반,5,ham10000,train
data/HAM10000/HAM10000_images_part_1/ISIC_0028890.jpg,기저세포암,4,ham10000,train
data/HAM10000/HAM10000_images_part_1/ISIC_0026615.jpg,멜라닌세포모반,5,ham10000,train
data/HAM10000/HAM10000_images_part_2/ISIC_0033423.jpg,멜라닌세포모반,5,ham10000,train
data/HAM10000/HAM10000_images_part_2/ISIC_0030614.jpg,멜라닌세포모반,5,ham10000,train
data/HAM10000/HAM10000_images_part_1/ISIC_0028984.jpg,악성흑색종,6,ham10000,train
data/HAM10000/HAM10000_images_part_1/ISIC_0027043.jpg,악성흑색종,6,ham10000,train
data/HAM10000/HAM10000_images_part_1/ISIC_0027207.jpg,멜라닌세포모반,5,ham10000,train
data/HAM10000/HAM10000_images_part_1/ISIC_0028652.jpg,기저세포암,4,ham10000,train
data/HAM10000/HAM10000_images_part_2/ISIC_0031918.jpg,광선각화증,3,ham10000,train
data/HAM10000/HAM10000_images_part_2/ISIC_0030080.jpg,악성흑색종,6,ham10000,train
data/HAM10000/HAM10000_images_part_2/ISIC_0034037.jpg,지루각화증,7,ham10000,train
data/HAM10000/HAM10000_images_part_1/ISIC_0025048.jpg,멜라닌세포모반,5,ham10000,train
data/HAM10000/HAM10000_images_part_2/ISIC_0033291.jpg,멜라닌세포모반,5,ham10000,train
data/HAM10000/HAM10000_images_part_2/ISIC_0034026.jpg,기저세포암,4,ham10000,train
data/HAM10000/HAM10000_images_part_1/ISIC_0027995.jpg,멜라닌세포모반,5,ham10000,train
data/HAM10000/HAM10000_images_part_2/ISIC_0033274.jpg,악성흑색종,6,ham10000,train
data/HAM10000/HAM10000_images_part_2/ISIC_0030722.jpg,혈관종,10,ham10000,train
data/HAM10000/HAM10000_images_part_2/ISIC_0033490.jpg,지루각화증,7,ham10000,train
data/HAM10000/HAM10000_images_part_1/ISIC_0027451.jpg,지루각화증,7,ham10000,train
data/HAM10000/HAM10000_images_part_1/ISIC_0024381.jpg,지루각화증,7,ham10000,train
data/HAM10000/HAM10000_images_part_2/ISIC_0029308.jpg,지루각화증,7,ham10000,train
data/HAM10000/HAM10000_images_part_2/ISIC_0032451.jpg,멜라닌세포모반,5,ham10000,train
data/HAM10000/HAM10000_images_part_1/ISIC_0028316.jpg,기저세포암,4,ham10000,train
data/HAM10000/HAM10000_images_part_2/ISIC_0029674.jpg,지루각화증,7,ham10000,train
data/HAM10000/HAM10000_images_part_2/ISIC_0029318.jpg,악성흑색종,6,ham10000,train
data/HAM10000/HAM10000_images_part_1/ISIC_0027807.jpg,멜라닌세포모반,5,ham10000,train
data/HAM10000/HAM10000_images_part_2/ISIC_0029816.jpg,멜라닌세포모반,5,ham10000,train
data/HAM10000/HAM10000_images_part_2/ISIC_0032240.jpg,혈관종,10,ham10000,train
data/HAM10000/HAM10000_images_part_1/ISIC_0024807.jpg,멜라닌세포모반,5,ham10000,train
data/HAM10000/HAM10000_images_part_1/ISIC_0025675.jpg,멜라닌세포모반,5,ham10000,train
data/HAM10000/HAM10000_images_part_1/ISIC_0026179.jpg,멜라닌세포모반,5,ham10000,train
data/HAM10000/HAM10000_images_part_2/ISIC_0033307.jpg,지루각화증,7,ham10000,train
data/HAM10000/HAM10000_images_part_1/ISIC_0028529.jpg,멜라닌세포모반,5,ham10000,train
data/HAM10000/HAM10000_images_part_2/ISIC_0033499.jpg,기저세포암,4,ham10000,train
data/HAM10000/HAM10000_images_part_2/ISIC_0029823.jpg,지루각화증,7,ham10000,train
data/HAM10000/HAM10000_images_part_1/ISIC_0028965.jpg,악성흑색종,6,ham10000,train
data/HAM10000/HAM10000_images_part_1/ISIC_0024412.jpg,지루각화증,7,ham10000,train
data/HAM10000/HAM10000_images_part_2/ISIC_0031355.jpg,멜라닌세포모반,5,ham10000,train
data/HAM10000/HAM10000_images_part_1/ISIC_0028043.jpg,지루각화증,7,ham10000,train
data/HAM10000/HAM10000_images_part_1/ISIC_0028548.jpg,악성흑색종,6,ham10000,train
data/HAM10000/HAM10000_images_part_1/ISIC_0027884.jpg,광선각화증,3,ham10000,train
data/HAM10000/HAM10000_images_part_2/ISIC_0030012.jpg,멜라닌세포모반,5,ham10000,train
data/HAM10000/HAM10000_images_part_1/ISIC_0027433.jpg,기저세포암,4,ham10000,train
data/HAM10000/HAM10000_images_part_2/ISIC_0031293.jpg,멜라닌세포모반,5,ham10000,train
data/HAM10000/HAM10000_images_part_1/ISIC_0027848.jpg,멜라닌세포모반,5,ham10000,train
data/HAM10000/HAM10000_images_part_1/ISIC_0028294.jpg,지루각화증,7,ham10000,train
data/HAM10000/HAM10000_images_part_2/ISIC_0032028.jpg,멜라닌세포모반,5,ham10000,train
data/HAM10000/HAM10000_images_part_2/ISIC_0032335.jpg,지루각화증,7,ham10000,train
data/HAM10000/HAM10000_images_part_2/ISIC_0032723.jpg,악성흑색종,6,ham10000,train
data/HAM10000/HAM10000_images_part_1/ISIC_0025343.jpg,멜라닌세포모반,5,ham10000,train
data/HAM10000/HAM10000_images_part_1/ISIC_0026436.jpg,멜라닌세포모반,5,ham10000,train
data/HAM10000/HAM10000_images_part_2/ISIC_0030549.jpg,광선각화증,3,ham10000,train
data/HAM10000/HAM10000_images_part_2/ISIC_0032897.jpg,광선각화증,3,ham10000,train
data/HAM10000/HAM10000_images_part_1/ISIC_0025491.jpg,멜라닌세포모반,5,ham10000,train
data/HAM10000/HAM10000_images_part_1/ISIC_0026993.jpg,악성흑색종,6,ham10000,train
data/HAM10000/HAM10000_images_part_2/ISIC_0033100.jpg,멜라닌세포모반,5,ham10000,train
data/HAM10000/HAM10000_images_part_2/ISIC_0029779.jpg,기저세포암,4,ham10000,train
data/HAM10000/HAM10000_images_part_2/ISIC_0031528.jpg,지루각화증,7,ham10000,train
data/HAM10000/HAM10000_images_part_1/ISIC_0027636.jpg,멜라닌세포모반,5,ham10000,train
data/HAM10000/HAM10000_images_part_2/ISIC_0030105.jpg,지루각화증,7,ham10000,train
data/HAM10000/HAM10000_images_part_2/ISIC_0032927.jpg,악성흑색종,6,ham10000,train
data/HAM10000/HAM10000_images_part_1/ISIC_0024784.jpg,멜라닌세포모반,5,ham10000,train
data/HAM10000/HAM10000_images_part_2/ISIC_0032807.jpg,악성흑색종,6,ham10000,train
data/HAM10000/HAM10000_images_part_2/ISIC_0033773.jpg,악성흑색종,6,ham10000,train
data/HAM10000/HAM10000_images_part_1/ISIC_0028776.jpg,멜라닌세포모반,5,ham10000,train
data/HAM10000/HAM10000_images_part_2/ISIC_0032878.jpg,멜라닌세포모반,5,ham10000,train
data/HAM10000/HAM10000_images_part_1/ISIC_0026927.jpg,광선각화증,3,ham10000,train
data/HAM10000/HAM10000_images_part_2/ISIC_0031276.jpg,혈관종,10,ham10000,train
data/HAM10000/HAM10000_images_part_2/ISIC_0033426.jpg,악성흑색종,6,ham10000,train
data/HAM10000/HAM10000_images_part_1/ISIC_0027649.jpg,지루각화증,7,ham10000,train
data/HAM10000/HAM10000_images_part_2/ISIC_0033404.jpg,멜라닌세포모반,5,ham10000,train
data/HAM10000/HAM10000_images_part_2/ISIC_0032752.jpg,멜라닌세포모반,5,ham10000,train
data/HAM10000/HAM10000_images_part_2/ISIC_0034086.jpg,멜라닌세포모반,5,ham10000,train
data/HAM10000/HAM10000_images_part_2/ISIC_0032116.jpg,지루각화증,7,ham10000,train
data/HAM10000/HAM10000_images_part_2/ISIC_0030675.jpg,멜라닌세포모반,5,ham10000,train
data/HAM10000/HAM10000_images_part_2/ISIC_0032922.jpg,악성흑색종,6,ham10000,train
data/HAM10000/HAM10000_images_part_1/ISIC_0024741.jpg,지루각화증,7,ham10000,train
data/HAM10000/HAM10000_images_part_1/ISIC_0026566.jpg,지루각화증,7,ham10000,train
data/HAM10000/HAM10000_images_part_2/ISIC_0033418.jpg,멜라닌세포모반,5,ham10000,train
data/HAM10000/HAM10000_images_part_2/ISIC_0032031.jpg,지루각화증,7,ham10000,train
data/HAM10000/HAM10000_images_part_1/ISIC_0028156.jpg,악성흑색종,6,ham10000,train
data/HAM10000/HAM10000_images_part_2/ISIC_0032023.jpg,멜라닌세포모반,5,ham10000,train
data/HAM10000/HAM10000_images_part_1/ISIC_0026072.jpg,지루각화증,7,ham10000,train
data/HAM10000/HAM10000_images_part_2/ISIC_0031118.jpg,악성흑색종,6,ham10000,train
data/HAM10000/HAM10000_images_part_2/ISIC_0033003.jpg,멜라닌세포모반,5,ham10000,train
data/HAM10000/HAM10000_images_part_1/ISIC_0026365.jpg,지루각화증,7,ham10000,train
data/HAM10000/HAM10000_images_part_2/ISIC_0033901.jpg,악성흑색종,6,ham10000,train
data/HAM10000/HAM10000_images_part_1/ISIC_0026948.jpg,멜라닌세포모반,5,ham10000,train
data/HAM10000/HAM10000_images_part_2/ISIC_0029985.jpg,멜라닌세포모반,5,ham10000,train
data/HAM10000/HAM10000_images_part_2/ISIC_0030294.jpg,멜라닌세포모반,5,ham10000,train
data/HAM10000/HAM10000_images_part_1/ISIC_0028802.jpg,멜라닌세포모반,5,ham10000,train
data/HAM10000/HAM10000_images_part_1/ISIC_0028392.jpg,멜라닌세포모반,5,ham10000,train
data/HAM10000/HAM10000_images_part_2/ISIC_0033995.jpg,악성흑색종,6,ham10000,train
data/HAM10000/HAM10000_images_part_2/ISIC_0031454.jpg,멜라닌세포모반,5,ham10000,train
data/HAM10000/HAM10000_images_part_2/ISIC_0032494.jpg,멜라닌세포모반,5,ham10000,train
data/HAM10000/HAM10000_images_part_1/ISIC_0025244.jpg,혈관종,10,ham10000,train
data/HAM10000/HAM10000_images_part_1/ISIC_0026187.jpg,멜라닌세포모반,5,ham10000,train
data/HAM10000/HAM10000_images_part_2/ISIC_0031248.jpg,멜라닌세포모반,5,ham10000,train
data/HAM10000/HAM10000_images_part_1/ISIC_0028980.jpg,기저세포암,4,ham10000,train
data/HAM10000/HAM10000_images_part_2/ISIC_0032932.jpg,혈관종,10,ham10000,train
data/HAM10000/HAM10000_images_part_2/ISIC_0033900.jpg,지루각화증,7,ham10000,train
data/HAM10000/HAM10000_images_part_1/ISIC_0024676.jpg,지루각화증,7,ham10000,train
data/HAM10000/HAM10000_images_part_1/ISIC_0029058.jpg,멜라닌세포모반,5,ham10000,train
data/HAM10000/HAM10000_images_part_2/ISIC_0029852.jpg,멜라닌세포모반,5,ham10000,train
data/HAM10000/HAM10000_images_part_1/ISIC_0026280.jpg,지루각화증,7,ham10000,train
data/HAM10000/HAM10000_images_part_1/ISIC_0027842.jpg,멜라닌세포모반,5,ham10000,train
data/HAM10000/HAM10000_images_part_2/ISIC_0030535.jpg,멜라닌세포모반,5,ham10000,train
data/HAM10000/HAM10000_images_part_1/ISIC_0027678.jpg,광선각화증,3,ham10000,train
data/HAM10000/HAM10000_images_part_1/ISIC_0025868.jpg,멜라닌세포모반,5,ham10000,train
data/HAM10000/HAM10000_images_part_1/ISIC_0026710.jpg,멜라닌세포모반,5,ham10000,train
data/HAM10000/HAM10000_images_part_2/ISIC_0030607.jpg,지루각화증,7,ham10000,train
data/HAM10000/HAM10000_images_part_1/ISIC_0029083.jpg,기저세포암,4,ham10000,train
data/HAM10000/HAM10000_images_part_1/ISIC_0026700.jpg,멜라닌세포모반,5,ham10000,train
data/HAM10000/HAM10000_images_part_2/ISIC_0029877.jpg,혈관종,10,ham10000,train
data/HAM10000/HAM10000_images_part_2/ISIC_0032300.jpg,멜라닌세포모반,5,ham10000,train
data/HAM10000/HAM10000_images_part_2/ISIC_0033202.jpg,멜라닌세포모반,5,ham10000,train
data/HAM10000/HAM10000_images_part_2/ISIC_0031015.jpg,멜라닌세포모반,5,ham10000,train
data/HAM10000/HAM10000_images_part_2/ISIC_0031750.jpg,멜라닌세포모반,5,ham10000,train
data/HAM10000/HAM10000_images_part_2/ISIC_0032606.jpg,멜라닌세포모반,5,ham10000,train
data/HAM10000/HAM10000_images_part_2/ISIC_0034106.jpg,악성흑색종,6,ham10000,train
data/HAM10000/HAM10000_images_part_2/ISIC_0032146.jpg,기저세포암,4,ham10000,train
data/HAM10000/HAM10000_images_part_1/ISIC_0027001.jpg,멜라닌세포모반,5,ham10000,train
data/HAM10000/HAM10000_images_part_1/ISIC_0029121.jpg,멜라닌세포모반,5,ham10000,train
data/HAM10000/HAM10000_images_part_1/ISIC_0024920.jpg,멜라닌세포모반,5,ham10000,train
data/HAM10000/HAM10000_images_part_2/ISIC_0030958.jpg,멜라닌세포모반,5,ham10000,train
data/HAM10000/HAM10000_images_part_1/ISIC_0027132.jpg,멜라닌세포모반,5,ham10000,train
data/HAM10000/HAM10000_images_part_1/ISIC_0025064.jpg,지루각화증,7,ham10000,train
data/HAM10000/HAM10000_images_part_1/ISIC_0025802.jpg,멜라닌세포모반,5,ham10000,train
data/HAM10000/HAM10000_images_part_2/ISIC_0031636.jpg,멜라닌세포모반,5,ham10000,train
data/HAM10000/HAM10000_images_part_2/ISIC_0033948.jpg,멜라닌세포모반,5,ham10000,train
data/HAM10000/HAM10000_images_part_1/ISIC_0027047.jpg,광선각화증,3,ham10000,train
data/HAM10000/HAM10000_images_part_1/ISIC_0029128.jpg,멜라닌세포모반,5,ham10000,train
data/HAM10000/HAM10000_images_part_2/ISIC_0032063.jpg,지루각화증,7,ham10000,train
data/HAM10000/HAM10000_images_part_2/ISIC_0030950.jpg,악성흑색종,6,ham10000,train
data/HAM10000/HAM10000_images_part_2/ISIC_0032780.jpg,멜라닌세포모반,5,ham10000,train
data/HAM10000/HAM10000_images_part_1/ISIC_0027616.jpg,악성흑색종,6,ham10000,train
data/HAM10000/HAM10000_images_part_1/ISIC_0026524.jpg,지루각화증,7,ham10000,train
data/HAM10000/HAM10000_images_part_2/ISIC_0030755.jpg,기저세포암,4,ham10000,train
data/HAM10000/HAM10000_images_part_1/ISIC_0027822.jpg,악성흑색종,6,ham10000,train
data/HAM10000/HAM10000_images_part_2/ISIC_0032275.jpg,멜라닌세포모반,5,ham10000,train
data/HAM10000/HAM10000_images_part_1/ISIC_0025166.jpg,멜라닌세포모반,5,ham10000,train
data/HAM10000/HAM10000_images_part_2/ISIC_0030599.jpg,멜라닌세포모반,5,ham10000,train
data/HAM10000/HAM10000_images_part_1/ISIC_0028104.jpg,지루각화증,7,ham10000,train
data/HAM10000/HAM10000_images_part_2/ISIC_0033458.jpg,혈관종,10,ham10000,train
data/HAM10000/HAM10000_images_part_1/ISIC_0026410.jpg,멜라닌세포모반,5,ham10000,train
data/HAM10000/HAM10000_images_part_1/ISIC_0028390.jpg,멜라닌세포모반,5,ham10000,train
data/HAM10000/HAM10000_images_part_2/ISIC_0030390.jpg,악성흑색종,6,ham10000,train
data/HAM10000/HAM10000_images_part_2/ISIC_0032191.jpg,멜라닌세포모반,5,ham10000,train
data/HAM10000/HAM10000_images_part_2/ISIC_0030407.jpg,멜라닌세포모반,5,ham10000,train
data/HAM10000/HAM10000_images_part_1/ISIC_0025908.jpg,멜라닌세포모반,5,ham10000,train
data/HAM10000/HAM10000_images_part_1/ISIC_0026985.jpg,멜라닌세포모반,5,ham10000,train
data/HAM10000/HAM10000_images_part_2/ISIC_0029389.jpg,멜라닌세포모반,5,ham10000,train
data/HAM10000/HAM10000_images_part_1/ISIC_0026169.jpg,멜라닌세포모반,5,ham10000,train
data/HAM10000/HAM10000_images_part_2/ISIC_0031379.jpg,멜라닌세포모반,5,ham10000,train
data/HAM10000/HAM10000_images_part_1/ISIC_0026745.jpg,악성흑색종,6,ham10000,train
data/HAM10000/HAM10000_images_part_1/ISIC_0024643.jpg,지루각화증,7,ham10000,train
data/HAM10000/HAM10000_images_part_1/ISIC_0028447.jpg,멜라닌세포모반,5,ham10000,train
data/HAM10000/HAM10000_images_part_2/ISIC_0032368.jpg,멜라닌세포모반,5,ham10000,train
data/HAM10000/HAM10000_images_part_1/ISIC_0025642.jpg,지루각화증,7,ham10000,train
data/HAM10000/HAM10000_images_part_1/ISIC_0024316.jpg,멜라닌세포모반,5,ham10000,train
data/HAM10000/HAM10000_images_part_2/ISIC_0031659.jpg,광선각화증,3,ham10000,train
data/HAM10000/HAM10000_images_part_2/ISIC_0031097.jpg,멜라닌세포모반,5,ham10000,train
data/HAM10000/HAM10000_images_part_2/ISIC_0033758.jpg,지루각화증,7,ham10000,train
data/HAM10000/HAM10000_images_part_2/ISIC_0030475.jpg,멜라닌세포모반,5,ham10000,train
data/HAM10000/HAM10000_images_part_2/ISIC_0033631.jpg,지루각화증,7,ham10000,train
data/HAM10000/HAM10000_images_part_2/ISIC_0032255.jpg,멜라닌세포모반,5,ham10000,train
data/HAM10000/HAM10000_images_part_2/ISIC_0032640.jpg,멜라닌세포모반,5,ham10000,train
data/HAM10000/HAM10000_images_part_1/ISIC_0024600.jpg,멜라닌세포모반,5,ham10000,train
data/HAM10000/HAM10000_images_part_2/ISIC_0031986.jpg,기저세포암,4,ham10000,train
data/HAM10000/HAM10000_images_part_1/ISIC_0028068.jpg,멜라닌세포모반,5,ham10000,train
data/HAM10000/HAM10000_images_part_1/ISIC_0026911.jpg,멜라닌세포모반,5,ham10000,train
data/HAM10000/HAM10000_images_part_1/ISIC_0025699.jpg,지루각화증,7,ham10000,train
data/HAM10000/HAM10000_images_part_2/ISIC_0030257.jpg,멜라닌세포모반,5,ham10000,train
data/HAM10000/HAM10000_images_part_1/ISIC_0024366.jpg,멜라닌세포모반,5,ham10000,train
data/HAM10000/HAM10000_images_part_1/ISIC_0027362.jpg,멜라닌세포모반,5,ham10000,train
data/HAM10000/HAM10000_images_part_2/ISIC_0031591.jpg,지루각화증,7,ham10000,train
data/HAM10000/HAM10000_images_part_2/ISIC_0032655.jpg,지루각화증,7,ham10000,train
data/HAM10000/HAM10000_images_part_1/ISIC_0025586.jpg,멜라닌세포모반,5,ham10000,train
data/HAM10000/HAM10000_images_part_2/ISIC_0033296.jpg,멜라닌세포모반,5,ham10000,train
data/HAM10000/HAM10000_images_part_2/ISIC_0031078.jpg,지루각화증,7,ham10000,train
data/HAM10000/HAM10000_images_part_1/ISIC_0025040.jpg,지루각화증,7,ham10000,train
data/HAM10000/HAM10000_images_part_2/ISIC_0034055.jpg,멜라닌세포모반,5,ham10000,train
data/HAM10000/HAM10000_images_part_2/ISIC_0033679.jpg,악성흑색종,6,ham10000,train
data/HAM10000/HAM10000_images_part_2/ISIC_0031448.jpg,멜라닌세포모반,5,ham10000,train
data/HAM10000/HAM10000_images_part_2/ISIC_0033736.jpg,지루각화증,7,ham10000,train
data/HAM10000/HAM10000_images_part_1/ISIC_0024527.jpg,멜라닌세포모반,5,ham10000,train
data/HAM10000/HAM10000_images_part_2/ISIC_0029585.jpg,지루각화증,7,ham10000,train
data/HAM10000/HAM10000_images_part_2/ISIC_0030674.jpg,멜라닌세포모반,5,ham10000,train
data/HAM10000/HAM10000_images_part_1/ISIC_0026371.jpg,멜라닌세포모반,5,ham10000,train
data/HAM10000/HAM10000_images_part_1/ISIC_0028194.jpg,멜라닌세포모반,5,ham10000,train
data/HAM10000/HAM10000_images_part_1/ISIC_0029302.jpg,지루각화증,7,ham10000,train
data/HAM10000/HAM10000_images_part_1/ISIC_0024315.jpg,악성흑색종,6,ham10000,train
data/HAM10000/HAM10000_images_part_1/ISIC_0025356.jpg,멜라닌세포모반,5,ham10000,train
data/HAM10000/HAM10000_images_part_1/ISIC_0027356.jpg,멜라닌세포모반,5,ham10000,train
data/HAM10000/HAM10000_images_part_2/ISIC_0029899.jpg,기저세포암,4,ham10000,train
data/HAM10000/HAM10000_images_part_2/ISIC_0030760.jpg,악성흑색종,6,ham10000,train
data/HAM10000/HAM10000_images_part_2/ISIC_0032371.jpg,광선각화증,3,ham10000,train
data/HAM10000/HAM10000_images_part_2/ISIC_0032414.jpg,기저세포암,4,ham10000,train
data/HAM10000/HAM10000_images_part_1/ISIC_0025542.jpg,멜라닌세포모반,5,ham10000,train
data/HAM10000/HAM10000_images_part_2/ISIC_0029467.jpg,멜라닌세포모반,5,ham10000,train
data/HAM10000/HAM10000_images_part_1/ISIC_0025341.jpg,멜라닌세포모반,5,ham10000,train
data/HAM10000/HAM10000_images_part_2/ISIC_0033711.jpg,멜라닌세포모반,5,ham10000,train
data/HAM10000/HAM10000_images_part_1/ISIC_0029293.jpg,멜라닌세포모반,5,ham10000,train
data/HAM10000/HAM10000_images_part_2/ISIC_0033672.jpg,멜라닌세포모반,5,ham10000,train
data/HAM10000/HAM10000_images_part_2/ISIC_0033350.jpg,멜라닌세포모반,5,ham10000,train
data/HAM10000/HAM10000_images_part_2/ISIC_0034249.jpg,멜라닌세포모반,5,ham10000,train
data/HAM10000/HAM10000_images_part_1/ISIC_0025282.jpg,멜라닌세포모반,5,ham10000,train
data/HAM10000/HAM10000_images_part_1/ISIC_0025528.jpg,멜라닌세포모반,5,ham10000,train
data/HAM10000/HAM10000_images_part_1/ISIC_0026412.jpg,멜라닌세포모반,5,ham10000,train
data/HAM10000/HAM10000_images_part_2/ISIC_0029567.jpg,광선각화증,3,ham10000,train
data/HAM10000/HAM10000_images_part_1/ISIC_0027578.jpg,멜라닌세포모반,5,ham10000,train
data/HAM10000/HAM10000_images_part_1/ISIC_0025637.jpg,광선각화증,3,ham10000,train
data/HAM10000/HAM10000_images_part_1/ISIC_0028661.jpg,멜라닌세포모반,5,ham10000,train
data/HAM10000/HAM10000_images_part_1/ISIC_0028507.jpg,멜라닌세포모반,5,ham10000,train
data/HAM10000/HAM10000_images_part_1/ISIC_0025066.jpg,지루각화증,7,ham10000,train
data/HAM10000/HAM10000_images_part_2/ISIC_0029775.jpg,멜라닌세포모반,5,ham10000,train
data/HAM10000/HAM10000_images_part_2/ISIC_0029673.jpg,멜라닌세포모반,5,ham10000,train
data/HAM10000/HAM10000_images_part_2/ISIC_0032766.jpg,악성흑색종,6,ham10000,train
data/HAM10000/HAM10000_images_part_1/ISIC_0026269.jpg,멜라닌세포모반,5,ham10000,train
data/HAM10000/HAM10000_images_part_2/ISIC_0031775.jpg,멜라닌세포모반,5,ham10000,train
data/HAM10000/HAM10000_images_part_1/ISIC_0027672.jpg,혈관종,10,ham10000,train
data/HAM10000/HAM10000_images_part_1/ISIC_0027719.jpg,광선각화증,3,ham10000,train
data/HAM10000/HAM10000_images_part_2/ISIC_0030003.jpg,멜라닌세포모반,5,ham10000,train
data/HAM10000/HAM10000_images_part_2/ISIC_0029667.jpg,멜라닌세포모반,5,ham10000,train
data/HAM10000/HAM10000_images_part_2/ISIC_0032342.jpg,멜라닌세포모반,5,ham10000,train
data/HAM10000/HAM10000_images_part_2/ISIC_0029580.jpg,지루각화증,7,ham10000,train
data/HAM10000/HAM10000_images_part_2/ISIC_0032114.jpg,피부섬유종,9,ham10000,train
data/HAM10000/HAM10000_images_part_2/ISIC_0032171.jpg,멜라닌세포모반,5,ham10000,train
data/HAM10000/HAM10000_images_part_2/ISIC_0030697.jpg,멜라닌세포모반,5,ham10000,train
data/HAM10000/HAM10000_images_part_1/ISIC_0025819.jpg,지루각화증,7,ham10000,train
data/HAM10000/HAM10000_images_part_1/ISIC_0027187.jpg,악성흑색종,6,ham10000,train
data/HAM10000/HAM10000_images_part_1/ISIC_0028442.jpg,악성흑색종,6,ham10000,train
data/HAM10000/HAM10000_images_part_1/ISIC_0026393.jpg,혈관종,10,ham10000,train
data/HAM10000/HAM10000_images_part_2/ISIC_0030314.jpg,기저세포암,4,ham10000,train
data/HAM10000/HAM10000_images_part_1/ISIC_0027846.jpg,기저세포암,4,ham10000,train
data/HAM10000/HAM10000_images_part_1/ISIC_0028777.jpg,악성흑색종,6,ham10000,train
data/HAM10000/HAM10000_images_part_1/ISIC_0026851.jpg,멜라닌세포모반,5,ham10000,train
data/HAM10000/HAM10000_images_part_2/ISIC_0030394.jpg,지루각화증,7,ham10000,train
data/HAM10000/HAM10000_images_part_1/ISIC_0025089.jpg,광선각화증,3,ham10000,train
data/HAM10000/HAM10000_images_part_2/ISIC_0029851.jpg,광선각화증,3,ham10000,train
data/HAM10000/HAM10000_images_part_2/ISIC_0030608.jpg,지루각화증,7,ham10000,train
data/HAM10000/HAM10000_images_part_1/ISIC_0027826.jpg,지루각화증,7,ham10000,train
data/HAM10000/HAM10000_images_part_2/ISIC_0033352.jpg,멜라닌세포모반,5,ham10000,train
data/HAM10000/HAM10000_images_part_2/ISIC_0031730.jpg,멜라닌세포모반,5,ham10000,train
data/HAM10000/HAM10000_images_part_2/ISIC_0034255.jpg,기저세포암,4,ham10000,train
data/HAM10000/HAM10000_images_part_2/ISIC_0029346.jpg,멜라닌세포모반,5,ham10000,train
data/HAM10000/HAM10000_images_part_1/ISIC_0027060.jpg,악성흑색종,6,ham10000,train
data/HAM10000/HAM10000_images_part_1/ISIC_0024581.jpg,지루각화증,7,ham10000,train
data/HAM10000/HAM10000_images_part_1/ISIC_0029108.jpg,지루각화증,7,ham10000,train
data/HAM10000/HAM10000_images_part_1/ISIC_0027798.jpg,멜라닌세포모반,5,ham10000,train
data/HAM10000/HAM10000_images_part_1/ISIC_0025277.jpg,악성흑색종,6,ham10000,train
data/HAM10000/HAM10000_images_part_2/ISIC_0030782.jpg,기저세포암,4,ham10000,train
data/HAM10000/HAM10000_images_part_2/ISIC_0033147.jpg,멜라닌세포모반,5,ham10000,train
data/HAM10000/HAM10000_images_part_1/ISIC_0026945.jpg,멜라닌세포모반,5,ham10000,train
data/HAM10000/HAM10000_images_part_1/ISIC_0027934.jpg,멜라닌세포모반,5,ham10000,train
data/HAM10000/HAM10000_images_part_2/ISIC_0034195.jpg,멜라닌세포모반,5,ham10000,train
data/HAM10000/HAM10000_images_part_1/ISIC_0026978.jpg,기저세포암,4,ham10000,train
data/HAM10000/HAM10000_images_part_1/ISIC_0027776.jpg,악성흑색종,6,ham10000,train
data/HAM10000/HAM10000_images_part_1/ISIC_0027238.jpg,악성흑색종,6,ham10000,train
data/HAM10000/HAM10000_images_part_1/ISIC_0025230.jpg,멜라닌세포모반,5,ham10000,train
data/HAM10000/HAM10000_images_part_1/ISIC_0028360.jpg,멜라닌세포모반,5,ham10000,train
data/HAM10000/HAM10000_images_part_2/ISIC_0032527.jpg,멜라닌세포모반,5,ham10000,train
data/HAM10000/HAM10000_images_part_1/ISIC_0027617.jpg,멜라닌세포모반,5,ham10000,train
data/HAM10000/HAM10000_images_part_2/ISIC_0029640.jpg,멜라닌세포모반,5,ham10000,train
data/HAM10000/HAM10000_images_part_2/ISIC_0031559.jpg,멜라닌세포모반,5,ham10000,train
data/HAM10000/HAM10000_images_part_2/ISIC_0029512.jpg,악성흑색종,6,ham10000,train
data/HAM10000/HAM10000_images_part_1/ISIC_0029016.jpg,멜라닌세포모반,5,ham10000,train
data/HAM10000/HAM10000_images_part_2/ISIC_0029785.jpg,멜라닌세포모반,5,ham10000,train
data/HAM10000/HAM10000_images_part_1/ISIC_0027027.jpg,지루각화증,7,ham10000,train
data/HAM10000/HAM10000_images_part_2/ISIC_0033301.jpg,기저세포암,4,ham10000,train
data/HAM10000/HAM10000_images_part_1/ISIC_0025394.jpg,악성흑색종,6,ham10000,train
data/HAM10000/HAM10000_images_part_2/ISIC_0031267.jpg,멜라닌세포모반,5,ham10000,train
data/HAM10000/HAM10000_images_part_2/ISIC_0032688.jpg,지루각화증,7,ham10000,train
data/HAM10000/HAM10000_images_part_1/ISIC_0029101.jpg,지루각화증,7,ham10000,train
data/HAM10000/HAM10000_images_part_1/ISIC_0026743.jpg,멜라닌세포모반,5,ham10000,train
data/HAM10000/HAM10000_images_part_2/ISIC_0033893.jpg,악성흑색종,6,ham10000,train
data/HAM10000/HAM10000_images_part_2/ISIC_0031217.jpg,혈관종,10,ham10000,train
data/HAM10000/HAM10000_images_part_1/ISIC_0029275.jpg,멜라닌세포모반,5,ham10000,train
data/HAM10000/HAM10000_images_part_1/ISIC_0024386.jpg,피부섬유종,9,ham10000,train
data/HAM10000/HAM10000_images_part_2/ISIC_0031402.jpg,멜라닌세포모반,5,ham10000,train
data/HAM10000/HAM10000_images_part_1/ISIC_0029189.jpg,멜라닌세포모반,5,ham10000,train
data/HAM10000/HAM10000_images_part_2/ISIC_0031111.jpg,멜라닌세포모반,5,ham10000,train
data/HAM10000/HAM10000_images_part_1/ISIC_0024867.jpg,혈관종,10,ham10000,train
data/HAM10000/HAM10000_images_part_2/ISIC_0033134.jpg,멜라닌세포모반,5,ham10000,train
data/HAM10000/HAM10000_images_part_1/ISIC_0028818.jpg,기저세포암,4,ham10000,train
data/HAM10000/HAM10000_images_part_1/ISIC_0024967.jpg,악성흑색종,6,ham10000,train
data/HAM10000/HAM10000_images_part_1/ISIC_0028267.jpg,멜라닌세포모반,5,ham10000,train
data/HAM10000/HAM10000_images_part_2/ISIC_0031800.jpg,멜라닌세포모반,5,ham10000,train
data/HAM10000/HAM10000_images_part_2/ISIC_0030067.jpg,지루각화증,7,ham10000,train
data/HAM10000/HAM10000_images_part_1/ISIC_0025680.jpg,혈관종,10,ham10000,train
data/HAM10000/HAM10000_images_part_1/ISIC_0029167.jpg,멜라닌세포모반,5,ham10000,train
data/HAM10000/HAM10000_images_part_2/ISIC_0029782.jpg,멜라닌세포모반,5,ham10000,train
data/HAM10000/HAM10000_images_part_1/ISIC_0024982.jpg,지루각화증,7,ham10000,train
data/HAM10000/HAM10000_images_part_2/ISIC_0033751.jpg,멜라닌세포모반,5,ham10000,train
data/HAM10000/HAM10000_images_part_2/ISIC_0033942.jpg,악성흑색종,6,ham10000,train
data/HAM10000/HAM10000_images_part_1/ISIC_0027141.jpg,피부섬유종,9,ham10000,train
data/HAM10000/HAM10000_images_part_2/ISIC_0032316.jpg,기저세포암,4,ham10000,train
data/HAM10000/HAM10000_images_part_1/ISIC_0028676.jpg,멜라닌세포모반,5,ham10000,train
data/HAM10000/HAM10000_images_part_2/ISIC_0029616.jpg,멜라닌세포모반,5,ham10000,train
data/HAM10000/HAM10000_images_part_2/ISIC_0031520.jpg,기저세포암,4,ham10000,train
data/HAM10000/HAM10000_images_part_2/ISIC_0033192.jpg,악성흑색종,6,ham10000,train
data/HAM10000/HAM10000_images_part_2/ISIC_0031780.jpg,멜라닌세포모반,5,ham10000,train
data/HAM10000/HAM10000_images_part_1/ISIC_0025514.jpg,멜라닌세포모반,5,ham10000,train
data/HAM10000/HAM10000_images_part_2/ISIC_0030776.jpg,멜라닌세포모반,5,ham10000,train
data/HAM10000/HAM10000_images_part_1/ISIC_0028094.jpg,지루각화증,7,ham10000,train
data/HAM10000/HAM10000_images_part_1/ISIC_0026751.jpg,멜라닌세포모반,5,ham10000,train
data/HAM10000/HAM10000_images_part_2/ISIC_0033379.jpg,지루각화증,7,ham10000,train
data/HAM10000/HAM10000_images_part_2/ISIC_0031348.jpg,멜라닌세포모반,5,ham10000,train
data/HAM10000/HAM10000_images_part_2/ISIC_0030657.jpg,멜라닌세포모반,5,ham10000,train
data/HAM10000/HAM10000_images_part_1/ISIC_0026876.jpg,혈관종,10,ham10000,train
data/HAM10000/HAM10000_images_part_1/ISIC_0025975.jpg,기저세포암,4,ham10000,train
data/HAM10000/HAM10000_images_part_2/ISIC_0032417.jpg,지루각화증,7,ham10000,train
data/HAM10000/HAM10000_images_part_2/ISIC_0031547.jpg,멜라닌세포모반,5,ham10000,train
data/HAM10000/HAM10000_images_part_1/ISIC_0025734.jpg,멜라닌세포모반,5,ham10000,train
data/HAM10000/HAM10000_images_part_2/ISIC_0029652.jpg,악성흑색종,6,ham10000,train
data/HAM10000/HAM10000_images_part_2/ISIC_0030280.jpg,광선각화증,3,ham10000,train
data/HAM10000/HAM10000_images_part_1/ISIC_0028291.jpg,악성흑색종,6,ham10000,train
data/HAM10000/HAM10000_images_part_1/ISIC_0025503.jpg,멜라닌세포모반,5,ham10000,train
data/HAM10000/HAM10000_images_part_2/ISIC_0029893.jpg,악성흑색종,6,ham10000,train
data/HAM10000/HAM10000_images_part_1/ISIC_0024401.jpg,멜라닌세포모반,5,ham10000,train
data/HAM10000/HAM10000_images_part_2/ISIC_0031394.jpg,지루각화증,7,ham10000,train
data/HAM10000/HAM10000_images_part_2/ISIC_0031609.jpg,광선각화증,3,ham10000,train
data/HAM10000/HAM10000_images_part_1/ISIC_0024329.jpg,광선각화증,3,ham10000,train
data/HAM10000/HAM10000_images_part_1/ISIC_0024592.jpg,지루각화증,7,ham10000,train
data/HAM10000/HAM10000_images_part_1/ISIC_0024946.jpg,광선각화증,3,ham10000,train
data/HAM10000/HAM10000_images_part_1/ISIC_0025702.jpg,멜라닌세포모반,5,ham10000,train
data/HAM10000/HAM10000_images_part_1/ISIC_0025240.jpg,멜라닌세포모반,5,ham10000,train
data/HAM10000/HAM10000_images_part_2/ISIC_0030085.jpg,멜라닌세포모반,5,ham10000,train
data/HAM10000/HAM10000_images_part_2/ISIC_0030632.jpg,멜라닌세포모반,5,ham10000,train
data/HAM10000/HAM10000_images_part_1/ISIC_0027046.jpg,기저세포암,4,ham10000,train
data/HAM10000/HAM10000_images_part_1/ISIC_0025685.jpg,멜라닌세포모반,5,ham10000,train
data/HAM10000/HAM10000_images_part_1/ISIC_0024636.jpg,멜라닌세포모반,5,ham10000,train
data/HAM10000/HAM10000_images_part_1/ISIC_0028658.jpg,멜라닌세포모반,5,ham10000,train
data/HAM10000/HAM10000_images_part_1/ISIC_0024782.jpg,지루각화증,7,ham10000,train
data/HAM10000/HAM10000_images_part_1/ISIC_0028451.jpg,지루각화증,7,ham10000,train
data/HAM10000/HAM10000_images_part_2/ISIC_0033670.jpg,악성흑색종,6,ham10000,train
data/HAM10000/HAM10000_images_part_2/ISIC_0032284.jpg,멜라닌세포모반,5,ham10000,train
data/HAM10000/HAM10000_images_part_2/ISIC_0033776.jpg,지루각화증,7,ham10000,train
data/HAM10000/HAM10000_images_part_1/ISIC_0028747.jpg,기저세포암,4,ham10000,train
data/HAM10000/HAM10000_images_part_1/ISIC_0026766.jpg,기저세포암,4,ham10000,train
data/HAM10000/HAM10000_images_part_2/ISIC_0030575.jpg,악성흑색종,6,ham10000,train
data/HAM10000/HAM10000_images_part_2/ISIC_0033054.jpg,기저세포암,4,ham10000,train
data/HAM10000/HAM10000_images_part_1/ISIC_0026333.jpg,멜라닌세포모반,5,ham10000,train
data/HAM10000/HAM10000_images_part_1/ISIC_0027195.jpg,멜라닌세포모반,5,ham10000,train
data/HAM10000/HAM10000_images_part_1/ISIC_0029291.jpg,지루각화증,7,ham10000,train
data/HAM10000/HAM10000_images_part_1/ISIC_0028087.jpg,악성흑색종,6,ham10000,train
data/HAM10000/HAM10000_images_part_2/ISIC_0029545.jpg,기저세포암,4,ham10000,train
data/HAM10000/HAM10000_images_part_2/ISIC_0029589.jpg,멜라닌세포모반,5,ham10000,train
data/HAM10000/HAM10000_images_part_1/ISIC_0026754.jpg,악성흑색종,6,ham10000,train
data/HAM10000/HAM10000_images_part_1/ISIC_0024453.jpg,지루각화증,7,ham10000,train
data/HAM10000/HAM10000_images_part_1/ISIC_0025880.jpg,멜라닌세포모반,5,ham10000,train
data/HAM10000/HAM10000_images_part_1/ISIC_0028973.jpg,기저세포암,4,ham10000,train
data/HAM10000/HAM10000_images_part_1/ISIC_0027819.jpg,기저세포암,4,ham10000,train
data/HAM10000/HAM10000_images_part_2/ISIC_0030014.jpg,악성흑색종,6,ham10000,train
data/HAM10000/HAM10000_images_part_2/ISIC_0030486.jpg,악성흑색종,6,ham10000,train
data/HAM10000/HAM10000_images_part_2/ISIC_0032868.jpg,멜라닌세포모반,5,ham10000,train
data/HAM10000/HAM10000_images_part_2/ISIC_0032121.jpg,멜라닌세포모반,5,ham10000,train
data/HAM10000/HAM10000_images_part_1/ISIC_0026739.jpg,멜라닌세포모반,5,ham10000,train
data/HAM10000/HAM10000_images_part_1/ISIC_0025076.jpg,지루각화증,7,ham10000,train
data/HAM10000/HAM10000_images_part_1/ISIC_0028080.jpg,지루각화증,7,ham10000,train
data/HAM10000/HAM10000_images_part_1/ISIC_0028683.jpg,멜라닌세포모반,5,ham10000,train
data/HAM10000/HAM10000_images_part_2/ISIC_0033017.jpg,악성흑색종,6,ham10000,train
data/HAM10000/HAM10000_images_part_2/ISIC_0032165.jpg,멜라닌세포모반,5,ham10000,train
data/HAM10000/HAM10000_images_part_2/ISIC_0034028.jpg,악성흑색종,6,ham10000,train
data/HAM10000/HAM10000_images_part_2/ISIC_0033223.jpg,멜라닌세포모반,5,ham10000,train
data/HAM10000/HAM10000_images_part_1/ISIC_0026517.jpg,멜라닌세포모반,5,ham10000,train
data/HAM10000/HAM10000_images_part_2/ISIC_0032741.jpg,기저세포암,4,ham10000,train
data/HAM10000/HAM10000_images_part_2/ISIC_0033010.jpg,멜라닌세포모반,5,ham10000,train
data/HAM10000/HAM10000_images_part_2/ISIC_0029858.jpg,멜라닌세포모반,5,ham10000,train
data/HAM10000/HAM10000_images_part_1/ISIC_0028361.jpg,악성흑색종,6,ham10000,train
data/HAM10000/HAM10000_images_part_1/ISIC_0028135.jpg,멜라닌세포모반,5,ham10000,train
data/HAM10000/HAM10000_images_part_2/ISIC_0032073.jpg,멜라닌세포모반,5,ham10000,train
data/HAM10000/HAM10000_images_part_2/ISIC_0033001.jpg,기저세포암,4,ham10000,train
data/HAM10000/HAM10000_images_part_1/ISIC_0026217.jpg,멜라닌세포모반,5,ham10000,train
data/HAM10000/HAM10000_images_part_1/ISIC_0026438.jpg,악성흑색종,6,ham10000,train
data/HAM10000/HAM10000_images_part_1/ISIC_0024405.jpg,멜라닌세포모반,5,ham10000,train
data/HAM10000/HAM10000_images_part_1/ISIC_0026178.jpg,광선각화증,3,ham10000,train
data/HAM10000/HAM10000_images_part_2/ISIC_0032360.jpg,멜라닌세포모반,5,ham10000,train
data/HAM10000/HAM10000_images_part_1/ISIC_0027203.jpg,멜라닌세포모반,5,ham10000,train
data/HAM10000/HAM10000_images_part_1/ISIC_0028842.jpg,지루각화증,7,ham10000,train
data/HAM10000/HAM10000_images_part_1/ISIC_0027167.jpg,지루각화증,7,ham10000,train
data/HAM10000/HAM10000_images_part_1/ISIC_0026145.jpg,멜라닌세포모반,5,ham10000,train
data/HAM10000/HAM10000_images_part_1/ISIC_0028749.jpg,지루각화증,7,ham10000,train
data/HAM10000/HAM10000_images_part_2/ISIC_0029531.jpg,멜라닌세포모반,5,ham10000,train
data/HAM10000/HAM10000_images_part_2/ISIC_0034277.jpg,멜라닌세포모반,5,ham10000,train
data/HAM10000/HAM10000_images_part_2/ISIC_0031712.jpg,기저세포암,4,ham10000,train
data/HAM10000/HAM10000_images_part_2/ISIC_0031008.jpg,지루각화증,7,ham10000,train
data/HAM10000/HAM10000_images_part_2/ISIC_0031993.jpg,광선각화증,3,ham10000,train
data/HAM10000/HAM10000_images_part_2/ISIC_0029890.jpg,멜라닌세포모반,5,ham10000,train
data/HAM10000/HAM10000_images_part_2/ISIC_0032674.jpg,멜라닌세포모반,5,ham10000,train
data/HAM10000/HAM10000_images_part_1/ISIC_0026208.jpg,멜라닌세포모반,5,ham10000,train
data/HAM10000/HAM10000_images_part_1/ISIC_0024418.jpg,광선각화증,3,ham10000,train
data/HAM10000/HAM10000_images_part_1/ISIC_0026291.jpg,지루각화증,7,ham10000,train
data/HAM10000/HAM10000_images_part_1/ISIC_0026652.jpg,악성흑색종,6,ham10000,train
data/HAM10000/HAM10000_images_part_2/ISIC_0030296.jpg,멜라닌세포모반,5,ham10000,train
data/HAM10000/HAM10000_images_part_2/ISIC_0031163.jpg,멜라닌세포모반,5,ham10000,train
data/HAM10000/HAM10000_images_part_2/ISIC_0031200.jpg,지루각화증,7,ham10000,train
data/HAM10000/HAM10000_images_part_2/ISIC_0032505.jpg,멜라닌세포모반,5,ham10000,train
data/HAM10000/HAM10000_images_part_2/ISIC_0032140.jpg,멜라닌세포모반,5,ham10000,train
data/HAM10000/HAM10000_images_part_1/ISIC_0025372.jpg,멜라닌세포모반,5,ham10000,train
data/HAM10000/HAM10000_images_part_1/ISIC_0028214.jpg,멜라닌세포모반,5,ham10000,train
data/HAM10000/HAM10000_images_part_1/ISIC_0026395.jpg,기저세포암,4,ham10000,train
data/HAM10000/HAM10000_images_part_1/ISIC_0028238.jpg,기저세포암,4,ham10000,train
data/HAM10000/HAM10000_images_part_1/ISIC_0025684.jpg,멜라닌세포모반,5,ham10000,train
data/HAM10000/HAM10000_images_part_2/ISIC_0030615.jpg,멜라닌세포모반,5,ham10000,train
data/HAM10000/HAM10000_images_part_1/ISIC_0029177.jpg,피부섬유종,9,ham10000,train
data/HAM10000/HAM10000_images_part_2/ISIC_0030761.jpg,멜라닌세포모반,5,ham10000,train
data/HAM10000/HAM10000_images_part_1/ISIC_0025097.jpg,악성흑색종,6,ham10000,train
data/HAM10000/HAM10000_images_part_1/ISIC_0029065.jpg,멜라닌세포모반,5,ham10000,train
data/HAM10000/HAM10000_images_part_1/ISIC_0026440.jpg,멜라닌세포모반,5,ham10000,train
data/HAM10000/HAM10000_images_part_2/ISIC_0032829.jpg,지루각화증,7,ham10000,train
data/HAM10000/HAM10000_images_part_1/ISIC_0027794.jpg,멜라닌세포모반,5,ham10000,train
data/HAM10000/HAM10000_images_part_1/ISIC_0027821.jpg,멜라닌세포모반,5,ham10000,train
data/HAM10000/HAM10000_images_part_1/ISIC_0027536.jpg,광선각화증,3,ham10000,train
data/HAM10000/HAM10000_images_part_1/ISIC_0028888.jpg,멜라닌세포모반,5,ham10000,train
data/HAM10000/HAM10000_images_part_1/ISIC_0026096.jpg,멜라닌세포모반,5,ham10000,train
data/HAM10000/HAM10000_images_part_2/ISIC_0032556.jpg,지루각화증,7,ham10000,train
data/HAM10000/HAM10000_images_part_1/ISIC_0026952.jpg,기저세포암,4,ham10000,train
data/HAM10000/HAM10000_images_part_1/ISIC_0028563.jpg,멜라닌세포모반,5,ham10000,train
data/HAM10000/HAM10000_images_part_2/ISIC_0031493.jpg,멜라닌세포모반,5,ham10000,train
data/HAM10000/HAM10000_images_part_1/ISIC_0028970.jpg,지루각화증,7,ham10000,train
data/HAM10000/HAM10000_images_part_2/ISIC_0030201.jpg,멜라닌세포모반,5,ham10000,train
data/HAM10000/HAM10000_images_part_1/ISIC_0025480.jpg,멜라닌세포모반,5,ham10000,train
data/HAM10000/HAM10000_images_part_1/ISIC_0026714.jpg,지루각화증,7,ham10000,train
data/HAM10000/HAM10000_images_part_1/ISIC_0025612.jpg,혈관종,10,ham10000,train
data/HAM10000/HAM10000_images_part_1/ISIC_0027058.jpg,기저세포암,4,ham10000,train
data/HAM10000/HAM10000_images_part_2/ISIC_0033570.jpg,악성흑색종,6,ham10000,train
data/HAM10000/HAM10000_images_part_2/ISIC_0033081.jpg,악성흑색종,6,ham10000,train
data/HAM10000/HAM10000_images_part_1/ISIC_0026354.jpg,멜라닌세포모반,5,ham10000,train
data/HAM10000/HAM10000_images_part_2/ISIC_0033109.jpg,멜라닌세포모반,5,ham10000,train
data/HAM10000/HAM10000_images_part_1/ISIC_0027584.jpg,지루각화증,7,ham10000,train
data/HAM10000/HAM10000_images_part_1/ISIC_0025247.jpg,광선각화증,3,ham10000,train
data/HAM10000/HAM10000_images_part_1/ISIC_0025236.jpg,멜라닌세포모반,5,ham10000,train
data/HAM10000/HAM10000_images_part_1/ISIC_0028556.jpg,기저세포암,4,ham10000,train
data/HAM10000/HAM10000_images_part_2/ISIC_0030826.jpg,광선각화증,3,ham10000,train
data/HAM10000/HAM10000_images_part_2/ISIC_0033443.jpg,멜라닌세포모반,5,ham10000,train
data/HAM10000/HAM10000_images_part_2/ISIC_0032481.jpg,지루각화증,7,ham10000,train
data/HAM10000/HAM10000_images_part_2/ISIC_0031890.jpg,악성흑색종,6,ham10000,train
data/HAM10000/HAM10000_images_part_2/ISIC_0029454.jpg,악성흑색종,6,ham10000,train
data/HAM10000/HAM10000_images_part_1/ISIC_0026157.jpg,멜라닌세포모반,5,ham10000,train
data/HAM10000/HAM10000_images_part_1/ISIC_0028178.jpg,멜라닌세포모반,5,ham10000,train
data/HAM10000/HAM10000_images_part_1/ISIC_0024886.jpg,악성흑색종,6,ham10000,train
data/HAM10000/HAM10000_images_part_1/ISIC_0025453.jpg,멜라닌세포모반,5,ham10000,train
data/HAM10000/HAM10000_images_part_2/ISIC_0032826.jpg,지루각화증,7,ham10000,train
data/HAM10000/HAM10000_images_part_1/ISIC_0028772.jpg,멜라닌세포모반,5,ham10000,train
data/HAM10000/HAM10000_images_part_1/ISIC_0026004.jpg,멜라닌세포모반,5,ham10000,train
data/HAM10000/HAM10000_images_part_1/ISIC_0028847.jpg,악성흑색종,6,ham10000,train
data/HAM10000/HAM10000_images_part_1/ISIC_0027357.jpg,멜라닌세포모반,5,ham10000,train
data/HAM10000/HAM10000_images_part_1/ISIC_0027385.jpg,혈관종,10,ham10000,train
data/HAM10000/HAM10000_images_part_1/ISIC_0028409.jpg,멜라닌세포모반,5,ham10000,train
data/HAM10000/HAM10000_images_part_1/ISIC_0026963.jpg,악성흑색종,6,ham10000,train
data/HAM10000/HAM10000_images_part_1/ISIC_0027623.jpg,멜라닌세포모반,5,ham10000,train
data/HAM10000/HAM10000_images_part_1/ISIC_0024657.jpg,멜라닌세포모반,5,ham10000,train
data/HAM10000/HAM10000_images_part_2/ISIC_0031897.jpg,지루각화증,7,ham10000,train
data/HAM10000/HAM10000_images_part_1/ISIC_0028900.jpg,악성흑색종,6,ham10000,train
data/HAM10000/HAM10000_images_part_2/ISIC_0032609.jpg,멜라닌세포모반,5,ham10000,train
data/HAM10000/HAM10000_images_part_1/ISIC_0028023.jpg,멜라닌세포모반,5,ham10000,train
data/HAM10000/HAM10000_images_part_1/ISIC_0025712.jpg,광선각화증,3,ham10000,train
data/HAM10000/HAM10000_images_part_2/ISIC_0030852.jpg,멜라닌세포모반,5,ham10000,train
data/HAM10000/HAM10000_images_part_2/ISIC_0032179.jpg,지루각화증,7,ham10000,train
data/HAM10000/HAM10000_images_part_2/ISIC_0029525.jpg,지루각화증,7,ham10000,train
data/HAM10000/HAM10000_images_part_1/ISIC_0028908.jpg,멜라닌세포모반,5,ham10000,train
data/HAM10000/HAM10000_images_part_1/ISIC_0024584.jpg,멜라닌세포모반,5,ham10000,train
data/HAM10000/HAM10000_images_part_2/ISIC_0030766.jpg,기저세포암,4,ham10000,train
data/HAM10000/HAM10000_images_part_2/ISIC_0032879.jpg,악성흑색종,6,ham10000,train
data/HAM10000/HAM10000_images_part_2/ISIC_0034125.jpg,지루각화증,7,ham10000,train
data/HAM10000/HAM10000_images_part_1/ISIC_0026731.jpg,멜라닌세포모반,5,ham10000,train
data/HAM10000/HAM10000_images_part_1/ISIC_0026218.jpg,멜라닌세포모반,5,ham10000,train
data/HAM10000/HAM10000_images_part_1/ISIC_0024360.jpg,기저세포암,4,ham10000,train
data/HAM10000/HAM10000_images_part_1/ISIC_0026941.jpg,지루각화증,7,ham10000,train
data/HAM10000/HAM10000_images_part_2/ISIC_0034217.jpg,멜라닌세포모반,5,ham10000,train
data/HAM10000/HAM10000_images_part_1/ISIC_0026523.jpg,지루각화증,7,ham10000,train
data/HAM10000/HAM10000_images_part_2/ISIC_0033437.jpg,지루각화증,7,ham10000,train
data/HAM10000/HAM10000_images_part_1/ISIC_0027665.jpg,혈관종,10,ham10000,train
data/HAM10000/HAM10000_images_part_2/ISIC_0032504.jpg,악성흑색종,6,ham10000,train
data/HAM10000/HAM10000_images_part_1/ISIC_0027783.jpg,멜라닌세포모반,5,ham10000,train
data/HAM10000/HAM10000_images_part_2/ISIC_0033940.jpg,멜라닌세포모반,5,ham10000,train
data/HAM10000/HAM10000_images_part_1/ISIC_0028691.jpg,멜라닌세포모반,5,ham10000,train
data/HAM10000/HAM10000_images_part_1/ISIC_0026323.jpg,멜라닌세포모반,5,ham10000,train
data/HAM10000/HAM10000_images_part_2/ISIC_0029906.jpg,멜라닌세포모반,5,ham10000,train
data/HAM10000/HAM10000_images_part_1/ISIC_0025197.jpg,혈관종,10,ham10000,train
data/HAM10000/HAM10000_images_part_2/ISIC_0033779.jpg,악성흑색종,6,ham10000,train
data/HAM10000/HAM10000_images_part_2/ISIC_0029953.jpg,멜라닌세포모반,5,ham10000,train
data/HAM10000/HAM10000_images_part_1/ISIC_0025719.jpg,지루각화증,7,ham10000,train
data/HAM10000/HAM10000_images_part_2/ISIC_0034085.jpg,악성흑색종,6,ham10000,train
data/HAM10000/HAM10000_images_part_1/ISIC_0025803.jpg,광선각화증,3,ham10000,train
data/HAM10000/HAM10000_images_part_2/ISIC_0030648.jpg,멜라닌세포모반,5,ham10000,train
data/HAM10000/HAM10000_images_part_2/ISIC_0029369.jpg,멜라닌세포모반,5,ham10000,train
data/HAM10000/HAM10000_images_part_1/ISIC_0026373.jpg,멜라닌세포모반,5,ham10000,train
data/HAM10000/HAM10000_images_part_1/ISIC_0025888.jpg,멜라닌세포모반,5,ham10000,train
data/HAM10000/HAM10000_images_part_1/ISIC_0026071.jpg,멜라닌세포모반,5,ham10000,train
data/HAM10000/HAM10000_images_part_1/ISIC_0027389.jpg,멜라닌세포모반,5,ham10000,train
data/HAM10000/HAM10000_images_part_1/ISIC_0028272.jpg,멜라닌세포모반,5,ham10000,train
data/HAM10000/HAM10000_images_part_1/ISIC_0026161.jpg,멜라닌세포모반,5,ham10000,train
data/HAM10000/HAM10000_images_part_1/ISIC_0025841.jpg,멜라닌세포모반,5,ham10000,train
data/HAM10000/HAM10000_images_part_2/ISIC_0032439.jpg,기저세포암,4,ham10000,train
data/HAM10000/HAM10000_images_part_2/ISIC_0029464.jpg,지루각화증,7,ham10000,train
data/HAM10000/HAM10000_images_part_2/ISIC_0033761.jpg,지루각화증,7,ham10000,train
data/HAM10000/HAM10000_images_part_2/ISIC_0031352.jpg,지루각화증,7,ham10000,train
data/HAM10000/HAM10000_images_part_1/ISIC_0024524.jpg,멜라닌세포모반,5,ham10000,train
data/HAM10000/HAM10000_images_part_1/ISIC_0027900.jpg,악성흑색종,6,ham10000,train
data/HAM10000/HAM10000_images_part_2/ISIC_0031776.jpg,멜라닌세포모반,5,ham10000,train
data/HAM10000/HAM10000_images_part_2/ISIC_0031906.jpg,멜라닌세포모반,5,ham10000,train
data/HAM10000/HAM10000_images_part_2/ISIC_0029509.jpg,멜라닌세포모반,5,ham10000,train
data/HAM10000/HAM10000_images_part_1/ISIC_0025869.jpg,멜라닌세포모반,5,ham10000,train
data/HAM10000/HAM10000_images_part_2/ISIC_0032319.jpg,멜라닌세포모반,5,ham10000,train
data/HAM10000/HAM10000_images_part_2/ISIC_0030767.jpg,기저세포암,4,ham10000,train
data/HAM10000/HAM10000_images_part_1/ISIC_0028598.jpg,멜라닌세포모반,5,ham10000,train
data/HAM10000/HAM10000_images_part_1/ISIC_0028522.jpg,멜라닌세포모반,5,ham10000,train
data/HAM10000/HAM10000_images_part_1/ISIC_0026783.jpg,지루각화증,7,ham10000,train
data/HAM10000/HAM10000_images_part_2/ISIC_0033166.jpg,악성흑색종,6,ham10000,train
data/HAM10000/HAM10000_images_part_2/ISIC_0032343.jpg,지루각화증,7,ham10000,train
data/HAM10000/HAM10000_images_part_2/ISIC_0033079.jpg,지루각화증,7,ham10000,train
data/HAM10000/HAM10000_images_part_1/ISIC_0027515.jpg,멜라닌세포모반,5,ham10000,train
data/HAM10000/HAM10000_images_part_1/ISIC_0025448.jpg,멜라닌세포모반,5,ham10000,train
data/HAM10000/HAM10000_images_part_2/ISIC_0032519.jpg,멜라닌세포모반,5,ham10000,train
data/HAM10000/HAM10000_images_part_1/ISIC_0027709.jpg,멜라닌세포모반,5,ham10000,train
data/HAM10000/HAM10000_images_part_1/ISIC_0029277.jpg,멜라닌세포모반,5,ham10000,train
data/HAM10000/HAM10000_images_part_2/ISIC_0031387.jpg,멜라닌세포모반,5,ham10000,train
data/HAM10000/HAM10000_images_part_1/ISIC_0026433.jpg,기저세포암,4,ham10000,train
data/HAM10000/HAM10000_images_part_2/ISIC_0034208.jpg,악성흑색종,6,ham10000,train
data/HAM10000/HAM10000_images_part_1/ISIC_0024343.jpg,멜라닌세포모반,5,ham10000,train
data/HAM10000/HAM10000_images_part_2/ISIC_0029811.jpg,광선각화증,3,ham10000,train
data/HAM10000/HAM10000_images_part_1/ISIC_0026030.jpg,멜라닌세포모반,5,ham10000,train
data/HAM10000/HAM10000_images_part_1/ISIC_0026976.jpg,악성흑색종,6,ham10000,train
data/HAM10000/HAM10000_images_part_1/ISIC_0029168.jpg,멜라닌세포모반,5,ham10000,train
data/HAM10000/HAM10000_images_part_2/ISIC_0031641.jpg,멜라닌세포모반,5,ham10000,train
data/HAM10000/HAM10000_images_part_1/ISIC_0025001.jpg,멜라닌세포모반,5,ham10000,train
data/HAM10000/HAM10000_images_part_1/ISIC_0026946.jpg,멜라닌세포모반,5,ham10000,train
data/HAM10000/HAM10000_images_part_1/ISIC_0027598.jpg,피부섬유종,9,ham10000,train
data/HAM10000/HAM10000_images_part_1/ISIC_0028941.jpg,광선각화증,3,ham10000,train
data/HAM10000/HAM10000_images_part_1/ISIC_0027963.jpg,멜라닌세포모반,5,ham10000,train
data/HAM10000/HAM10000_images_part_2/ISIC_0029783.jpg,피부섬유종,9,ham10000,train
data/HAM10000/HAM10000_images_part_2/ISIC_0032372.jpg,악성흑색종,6,ham10000,train
data/HAM10000/HAM10000_images_part_2/ISIC_0029711.jpg,멜라닌세포모반,5,ham10000,train
data/HAM10000/HAM10000_images_part_1/ISIC_0025148.jpg,멜라닌세포모반,5,ham10000,train
data/HAM10000/HAM10000_images_part_2/ISIC_0033980.jpg,악성흑색종,6,ham10000,train
data/HAM10000/HAM10000_images_part_2/ISIC_0033466.jpg,지루각화증,7,ham10000,train
data/HAM10000/HAM10000_images_part_1/ISIC_0028356.jpg,멜라닌세포모반,5,ham10000,train
data/HAM10000/HAM10000_images_part_1/ISIC_0024328.jpg,멜라닌세포모반,5,ham10000,train
data/HAM10000/HAM10000_images_part_1/ISIC_0026431.jpg,멜라닌세포모반,5,ham10000,train
data/HAM10000/HAM10000_images_part_2/ISIC_0033578.jpg,악성흑색종,6,ham10000,train
data/HAM10000/HAM10000_images_part_1/ISIC_0029262.jpg,멜라닌세포모반,5,ham10000,train
data/HAM10000/HAM10000_images_part_2/ISIC_0030058.jpg,멜라닌세포모반,5,ham10000,train
data/HAM10000/HAM10000_images_part_1/ISIC_0026829.jpg,기저세포암,4,ham10000,train
data/HAM10000/HAM10000_images_part_2/ISIC_0033763.jpg,멜라닌세포모반,5,ham10000,train
data/HAM10000/HAM10000_images_part_2/ISIC_0032230.jpg,지루각화증,7,ham10000,train
data/HAM10000/HAM10000_images_part_1/ISIC_0025483.jpg,멜라닌세포모반,5,ham10000,train
data/HAM10000/HAM10000_images_part_1/ISIC_0025502.jpg,멜라닌세포모반,5,ham10000,train
data/HAM10000/HAM10000_images_part_1/ISIC_0026986.jpg,멜라닌세포모반,5,ham10000,train
data/HAM10000/HAM10000_images_part_2/ISIC_0031497.jpg,멜라닌세포모반,5,ham10000,train
data/HAM10000/HAM10000_images_part_2/ISIC_0032245.jpg,악성흑색종,6,ham10000,train
data/HAM10000/HAM10000_images_part_2/ISIC_0034151.jpg,지루각화증,7,ham10000,train
data/HAM10000/HAM10000_images_part_2/ISIC_0031673.jpg,멜라닌세포모반,5,ham10000,train
data/HAM10000/HAM10000_images_part_2/ISIC_0033087.jpg,멜라닌세포모반,5,ham10000,train
data/HAM10000/HAM10000_images_part_2/ISIC_0031506.jpg,광선각화증,3,ham10000,train
data/HAM10000/HAM10000_images_part_1/ISIC_0028624.jpg,멜라닌세포모반,5,ham10000,train
data/HAM10000/HAM10000_images_part_2/ISIC_0031770.jpg,지루각화증,7,ham10000,train
data/HAM10000/HAM10000_images_part_1/ISIC_0027429.jpg,멜라닌세포모반,5,ham10000,train
data/HAM10000/HAM10000_images_part_1/ISIC_0025540.jpg,멜라닌세포모반,5,ham10000,train
data/HAM10000/HAM10000_images_part_1/ISIC_0027524.jpg,멜라닌세포모반,5,ham10000,train
data/HAM10000/HAM10000_images_part_2/ISIC_0029729.jpg,멜라닌세포모반,5,ham10000,train
data/HAM10000/HAM10000_images_part_1/ISIC_0028115.jpg,멜라닌세포모반,5,ham10000,train
data/HAM10000/HAM10000_images_part_2/ISIC_0033931.jpg,악성흑색종,6,ham10000,train
data/HAM10000/HAM10000_images_part_1/ISIC_0028044.jpg,멜라닌세포모반,5,ham10000,train
data/HAM10000/HAM10000_images_part_2/ISIC_0032510.jpg,멜라닌세포모반,5,ham10000,train
data/HAM10000/HAM10000_images_part_1/ISIC_0025942.jpg,멜라닌세포모반,5,ham10000,train
data/HAM10000/HAM10000_images_part_2/ISIC_0030925.jpg,악성흑색종,6,ham10000,train
data/HAM10000/HAM10000_images_part_2/ISIC_0031090.jpg,혈관종,10,ham10000,train
data/HAM10000/HAM10000_images_part_1/ISIC_0027964.jpg,악성흑색종,6,ham10000,train
data/HAM10000/HAM10000_images_part_1/ISIC_0027594.jpg,멜라닌세포모반,5,ham10000,train
data/HAM10000/HAM10000_images_part_1/ISIC_0027422.jpg,멜라닌세포모반,5,ham10000,train
data/HAM10000/HAM10000_images_part_2/ISIC_0029806.jpg,멜라닌세포모반,5,ham10000,train
data/HAM10000/HAM10000_images_part_2/ISIC_0033270.jpg,지루각화증,7,ham10000,train
data/HAM10000/HAM10000_images_part_1/ISIC_0025556.jpg,멜라닌세포모반,5,ham10000,train
data/HAM10000/HAM10000_images_part_2/ISIC_0032313.jpg,악성흑색종,6,ham10000,train
data/HAM10000/HAM10000_images_part_2/ISIC_0033553.jpg,지루각화증,7,ham10000,train
data/HAM10000/HAM10000_images_part_1/ISIC_0026960.jpg,멜라닌세포모반,5,ham10000,train
data/HAM10000/HAM10000_images_part_1/ISIC_0025781.jpg,지루각화증,7,ham10000,train
data/HAM10000/HAM10000_images_part_1/ISIC_0025378.jpg,지루각화증,7,ham10000,train
data/HAM10000/HAM10000_images_part_2/ISIC_0030963.jpg,멜라닌세포모반,5,ham10000,train
data/HAM10000/HAM10000_images_part_2/ISIC_0031759.jpg,혈관종,10,ham10000,train
data/HAM10000/HAM10000_images_part_2/ISIC_0030638.jpg,멜라닌세포모반,5,ham10000,train
data/HAM10000/HAM10000_images_part_2/ISIC_0029838.jpg,멜라닌세포모반,5,ham10000,train
data/HAM10000/HAM10000_images_part_1/ISIC_0025056.jpg,멜라닌세포모반,5,ham10000,train
data/HAM10000/HAM10000_images_part_1/ISIC_0024874.jpg,멜라닌세포모반,5,ham10000,train
data/HAM10000/HAM10000_images_part_1/ISIC_0027592.jpg,멜라닌세포모반,5,ham10000,train
data/HAM10000/HAM10000_images_part_1/ISIC_0026650.jpg,광선각화증,3,ham10000,train
data/HAM10000/HAM10000_images_part_2/ISIC_0033594.jpg,악성흑색종,6,ham10000,train
data/HAM10000/HAM10000_images_part_2/ISIC_0031367.jpg,멜라닌세포모반,5,ham10000,train
data/HAM10000/HAM10000_images_part_2/ISIC_0029315.jpg,광선각화증,3,ham10000,train
data/HAM10000/HAM10000_images_part_2/ISIC_0032724.jpg,악성흑색종,6,ham10000,train
data/HAM10000/HAM10000_images_part_1/ISIC_0028313.jpg,멜라닌세포모반,5,ham10000,train
data/HAM10000/HAM10000_images_part_1/ISIC_0025650.jpg,기저세포암,4,ham10000,train
data/HAM10000/HAM10000_images_part_2/ISIC_0032170.jpg,지루각화증,7,ham10000,train
data/HAM10000/HAM10000_images_part_1/ISIC_0028253.jpg,멜라닌세포모반,5,ham10000,train
data/HAM10000/HAM10000_images_part_2/ISIC_0033847.jpg,피부섬유종,9,ham10000,train
data/HAM10000/HAM10000_images_part_2/ISIC_0029434.jpg,악성흑색종,6,ham10000,train
data/HAM10000/HAM10000_images_part_1/ISIC_0025531.jpg,악성흑색종,6,ham10000,train
data/HAM10000/HAM10000_images_part_1/ISIC_0029014.jpg,지루각화증,7,ham10000,train
data/HAM10000/HAM10000_images_part_2/ISIC_0029950.jpg,멜라닌세포모반,5,ham10000,train
data/HAM10000/HAM10000_images_part_1/ISIC_0028885.jpg,혈관종,10,ham10000,train
data/HAM10000/HAM10000_images_part_1/ISIC_0025940.jpg,기저세포암,4,ham10000,train
data/HAM10000/HAM10000_images_part_1/ISIC_0028404.jpg,지루각화증,7,ham10000,train
data/HAM10000/HAM10000_images_part_2/ISIC_0033018.jpg,멜라닌세포모반,5,ham10000,train
data/HAM10000/HAM10000_images_part_2/ISIC_0030862.jpg,멜라닌세포모반,5,ham10000,train
data/HAM10000/HAM10000_images_part_2/ISIC_0030511.jpg,기저세포암,4,ham10000,train
data/HAM10000/HAM10000_images_part_2/ISIC_0032743.jpg,멜라닌세포모반,5,ham10000,train
data/HAM10000/HAM10000_images_part_1/ISIC_0027248.jpg,멜라닌세포모반,5,ham10000,train
data/HAM10000/HAM10000_images_part_2/ISIC_0032197.jpg,악성흑색종,6,ham10000,train
data/HAM10000/HAM10000_images_part_2/ISIC_0031060.jpg,지루각화증,7,ham10000,train
data/HAM10000/HAM10000_images_part_1/ISIC_0026060.jpg,지루각화증,7,ham10000,train
data/HAM10000/HAM10000_images_part_1/ISIC_0025136.jpg,지루각화증,7,ham10000,train
data/HAM10000/HAM10000_images_part_1/ISIC_0026236.jpg,악성흑색종,6,ham10000,train
data/HAM10000/HAM10000_images_part_2/ISIC_0034093.jpg,기저세포암,4,ham10000,train
data/HAM10000/HAM10000_images_part_1/ISIC_0027546.jpg,기저세포암,4,ham10000,train
data/HAM10000/HAM10000_images_part_2/ISIC_0031672.jpg,광선각화증,3,ham10000,train
data/HAM10000/HAM10000_images_part_2/ISIC_0029970.jpg,멜라닌세포모반,5,ham10000,train
data/HAM10000/HAM10000_images_part_1/ISIC_0025708.jpg,악성흑색종,6,ham10000,train
data/HAM10000/HAM10000_images_part_1/ISIC_0028977.jpg,지루각화증,7,ham10000,train
data/HAM10000/HAM10000_images_part_2/ISIC_0031334.jpg,지루각화증,7,ham10000,train
data/HAM10000/HAM10000_images_part_1/ISIC_0029050.jpg,멜라닌세포모반,5,ham10000,train
data/HAM10000/HAM10000_images_part_2/ISIC_0034142.jpg,지루각화증,7,ham10000,train
data/HAM10000/HAM10000_images_part_1/ISIC_0027456.jpg,멜라닌세포모반,5,ham10000,train
data/HAM10000/HAM10000_images_part_2/ISIC_0034046.jpg,악성흑색종,6,ham10000,train
data/HAM10000/HAM10000_images_part_2/ISIC_0034300.jpg,멜라닌세포모반,5,ham10000,train
data/HAM10000/HAM10000_images_part_2/ISIC_0033248.jpg,기저세포암,4,ham10000,train
data/HAM10000/HAM10000_images_part_1/ISIC_0024850.jpg,지루각화증,7,ham10000,train
data/HAM10000/HAM10000_images_part_1/ISIC_0028915.jpg,악성흑색종,6,ham10000,train
data/HAM10000/HAM10000_images_part_1/ISIC_0027480.jpg,악성흑색종,6,ham10000,train
data/HAM10000/HAM10000_images_part_1/ISIC_0026301.jpg,지루각화증,7,ham10000,train
data/HAM10000/HAM10000_images_part_1/ISIC_0025090.jpg,멜라닌세포모반,5,ham10000,train
data/HAM10000/HAM10000_images_part_1/ISIC_0029178.jpg,멜라닌세포모반,5,ham10000,train
data/HAM10000/HAM10000_images_part_2/ISIC_0033545.jpg,악성흑색종,6,ham10000,train
data/HAM10000/HAM10000_images_part_2/ISIC_0031696.jpg,멜라닌세포모반,5,ham10000,train
data/HAM10000/HAM10000_images_part_2/ISIC_0034002.jpg,악성흑색종,6,ham10000,train
data/HAM10000/HAM10000_images_part_2/ISIC_0033075.jpg,멜라닌세포모반,5,ham10000,train
data/HAM10000/HAM10000_images_part_2/ISIC_0033392.jpg,악성흑색종,6,ham10000,train
data/HAM10000/HAM10000_images_part_1/ISIC_0027142.jpg,지루각화증,7,ham10000,train
data/HAM10000/HAM10000_images_part_2/ISIC_0029868.jpg,멜라닌세포모반,5,ham10000,train
data/HAM10000/HAM10000_images_part_2/ISIC_0031586.jpg,악성흑색종,6,ham10000,train
data/HAM10000/HAM10000_images_part_2/ISIC_0031162.jpg,멜라닌세포모반,5,ham10000,train
data/HAM10000/HAM10000_images_part_2/ISIC_0032108.jpg,멜라닌세포모반,5,ham10000,train
data/HAM10000/HAM10000_images_part_2/ISIC_0029991.jpg,지루각화증,7,ham10000,train
data/HAM10000/HAM10000_images_part_2/ISIC_0029333.jpg,멜라닌세포모반,5,ham10000,train
data/HAM10000/HAM10000_images_part_1/ISIC_0027851.jpg,기저세포암,4,ham10000,train
data/HAM10000/HAM10000_images_part_1/ISIC_0025599.jpg,혈관종,10,ham10000,train
data/HAM10000/HAM10000_images_part_2/ISIC_0029596.jpg,지루각화증,7,ham10000,train
data/HAM10000/HAM10000_images_part_2/ISIC_0030243.jpg,멜라닌세포모반,5,ham10000,train
data/HAM10000/HAM10000_images_part_2/ISIC_0032013.jpg,지루각화증,7,ham10000,train
data/HAM10000/HAM10000_images_part_2/ISIC_0033977.jpg,악성흑색종,6,ham10000,train
data/HAM10000/HAM10000_images_part_2/ISIC_0032302.jpg,기저세포암,4,ham10000,train
data/HAM10000/HAM10000_images_part_1/ISIC_0027579.jpg,멜라닌세포모반,5,ham10000,train
data/HAM10000/HAM10000_images_part_1/ISIC_0029285.jpg,멜라닌세포모반,5,ham10000,train
data/HAM10000/HAM10000_images_part_2/ISIC_0034062.jpg,악성흑색종,6,ham10000,train
data/HAM10000/HAM10000_images_part_2/ISIC_0032453.jpg,멜라닌세포모반,5,ham10000,train
data/HAM10000/HAM10000_images_part_1/ISIC_0029184.jpg,멜라닌세포모반,5,ham10000,train
data/HAM10000/HAM10000_images_part_2/ISIC_0031822.jpg,멜라닌세포모반,5,ham10000,train
data/HAM10000/HAM10000_images_part_1/ISIC_0024925.jpg,광선각화증,3,ham10000,train
data/HAM10000/HAM10000_images_part_2/ISIC_0034058.jpg,기저세포암,4,ham10000,train
data/HAM10000/HAM10000_images_part_2/ISIC_0033310.jpg,악성흑색종,6,ham10000,train
data/HAM10000/HAM10000_images_part_1/ISIC_0026204.jpg,멜라닌세포모반,5,ham10000,train
data/HAM10000/HAM10000_images_part_1/ISIC_0025689.jpg,멜라닌세포모반,5,ham10000,train
data/HAM10000/HAM10000_images_part_2/ISIC_0034218.jpg,악성흑색종,6,ham10000,train
data/HAM10000/HAM10000_images_part_1/ISIC_0028146.jpg,혈관종,10,ham10000,train
data/HAM10000/HAM10000_images_part_1/ISIC_0028642.jpg,악성흑색종,6,ham10000,train
data/HAM10000/HAM10000_images_part_2/ISIC_0033338.jpg,멜라닌세포모반,5,ham10000,train
data/HAM10000/HAM10000_images_part_2/ISIC_0030377.jpg,지루각화증,7,ham10000,train
data/HAM10000/HAM10000_images_part_1/ISIC_0025577.jpg,광선각화증,3,ham10000,train
data/HAM10000/HAM10000_images_part_2/ISIC_0032104.jpg,멜라닌세포모반,5,ham10000,train
data/HAM10000/HAM10000_images_part_2/ISIC_0034003.jpg,지루각화증,7,ham10000,train
data/HAM10000/HAM10000_images_part_1/ISIC_0028619.jpg,광선각화증,3,ham10000,train
data/HAM10000/HAM10000_images_part_1/ISIC_0025894.jpg,멜라닌세포모반,5,ham10000,train
data/HAM10000/HAM10000_images_part_1/ISIC_0028350.jpg,기저세포암,4,ham10000,train
data/HAM10000/HAM10000_images_part_1/ISIC_0027569.jpg,멜라닌세포모반,5,ham10000,train
data/HAM10000/HAM10000_images_part_2/ISIC_0030602.jpg,광선각화증,3,ham10000,train
data/HAM10000/HAM10000_images_part_1/ISIC_0026131.jpg,악성흑색종,6,ham10000,train
data/HAM10000/HAM10000_images_part_1/ISIC_0024956.jpg,멜라닌세포모반,5,ham10000,train
data/HAM10000/HAM10000_images_part_1/ISIC_0027650.jpg,광선각화증,3,ham10000,train
data/HAM10000/HAM10000_images_part_2/ISIC_0031321.jpg,지루각화증,7,ham10000,train
data/HAM10000/HAM10000_images_part_2/ISIC_0029406.jpg,지루각화증,7,ham10000,train
data/HAM10000/HAM10000_images_part_1/ISIC_0027186.jpg,멜라닌세포모반,5,ham10000,train
data/HAM10000/HAM10000_images_part_2/ISIC_0029859.jpg,악성흑색종,6,ham10000,train
data/HAM10000/HAM10000_images_part_2/ISIC_0030912.jpg,멜라닌세포모반,5,ham10000,train
data/HAM10000/HAM10000_images_part_2/ISIC_0030729.jpg,멜라닌세포모반,5,ham10000,train
data/HAM10000/HAM10000_images_part_2/ISIC_0033154.jpg,악성흑색종,6,ham10000,train
data/HAM10000/HAM10000_images_part_2/ISIC_0033813.jpg,악성흑색종,6,ham10000,train
data/HAM10000/HAM10000_images_part_1/ISIC_0026865.jpg,기저세포암,4,ham10000,train
data/HAM10000/HAM10000_images_part_1/ISIC_0026970.jpg,기저세포암,4,ham10000,train
data/HAM10000/HAM10000_images_part_1/ISIC_0026029.jpg,멜라닌세포모반,5,ham10000,train
data/HAM10000/HAM10000_images_part_1/ISIC_0026188.jpg,악성흑색종,6,ham10000,train
data/HAM10000/HAM10000_images_part_2/ISIC_0032330.jpg,지루각화증,7,ham10000,train
data/HAM10000/HAM10000_images_part_2/ISIC_0029693.jpg,멜라닌세포모반,5,ham10000,train
data/HAM10000/HAM10000_images_part_2/ISIC_0031095.jpg,기저세포암,4,ham10000,train
data/HAM10000/HAM10000_images_part_2/ISIC_0029486.jpg,혈관종,10,ham10000,train
data/HAM10000/HAM10000_images_part_2/ISIC_0033084.jpg,광선각화증,3,ham10000,train
data/HAM10000/HAM10000_images_part_1/ISIC_0027012.jpg,멜라닌세포모반,5,ham10000,train
data/HAM10000/HAM10000_images_part_1/ISIC_0026664.jpg,악성흑색종,6,ham10000,train
data/HAM10000/HAM10000_images_part_1/ISIC_0026685.jpg,멜라닌세포모반,5,ham10000,train
data/HAM10000/HAM10000_images_part_1/ISIC_0028677.jpg,기저세포암,4,ham10000,train
data/HAM10000/HAM10000_images_part_2/ISIC_0032375.jpg,멜라닌세포모반,5,ham10000,train
data/HAM10000/HAM10000_images_part_2/ISIC_0033825.jpg,멜라닌세포모반,5,ham10000,train
data/HAM10000/HAM10000_images_part_2/ISIC_0034000.jpg,악성흑색종,6,ham10000,train
data/HAM10000/HAM10000_images_part_2/ISIC_0033902.jpg,악성흑색종,6,ham10000,train
data/HAM10000/HAM10000_images_part_2/ISIC_0030723.jpg,지루각화증,7,ham10000,train
data/HAM10000/HAM10000_images_part_2/ISIC_0031091.jpg,멜라닌세포모반,5,ham10000,train
data/HAM10000/HAM10000_images_part_2/ISIC_0031461.jpg,멜라닌세포모반,5,ham10000,train
data/HAM10000/HAM10000_images_part_1/ISIC_0026276.jpg,지루각화증,7,ham10000,train
data/HAM10000/HAM10000_images_part_1/ISIC_0029214.jpg,멜라닌세포모반,5,ham10000,train
data/HAM10000/HAM10000_images_part_1/ISIC_0025374.jpg,지루각화증,7,ham10000,train
data/HAM10000/HAM10000_images_part_1/ISIC_0029015.jpg,멜라닌세포모반,5,ham10000,train
data/HAM10000/HAM10000_images_part_1/ISIC_0025748.jpg,악성흑색종,6,ham10000,train
data/HAM10000/HAM10000_images_part_2/ISIC_0030832.jpg,멜라닌세포모반,5,ham10000,train
data/HAM10000/HAM10000_images_part_2/ISIC_0030606.jpg,혈관종,10,ham10000,train
data/HAM10000/HAM10000_images_part_2/ISIC_0033667.jpg,멜라닌세포모반,5,ham10000,train
data/HAM10000/HAM10000_images_part_2/ISIC_0034036.jpg,악성흑색종,6,ham10000,train
data/HAM10000/HAM10000_images_part_2/ISIC_0032462.jpg,악성흑색종,6,ham10000,train
data/HAM10000/HAM10000_images_part_1/ISIC_0025116.jpg,멜라닌세포모반,5,ham10000,train
data/HAM10000/HAM10000_images_part_1/ISIC_0024615.jpg,멜라닌세포모반,5,ham10000,train
data/HAM10000/HAM10000_images_part_1/ISIC_0026542.jpg,멜라닌세포모반,5,ham10000,train
data/HAM10000/HAM10000_images_part_2/ISIC_0033303.jpg,멜라닌세포모반,5,ham10000,train
data/HAM10000/HAM10000_images_part_1/ISIC_0025109.jpg,멜라닌세포모반,5,ham10000,train
data/HAM10000/HAM10000_images_part_1/ISIC_0025498.jpg,멜라닌세포모반,5,ham10000,train
data/HAM10000/HAM10000_images_part_1/ISIC_0026247.jpg,악성흑색종,6,ham10000,train
data/HAM10000/HAM10000_images_part_1/ISIC_0027660.jpg,멜라닌세포모반,5,ham10000,train
data/HAM10000/HAM10000_images_part_1/ISIC_0025436.jpg,멜라닌세포모반,5,ham10000,train
data/HAM10000/HAM10000_images_part_1/ISIC_0027677.jpg,기저세포암,4,ham10000,train
data/HAM10000/HAM10000_images_part_1/ISIC_0026812.jpg,멜라닌세포모반,5,ham10000,train
data/HAM10000/HAM10000_images_part_1/ISIC_0024795.jpg,기저세포암,4,ham10000,train
data/HAM10000/HAM10000_images_part_2/ISIC_0029930.jpg,광선각화증,3,ham10000,train
data/HAM10000/HAM10000_images_part_2/ISIC_0033469.jpg,악성흑색종,6,ham10000,train
data/HAM10000/HAM10000_images_part_2/ISIC_0029401.jpg,멜라닌세포모반,5,ham10000,train
data/HAM10000/HAM10000_images_part_1/ISIC_0028787.jpg,멜라닌세포모반,5,ham10000,train
data/HAM10000/HAM10000_images_part_2/ISIC_0031073.jpg,멜라닌세포모반,5,ham10000,train
data/HAM10000/HAM10000_images_part_1/ISIC_0026519.jpg,멜라닌세포모반,5,ham10000,train
data/HAM10000/HAM10000_images_part_2/ISIC_0031245.jpg,기저세포암,4,ham10000,train
data/HAM10000/HAM10000_images_part_1/ISIC_0025200.jpg,멜라닌세포모반,5,ham10000,train
data/HAM10000/HAM10000_images_part_1/ISIC_0026202.jpg,멜라닌세포모반,5,ham10000,train
data/HAM10000/HAM10000_images_part_1/ISIC_0027029.jpg,멜라닌세포모반,5,ham10000,train
data/HAM10000/HAM10000_images_part_1/ISIC_0028537.jpg,악성흑색종,6,ham10000,train
data/HAM10000/HAM10000_images_part_1/ISIC_0024940.jpg,악성흑색종,6,ham10000,train
data/HAM10000/HAM10000_images_part_2/ISIC_0029809.jpg,멜라닌세포모반,5,ham10000,train
data/HAM10000/HAM10000_images_part_2/ISIC_0029688.jpg,멜라닌세포모반,5,ham10000,train
data/HAM10000/HAM10000_images_part_1/ISIC_0025606.jpg,혈관종,10,ham10000,train
data/HAM10000/HAM10000_images_part_2/ISIC_0032552.jpg,악성흑색종,6,ham10000,train
data/HAM10000/HAM10000_images_part_1/ISIC_0027991.jpg,지루각화증,7,ham10000,train
data/HAM10000/HAM10000_images_part_2/ISIC_0032720.jpg,멜라닌세포모반,5,ham10000,train
data/HAM10000/HAM10000_images_part_2/ISIC_0031081.jpg,멜라닌세포모반,5,ham10000,train
data/HAM10000/HAM10000_images_part_1/ISIC_0027350.jpg,악성흑색종,6,ham10000,train
data/HAM10000/HAM10000_images_part_2/ISIC_0033413.jpg,광선각화증,3,ham10000,train
data/HAM10000/HAM10000_images_part_2/ISIC_0031502.jpg,멜라닌세포모반,5,ham10000,train
data/HAM10000/HAM10000_images_part_1/ISIC_0027153.jpg,멜라닌세포모반,5,ham10000,train
data/HAM10000/HAM10000_images_part_1/ISIC_0029141.jpg,광선각화증,3,ham10000,train
data/HAM10000/HAM10000_images_part_1/ISIC_0026411.jpg,광선각화증,3,ham10000,train
data/HAM10000/HAM10000_images_part_1/ISIC_0025125.jpg,멜라닌세포모반,5,ham10000,train
data/HAM10000/HAM10000_images_part_2/ISIC_0029730.jpg,멜라닌세포모반,5,ham10000,train
data/HAM10000/HAM10000_images_part_2/ISIC_0033879.jpg,멜라닌세포모반,5,ham10000,train
data/HAM10000/HAM10000_images_part_2/ISIC_0032672.jpg,악성흑색종,6,ham10000,train
data/HAM10000/HAM10000_images_part_1/ISIC_0027209.jpg,멜라닌세포모반,5,ham10000,train
data/HAM10000/HAM10000_images_part_1/ISIC_0028345.jpg,멜라닌세포모반,5,ham10000,train
data/HAM10000/HAM10000_images_part_2/ISIC_0031269.jpg,멜라닌세포모반,5,ham10000,train
data/HAM10000/HAM10000_images_part_1/ISIC_0027280.jpg,멜라닌세포모반,5,ham10000,train
data/HAM10000/HAM10000_images_part_2/ISIC_0029453.jpg,악성흑색종,6,ham10000,train
data/HAM10000/HAM10000_images_part_1/ISIC_0025696.jpg,광선각화증,3,ham10000,train
data/HAM10000/HAM10000_images_part_2/ISIC_0030246.jpg,악성흑색종,6,ham10000,train
data/HAM10000/HAM10000_images_part_2/ISIC_0031016.jpg,지루각화증,7,ham10000,train
data/HAM10000/HAM10000_images_part_1/ISIC_0026314.jpg,악성흑색종,6,ham10000,train
data/HAM10000/HAM10000_images_part_1/ISIC_0028588.jpg,멜라닌세포모반,5,ham10000,train
data/HAM10000/HAM10000_images_part_2/ISIC_0030783.jpg,지루각화증,7,ham10000,train
data/HAM10000/HAM10000_images_part_1/ISIC_0028025.jpg,멜라닌세포모반,5,ham10000,train
data/HAM10000/HAM10000_images_part_2/ISIC_0032841.jpg,악성흑색종,6,ham10000,train
data/HAM10000/HAM10000_images_part_1/ISIC_0029055.jpg,멜라닌세포모반,5,ham10000,train
data/HAM10000/HAM10000_images_part_1/ISIC_0027888.jpg,혈관종,10,ham10000,train
data/HAM10000/HAM10000_images_part_1/ISIC_0029260.jpg,지루각화증,7,ham10000,train
data/HAM10000/HAM10000_images_part_2/ISIC_0031005.jpg,악성흑색종,6,ham10000,train
data/HAM10000/HAM10000_images_part_2/ISIC_0029888.jpg,멜라닌세포모반,5,ham10000,train
data/HAM10000/HAM10000_images_part_1/ISIC_0028689.jpg,멜라닌세포모반,5,ham10000,train
data/HAM10000/HAM10000_images_part_2/ISIC_0030420.jpg,멜라닌세포모반,5,ham10000,train
data/HAM10000/HAM10000_images_part_2/ISIC_0032323.jpg,멜라닌세포모반,5,ham10000,train
data/HAM10000/HAM10000_images_part_1/ISIC_0024671.jpg,멜라닌세포모반,5,ham10000,train
data/HAM10000/HAM10000_images_part_2/ISIC_0033709.jpg,지루각화증,7,ham10000,train
data/HAM10000/HAM10000_images_part_2/ISIC_0031677.jpg,지루각화증,7,ham10000,train
data/HAM10000/HAM10000_images_part_1/ISIC_0026571.jpg,악성흑색종,6,ham10000,train
data/HAM10000/HAM10000_images_part_1/ISIC_0027317.jpg,멜라닌세포모반,5,ham10000,train
data/HAM10000/HAM10000_images_part_1/ISIC_0027151.jpg,지루각화증,7,ham10000,train
data/HAM10000/HAM10000_images_part_1/ISIC_0024785.jpg,멜라닌세포모반,5,ham10000,train
data/HAM10000/HAM10000_images_part_2/ISIC_0034221.jpg,지루각화증,7,ham10000,train
data/HAM10000/HAM10000_images_part_2/ISIC_0030018.jpg,멜라닌세포모반,5,ham10000,train
data/HAM10000/HAM10000_images_part_2/ISIC_0033369.jpg,악성흑색종,6,ham10000,train
data/HAM10000/HAM10000_images_part_1/ISIC_0028478.jpg,멜라닌세포모반,5,ham10000,train
data/HAM10000/HAM10000_images_part_1/ISIC_0026830.jpg,멜라닌세포모반,5,ham10000,train
data/HAM10000/HAM10000_images_part_2/ISIC_0033577.jpg,멜라닌세포모반,5,ham10000,train
data/HAM10000/HAM10000_images_part_1/ISIC_0025337.jpg,지루각화증,7,ham10000,train
data/HAM10000/HAM10000_images_part_2/ISIC_0029919.jpg,기저세포암,4,ham10000,train
data/HAM10000/HAM10000_images_part_2/ISIC_0034119.jpg,기저세포암,4,ham10000,train
data/HAM10000/HAM10000_images_part_1/ISIC_0029089.jpg,악성흑색종,6,ham10000,train
data/HAM10000/HAM10000_images_part_2/ISIC_0029582.jpg,광선각화증,3,ham10000,train
data/HAM10000/HAM10000_images_part_1/ISIC_0028814.jpg,기저세포암,4,ham10000,train
data/HAM10000/HAM10000_images_part_1/ISIC_0028830.jpg,지루각화증,7,ham10000,train
data/HAM10000/HAM10000_images_part_2/ISIC_0030756.jpg,악성흑색종,6,ham10000,train
data/HAM10000/HAM10000_images_part_1/ISIC_0026127.jpg,멜라닌세포모반,5,ham10000,train
data/HAM10000/HAM10000_images_part_2/ISIC_0032233.jpg,멜라닌세포모반,5,ham10000,train
data/HAM10000/HAM10000_images_part_2/ISIC_0031407.jpg,기저세포암,4,ham10000,train
data/HAM10000/HAM10000_images_part_2/ISIC_0030726.jpg,멜라닌세포모반,5,ham10000,train
data/HAM10000/HAM10000_images_part_1/ISIC_0026278.jpg,멜라닌세포모반,5,ham10000,train
data/HAM10000/HAM10000_images_part_2/ISIC_0031576.jpg,멜라닌세포모반,5,ham10000,train
data/HAM10000/HAM10000_images_part_2/ISIC_0029914.jpg,악성흑색종,6,ham10000,train
data/HAM10000/HAM10000_images_part_2/ISIC_0030119.jpg,악성흑색종,6,ham10000,train
data/HAM10000/HAM10000_images_part_2/ISIC_0033374.jpg,멜라닌세포모반,5,ham10000,train
data/HAM10000/HAM10000_images_part_1/ISIC_0027498.jpg,멜라닌세포모반,5,ham10000,train
data/HAM10000/HAM10000_images_part_1/ISIC_0028584.jpg,악성흑색종,6,ham10000,train
data/HAM10000/HAM10000_images_part_1/ISIC_0024468.jpg,광선각화증,3,ham10000,train
data/HAM10000/HAM10000_images_part_1/ISIC_0027785.jpg,멜라닌세포모반,5,ham10000,train
data/HAM10000/HAM10000_images_part_1/ISIC_0025060.jpg,멜라닌세포모반,5,ham10000,train
data/HAM10000/HAM10000_images_part_1/ISIC_0024944.jpg,멜라닌세포모반,5,ham10000,train
data/HAM10000/HAM10000_images_part_1/ISIC_0026349.jpg,혈관종,10,ham10000,train
data/HAM10000/HAM10000_images_part_1/ISIC_0027373.jpg,멜라닌세포모반,5,ham10000,train
data/HAM10000/HAM10000_images_part_2/ISIC_0034259.jpg,지루각화증,7,ham10000,train
data/HAM10000/HAM10000_images_part_2/ISIC_0033999.jpg,악성흑색종,6,ham10000,train
data/HAM10000/HAM10000_images_part_2/ISIC_0031289.jpg,지루각화증,7,ham10000,train
data/HAM10000/HAM10000_images_part_1/ISIC_0024463.jpg,광선각화증,3,ham10000,train
data/HAM10000/HAM10000_images_part_2/ISIC_0033486.jpg,지루각화증,7,ham10000,train
data/HAM10000/HAM10000_images_part_1/ISIC_0025575.jpg,지루각화증,7,ham10000,train
data/HAM10000/HAM10000_images_part_2/ISIC_0031769.jpg,멜라닌세포모반,5,ham10000,train
data/HAM10000/HAM10000_images_part_1/ISIC_0027284.jpg,멜라닌세포모반,5,ham10000,train
data/HAM10000/HAM10000_images_part_1/ISIC_0027085.jpg,멜라닌세포모반,5,ham10000,train
data/HAM10000/HAM10000_images_part_1/ISIC_0028095.jpg,기저세포암,4,ham10000,train
data/HAM10000/HAM10000_images_part_1/ISIC_0026427.jpg,멜라닌세포모반,5,ham10000,train
data/HAM10000/HAM10000_images_part_2/ISIC_0029312.jpg,멜라닌세포모반,5,ham10000,train
data/HAM10000/HAM10000_images_part_1/ISIC_0029019.jpg,멜라닌세포모반,5,ham10000,train
data/HAM10000/HAM10000_images_part_1/ISIC_0027782.jpg,멜라닌세포모반,5,ham10000,train
data/HAM10000/HAM10000_images_part_1/ISIC_0027234.jpg,악성흑색종,6,ham10000,train
data/HAM10000/HAM10000_images_part_2/ISIC_0032463.jpg,지루각화증,7,ham10000,train
data/HAM10000/HAM10000_images_part_2/ISIC_0034310.jpg,멜라닌세포모반,5,ham10000,train
data/HAM10000/HAM10000_images_part_2/ISIC_0030095.jpg,지루각화증,7,ham10000,train
data/HAM10000/HAM10000_images_part_1/ISIC_0027291.jpg,기저세포암,4,ham10000,train
data/HAM10000/HAM10000_images_part_1/ISIC_0026248.jpg,지루각화증,7,ham10000,train
data/HAM10000/HAM10000_images_part_2/ISIC_0031536.jpg,멜라닌세포모반,5,ham10000,train
data/HAM10000/HAM10000_images_part_1/ISIC_0025628.jpg,혈관종,10,ham10000,train
data/HAM10000/HAM10000_images_part_1/ISIC_0026214.jpg,멜라닌세포모반,5,ham10000,train
data/HAM10000/HAM10000_images_part_1/ISIC_0026861.jpg,지루각화증,7,ham10000,train
data/HAM10000/HAM10000_images_part_2/ISIC_0033946.jpg,악성흑색종,6,ham10000,train
data/HAM10000/HAM10000_images_part_2/ISIC_0029776.jpg,지루각화증,7,ham10000,train
data/HAM10000/HAM10000_images_part_2/ISIC_0032728.jpg,멜라닌세포모반,5,ham10000,train
data/HAM10000/HAM10000_images_part_1/ISIC_0026681.jpg,멜라닌세포모반,5,ham10000,train
data/HAM10000/HAM10000_images_part_1/ISIC_0027560.jpg,악성흑색종,6,ham10000,train
data/HAM10000/HAM10000_images_part_1/ISIC_0028199.jpg,멜라닌세포모반,5,ham10000,train
data/HAM10000/HAM10000_images_part_1/ISIC_0024662.jpg,혈관종,10,ham10000,train
data/HAM10000/HAM10000_images_part_2/ISIC_0030971.jpg,멜라닌세포모반,5,ham10000,train
data/HAM10000/HAM10000_images_part_2/ISIC_0032973.jpg,멜라닌세포모반,5,ham10000,train
data/HAM10000/HAM10000_images_part_1/ISIC_0025413.jpg,악성흑색종,6,ham10000,train
data/HAM10000/HAM10000_images_part_1/ISIC_0029190.jpg,멜라닌세포모반,5,ham10000,train
data/HAM10000/HAM10000_images_part_1/ISIC_0025249.jpg,혈관종,10,ham10000,train
data/HAM10000/HAM10000_images_part_1/ISIC_0028821.jpg,멜라닌세포모반,5,ham10000,train
data/HAM10000/HAM10000_images_part_2/ISIC_0029424.jpg,멜라닌세포모반,5,ham10000,train
data/HAM10000/HAM10000_images_part_1/ISIC_0029034.jpg,기저세포암,4,ham10000,train
data/HAM10000/HAM10000_images_part_2/ISIC_0033063.jpg,악성흑색종,6,ham10000,train
data/HAM10000/HAM10000_images_part_1/ISIC_0025363.jpg,악성흑색종,6,ham10000,train
data/HAM10000/HAM10000_images_part_1/ISIC_0028438.jpg,멜라닌세포모반,5,ham10000,train
data/HAM10000/HAM10000_images_part_1/ISIC_0025155.jpg,악성흑색종,6,ham10000,train
data/HAM10000/HAM10000_images_part_1/ISIC_0028585.jpg,멜라닌세포모반,5,ham10000,train
data/HAM10000/HAM10000_images_part_1/ISIC_0028022.jpg,악성흑색종,6,ham10000,train
data/HAM10000/HAM10000_images_part_1/ISIC_0024420.jpg,지루각화증,7,ham10000,train
data/HAM10000/HAM10000_images_part_2/ISIC_0029564.jpg,기저세포암,4,ham10000,train
data/HAM10000/HAM10000_images_part_2/ISIC_0029328.jpg,멜라닌세포모반,5,ham10000,train
data/HAM10000/HAM10000_images_part_2/ISIC_0031401.jpg,악성흑색종,6,ham10000,train
data/HAM10000/HAM10000_images_part_1/ISIC_0028567.jpg,악성흑색종,6,ham10000,train
data/HAM10000/HAM10000_images_part_1/ISIC_0027915.jpg,기저세포암,4,ham10000,train
data/HAM10000/HAM10000_images_part_1/ISIC_0028854.jpg,광선각화증,3,ham10000,train
data/HAM10000/HAM10000_images_part_1/ISIC_0026028.jpg,멜라닌세포모반,5,ham10000,train
data/HAM10000/HAM10000_images_part_1/ISIC_0028124.jpg,지루각화증,7,ham10000,train
data/HAM10000/HAM10000_images_part_1/ISIC_0024338.jpg,지루각화증,7,ham10000,train
data/HAM10000/HAM10000_images_part_1/ISIC_0029053.jpg,기저세포암,4,ham10000,train
data/HAM10000/HAM10000_images_part_1/ISIC_0028880.jpg,피부섬유종,9,ham10000,train
data/HAM10000/HAM10000_images_part_1/ISIC_0026421.jpg,멜라닌세포모반,5,ham10000,train
data/HAM10000/HAM10000_images_part_1/ISIC_0025567.jpg,지루각화증,7,ham10000,train
data/HAM10000/HAM10000_images_part_2/ISIC_0033264.jpg,지루각화증,7,ham10000,train
data/HAM10000/HAM10000_images_part_2/ISIC_0034201.jpg,지루각화증,7,ham10000,train
data/HAM10000/HAM10000_images_part_1/ISIC_0027510.jpg,멜라닌세포모반,5,ham10000,train
data/HAM10000/HAM10000_images_part_1/ISIC_0026709.jpg,광선각화증,3,ham10000,train
data/HAM10000/HAM10000_images_part_1/ISIC_0024490.jpg,지루각화증,7,ham10000,train
data/HAM10000/HAM10000_images_part_2/ISIC_0031554.jpg,악성흑색종,6,ham10000,train
data/HAM10000/HAM10000_images_part_2/ISIC_0030804.jpg,멜라닌세포모반,5,ham10000,train
data/HAM10000/HAM10000_images_part_2/ISIC_0031140.jpg,기저세포암,4,ham10000,train
data/HAM10000/HAM10000_images_part_2/ISIC_0029571.jpg,악성흑색종,6,ham10000,train
data/HAM10000/HAM10000_images_part_1/ISIC_0025552.jpg,멜라닌세포모반,5,ham10000,train
data/HAM10000/HAM10000_images_part_2/ISIC_0032665.jpg,지루각화증,7,ham10000,train
data/HAM10000/HAM10000_images_part_2/ISIC_0031192.jpg,멜라닌세포모반,5,ham10000,train
data/HAM10000/HAM10000_images_part_2/ISIC_0029471.jpg,멜라닌세포모반,5,ham10000,train
data/HAM10000/HAM10000_images_part_2/ISIC_0031642.jpg,악성흑색종,6,ham10000,train
data/HAM10000/HAM10000_images_part_1/ISIC_0026081.jpg,악성흑색종,6,ham10000,train
data/HAM10000/HAM10000_images_part_2/ISIC_0031582.jpg,멜라닌세포모반,5,ham10000,train
data/HAM10000/HAM10000_images_part_1/ISIC_0027847.jpg,멜라닌세포모반,5,ham10000,train
data/HAM10000/HAM10000_images_part_1/ISIC_0026930.jpg,악성흑색종,6,ham10000,train
data/HAM10000/HAM10000_images_part_1/ISIC_0027707.jpg,멜라닌세포모반,5,ham10000,train
data/HAM10000/HAM10000_images_part_2/ISIC_0033735.jpg,멜라닌세포모반,5,ham10000,train
data/HAM10000/HAM10000_images_part_2/ISIC_0031828.jpg,멜라닌세포모반,5,ham10000,train
data/HAM10000/HAM10000_images_part_2/ISIC_0033737.jpg,멜라닌세포모반,5,ham10000,train
data/HAM10000/HAM10000_images_part_2/ISIC_0029710.jpg,멜라닌세포모반,5,ham10000,train
data/HAM10000/HAM10000_images_part_1/ISIC_0028110.jpg,멜라닌세포모반,5,ham10000,train
data/HAM10000/HAM10000_images_part_2/ISIC_0030485.jpg,멜라닌세포모반,5,ham10000,train
data/HAM10000/HAM10000_images_part_2/ISIC_0029535.jpg,멜라닌세포모반,5,ham10000,train
data/HAM10000/HAM10000_images_part_2/ISIC_0029989.jpg,멜라닌세포모반,5,ham10000,train
data/HAM10000/HAM10000_images_part_2/ISIC_0033360.jpg,멜라닌세포모반,5,ham10000,train
data/HAM10000/HAM10000_images_part_1/ISIC_0026222.jpg,멜라닌세포모반,5,ham10000,train
data/HAM10000/HAM10000_images_part_1/ISIC_0027701.jpg,멜라닌세포모반,5,ham10000,train
data/HAM10000/HAM10000_images_part_1/ISIC_0027865.jpg,기저세포암,4,ham10000,train
data/HAM10000/HAM10000_images_part_1/ISIC_0027733.jpg,멜라닌세포모반,5,ham10000,train
data/HAM10000/HAM10000_images_part_2/ISIC_0030665.jpg,피부섬유종,9,ham10000,train
data/HAM10000/HAM10000_images_part_2/ISIC_0030951.jpg,악성흑색종,6,ham10000,train
data/HAM10000/HAM10000_images_part_2/ISIC_0029889.jpg,혈관종,10,ham10000,train
data/HAM10000/HAM10000_images_part_1/ISIC_0026761.jpg,멜라닌세포모반,5,ham10000,train
data/HAM10000/HAM10000_images_part_1/ISIC_0025519.jpg,지루각화증,7,ham10000,train
data/HAM10000/HAM10000_images_part_1/ISIC_0028248.jpg,멜라닌세포모반,5,ham10000,train
data/HAM10000/HAM10000_images_part_2/ISIC_0029940.jpg,멜라닌세포모반,5,ham10000,train
data/HAM10000/HAM10000_images_part_2/ISIC_0031821.jpg,악성흑색종,6,ham10000,train
data/HAM10000/HAM10000_images_part_2/ISIC_0031877.jpg,멜라닌세포모반,5,ham10000,train
data/HAM10000/HAM10000_images_part_2/ISIC_0034021.jpg,멜라닌세포모반,5,ham10000,train
data/HAM10000/HAM10000_images_part_2/ISIC_0032297.jpg,멜라닌세포모반,5,ham10000,train
data/HAM10000/HAM10000_images_part_2/ISIC_0031057.jpg,기저세포암,4,ham10000,train
data/HAM10000/HAM10000_images_part_1/ISIC_0026943.jpg,멜라닌세포모반,5,ham10000,train
data/HAM10000/HAM10000_images_part_1/ISIC_0025529.jpg,지루각화증,7,ham10000,train
data/HAM10000/HAM10000_images_part_2/ISIC_0029679.jpg,멜라닌세포모반,5,ham10000,train
data/HAM10000/HAM10000_images_part_2/ISIC_0033038.jpg,악성흑색종,6,ham10000,train
data/HAM10000/HAM10000_images_part_2/ISIC_0030395.jpg,멜라닌세포모반,5,ham10000,train
data/HAM10000/HAM10000_images_part_2/ISIC_0029327.jpg,멜라닌세포모반,5,ham10000,train
data/HAM10000/HAM10000_images_part_2/ISIC_0033240.jpg,악성흑색종,6,ham10000,train
data/HAM10000/HAM10000_images_part_1/ISIC_0027343.jpg,광선각화증,3,ham10000,train
data/HAM10000/HAM10000_images_part_1/ISIC_0026516.jpg,악성흑색종,6,ham10000,train
data/HAM10000/HAM10000_images_part_2/ISIC_0033217.jpg,악성흑색종,6,ham10000,train
data/HAM10000/HAM10000_images_part_2/ISIC_0030276.jpg,지루각화증,7,ham10000,train
data/HAM10000/HAM10000_images_part_1/ISIC_0024457.jpg,기저세포암,4,ham10000,train
data/HAM10000/HAM10000_images_part_1/ISIC_0027682.jpg,멜라닌세포모반,5,ham10000,train
data/HAM10000/HAM10000_images_part_1/ISIC_0025850.jpg,멜라닌세포모반,5,ham10000,train
data/HAM10000/HAM10000_images_part_1/ISIC_0029303.jpg,멜라닌세포모반,5,ham10000,train
data/HAM10000/HAM10000_images_part_1/ISIC_0027109.jpg,멜라닌세포모반,5,ham10000,train
data/HAM10000/HAM10000_images_part_2/ISIC_0029995.jpg,악성흑색종,6,ham10000,train
data/HAM10000/HAM10000_images_part_1/ISIC_0025098.jpg,멜라닌세포모반,5,ham10000,train
data/HAM10000/HAM10000_images_part_1/ISIC_0026574.jpg,기저세포암,4,ham10000,train
data/HAM10000/HAM10000_images_part_2/ISIC_0034041.jpg,멜라닌세포모반,5,ham10000,train
data/HAM10000/HAM10000_images_part_2/ISIC_0030897.jpg,멜라닌세포모반,5,ham10000,train
data/HAM10000/HAM10000_images_part_2/ISIC_0033596.jpg,멜라닌세포모반,5,ham10000,train
data/HAM10000/HAM10000_images_part_1/ISIC_0026569.jpg,멜라닌세포모반,5,ham10000,train
data/HAM10000/HAM10000_images_part_1/ISIC_0024372.jpg,광선각화증,3,ham10000,train
data/HAM10000/HAM10000_images_part_2/ISIC_0033749.jpg,혈관종,10,ham10000,train
data/HAM10000/HAM10000_images_part_2/ISIC_0032550.jpg,악성흑색종,6,ham10000,train
data/HAM10000/HAM10000_images_part_2/ISIC_0032827.jpg,지루각화증,7,ham10000,train
data/HAM10000/HAM10000_images_part_2/ISIC_0031507.jpg,멜라닌세포모반,5,ham10000,train
data/HAM10000/HAM10000_images_part_2/ISIC_0033734.jpg,멜라닌세포모반,5,ham10000,train
data/HAM10000/HAM10000_images_part_1/ISIC_0024890.jpg,지루각화증,7,ham10000,train
data/HAM10000/HAM10000_images_part_2/ISIC_0031614.jpg,기저세포암,4,ham10000,train
data/HAM10000/HAM10000_images_part_2/ISIC_0029840.jpg,광선각화증,3,ham10000,train
data/HAM10000/HAM10000_images_part_1/ISIC_0028179.jpg,멜라닌세포모반,5,ham10000,train
data/HAM10000/HAM10000_images_part_1/ISIC_0025465.jpg,지루각화증,7,ham10000,train
data/HAM10000/HAM10000_images_part_2/ISIC_0030109.jpg,멜라닌세포모반,5,ham10000,train
data/HAM10000/HAM10000_images_part_1/ISIC_0025979.jpg,멜라닌세포모반,5,ham10000,train
data/HAM10000/HAM10000_images_part_2/ISIC_0031651.jpg,기저세포암,4,ham10000,train
data/HAM10000/HAM10000_images_part_1/ISIC_0024756.jpg,악성흑색종,6,ham10000,train
data/HAM10000/HAM10000_images_part_1/ISIC_0027544.jpg,기저세포암,4,ham10000,train
data/HAM10000/HAM10000_images_part_1/ISIC_0026510.jpg,멜라닌세포모반,5,ham10000,train
data/HAM10000/HAM10000_images_part_1/ISIC_0027117.jpg,기저세포암,4,ham10000,train
data/HAM10000/HAM10000_images_part_1/ISIC_0026231.jpg,멜라닌세포모반,5,ham10000,train
data/HAM10000/HAM10000_images_part_2/ISIC_0033210.jpg,멜라닌세포모반,5,ham10000,train
data/HAM10000/HAM10000_images_part_1/ISIC_0024500.jpg,멜라닌세포모반,5,ham10000,train
data/HAM10000/HAM10000_images_part_1/ISIC_0024376.jpg,멜라닌세포모반,5,ham10000,train
data/HAM10000/HAM10000_images_part_1/ISIC_0027365.jpg,기저세포암,4,ham10000,train
data/HAM10000/HAM10000_images_part_2/ISIC_0030818.jpg,악성흑색종,6,ham10000,train
data/HAM10000/HAM10000_images_part_1/ISIC_0025573.jpg,악성흑색종,6,ham10000,train
data/HAM10000/HAM10000_images_part_1/ISIC_0026381.jpg,멜라닌세포모반,5,ham10000,train
data/HAM10000/HAM10000_images_part_2/ISIC_0034052.jpg,악성흑색종,6,ham10000,train
data/HAM10000/HAM10000_images_part_1/ISIC_0027007.jpg,멜라닌세포모반,5,ham10000,train
data/HAM10000/HAM10000_images_part_1/ISIC_0024672.jpg,지루각화증,7,ham10000,train
data/HAM10000/HAM10000_images_part_2/ISIC_0030773.jpg,멜라닌세포모반,5,ham10000,train
data/HAM10000/HAM10000_images_part_1/ISIC_0027174.jpg,악성흑색종,6,ham10000,train
data/HAM10000/HAM10000_images_part_1/ISIC_0027473.jpg,기저세포암,4,ham10000,train
data/HAM10000/HAM10000_images_part_1/ISIC_0027509.jpg,지루각화증,7,ham10000,train
data/HAM10000/HAM10000_images_part_2/ISIC_0034117.jpg,악성흑색종,6,ham10000,train
data/HAM10000/HAM10000_images_part_1/ISIC_0026153.jpg,지루각화증,7,ham10000,train
data/HAM10000/HAM10000_images_part_1/ISIC_0024981.jpg,지루각화증,7,ham10000,train
data/HAM10000/HAM10000_images_part_1/ISIC_0026286.jpg,지루각화증,7,ham10000,train
data/HAM10000/HAM10000_images_part_2/ISIC_0033103.jpg,악성흑색종,6,ham10000,train
data/HAM10000/HAM10000_images_part_1/ISIC_0024791.jpg,멜라닌세포모반,5,ham10000,train
data/HAM10000/HAM10000_images_part_2/ISIC_0031517.jpg,악성흑색종,6,ham10000,train
data/HAM10000/HAM10000_images_part_1/ISIC_0026206.jpg,광선각화증,3,ham10000,train
data/HAM10000/HAM10000_images_part_2/ISIC_0034242.jpg,악성흑색종,6,ham10000,train
data/HAM10000/HAM10000_images_part_1/ISIC_0026439.jpg,기저세포암,4,ham10000,train
data/HAM10000/HAM10000_images_part_2/ISIC_0031483.jpg,멜라닌세포모반,5,ham10000,train
data/HAM10000/HAM10000_images_part_2/ISIC_0031545.jpg,악성흑색종,6,ham10000,train
data/HAM10000/HAM10000_images_part_2/ISIC_0032058.jpg,멜라닌세포모반,5,ham10000,train
data/HAM10000/HAM10000_images_part_1/ISIC_0027522.jpg,혈관종,10,ham10000,train
data/HAM10000/HAM10000_images_part_1/ISIC_0026558.jpg,악성흑색종,6,ham10000,train
data/HAM10000/HAM10000_images_part_2/ISIC_0032843.jpg,지루각화증,7,ham10000,train
data/HAM10000/HAM10000_images_part_1/ISIC_0029043.jpg,광선각화증,3,ham10000,train
data/HAM10000/HAM10000_images_part_1/ISIC_0025901.jpg,멜라닌세포모반,5,ham10000,train
data/HAM10000/HAM10000_images_part_1/ISIC_0025744.jpg,악성흑색종,6,ham10000,train
data/HAM10000/HAM10000_images_part_1/ISIC_0027977.jpg,멜라닌세포모반,5,ham10000,train
data/HAM10000/HAM10000_images_part_1/ISIC_0026388.jpg,광선각화증,3,ham10000,train
data/HAM10000/HAM10000_images_part_2/ISIC_0030083.jpg,악성흑색종,6,ham10000,train
data/HAM10000/HAM10000_images_part_2/ISIC_0032862.jpg,악성흑색종,6,ham10000,train
data/HAM10000/HAM10000_images_part_1/ISIC_0028929.jpg,악성흑색종,6,ham10000,train
data/HAM10000/HAM10000_images_part_1/ISIC_0028565.jpg,악성흑색종,6,ham10000,train
data/HAM10000/HAM10000_images_part_2/ISIC_0030403.jpg,기저세포암,4,ham10000,train
data/HAM10000/HAM10000_images_part_1/ISIC_0026892.jpg,악성흑색종,6,ham10000,train
data/HAM10000/HAM10000_images_part_1/ISIC_0027751.jpg,멜라닌세포모반,5,ham10000,train
data/HAM10000/HAM10000_images_part_2/ISIC_0030512.jpg,악성흑색종,6,ham10000,train
data/HAM10000/HAM10000_images_part_2/ISIC_0033275.jpg,악성흑색종,6,ham10000,train
data/HAM10000/HAM10000_images_part_2/ISIC_0030476.jpg,멜라닌세포모반,5,ham10000,train
data/HAM10000/HAM10000_images_part_1/ISIC_0028454.jpg,멜라닌세포모반,5,ham10000,train
data/HAM10000/HAM10000_images_part_1/ISIC_0024333.jpg,악성흑색종,6,ham10000,train
data/HAM10000/HAM10000_images_part_2/ISIC_0032883.jpg,지루각화증,7,ham10000,train
data/HAM10000/HAM10000_images_part_1/ISIC_0028493.jpg,악성흑색종,6,ham10000,train
data/HAM10000/HAM10000_images_part_1/ISIC_0024455.jpg,멜라닌세포모반,5,ham10000,train
data/HAM10000/HAM10000_images_part_2/ISIC_0034202.jpg,악성흑색종,6,ham10000,train
data/HAM10000/HAM10000_images_part_2/ISIC_0030143.jpg,광선각화증,3,ham10000,train
data/HAM10000/HAM10000_images_part_1/ISIC_0028564.jpg,멜라닌세포모반,5,ham10000,train
data/HAM10000/HAM10000_images_part_1/ISIC_0027663.jpg,악성흑색종,6,ham10000,train
data/HAM10000/HAM10000_images_part_2/ISIC_0032748.jpg,멜라닌세포모반,5,ham10000,train
data/HAM10000/HAM10000_images_part_2/ISIC_0032454.jpg,멜라닌세포모반,5,ham10000,train
data/HAM10000/HAM10000_images_part_2/ISIC_0030705.jpg,지루각화증,7,ham10000,train
data/HAM10000/HAM10000_images_part_2/ISIC_0032734.jpg,멜라닌세포모반,5,ham10000,train
data/HAM10000/HAM10000_images_part_2/ISIC_0030353.jpg,멜라닌세포모반,5,ham10000,train
data/HAM10000/HAM10000_images_part_2/ISIC_0033241.jpg,악성흑색종,6,ham10000,train
data/HAM10000/HAM10000_images_part_2/ISIC_0030335.jpg,기저세포암,4,ham10000,train
data/HAM10000/HAM10000_images_part_1/ISIC_0026607.jpg,지루각화증,7,ham10000,train
data/HAM10000/HAM10000_images_part_2/ISIC_0032182.jpg,악성흑색종,6,ham10000,train
data/HAM10000/HAM10000_images_part_2/ISIC_0029370.jpg,악성흑색종,6,ham10000,train
data/HAM10000/HAM10000_images_part_1/ISIC_0026116.jpg,멜라닌세포모반,5,ham10000,train
data/HAM10000/HAM10000_images_part_1/ISIC_0025964.jpg,악성흑색종,6,ham10000,train
data/HAM10000/HAM10000_images_part_1/ISIC_0026704.jpg,지루각화증,7,ham10000,train
data/HAM10000/HAM10000_images_part_2/ISIC_0029466.jpg,기저세포암,4,ham10000,train
data/HAM10000/HAM10000_images_part_1/ISIC_0027620.jpg,악성흑색종,6,ham10000,train
data/HAM10000/HAM10000_images_part_1/ISIC_0028693.jpg,기저세포암,4,ham10000,train
data/HAM10000/HAM10000_images_part_1/ISIC_0025915.jpg,지루각화증,7,ham10000,train
data/HAM10000/HAM10000_images_part_2/ISIC_0029664.jpg,멜라닌세포모반,5,ham10000,train
data/HAM10000/HAM10000_images_part_1/ISIC_0025161.jpg,멜라닌세포모반,5,ham10000,train
data/HAM10000/HAM10000_images_part_1/ISIC_0028056.jpg,악성흑색종,6,ham10000,train
data/HAM10000/HAM10000_images_part_1/ISIC_0025411.jpg,광선각화증,3,ham10000,train
data/HAM10000/HAM10000_images_part_2/ISIC_0029669.jpg,기저세포암,4,ham10000,train
data/HAM10000/HAM10000_images_part_1/ISIC_0026668.jpg,기저세포암,4,ham10000,train
data/HAM10000/HAM10000_images_part_2/ISIC_0033305.jpg,지루각화증,7,ham10000,train
data/HAM10000/HAM10000_images_part_2/ISIC_0030924.jpg,멜라닌세포모반,5,ham10000,train
data/HAM10000/HAM10000_images_part_1/ISIC_0026599.jpg,멜라닌세포모반,5,ham10000,train
data/HAM10000/HAM10000_images_part_1/ISIC_0025332.jpg,멜라닌세포모반,5,ham10000,train
data/HAM10000/HAM10000_images_part_2/ISIC_0029360.jpg,광선각화증,3,ham10000,train
data/HAM10000/HAM10000_images_part_1/ISIC_0024979.jpg,멜라닌세포모반,5,ham10000,train
data/HAM10000/HAM10000_images_part_1/ISIC_0024740.jpg,지루각화증,7,ham10000,train
data/HAM10000/HAM10000_images_part_1/ISIC_0025455.jpg,멜라닌세포모반,5,ham10000,train
data/HAM10000/HAM10000_images_part_2/ISIC_0032544.jpg,악성흑색종,6,ham10000,train
data/HAM10000/HAM10000_images_part_2/ISIC_0033152.jpg,악성흑색종,6,ham10000,train
data/HAM10000/HAM10000_images_part_2/ISIC_0033193.jpg,악성흑색종,6,ham10000,train
data/HAM10000/HAM10000_images_part_2/ISIC_0032873.jpg,악성흑색종,6,ham10000,train
data/HAM10000/HAM10000_images_part_2/ISIC_0029459.jpg,멜라닌세포모반,5,ham10000,train
data/HAM10000/HAM10000_images_part_2/ISIC_0029378.jpg,멜라닌세포모반,5,ham10000,train
data/HAM10000/HAM10000_images_part_2/ISIC_0033609.jpg,기저세포암,4,ham10000,train
data/HAM10000/HAM10000_images_part_1/ISIC_0028673.jpg,멜라닌세포모반,5,ham10000,train
data/HAM10000/HAM10000_images_part_2/ISIC_0029916.jpg,멜라닌세포모반,5,ham10000,train
data/HAM10000/HAM10000_images_part_1/ISIC_0026687.jpg,기저세포암,4,ham10000,train
data/HAM10000/HAM10000_images_part_2/ISIC_0033024.jpg,악성흑색종,6,ham10000,train
data/HAM10000/HAM10000_images_part_2/ISIC_0032876.jpg,지루각화증,7,ham10000,train
data/HAM10000/HAM10000_images_part_2/ISIC_0034264.jpg,멜라닌세포모반,5,ham10000,train
data/HAM10000/HAM10000_images_part_1/ISIC_0027300.jpg,악성흑색종,6,ham10000,train
data/HAM10000/HAM10000_images_part_2/ISIC_0033962.jpg,악성흑색종,6,ham10000,train
data/HAM10000/HAM10000_images_part_2/ISIC_0031805.jpg,멜라닌세포모반,5,ham10000,train
data/HAM10000/HAM10000_images_part_2/ISIC_0033388.jpg,멜라닌세포모반,5,ham10000,train
data/HAM10000/HAM10000_images_part_1/ISIC_0026360.jpg,악성흑색종,6,ham10000,train
data/HAM10000/HAM10000_images_part_2/ISIC_0032580.jpg,멜라닌세포모반,5,ham10000,train
data/HAM10000/HAM10000_images_part_2/ISIC_0032988.jpg,악성흑색종,6,ham10000,train
data/HAM10000/HAM10000_images_part_1/ISIC_0026900.jpg,멜라닌세포모반,5,ham10000,train
data/HAM10000/HAM10000_images_part_1/ISIC_0025042.jpg,멜라닌세포모반,5,ham10000,train
data/HAM10000/HAM10000_images_part_1/ISIC_0025029.jpg,광선각화증,3,ham10000,train
data/HAM10000/HAM10000_images_part_1/ISIC_0026954.jpg,악성흑색종,6,ham10000,train
data/HAM10000/HAM10000_images_part_1/ISIC_0024675.jpg,악성흑색종,6,ham10000,train
data/HAM10000/HAM10000_images_part_2/ISIC_0030224.jpg,멜라닌세포모반,5,ham10000,train
data/HAM10000/HAM10000_images_part_1/ISIC_0029256.jpg,멜라닌세포모반,5,ham10000,train
data/HAM10000/HAM10000_images_part_1/ISIC_0025882.jpg,멜라닌세포모반,5,ham10000,train
data/HAM10000/HAM10000_images_part_2/ISIC_0031871.jpg,멜라닌세포모반,5,ham10000,train
data/HAM10000/HAM10000_images_part_1/ISIC_0027371.jpg,기저세포암,4,ham10000,train
data/HAM10000/HAM10000_images_part_2/ISIC_0029396.jpg,지루각화증,7,ham10000,train
data/HAM10000/HAM10000_images_part_1/ISIC_0028893.jpg,멜라닌세포모반,5,ham10000,train
data/HAM10000/HAM10000_images_part_1/ISIC_0028496.jpg,지루각화증,7,ham10000,train
data/HAM10000/HAM10000_images_part_1/ISIC_0025963.jpg,악성흑색종,6,ham10000,train
data/HAM10000/HAM10000_images_part_2/ISIC_0029309.jpg,광선각화증,3,ham10000,train
data/HAM10000/HAM10000_images_part_1/ISIC_0027053.jpg,지루각화증,7,ham10000,train
data/HAM10000/HAM10000_images_part_2/ISIC_0032705.jpg,멜라닌세포모반,5,ham10000,train
data/HAM10000/HAM10000_images_part_1/ISIC_0025222.jpg,지루각화증,7,ham10000,train
data/HAM10000/HAM10000_images_part_1/ISIC_0027681.jpg,지루각화증,7,ham10000,train
data/HAM10000/HAM10000_images_part_1/ISIC_0028662.jpg,지루각화증,7,ham10000,train
data/HAM10000/HAM10000_images_part_1/ISIC_0028463.jpg,악성흑색종,6,ham10000,train
data/HAM10000/HAM10000_images_part_1/ISIC_0025511.jpg,멜라닌세포모반,5,ham10000,train
data/HAM10000/HAM10000_images_part_2/ISIC_0031553.jpg,멜라닌세포모반,5,ham10000,train
data/HAM10000/HAM10000_images_part_2/ISIC_0031836.jpg,기저세포암,4,ham10000,train
data/HAM10000/HAM10000_images_part_2/ISIC_0032303.jpg,지루각화증,7,ham10000,train
data/HAM10000/HAM10000_images_part_2/ISIC_0034013.jpg,멜라닌세포모반,5,ham10000,train
data/HAM10000/HAM10000_images_part_1/ISIC_0026932.jpg,멜라닌세포모반,5,ham10000,train
data/HAM10000/HAM10000_images_part_1/ISIC_0027277.jpg,악성흑색종,6,ham10000,train
data/HAM10000/HAM10000_images_part_2/ISIC_0030076.jpg,광선각화증,3,ham10000,train
data/HAM10000/HAM10000_images_part_1/ISIC_0026467.jpg,혈관종,10,ham10000,train
data/HAM10000/HAM10000_images_part_2/ISIC_0029499.jpg,멜라닌세포모반,5,ham10000,train
data/HAM10000/HAM10000_images_part_2/ISIC_0034243.jpg,악성흑색종,6,ham10000,train
data/HAM10000/HAM10000_images_part_1/ISIC_0027375.jpg,멜라닌세포모반,5,ham10000,train
data/HAM10000/HAM10000_images_part_1/ISIC_0026957.jpg,기저세포암,4,ham10000,train
data/HAM10000/HAM10000_images_part_2/ISIC_0029443.jpg,지루각화증,7,ham10000,train
data/HAM10000/HAM10000_images_part_1/ISIC_0024709.jpg,지루각화증,7,ham10000,train
data/HAM10000/HAM10000_images_part_2/ISIC_0033515.jpg,멜라닌세포모반,5,ham10000,train
data/HAM10000/HAM10000_images_part_1/ISIC_0026105.jpg,악성흑색종,6,ham10000,train
data/HAM10000/HAM10000_images_part_1/ISIC_0024446.jpg,지루각화증,7,ham10000,train
data/HAM10000/HAM10000_images_part_2/ISIC_0030319.jpg,지루각화증,7,ham10000,train
data/HAM10000/HAM10000_images_part_1/ISIC_0028968.jpg,악성흑색종,6,ham10000,train
data/HAM10000/HAM10000_images_part_1/ISIC_0028091.jpg,멜라닌세포모반,5,ham10000,train
data/HAM10000/HAM10000_images_part_2/ISIC_0033105.jpg,멜라닌세포모반,5,ham10000,train
data/HAM10000/HAM10000_images_part_2/ISIC_0029746.jpg,멜라닌세포모반,5,ham10000,train
data/HAM10000/HAM10000_images_part_2/ISIC_0029617.jpg,지루각화증,7,ham10000,train
data/HAM10000/HAM10000_images_part_1/ISIC_0026637.jpg,지루각화증,7,ham10000,train
data/HAM10000/HAM10000_images_part_2/ISIC_0032079.jpg,악성흑색종,6,ham10000,train
data/HAM10000/HAM10000_images_part_1/ISIC_0024517.jpg,광선각화증,3,ham10000,train
data/HAM10000/HAM10000_images_part_1/ISIC_0025785.jpg,멜라닌세포모반,5,ham10000,train
data/HAM10000/HAM10000_images_part_1/ISIC_0028640.jpg,지루각화증,7,ham10000,train
data/HAM10000/HAM10000_images_part_2/ISIC_0033812.jpg,악성흑색종,6,ham10000,train
data/HAM10000/HAM10000_images_part_1/ISIC_0028993.jpg,멜라닌세포모반,5,ham10000,train
data/HAM10000/HAM10000_images_part_2/ISIC_0032837.jpg,멜라닌세포모반,5,ham10000,train
data/HAM10000/HAM10000_images_part_2/ISIC_0032943.jpg,멜라닌세포모반,5,ham10000,train
data/HAM10000/HAM10000_images_part_2/ISIC_0030015.jpg,피부섬유종,9,ham10000,train
data/HAM10000/HAM10000_images_part_1/ISIC_0027102.jpg,악성흑색종,6,ham10000,train
data/HAM10000/HAM10000_images_part_1/ISIC_0028583.jpg,기저세포암,4,ham10000,train
data/HAM10000/HAM10000_images_part_1/ISIC_0025284.jpg,멜라닌세포모반,5,ham10000,train
data/HAM10000/HAM10000_images_part_1/ISIC_0026446.jpg,지루각화증,7,ham10000,train
data/HAM10000/HAM10000_images_part_2/ISIC_0031442.jpg,기저세포암,4,ham10000,train
data/HAM10000/HAM10000_images_part_2/ISIC_0031782.jpg,멜라닌세포모반,5,ham10000,train
data/HAM10000/HAM10000_images_part_1/ISIC_0027940.jpg,멜라닌세포모반,5,ham10000,train
data/HAM10000/HAM10000_images_part_2/ISIC_0031266.jpg,기저세포암,4,ham10000,train
data/HAM10000/HAM10000_images_part_1/ISIC_0029235.jpg,지루각화증,7,ham10000,train
data/HAM10000/HAM10000_images_part_1/ISIC_0028401.jpg,멜라닌세포모반,5,ham10000,train
data/HAM10000/HAM10000_images_part_1/ISIC_0027391.jpg,멜라닌세포모반,5,ham10000,train
data/HAM10000/HAM10000_images_part_1/ISIC_0028101.jpg,멜라닌세포모반,5,ham10000,train
data/HAM10000/HAM10000_images_part_1/ISIC_0026010.jpg,멜라닌세포모반,5,ham10000,train
data/HAM10000/HAM10000_images_part_2/ISIC_0034206.jpg,멜라닌세포모반,5,ham10000,train
data/HAM10000/HAM10000_images_part_1/ISIC_0025319.jpg,광선각화증,3,ham10000,train
data/HAM10000/HAM10000_images_part_1/ISIC_0025182.jpg,광선각화증,3,ham10000,train
data/HAM10000/HAM10000_images_part_1/ISIC_0029172.jpg,악성흑색종,6,ham10000,train
data/HAM10000/HAM10000_images_part_2/ISIC_0033659.jpg,지루각화증,7,ham10000,train
data/HAM10000/HAM10000_images_part_2/ISIC_0033947.jpg,악성흑색종,6,ham10000,train
data/HAM10000/HAM10000_images_part_2/ISIC_0032593.jpg,멜라닌세포모반,5,ham10000,train
data/HAM10000/HAM10000_images_part_2/ISIC_0031979.jpg,멜라닌세포모반,5,ham10000,train
data/HAM10000/HAM10000_images_part_1/ISIC_0024546.jpg,악성흑색종,6,ham10000,train
data/HAM10000/HAM10000_images_part_2/ISIC_0030515.jpg,멜라닌세포모반,5,ham10000,train
data/HAM10000/HAM10000_images_part_2/ISIC_0031065.jpg,혈관종,10,ham10000,train
data/HAM10000/HAM10000_images_part_1/ISIC_0028967.jpg,멜라닌세포모반,5,ham10000,train
data/HAM10000/HAM10000_images_part_1/ISIC_0027700.jpg,광선각화증,3,ham10000,train
data/HAM10000/HAM10000_images_part_1/ISIC_0025068.jpg,지루각화증,7,ham10000,train
data/HAM10000/HAM10000_images_part_2/ISIC_0029884.jpg,악성흑색종,6,ham10000,train
data/HAM10000/HAM10000_images_part_1/ISIC_0028376.jpg,지루각화증,7,ham10000,train
data/HAM10000/HAM10000_images_part_2/ISIC_0030436.jpg,지루각화증,7,ham10000,train
data/HAM10000/HAM10000_images_part_2/ISIC_0033457.jpg,멜라닌세포모반,5,ham10000,train
data/HAM10000/HAM10000_images_part_1/ISIC_0025206.jpg,멜라닌세포모반,5,ham10000,train
data/HAM10000/HAM10000_images_part_1/ISIC_0026718.jpg,멜라닌세포모반,5,ham10000,train
data/HAM10000/HAM10000_images_part_1/ISIC_0029166.jpg,지루각화증,7,ham10000,train
data/HAM10000/HAM10000_images_part_2/ISIC_0029487.jpg,멜라닌세포모반,5,ham10000,train
data/HAM10000/HAM10000_images_part_2/ISIC_0033677.jpg,지루각화증,7,ham10000,train
data/HAM10000/HAM10000_images_part_2/ISIC_0031798.jpg,멜라닌세포모반,5,ham10000,train
data/HAM10000/HAM10000_images_part_2/ISIC_0033058.jpg,멜라닌세포모반,5,ham10000,train
data/HAM10000/HAM10000_images_part_1/ISIC_0028223.jpg,지루각화증,7,ham10000,train
data/HAM10000/HAM10000_images_part_2/ISIC_0032129.jpg,지루각화증,7,ham10000,train
data/HAM10000/HAM10000_images_part_1/ISIC_0024368.jpg,멜라닌세포모반,5,ham10000,train
data/HAM10000/HAM10000_images_part_2/ISIC_0030501.jpg,악성흑색종,6,ham10000,train
data/HAM10000/HAM10000_images_part_1/ISIC_0025494.jpg,멜라닌세포모반,5,ham10000,train
data/HAM10000/HAM10000_images_part_1/ISIC_0025758.jpg,지루각화증,7,ham10000,train
data/HAM10000/HAM10000_images_part_1/ISIC_0028212.jpg,멜라닌세포모반,5,ham10000,train
data/HAM10000/HAM10000_images_part_1/ISIC_0027502.jpg,악성흑색종,6,ham10000,train
data/HAM10000/HAM10000_images_part_2/ISIC_0032349.jpg,광선각화증,3,ham10000,train
data/HAM10000/HAM10000_images_part_1/ISIC_0029249.jpg,지루각화증,7,ham10000,train
data/HAM10000/HAM10000_images_part_1/ISIC_0026967.jpg,지루각화증,7,ham10000,train
data/HAM10000/HAM10000_images_part_1/ISIC_0024680.jpg,멜라닌세포모반,5,ham10000,train
data/HAM10000/HAM10000_images_part_2/ISIC_0030358.jpg,멜라닌세포모반,5,ham10000,train
data/HAM10000/HAM10000_images_part_2/ISIC_0030159.jpg,멜라닌세포모반,5,ham10000,train
data/HAM10000/HAM10000_images_part_2/ISIC_0031026.jpg,기저세포암,4,ham10000,train
data/HAM10000/HAM10000_images_part_2/ISIC_0031995.jpg,멜라닌세포모반,5,ham10000,train
data/HAM10000/HAM10000_images_part_2/ISIC_0032207.jpg,악성흑색종,6,ham10000,train
data/HAM10000/HAM10000_images_part_1/ISIC_0026667.jpg,멜라닌세포모반,5,ham10000,train
data/HAM10000/HAM10000_images_part_2/ISIC_0030941.jpg,멜라닌세포모반,5,ham10000,train
data/HAM10000/HAM10000_images_part_1/ISIC_0027015.jpg,멜라닌세포모반,5,ham10000,train
data/HAM10000/HAM10000_images_part_2/ISIC_0032148.jpg,멜라닌세포모반,5,ham10000,train
data/HAM10000/HAM10000_images_part_1/ISIC_0028303.jpg,기저세포암,4,ham10000,train
data/HAM10000/HAM10000_images_part_1/ISIC_0028820.jpg,광선각화증,3,ham10000,train
data/HAM10000/HAM10000_images_part_2/ISIC_0033083.jpg,멜라닌세포모반,5,ham10000,train
data/HAM10000/HAM10000_images_part_1/ISIC_0029032.jpg,지루각화증,7,ham10000,train
data/HAM10000/HAM10000_images_part_1/ISIC_0027443.jpg,멜라닌세포모반,5,ham10000,train
data/HAM10000/HAM10000_images_part_1/ISIC_0027197.jpg,멜라닌세포모반,5,ham10000,train
data/HAM10000/HAM10000_images_part_2/ISIC_0032961.jpg,멜라닌세포모반,5,ham10000,train
data/HAM10000/HAM10000_images_part_1/ISIC_0026012.jpg,멜라닌세포모반,5,ham10000,train
data/HAM10000/HAM10000_images_part_2/ISIC_0034122.jpg,멜라닌세포모반,5,ham10000,train
data/HAM10000/HAM10000_images_part_1/ISIC_0029196.jpg,멜라닌세포모반,5,ham10000,train
data/HAM10000/HAM10000_images_part_1/ISIC_0028148.jpg,악성흑색종,6,ham10000,train
data/HAM10000/HAM10000_images_part_1/ISIC_0027144.jpg,악성흑색종,6,ham10000,train
data/HAM10000/HAM10000_images_part_2/ISIC_0033797.jpg,멜라닌세포모반,5,ham10000,train
data/HAM10000/HAM10000_images_part_1/ISIC_0025399.jpg,멜라닌세포모반,5,ham10000,train
data/HAM10000/HAM10000_images_part_2/ISIC_0031768.jpg,멜라닌세포모반,5,ham10000,train
data/HAM10000/HAM10000_images_part_1/ISIC_0024774.jpg,지루각화증,7,ham10000,train
data/HAM10000/HAM10000_images_part_2/ISIC_0034121.jpg,멜라닌세포모반,5,ham10000,train
data/HAM10000/HAM10000_images_part_2/ISIC_0031309.jpg,피부섬유종,9,ham10000,train
data/HAM10000/HAM10000_images_part_1/ISIC_0026746.jpg,악성흑색종,6,ham10000,train
data/HAM10000/HAM10000_images_part_2/ISIC_0030491.jpg,광선각화증,3,ham10000,train
data/HAM10000/HAM10000_images_part_2/ISIC_0034100.jpg,악성흑색종,6,ham10000,train
data/HAM10000/HAM10000_images_part_1/ISIC_0026612.jpg,멜라닌세포모반,5,ham10000,train
data/HAM10000/HAM10000_images_part_2/ISIC_0033635.jpg,지루각화증,7,ham10000,train
data/HAM10000/HAM10000_images_part_2/ISIC_0031105.jpg,멜라닌세포모반,5,ham10000,train
data/HAM10000/HAM10000_images_part_1/ISIC_0028504.jpg,멜라닌세포모반,5,ham10000,train
data/HAM10000/HAM10000_images_part_1/ISIC_0028029.jpg,악성흑색종,6,ham10000,train
data/HAM10000/HAM10000_images_part_2/ISIC_0031365.jpg,멜라닌세포모반,5,ham10000,train
data/HAM10000/HAM10000_images_part_1/ISIC_0027408.jpg,멜라닌세포모반,5,ham10000,train
data/HAM10000/HAM10000_images_part_1/ISIC_0025607.jpg,멜라닌세포모반,5,ham10000,train
data/HAM10000/HAM10000_images_part_2/ISIC_0031331.jpg,멜라닌세포모반,5,ham10000,train
data/HAM10000/HAM10000_images_part_2/ISIC_0030244.jpg,피부섬유종,9,ham10000,train
data/HAM10000/HAM10000_images_part_2/ISIC_0033195.jpg,지루각화증,7,ham10000,train
data/HAM10000/HAM10000_images_part_2/ISIC_0030503.jpg,멜라닌세포모반,5,ham10000,train
data/HAM10000/HAM10000_images_part_2/ISIC_0031858.jpg,멜라닌세포모반,5,ham10000,train
data/HAM10000/HAM10000_images_part_2/ISIC_0031085.jpg,멜라닌세포모반,5,ham10000,train
data/HAM10000/HAM10000_images_part_1/ISIC_0027172.jpg,광선각화증,3,ham10000,train
data/HAM10000/HAM10000_images_part_2/ISIC_0032238.jpg,광선각화증,3,ham10000,train
data/HAM10000/HAM10000_images_part_2/ISIC_0031743.jpg,광선각화증,3,ham10000,train
data/HAM10000/HAM10000_images_part_1/ISIC_0029193.jpg,기저세포암,4,ham10000,train
data/HAM10000/HAM10000_images_part_2/ISIC_0033378.jpg,지루각화증,7,ham10000,train
data/HAM10000/HAM10000_images_part_2/ISIC_0030181.jpg,기저세포암,4,ham10000,train
data/HAM10000/HAM10000_images_part_2/ISIC_0032814.jpg,멜라닌세포모반,5,ham10000,train
data/HAM10000/HAM10000_images_part_2/ISIC_0030034.jpg,악성흑색종,6,ham10000,train
data/HAM10000/HAM10000_images_part_1/ISIC_0027224.jpg,멜라닌세포모반,5,ham10000,train
data/HAM10000/HAM10000_images_part_2/ISIC_0031599.jpg,멜라닌세포모반,5,ham10000,train
data/HAM10000/HAM10000_images_part_2/ISIC_0030088.jpg,지루각화증,7,ham10000,train
data/HAM10000/HAM10000_images_part_1/ISIC_0026849.jpg,지루각화증,7,ham10000,train
data/HAM10000/HAM10000_images_part_2/ISIC_0029319.jpg,악성흑색종,6,ham10000,train
data/HAM10000/HAM10000_images_part_1/ISIC_0026831.jpg,기저세포암,4,ham10000,train
data/HAM10000/HAM10000_images_part_1/ISIC_0028876.jpg,지루각화증,7,ham10000,train
data/HAM10000/HAM10000_images_part_1/ISIC_0028233.jpg,지루각화증,7,ham10000,train
data/HAM10000/HAM10000_images_part_1/ISIC_0026532.jpg,지루각화증,7,ham10000,train
data/HAM10000/HAM10000_images_part_1/ISIC_0028765.jpg,기저세포암,4,ham10000,train
data/HAM10000/HAM10000_images_part_2/ISIC_0029957.jpg,멜라닌세포모반,5,ham10000,train
data/HAM10000/HAM10000_images_part_1/ISIC_0027275.jpg,지루각화증,7,ham10000,train
data/HAM10000/HAM10000_images_part_1/ISIC_0027545.jpg,기저세포암,4,ham10000,train
data/HAM10000/HAM10000_images_part_1/ISIC_0026906.jpg,멜라닌세포모반,5,ham10000,train
data/HAM10000/HAM10000_images_part_1/ISIC_0025368.jpg,광선각화증,3,ham10000,train
data/HAM10000/HAM10000_images_part_2/ISIC_0030821.jpg,광선각화증,3,ham10000,train
data/HAM10000/HAM10000_images_part_2/ISIC_0032091.jpg,멜라닌세포모반,5,ham10000,train
data/HAM10000/HAM10000_images_part_1/ISIC_0025742.jpg,멜라닌세포모반,5,ham10000,train
data/HAM10000/HAM10000_images_part_2/ISIC_0029715.jpg,광선각화증,3,ham10000,train
data/HAM10000/HAM10000_images_part_2/ISIC_0033325.jpg,악성흑색종,6,ham10000,train
data/HAM10000/HAM10000_images_part_1/ISIC_0026874.jpg,멜라닌세포모반,5,ham10000,train
data/HAM10000/HAM10000_images_part_1/ISIC_0028644.jpg,광선각화증,3,ham10000,train
data/HAM10000/HAM10000_images_part_2/ISIC_0033254.jpg,혈관종,10,ham10000,train
data/HAM10000/HAM10000_images_part_2/ISIC_0030406.jpg,멜라닌세포모반,5,ham10000,train
data/HAM10000/HAM10000_images_part_2/ISIC_0030597.jpg,멜라닌세포모반,5,ham10000,train
data/HAM10000/HAM10000_images_part_2/ISIC_0033909.jpg,멜라닌세포모반,5,ham10000,train
data/HAM10000/HAM10000_images_part_2/ISIC_0031948.jpg,멜라닌세포모반,5,ham10000,train
data/HAM10000/HAM10000_images_part_2/ISIC_0030709.jpg,멜라닌세포모반,5,ham10000,train
data/HAM10000/HAM10000_images_part_1/ISIC_0024985.jpg,멜라닌세포모반,5,ham10000,train
data/HAM10000/HAM10000_images_part_2/ISIC_0033173.jpg,멜라닌세포모반,5,ham10000,train
data/HAM10000/HAM10000_images_part_2/ISIC_0031779.jpg,악성흑색종,6,ham10000,train
data/HAM10000/HAM10000_images_part_1/ISIC_0025196.jpg,광선각화증,3,ham10000,train
data/HAM10000/HAM10000_images_part_1/ISIC_0026380.jpg,멜라닌세포모반,5,ham10000,train
data/HAM10000/HAM10000_images_part_2/ISIC_0030844.jpg,광선각화증,3,ham10000,train
data/HAM10000/HAM10000_images_part_1/ISIC_0024518.jpg,멜라닌세포모반,5,ham10000,train
data/HAM10000/HAM10000_images_part_1/ISIC_0028671.jpg,기저세포암,4,ham10000,train
data/HAM10000/HAM10000_images_part_2/ISIC_0034295.jpg,멜라닌세포모반,5,ham10000,train
data/HAM10000/HAM10000_images_part_1/ISIC_0024992.jpg,멜라닌세포모반,5,ham10000,train
data/HAM10000/HAM10000_images_part_2/ISIC_0030255.jpg,악성흑색종,6,ham10000,train
data/HAM10000/HAM10000_images_part_2/ISIC_0033448.jpg,멜라닌세포모반,5,ham10000,train
data/HAM10000/HAM10000_images_part_2/ISIC_0033041.jpg,지루각화증,7,ham10000,train
data/HAM10000/HAM10000_images_part_2/ISIC_0029878.jpg,지루각화증,7,ham10000,train
data/HAM10000/HAM10000_images_part_2/ISIC_0033641.jpg,멜라닌세포모반,5,ham10000,train
data/HAM10000/HAM10000_images_part_2/ISIC_0030370.jpg,멜라닌세포모반,5,ham10000,train
data/HAM10000/HAM10000_images_part_2/ISIC_0031378.jpg,기저세포암,4,ham10000,train
data/HAM10000/HAM10000_images_part_2/ISIC_0030328.jpg,멜라닌세포모반,5,ham10000,train
data/HAM10000/HAM10000_images_part_1/ISIC_0026570.jpg,멜라닌세포모반,5,ham10000,train
data/HAM10000/HAM10000_images_part_1/ISIC_0028114.jpg,악성흑색종,6,ham10000,train
data/HAM10000/HAM10000_images_part_1/ISIC_0028590.jpg,멜라닌세포모반,5,ham10000,train
data/HAM10000/HAM10000_images_part_1/ISIC_0025634.jpg,멜라닌세포모반,5,ham10000,train
data/HAM10000/HAM10000_images_part_1/ISIC_0028213.jpg,멜라닌세포모반,5,ham10000,train
data/HAM10000/HAM10000_images_part_2/ISIC_0032280.jpg,지루각화증,7,ham10000,train
data/HAM10000/HAM10000_images_part_1/ISIC_0025909.jpg,멜라닌세포모반,5,ham10000,train
data/HAM10000/HAM10000_images_part_1/ISIC_0026899.jpg,멜라닌세포모반,5,ham10000,train
data/HAM10000/HAM10000_images_part_2/ISIC_0030337.jpg,멜라닌세포모반,5,ham10000,train
data/HAM10000/HAM10000_images_part_1/ISIC_0027083.jpg,지루각화증,7,ham10000,train
data/HAM10000/HAM10000_images_part_1/ISIC_0029273.jpg,멜라닌세포모반,5,ham10000,train
data/HAM10000/HAM10000_images_part_1/ISIC_0027877.jpg,멜라닌세포모반,5,ham10000,train
data/HAM10000/HAM10000_images_part_1/ISIC_0027436.jpg,악성흑색종,6,ham10000,train
data/HAM10000/HAM10000_images_part_2/ISIC_0029446.jpg,멜라닌세포모반,5,ham10000,train
data/HAM10000/HAM10000_images_part_2/ISIC_0029429.jpg,멜라닌세포모반,5,ham10000,train
data/HAM10000/HAM10000_images_part_1/ISIC_0027020.jpg,멜라닌세포모반,5,ham10000,train
data/HAM10000/HAM10000_images_part_2/ISIC_0030529.jpg,멜라닌세포모반,5,ham10000,train
data/HAM10000/HAM10000_images_part_1/ISIC_0029216.jpg,악성흑색종,6,ham10000,train
data/HAM10000/HAM10000_images_part_1/ISIC_0028622.jpg,지루각화증,7,ham10000,train
data/HAM10000/HAM10000_images_part_2/ISIC_0030386.jpg,멜라닌세포모반,5,ham10000,train
data/HAM10000/HAM10000_images_part_1/ISIC_0026044.jpg,지루각화증,7,ham10000,train
data/HAM10000/HAM10000_images_part_2/ISIC_0033860.jpg,피부섬유종,9,ham10000,train
data/HAM10000/HAM10000_images_part_2/ISIC_0029426.jpg,멜라닌세포모반,5,ham10000,train
data/HAM10000/HAM10000_images_part_2/ISIC_0030683.jpg,지루각화증,7,ham10000,train
data/HAM10000/HAM10000_images_part_1/ISIC_0024452.jpg,기저세포암,4,ham10000,train
data/HAM10000/HAM10000_images_part_1/ISIC_0024978.jpg,멜라닌세포모반,5,ham10000,train
data/HAM10000/HAM10000_images_part_2/ISIC_0029524.jpg,기저세포암,4,ham10000,train
data/HAM10000/HAM10000_images_part_1/ISIC_0026362.jpg,광선각화증,3,ham10000,train
data/HAM10000/HAM10000_images_part_2/ISIC_0032919.jpg,혈관종,10,ham10000,train
data/HAM10000/HAM10000_images_part_2/ISIC_0033250.jpg,멜라닌세포모반,5,ham10000,train
data/HAM10000/HAM10000_images_part_1/ISIC_0025852.jpg,멜라닌세포모반,5,ham10000,train
data/HAM10000/HAM10000_images_part_2/ISIC_0029801.jpg,지루각화증,7,ham10000,train
data/HAM10000/HAM10000_images_part_1/ISIC_0028055.jpg,멜라닌세포모반,5,ham10000,train
data/HAM10000/HAM10000_images_part_1/ISIC_0025369.jpg,멜라닌세포모반,5,ham10000,train
data/HAM10000/HAM10000_images_part_2/ISIC_0031464.jpg,지루각화증,7,ham10000,train
data/HAM10000/HAM10000_images_part_2/ISIC_0031481.jpg,멜라닌세포모반,5,ham10000,train
data/HAM10000/HAM10000_images_part_1/ISIC_0029238.jpg,악성흑색종,6,ham10000,train
data/HAM10000/HAM10000_images_part_2/ISIC_0030703.jpg,멜라닌세포모반,5,ham10000,train
data/HAM10000/HAM10000_images_part_1/ISIC_0026596.jpg,악성흑색종,6,ham10000,train
data/HAM10000/HAM10000_images_part_2/ISIC_0030619.jpg,멜라닌세포모반,5,ham10000,train
data/HAM10000/HAM10000_images_part_2/ISIC_0031463.jpg,멜라닌세포모반,5,ham10000,train
data/HAM10000/HAM10000_images_part_1/ISIC_0026546.jpg,멜라닌세포모반,5,ham10000,train
data/HAM10000/HAM10000_images_part_2/ISIC_0031825.jpg,지루각화증,7,ham10000,train
data/HAM10000/HAM10000_images_part_1/ISIC_0027227.jpg,멜라닌세포모반,5,ham10000,train
data/HAM10000/HAM10000_images_part_2/ISIC_0033949.jpg,지루각화증,7,ham10000,train
data/HAM10000/HAM10000_images_part_2/ISIC_0030901.jpg,악성흑색종,6,ham10000,train
data/HAM10000/HAM10000_images_part_2/ISIC_0033851.jpg,멜라닌세포모반,5,ham10000,train
data/HAM10000/HAM10000_images_part_2/ISIC_0030261.jpg,기저세포암,4,ham10000,train
data/HAM10000/HAM10000_images_part_2/ISIC_0031295.jpg,악성흑색종,6,ham10000,train
data/HAM10000/HAM10000_images_part_1/ISIC_0027410.jpg,멜라닌세포모반,5,ham10000,train
data/HAM10000/HAM10000_images_part_1/ISIC_0025188.jpg,악성흑색종,6,ham10000,train
data/HAM10000/HAM10000_images_part_1/ISIC_0028931.jpg,지루각화증,7,ham10000,train
data/HAM10000/HAM10000_images_part_2/ISIC_0031400.jpg,기저세포암,4,ham10000,train
data/HAM10000/HAM10000_images_part_2/ISIC_0033789.jpg,멜라닌세포모반,5,ham10000,train
data/HAM10000/HAM10000_images_part_2/ISIC_0033218.jpg,기저세포암,4,ham10000,train
data/HAM10000/HAM10000_images_part_1/ISIC_0028049.jpg,멜라닌세포모반,5,ham10000,train
data/HAM10000/HAM10000_images_part_2/ISIC_0031619.jpg,지루각화증,7,ham10000,train
data/HAM10000/HAM10000_images_part_1/ISIC_0027487.jpg,악성흑색종,6,ham10000,train
data/HAM10000/HAM10000_images_part_2/ISIC_0032103.jpg,지루각화증,7,ham10000,train
data/HAM10000/HAM10000_images_part_1/ISIC_0029155.jpg,멜라닌세포모반,5,ham10000,train
data/HAM10000/HAM10000_images_part_2/ISIC_0032159.jpg,지루각화증,7,ham10000,train
data/HAM10000/HAM10000_images_part_2/ISIC_0033693.jpg,지루각화증,7,ham10000,train
data/HAM10000/HAM10000_images_part_1/ISIC_0026266.jpg,악성흑색종,6,ham10000,train
data/HAM10000/HAM10000_images_part_1/ISIC_0026256.jpg,멜라닌세포모반,5,ham10000,train
data/HAM10000/HAM10000_images_part_2/ISIC_0033405.jpg,악성흑색종,6,ham10000,train
data/HAM10000/HAM10000_images_part_1/ISIC_0028020.jpg,지루각화증,7,ham10000,train
data/HAM10000/HAM10000_images_part_1/ISIC_0027025.jpg,지루각화증,7,ham10000,train
data/HAM10000/HAM10000_images_part_1/ISIC_0026443.jpg,지루각화증,7,ham10000,train
data/HAM10000/HAM10000_images_part_2/ISIC_0030256.jpg,멜라닌세포모반,5,ham10000,train
data/HAM10000/HAM10000_images_part_1/ISIC_0025856.jpg,지루각화증,7,ham10000,train
data/HAM10000/HAM10000_images_part_1/ISIC_0026984.jpg,광선각화증,3,ham10000,train
data/HAM10000/HAM10000_images_part_1/ISIC_0025928.jpg,지루각화증,7,ham10000,train
data/HAM10000/HAM10000_images_part_2/ISIC_0031122.jpg,기저세포암,4,ham10000,train
data/HAM10000/HAM10000_images_part_2/ISIC_0030108.jpg,멜라닌세포모반,5,ham10000,train
data/HAM10000/HAM10000_images_part_1/ISIC_0027948.jpg,멜라닌세포모반,5,ham10000,train
data/HAM10000/HAM10000_images_part_1/ISIC_0026684.jpg,멜라닌세포모반,5,ham10000,train
data/HAM10000/HAM10000_images_part_2/ISIC_0033315.jpg,멜라닌세포모반,5,ham10000,train
data/HAM10000/HAM10000_images_part_1/ISIC_0025659.jpg,지루각화증,7,ham10000,train
data/HAM10000/HAM10000_images_part_1/ISIC_0029254.jpg,멜라닌세포모반,5,ham10000,train
data/HAM10000/HAM10000_images_part_2/ISIC_0031989.jpg,지루각화증,7,ham10000,train
data/HAM10000/HAM10000_images_part_2/ISIC_0034103.jpg,지루각화증,7,ham10000,train
data/HAM10000/HAM10000_images_part_2/ISIC_0032799.jpg,기저세포암,4,ham10000,train
data/HAM10000/HAM10000_images_part_1/ISIC_0024895.jpg,멜라닌세포모반,5,ham10000,train
data/HAM10000/HAM10000_images_part_2/ISIC_0029915.jpg,광선각화증,3,ham10000,train
data/HAM10000/HAM10000_images_part_1/ISIC_0028220.jpg,악성흑색종,6,ham10000,train
data/HAM10000/HAM10000_images_part_1/ISIC_0027712.jpg,멜라닌세포모반,5,ham10000,train
data/HAM10000/HAM10000_images_part_1/ISIC_0028190.jpg,광선각화증,3,ham10000,train
data/HAM10000/HAM10000_images_part_2/ISIC_0030537.jpg,멜라닌세포모반,5,ham10000,train
data/HAM10000/HAM10000_images_part_1/ISIC_0024864.jpg,악성흑색종,6,ham10000,train
data/HAM10000/HAM10000_images_part_2/ISIC_0031257.jpg,피부섬유종,9,ham10000,train
data/HAM10000/HAM10000_images_part_1/ISIC_0025313.jpg,악성흑색종,6,ham10000,train
data/HAM10000/HAM10000_images_part_2/ISIC_0030985.jpg,멜라닌세포모반,5,ham10000,train
data/HAM10000/HAM10000_images_part_1/ISIC_0024575.jpg,광선각화증,3,ham10000,train
data/HAM10000/HAM10000_images_part_2/ISIC_0033177.jpg,멜라닌세포모반,5,ham10000,train
data/HAM10000/HAM10000_images_part_1/ISIC_0025472.jpg,악성흑색종,6,ham10000,train
data/HAM10000/HAM10000_images_part_1/ISIC_0027910.jpg,멜라닌세포모반,5,ham10000,train
data/HAM10000/HAM10000_images_part_2/ISIC_0033528.jpg,지루각화증,7,ham10000,train
data/HAM10000/HAM10000_images_part_2/ISIC_0032770.jpg,멜라닌세포모반,5,ham10000,train
data/HAM10000/HAM10000_images_part_2/ISIC_0030917.jpg,멜라닌세포모반,5,ham10000,train
data/HAM10000/HAM10000_images_part_2/ISIC_0031802.jpg,멜라닌세포모반,5,ham10000,train
data/HAM10000/HAM10000_images_part_2/ISIC_0032231.jpg,멜라닌세포모반,5,ham10000,train
data/HAM10000/HAM10000_images_part_2/ISIC_0031265.jpg,멜라닌세포모반,5,ham10000,train
data/HAM10000/HAM10000_images_part_1/ISIC_0026584.jpg,멜라닌세포모반,5,ham10000,train
data/HAM10000/HAM10000_images_part_1/ISIC_0028714.jpg,혈관종,10,ham10000,train
data/HAM10000/HAM10000_images_part_1/ISIC_0025510.jpg,지루각화증,7,ham10000,train
data/HAM10000/HAM10000_images_part_1/ISIC_0025551.jpg,멜라닌세포모반,5,ham10000,train
data/HAM10000/HAM10000_images_part_2/ISIC_0030078.jpg,멜라닌세포모반,5,ham10000,train
data/HAM10000/HAM10000_images_part_2/ISIC_0034183.jpg,악성흑색종,6,ham10000,train
data/HAM10000/HAM10000_images_part_1/ISIC_0026337.jpg,기저세포암,4,ham10000,train
data/HAM10000/HAM10000_images_part_2/ISIC_0032315.jpg,지루각화증,7,ham10000,train
data/HAM10000/HAM10000_images_part_2/ISIC_0031898.jpg,멜라닌세포모반,5,ham10000,train
data/HAM10000/HAM10000_images_part_2/ISIC_0032152.jpg,악성흑색종,6,ham10000,train
data/HAM10000/HAM10000_images_part_1/ISIC_0028411.jpg,지루각화증,7,ham10000,train
data/HAM10000/HAM10000_images_part_1/ISIC_0028719.jpg,기저세포암,4,ham10000,train
data/HAM10000/HAM10000_images_part_1/ISIC_0028813.jpg,멜라닌세포모반,5,ham10000,train
data/HAM10000/HAM10000_images_part_2/ISIC_0034090.jpg,멜라닌세포모반,5,ham10000,train
data/HAM10000/HAM10000_images_part_2/ISIC_0033099.jpg,악성흑색종,6,ham10000,train
data/HAM10000/HAM10000_images_part_2/ISIC_0033655.jpg,악성흑색종,6,ham10000,train
data/HAM10000/HAM10000_images_part_2/ISIC_0032329.jpg,광선각화증,3,ham10000,train
data/HAM10000/HAM10000_images_part_2/ISIC_0029867.jpg,멜라닌세포모반,5,ham10000,train
data/HAM10000/HAM10000_images_part_2/ISIC_0033976.jpg,멜라닌세포모반,5,ham10000,train
data/HAM10000/HAM10000_images_part_2/ISIC_0030954.jpg,기저세포암,4,ham10000,train
data/HAM10000/HAM10000_images_part_2/ISIC_0029873.jpg,멜라닌세포모반,5,ham10000,train
data/HAM10000/HAM10000_images_part_1/ISIC_0027796.jpg,지루각화증,7,ham10000,train
data/HAM10000/HAM10000_images_part_2/ISIC_0033613.jpg,지루각화증,7,ham10000,train
data/HAM10000/HAM10000_images_part_1/ISIC_0025485.jpg,지루각화증,7,ham10000,train
data/HAM10000/HAM10000_images_part_1/ISIC_0025303.jpg,악성흑색종,6,ham10000,train
data/HAM10000/HAM10000_images_part_2/ISIC_0030326.jpg,멜라닌세포모반,5,ham10000,train
data/HAM10000/HAM10000_images_part_1/ISIC_0025113.jpg,지루각화증,7,ham10000,train
data/HAM10000/HAM10000_images_part_2/ISIC_0032046.jpg,악성흑색종,6,ham10000,train
data/HAM10000/HAM10000_images_part_1/ISIC_0028857.jpg,멜라닌세포모반,5,ham10000,train
data/HAM10000/HAM10000_images_part_1/ISIC_0029040.jpg,지루각화증,7,ham10000,train
data/HAM10000/HAM10000_images_part_1/ISIC_0027283.jpg,멜라닌세포모반,5,ham10000,train
data/HAM10000/HAM10000_images_part_1/ISIC_0025032.jpg,지루각화증,7,ham10000,train
data/HAM10000/HAM10000_images_part_1/ISIC_0028014.jpg,멜라닌세포모반,5,ham10000,train
data/HAM10000/HAM10000_images_part_2/ISIC_0029946.jpg,멜라닌세포모반,5,ham10000,train
data/HAM10000/HAM10000_images_part_2/ISIC_0032277.jpg,광선각화증,3,ham10000,train
data/HAM10000/HAM10000_images_part_1/ISIC_0024513.jpg,멜라닌세포모반,5,ham10000,train
data/HAM10000/HAM10000_images_part_1/ISIC_0024661.jpg,멜라닌세포모반,5,ham10000,train
data/HAM10000/HAM10000_images_part_1/ISIC_0027899.jpg,멜라닌세포모반,5,ham10000,train
data/HAM10000/HAM10000_images_part_1/ISIC_0028972.jpg,지루각화증,7,ham10000,train
data/HAM10000/HAM10000_images_part_1/ISIC_0024738.jpg,멜라닌세포모반,5,ham10000,train
data/HAM10000/HAM10000_images_part_2/ISIC_0033227.jpg,멜라닌세포모반,5,ham10000,train
data/HAM10000/HAM10000_images_part_2/ISIC_0034211.jpg,악성흑색종,6,ham10000,train
data/HAM10000/HAM10000_images_part_1/ISIC_0026531.jpg,악성흑색종,6,ham10000,train
data/HAM10000/HAM10000_images_part_2/ISIC_0030443.jpg,악성흑색종,6,ham10000,train
data/HAM10000/HAM10000_images_part_2/ISIC_0033579.jpg,기저세포암,4,ham10000,train
data/HAM10000/HAM10000_images_part_2/ISIC_0032045.jpg,지루각화증,7,ham10000,train
data/HAM10000/HAM10000_images_part_2/ISIC_0029655.jpg,기저세포암,4,ham10000,train
data/HAM10000/HAM10000_images_part_2/ISIC_0032565.jpg,멜라닌세포모반,5,ham10000,train
data/HAM10000/HAM10000_images_part_1/ISIC_0027561.jpg,악성흑색종,6,ham10000,train
data/HAM10000/HAM10000_images_part_1/ISIC_0027295.jpg,지루각화증,7,ham10000,train
data/HAM10000/HAM10000_images_part_2/ISIC_0033414.jpg,지루각화증,7,ham10000,train
data/HAM10000/HAM10000_images_part_1/ISIC_0025375.jpg,멜라닌세포모반,5,ham10000,train
data/HAM10000/HAM10000_images_part_1/ISIC_0027211.jpg,멜라닌세포모반,5,ham10000,train
data/HAM10000/HAM10000_images_part_2/ISIC_0033719.jpg,멜라닌세포모반,5,ham10000,train
data/HAM10000/HAM10000_images_part_2/ISIC_0030236.jpg,멜라닌세포모반,5,ham10000,train
data/HAM10000/HAM10000_images_part_1/ISIC_0027793.jpg,악성흑색종,6,ham10000,train
data/HAM10000/HAM10000_images_part_2/ISIC_0030877.jpg,광선각화증,3,ham10000,train
data/HAM10000/HAM10000_images_part_2/ISIC_0032974.jpg,멜라닌세포모반,5,ham10000,train
data/HAM10000/HAM10000_images_part_1/ISIC_0025939.jpg,지루각화증,7,ham10000,train
data/HAM10000/HAM10000_images_part_1/ISIC_0027236.jpg,멜라닌세포모반,5,ham10000,train
data/HAM10000/HAM10000_images_part_1/ISIC_0028550.jpg,지루각화증,7,ham10000,train
data/HAM10000/HAM10000_images_part_1/ISIC_0026313.jpg,피부섬유종,9,ham10000,train
data/HAM10000/HAM10000_images_part_1/ISIC_0026559.jpg,멜라닌세포모반,5,ham10000,train
data/HAM10000/HAM10000_images_part_1/ISIC_0026466.jpg,광선각화증,3,ham10000,train
data/HAM10000/HAM10000_images_part_2/ISIC_0032629.jpg,악성흑색종,6,ham10000,train
data/HAM10000/HAM10000_images_part_2/ISIC_0031428.jpg,지루각화증,7,ham10000,train
data/HAM10000/HAM10000_images_part_1/ISIC_0027983.jpg,혈관종,10,ham10000,train
data/HAM10000/HAM10000_images_part_2/ISIC_0031335.jpg,광선각화증,3,ham10000,train
data/HAM10000/HAM10000_images_part_2/ISIC_0032592.jpg,악성흑색종,6,ham10000,train
data/HAM10000/HAM10000_images_part_1/ISIC_0028956.jpg,멜라닌세포모반,5,ham10000,train
data/HAM10000/HAM10000_images_part_2/ISIC_0031848.jpg,멜라닌세포모반,5,ham10000,train
data/HAM10000/HAM10000_images_part_1/ISIC_0025834.jpg,멜라닌세포모반,5,ham10000,train
data/HAM10000/HAM10000_images_part_2/ISIC_0031056.jpg,기저세포암,4,ham10000,train
data/HAM10000/HAM10000_images_part_2/ISIC_0029348.jpg,멜라닌세포모반,5,ham10000,train
data/HAM10000/HAM10000_images_part_1/ISIC_0028760.jpg,악성흑색종,6,ham10000,train
data/HAM10000/HAM10000_images_part_2/ISIC_0030712.jpg,기저세포암,4,ham10000,train
data/HAM10000/HAM10000_images_part_2/ISIC_0033289.jpg,멜라닌세포모반,5,ham10000,train
data/HAM10000/HAM10000_images_part_1/ISIC_0026856.jpg,멜라닌세포모반,5,ham10000,train
data/HAM10000/HAM10000_images_part_1/ISIC_0024635.jpg,지루각화증,7,ham10000,train
data/HAM10000/HAM10000_images_part_2/ISIC_0029549.jpg,광선각화증,3,ham10000,train
data/HAM10000/HAM10000_images_part_1/ISIC_0027679.jpg,멜라닌세포모반,5,ham10000,train
data/HAM10000/HAM10000_images_part_2/ISIC_0033868.jpg,지루각화증,7,ham10000,train
data/HAM10000/HAM10000_images_part_2/ISIC_0029845.jpg,멜라닌세포모반,5,ham10000,train
data/HAM10000/HAM10000_images_part_2/ISIC_0032101.jpg,멜라닌세포모반,5,ham10000,train
data/HAM10000/HAM10000_images_part_2/ISIC_0034127.jpg,멜라닌세포모반,5,ham10000,train
data/HAM10000/HAM10000_images_part_2/ISIC_0031393.jpg,멜라닌세포모반,5,ham10000,train
data/HAM10000/HAM10000_images_part_1/ISIC_0025434.jpg,지루각화증,7,ham10000,train
data/HAM10000/HAM10000_images_part_1/ISIC_0025715.jpg,멜라닌세포모반,5,ham10000,train
data/HAM10000/HAM10000_images_part_1/ISIC_0027080.jpg,멜라닌세포모반,5,ham10000,train
data/HAM10000/HAM10000_images_part_1/ISIC_0026846.jpg,지루각화증,7,ham10000,train
data/HAM10000/HAM10000_images_part_1/ISIC_0027823.jpg,멜라닌세포모반,5,ham10000,train
data/HAM10000/HAM10000_images_part_2/ISIC_0034071.jpg,악성흑색종,6,ham10000,train
data/HAM10000/HAM10000_images_part_2/ISIC_0030787.jpg,멜라닌세포모반,5,ham10000,train
data/HAM10000/HAM10000_images_part_1/ISIC_0026185.jpg,멜라닌세포모반,5,ham10000,train
data/HAM10000/HAM10000_images_part_1/ISIC_0026473.jpg,피부섬유종,9,ham10000,train
data/HAM10000/HAM10000_images_part_2/ISIC_0031103.jpg,혈관종,10,ham10000,train
data/HAM10000/HAM10000_images_part_1/ISIC_0024445.jpg,지루각화증,7,ham10000,train
data/HAM10000/HAM10000_images_part_1/ISIC_0026582.jpg,멜라닌세포모반,5,ham10000,train
data/HAM10000/HAM10000_images_part_1/ISIC_0024505.jpg,지루각화증,7,ham10000,train
data/HAM10000/HAM10000_images_part_1/ISIC_0027202.jpg,지루각화증,7,ham10000,train
data/HAM10000/HAM10000_images_part_2/ISIC_0030316.jpg,지루각화증,7,ham10000,train
data/HAM10000/HAM10000_images_part_1/ISIC_0028457.jpg,기저세포암,4,ham10000,train
data/HAM10000/HAM10000_images_part_2/ISIC_0030721.jpg,지루각화증,7,ham10000,train
data/HAM10000/HAM10000_images_part_2/ISIC_0034049.jpg,악성흑색종,6,ham10000,train
data/HAM10000/HAM10000_images_part_2/ISIC_0033402.jpg,멜라닌세포모반,5,ham10000,train
data/HAM10000/HAM10000_images_part_1/ISIC_0026772.jpg,멜라닌세포모반,5,ham10000,train
data/HAM10000/HAM10000_images_part_1/ISIC_0029289.jpg,지루각화증,7,ham10000,train
data/HAM10000/HAM10000_images_part_1/ISIC_0024922.jpg,멜라닌세포모반,5,ham10000,train
data/HAM10000/HAM10000_images_part_2/ISIC_0032958.jpg,악성흑색종,6,ham10000,train
data/HAM10000/HAM10000_images_part_2/ISIC_0031343.jpg,멜라닌세포모반,5,ham10000,train
data/HAM10000/HAM10000_images_part_1/ISIC_0028790.jpg,피부섬유종,9,ham10000,train
data/HAM10000/HAM10000_images_part_2/ISIC_0030477.jpg,멜라닌세포모반,5,ham10000,train
data/HAM10000/HAM10000_images_part_2/ISIC_0029853.jpg,멜라닌세포모반,5,ham10000,train
data/HAM10000/HAM10000_images_part_2/ISIC_0033180.jpg,악성흑색종,6,ham10000,train
data/HAM10000/HAM10000_images_part_1/ISIC_0028385.jpg,멜라닌세포모반,5,ham10000,train
data/HAM10000/HAM10000_images_part_2/ISIC_0033685.jpg,지루각화증,7,ham10000,train
data/HAM10000/HAM10000_images_part_1/ISIC_0024522.jpg,광선각화증,3,ham10000,train
data/HAM10000/HAM10000_images_part_1/ISIC_0028058.jpg,멜라닌세포모반,5,ham10000,train
data/HAM10000/HAM10000_images_part_2/ISIC_0030488.jpg,지루각화증,7,ham10000,train
data/HAM10000/HAM10000_images_part_1/ISIC_0025537.jpg,멜라닌세포모반,5,ham10000,train
data/HAM10000/HAM10000_images_part_1/ISIC_0026647.jpg,악성흑색종,6,ham10000,train
data/HAM10000/HAM10000_images_part_1/ISIC_0027573.jpg,악성흑색종,6,ham10000,train
data/HAM10000/HAM10000_images_part_1/ISIC_0026324.jpg,기저세포암,4,ham10000,train
data/HAM10000/HAM10000_images_part_2/ISIC_0031762.jpg,기저세포암,4,ham10000,train
data/HAM10000/HAM10000_images_part_1/ISIC_0025654.jpg,지루각화증,7,ham10000,train
data/HAM10000/HAM10000_images_part_1/ISIC_0024586.jpg,악성흑색종,6,ham10000,train
data/HAM10000/HAM10000_images_part_2/ISIC_0031701.jpg,멜라닌세포모반,5,ham10000,train
data/HAM10000/HAM10000_images_part_2/ISIC_0029587.jpg,멜라닌세포모반,5,ham10000,train
data/HAM10000/HAM10000_images_part_1/ISIC_0027721.jpg,악성흑색종,6,ham10000,train
data/HAM10000/HAM10000_images_part_1/ISIC_0025709.jpg,악성흑색종,6,ham10000,train
data/HAM10000/HAM10000_images_part_1/ISIC_0025353.jpg,멜라닌세포모반,5,ham10000,train
data/HAM10000/HAM10000_images_part_1/ISIC_0027770.jpg,지루각화증,7,ham10000,train
data/HAM10000/HAM10000_images_part_1/ISIC_0024454.jpg,기저세포암,4,ham10000,train
data/HAM10000/HAM10000_images_part_1/ISIC_0029100.jpg,지루각화증,7,ham10000,train
data/HAM10000/HAM10000_images_part_1/ISIC_0029186.jpg,멜라닌세포모반,5,ham10000,train
data/HAM10000/HAM10000_images_part_2/ISIC_0031820.jpg,멜라닌세포모반,5,ham10000,train
data/HAM10000/HAM10000_images_part_2/ISIC_0032942.jpg,멜라닌세포모반,5,ham10000,train
data/HAM10000/HAM10000_images_part_1/ISIC_0028154.jpg,멜라닌세포모반,5,ham10000,train
data/HAM10000/HAM10000_images_part_2/ISIC_0031788.jpg,멜라닌세포모반,5,ham10000,train
data/HAM10000/HAM10000_images_part_1/ISIC_0028261.jpg,멜라닌세포모반,5,ham10000,train
data/HAM10000/HAM10000_images_part_2/ISIC_0030471.jpg,멜라닌세포모반,5,ham10000,train
data/HAM10000/HAM10000_images_part_1/ISIC_0025751.jpg,악성흑색종,6,ham10000,train
data/HAM10000/HAM10000_images_part_2/ISIC_0030687.jpg,기저세포암,4,ham10000,train
data/HAM10000/HAM10000_images_part_1/ISIC_0024534.jpg,멜라닌세포모반,5,ham10000,train
data/HAM10000/HAM10000_images_part_1/ISIC_0028638.jpg,멜라닌세포모반,5,ham10000,train
data/HAM10000/HAM10000_images_part_1/ISIC_0024935.jpg,멜라닌세포모반,5,ham10000,train
data/HAM10000/HAM10000_images_part_2/ISIC_0029826.jpg,멜라닌세포모반,5,ham10000,train
data/HAM10000/HAM10000_images_part_2/ISIC_0029307.jpg,멜라닌세포모반,5,ham10000,train
data/HAM10000/HAM10000_images_part_2/ISIC_0032583.jpg,악성흑색종,6,ham10000,train
data/HAM10000/HAM10000_images_part_1/ISIC_0026826.jpg,멜라닌세포모반,5,ham10000,train
data/HAM10000/HAM10000_images_part_2/ISIC_0032468.jpg,피부섬유종,9,ham10000,train
data/HAM10000/HAM10000_images_part_1/ISIC_0025255.jpg,멜라닌세포모반,5,ham10000,train
data/HAM10000/HAM10000_images_part_2/ISIC_0029463.jpg,멜라닌세포모반,5,ham10000,train
data/HAM10000/HAM10000_images_part_2/ISIC_0030552.jpg,악성흑색종,6,ham10000,train
data/HAM10000/HAM10000_images_part_1/ISIC_0028427.jpg,멜라닌세포모반,5,ham10000,train
data/HAM10000/HAM10000_images_part_1/ISIC_0026325.jpg,멜라닌세포모반,5,ham10000,train
data/HAM10000/HAM10000_images_part_2/ISIC_0032248.jpg,악성흑색종,6,ham10000,train
data/HAM10000/HAM10000_images_part_1/ISIC_0027586.jpg,멜라닌세포모반,5,ham10000,train
data/HAM10000/HAM10000_images_part_1/ISIC_0027023.jpg,지루각화증,7,ham10000,train
data/HAM10000/HAM10000_images_part_1/ISIC_0025668.jpg,피부섬유종,9,ham10000,train
data/HAM10000/HAM10000_images_part_1/ISIC_0027476.jpg,멜라닌세포모반,5,ham10000,train
data/HAM10000/HAM10000_images_part_1/ISIC_0027384.jpg,멜라닌세포모반,5,ham10000,train
data/HAM10000/HAM10000_images_part_1/ISIC_0024909.jpg,지루각화증,7,ham10000,train
data/HAM10000/HAM10000_images_part_2/ISIC_0033551.jpg,기저세포암,4,ham10000,train
data/HAM10000/HAM10000_images_part_1/ISIC_0026902.jpg,기저세포암,4,ham10000,train
data/HAM10000/HAM10000_images_part_1/ISIC_0028668.jpg,멜라닌세포모반,5,ham10000,train
data/HAM10000/HAM10000_images_part_2/ISIC_0033366.jpg,기저세포암,4,ham10000,train
data/HAM10000/HAM10000_images_part_2/ISIC_0030375.jpg,광선각화증,3,ham10000,train
data/HAM10000/HAM10000_images_part_2/ISIC_0032160.jpg,멜라닌세포모반,5,ham10000,train
data/HAM10000/HAM10000_images_part_1/ISIC_0026847.jpg,악성흑색종,6,ham10000,train
data/HAM10000/HAM10000_images_part_1/ISIC_0025016.jpg,지루각화증,7,ham10000,train
data/HAM10000/HAM10000_images_part_2/ISIC_0031729.jpg,멜라닌세포모반,5,ham10000,train
data/HAM10000/HAM10000_images_part_1/ISIC_0027870.jpg,멜라닌세포모반,5,ham10000,train
data/HAM10000/HAM10000_images_part_2/ISIC_0031003.jpg,멜라닌세포모반,5,ham10000,train
data/HAM10000/HAM10000_images_part_2/ISIC_0033409.jpg,멜라닌세포모반,5,ham10000,train
data/HAM10000/HAM10000_images_part_1/ISIC_0029104.jpg,멜라닌세포모반,5,ham10000,train
data/HAM10000/HAM10000_images_part_1/ISIC_0027559.jpg,지루각화증,7,ham10000,train
data/HAM10000/HAM10000_images_part_2/ISIC_0034143.jpg,기저세포암,4,ham10000,train
data/HAM10000/HAM10000_images_part_2/ISIC_0030341.jpg,광선각화증,3,ham10000,train
data/HAM10000/HAM10000_images_part_1/ISIC_0025133.jpg,멜라닌세포모반,5,ham10000,train
data/HAM10000/HAM10000_images_part_1/ISIC_0028395.jpg,멜라닌세포모반,5,ham10000,train
data/HAM10000/HAM10000_images_part_2/ISIC_0032145.jpg,멜라닌세포모반,5,ham10000,train
data/HAM10000/HAM10000_images_part_1/ISIC_0026512.jpg,멜라닌세포모반,5,ham10000,train
data/HAM10000/HAM10000_images_part_1/ISIC_0026492.jpg,광선각화증,3,ham10000,train
data/HAM10000/HAM10000_images_part_1/ISIC_0025371.jpg,멜라닌세포모반,5,ham10000,train
data/HAM10000/HAM10000_images_part_1/ISIC_0028408.jpg,멜라닌세포모반,5,ham10000,train
data/HAM10000/HAM10000_images_part_1/ISIC_0027753.jpg,광선각화증,3,ham10000,train
data/HAM10000/HAM10000_images_part_2/ISIC_0032820.jpg,멜라닌세포모반,5,ham10000,train
data/HAM10000/HAM10000_images_part_1/ISIC_0027287.jpg,지루각화증,7,ham10000,train
data/HAM10000/HAM10000_images_part_1/ISIC_0028858.jpg,기저세포암,4,ham10000,train
data/HAM10000/HAM10000_images_part_1/ISIC_0028186.jpg,멜라닌세포모반,5,ham10000,train
data/HAM10000/HAM10000_images_part_1/ISIC_0027932.jpg,멜라닌세포모반,5,ham10000,train
data/HAM10000/HAM10000_images_part_1/ISIC_0026544.jpg,멜라닌세포모반,5,ham10000,train
data/HAM10000/HAM10000_images_part_2/ISIC_0033122.jpg,악성흑색종,6,ham10000,train
data/HAM10000/HAM10000_images_part_2/ISIC_0032564.jpg,악성흑색종,6,ham10000,train
data/HAM10000/HAM10000_images_part_1/ISIC_0024961.jpg,악성흑색종,6,ham10000,train
data/HAM10000/HAM10000_images_part_1/ISIC_0027526.jpg,기저세포암,4,ham10000,train
data/HAM10000/HAM10000_images_part_2/ISIC_0031666.jpg,악성흑색종,6,ham10000,train
data/HAM10000/HAM10000_images_part_2/ISIC_0032134.jpg,악성흑색종,6,ham10000,train
data/HAM10000/HAM10000_images_part_2/ISIC_0032429.jpg,기저세포암,4,ham10000,train
data/HAM10000/HAM10000_images_part_1/ISIC_0029212.jpg,악성흑색종,6,ham10000,train
data/HAM10000/HAM10000_images_part_1/ISIC_0026506.jpg,악성흑색종,6,ham10000,train
data/HAM10000/HAM10000_images_part_2/ISIC_0033116.jpg,멜라닌세포모반,5,ham10000,train
data/HAM10000/HAM10000_images_part_2/ISIC_0032387.jpg,멜라닌세포모반,5,ham10000,train
data/HAM10000/HAM10000_images_part_2/ISIC_0033550.jpg,광선각화증,3,ham10000,train
data/HAM10000/HAM10000_images_part_2/ISIC_0029337.jpg,기저세포암,4,ham10000,train
data/HAM10000/HAM10000_images_part_1/ISIC_0027745.jpg,피부섬유종,9,ham10000,train
data/HAM10000/HAM10000_images_part_2/ISIC_0032080.jpg,멜라닌세포모반,5,ham10000,train
data/HAM10000/HAM10000_images_part_2/ISIC_0032057.jpg,혈관종,10,ham10000,train
data/HAM10000/HAM10000_images_part_1/ISIC_0026345.jpg,멜라닌세포모반,5,ham10000,train
data/HAM10000/HAM10000_images_part_1/ISIC_0026725.jpg,멜라닌세포모반,5,ham10000,train
data/HAM10000/HAM10000_images_part_2/ISIC_0034275.jpg,악성흑색종,6,ham10000,train
data/HAM10000/HAM10000_images_part_2/ISIC_0030677.jpg,지루각화증,7,ham10000,train
data/HAM10000/HAM10000_images_part_2/ISIC_0030979.jpg,멜라닌세포모반,5,ham10000,train
data/HAM10000/HAM10000_images_part_2/ISIC_0033599.jpg,멜라닌세포모반,5,ham10000,train
data/HAM10000/HAM10000_images_part_1/ISIC_0027008.jpg,피부섬유종,9,ham10000,train
data/HAM10000/HAM10000_images_part_1/ISIC_0027400.jpg,멜라닌세포모반,5,ham10000,train
data/HAM10000/HAM10000_images_part_2/ISIC_0033196.jpg,악성흑색종,6,ham10000,train
data/HAM10000/HAM10000_images_part_2/ISIC_0031801.jpg,멜라닌세포모반,5,ham10000,train
data/HAM10000/HAM10000_images_part_1/ISIC_0027732.jpg,멜라닌세포모반,5,ham10000,train
data/HAM10000/HAM10000_images_part_1/ISIC_0028365.jpg,멜라닌세포모반,5,ham10000,train
data/HAM10000/HAM10000_images_part_1/ISIC_0029113.jpg,지루각화증,7,ham10000,train
data/HAM10000/HAM10000_images_part_1/ISIC_0026199.jpg,멜라닌세포모반,5,ham10000,train
data/HAM10000/HAM10000_images_part_2/ISIC_0031620.jpg,지루각화증,7,ham10000,train
data/HAM10000/HAM10000_images_part_1/ISIC_0024928.jpg,멜라닌세포모반,5,ham10000,train
data/HAM10000/HAM10000_images_part_1/ISIC_0027954.jpg,지루각화증,7,ham10000,train
data/HAM10000/HAM10000_images_part_2/ISIC_0030827.jpg,광선각화증,3,ham10000,train
data/HAM10000/HAM10000_images_part_1/ISIC_0027204.jpg,악성흑색종,6,ham10000,train
data/HAM10000/HAM10000_images_part_1/ISIC_0027136.jpg,멜라닌세포모반,5,ham10000,train
data/HAM10000/HAM10000_images_part_2/ISIC_0031617.jpg,멜라닌세포모반,5,ham10000,train
data/HAM10000/HAM10000_images_part_1/ISIC_0025468.jpg,멜라닌세포모반,5,ham10000,train
data/HAM10000/HAM10000_images_part_2/ISIC_0032252.jpg,멜라닌세포모반,5,ham10000,train
data/HAM10000/HAM10000_images_part_1/ISIC_0027040.jpg,멜라닌세포모반,5,ham10000,train
data/HAM10000/HAM10000_images_part_2/ISIC_0031977.jpg,악성흑색종,6,ham10000,train
data/HAM10000/HAM10000_images_part_2/ISIC_0032401.jpg,멜라닌세포모반,5,ham10000,train
data/HAM10000/HAM10000_images_part_2/ISIC_0033333.jpg,악성흑색종,6,ham10000,train
data/HAM10000/HAM10000_images_part_2/ISIC_0031542.jpg,지루각화증,7,ham10000,train
data/HAM10000/HAM10000_images_part_2/ISIC_0031186.jpg,악성흑색종,6,ham10000,train
data/HAM10000/HAM10000_images_part_1/ISIC_0026316.jpg,지루각화증,7,ham10000,train
data/HAM10000/HAM10000_images_part_2/ISIC_0031519.jpg,지루각화증,7,ham10000,train
data/HAM10000/HAM10000_images_part_1/ISIC_0029099.jpg,혈관종,10,ham10000,train
data/HAM10000/HAM10000_images_part_2/ISIC_0032435.jpg,멜라닌세포모반,5,ham10000,train
data/HAM10000/HAM10000_images_part_2/ISIC_0031233.jpg,악성흑색종,6,ham10000,train
data/HAM10000/HAM10000_images_part_1/ISIC_0025392.jpg,지루각화증,7,ham10000,train
data/HAM10000/HAM10000_images_part_1/ISIC_0028335.jpg,광선각화증,3,ham10000,train
data/HAM10000/HAM10000_images_part_2/ISIC_0030110.jpg,악성흑색종,6,ham10000,train
data/HAM10000/HAM10000_images_part_2/ISIC_0033267.jpg,악성흑색종,6,ham10000,train
data/HAM10000/HAM10000_images_part_2/ISIC_0032819.jpg,멜라닌세포모반,5,ham10000,train
data/HAM10000/HAM10000_images_part_2/ISIC_0032978.jpg,지루각화증,7,ham10000,train
data/HAM10000/HAM10000_images_part_2/ISIC_0030423.jpg,악성흑색종,6,ham10000,train
data/HAM10000/HAM10000_images_part_2/ISIC_0032356.jpg,광선각화증,3,ham10000,train
data/HAM10000/HAM10000_images_part_1/ISIC_0027388.jpg,지루각화증,7,ham10000,train
data/HAM10000/HAM10000_images_part_2/ISIC_0034180.jpg,악성흑색종,6,ham10000,train
data/HAM10000/HAM10000_images_part_1/ISIC_0025747.jpg,멜라닌세포모반,5,ham10000,train
data/HAM10000/HAM10000_images_part_2/ISIC_0033780.jpg,피부섬유종,9,ham10000,train
data/HAM10000/HAM10000_images_part_2/ISIC_0033967.jpg,악성흑색종,6,ham10000,train
data/HAM10000/HAM10000_images_part_1/ISIC_0028433.jpg,멜라닌세포모반,5,ham10000,train
data/HAM10000/HAM10000_images_part_1/ISIC_0026580.jpg,멜라닌세포모반,5,ham10000,train
data/HAM10000/HAM10000_images_part_1/ISIC_0026880.jpg,멜라닌세포모반,5,ham10000,train
data/HAM10000/HAM10000_images_part_1/ISIC_0026711.jpg,멜라닌세포모반,5,ham10000,train
data/HAM10000/HAM10000_images_part_2/ISIC_0032786.jpg,멜라닌세포모반,5,ham10000,train
data/HAM10000/HAM10000_images_part_1/ISIC_0029057.jpg,멜라닌세포모반,5,ham10000,train
data/HAM10000/HAM10000_images_part_2/ISIC_0034017.jpg,멜라닌세포모반,5,ham10000,train
data/HAM10000/HAM10000_images_part_1/ISIC_0025084.jpg,멜라닌세포모반,5,ham10000,train
data/HAM10000/HAM10000_images_part_1/ISIC_0024707.jpg,광선각화증,3,ham10000,train
data/HAM10000/HAM10000_images_part_2/ISIC_0032925.jpg,악성흑색종,6,ham10000,train
data/HAM10000/HAM10000_images_part_1/ISIC_0028558.jpg,광선각화증,3,ham10000,train
data/HAM10000/HAM10000_images_part_2/ISIC_0033027.jpg,악성흑색종,6,ham10000,train
data/HAM10000/HAM10000_images_part_1/ISIC_0026663.jpg,지루각화증,7,ham10000,train
data/HAM10000/HAM10000_images_part_1/ISIC_0026203.jpg,광선각화증,3,ham10000,train
data/HAM10000/HAM10000_images_part_2/ISIC_0031567.jpg,멜라닌세포모반,5,ham10000,train
data/HAM10000/HAM10000_images_part_2/ISIC_0029490.jpg,멜라닌세포모반,5,ham10000,train
data/HAM10000/HAM10000_images_part_2/ISIC_0032204.jpg,악성흑색종,6,ham10000,train
data/HAM10000/HAM10000_images_part_2/ISIC_0031869.jpg,멜라닌세포모반,5,ham10000,train
data/HAM10000/HAM10000_images_part_2/ISIC_0033854.jpg,지루각화증,7,ham10000,train
data/HAM10000/HAM10000_images_part_1/ISIC_0026659.jpg,멜라닌세포모반,5,ham10000,train
data/HAM10000/HAM10000_images_part_2/ISIC_0032816.jpg,기저세포암,4,ham10000,train
data/HAM10000/HAM10000_images_part_2/ISIC_0033359.jpg,멜라닌세포모반,5,ham10000,train
data/HAM10000/HAM10000_images_part_1/ISIC_0028902.jpg,멜라닌세포모반,5,ham10000,train
data/HAM10000/HAM10000_images_part_1/ISIC_0026623.jpg,지루각화증,7,ham10000,train
data/HAM10000/HAM10000_images_part_2/ISIC_0031569.jpg,기저세포암,4,ham10000,train
data/HAM10000/HAM10000_images_part_2/ISIC_0033642.jpg,지루각화증,7,ham10000,train
data/HAM10000/HAM10000_images_part_2/ISIC_0030690.jpg,기저세포암,4,ham10000,train
data/HAM10000/HAM10000_images_part_2/ISIC_0029713.jpg,광선각화증,3,ham10000,train
data/HAM10000/HAM10000_images_part_2/ISIC_0031929.jpg,광선각화증,3,ham10000,train
data/HAM10000/HAM10000_images_part_2/ISIC_0031380.jpg,멜라닌세포모반,5,ham10000,train
data/HAM10000/HAM10000_images_part_1/ISIC_0026050.jpg,멜라닌세포모반,5,ham10000,train
data/HAM10000/HAM10000_images_part_1/ISIC_0026174.jpg,지루각화증,7,ham10000,train
data/HAM10000/HAM10000_images_part_1/ISIC_0025724.jpg,악성흑색종,6,ham10000,train
data/HAM10000/HAM10000_images_part_2/ISIC_0029766.jpg,멜라닌세포모반,5,ham10000,train
data/HAM10000/HAM10000_images_part_1/ISIC_0026959.jpg,지루각화증,7,ham10000,train
data/HAM10000/HAM10000_images_part_2/ISIC_0032438.jpg,멜라닌세포모반,5,ham10000,train
data/HAM10000/HAM10000_images_part_2/ISIC_0032997.jpg,지루각화증,7,ham10000,train
data/HAM10000/HAM10000_images_part_2/ISIC_0032950.jpg,멜라닌세포모반,5,ham10000,train
data/HAM10000/HAM10000_images_part_2/ISIC_0033479.jpg,악성흑색종,6,ham10000,train
data/HAM10000/HAM10000_images_part_2/ISIC_0029548.jpg,지루각화증,7,ham10000,train
data/HAM10000/HAM10000_images_part_2/ISIC_0032960.jpg,악성흑색종,6,ham10000,train
data/HAM10000/HAM10000_images_part_1/ISIC_0025508.jpg,멜라닌세포모반,5,ham10000,train
data/HAM10000/HAM10000_images_part_2/ISIC_0034286.jpg,멜라닌세포모반,5,ham10000,train
data/HAM10000/HAM10000_images_part_1/ISIC_0024633.jpg,멜라닌세포모반,5,ham10000,train
data/HAM10000/HAM10000_images_part_1/ISIC_0024694.jpg,멜라닌세포모반,5,ham10000,train
data/HAM10000/HAM10000_images_part_1/ISIC_0028301.jpg,멜라닌세포모반,5,ham10000,train
data/HAM10000/HAM10000_images_part_1/ISIC_0029074.jpg,멜라닌세포모반,5,ham10000,train
data/HAM10000/HAM10000_images_part_1/ISIC_0025165.jpg,멜라닌세포모반,5,ham10000,train
data/HAM10000/HAM10000_images_part_1/ISIC_0027539.jpg,멜라닌세포모반,5,ham10000,train
data/HAM10000/HAM10000_images_part_2/ISIC_0032020.jpg,멜라닌세포모반,5,ham10000,train
data/HAM10000/HAM10000_images_part_2/ISIC_0033619.jpg,악성흑색종,6,ham10000,train
data/HAM10000/HAM10000_images_part_1/ISIC_0026525.jpg,광선각화증,3,ham10000,train
data/HAM10000/HAM10000_images_part_1/ISIC_0029220.jpg,기저세포암,4,ham10000,train
data/HAM10000/HAM10000_images_part_2/ISIC_0031150.jpg,지루각화증,7,ham10000,train
data/HAM10000/HAM10000_images_part_2/ISIC_0029366.jpg,멜라닌세포모반,5,ham10000,train
data/HAM10000/HAM10000_images_part_1/ISIC_0029218.jpg,멜라닌세포모반,5,ham10000,train
data/HAM10000/HAM10000_images_part_1/ISIC_0029286.jpg,멜라닌세포모반,5,ham10000,train
data/HAM10000/HAM10000_images_part_1/ISIC_0027683.jpg,멜라닌세포모반,5,ham10000,train
data/HAM10000/HAM10000_images_part_1/ISIC_0029086.jpg,멜라닌세포모반,5,ham10000,train
data/HAM10000/HAM10000_images_part_1/ISIC_0026893.jpg,지루각화증,7,ham10000,train
data/HAM10000/HAM10000_images_part_2/ISIC_0032867.jpg,혈관종,10,ham10000,train
data/HAM10000/HAM10000_images_part_1/ISIC_0027225.jpg,멜라닌세포모반,5,ham10000,train
data/HAM10000/HAM10000_images_part_2/ISIC_0031532.jpg,멜라닌세포모반,5,ham10000,train
data/HAM10000/HAM10000_images_part_1/ISIC_0028499.jpg,광선각화증,3,ham10000,train
data/HAM10000/HAM10000_images_part_2/ISIC_0031809.jpg,멜라닌세포모반,5,ham10000,train
data/HAM10000/HAM10000_images_part_1/ISIC_0025020.jpg,멜라닌세포모반,5,ham10000,train
data/HAM10000/HAM10000_images_part_2/ISIC_0030430.jpg,멜라닌세포모반,5,ham10000,train
data/HAM10000/HAM10000_images_part_2/ISIC_0033167.jpg,멜라닌세포모반,5,ham10000,train
data/HAM10000/HAM10000_images_part_2/ISIC_0032232.jpg,악성흑색종,6,ham10000,train
data/HAM10000/HAM10000_images_part_1/ISIC_0029135.jpg,지루각화증,7,ham10000,train
data/HAM10000/HAM10000_images_part_1/ISIC_0029150.jpg,멜라닌세포모반,5,ham10000,train
data/HAM10000/HAM10000_images_part_1/ISIC_0027024.jpg,멜라닌세포모반,5,ham10000,train
data/HAM10000/HAM10000_images_part_2/ISIC_0030937.jpg,멜라닌세포모반,5,ham10000,train
data/HAM10000/HAM10000_images_part_1/ISIC_0028577.jpg,기저세포암,4,ham10000,train
data/HAM10000/HAM10000_images_part_2/ISIC_0033056.jpg,지루각화증,7,ham10000,train
data/HAM10000/HAM10000_images_part_2/ISIC_0032881.jpg,멜라닌세포모반,5,ham10000,train
data/HAM10000/HAM10000_images_part_1/ISIC_0025971.jpg,기저세포암,4,ham10000,train
data/HAM10000/HAM10000_images_part_2/ISIC_0029358.jpg,지루각화증,7,ham10000,train
data/HAM10000/HAM10000_images_part_2/ISIC_0033314.jpg,멜라닌세포모반,5,ham10000,train
data/HAM10000/HAM10000_images_part_1/ISIC_0028597.jpg,멜라닌세포모반,5,ham10000,train
data/HAM10000/HAM10000_images_part_2/ISIC_0031205.jpg,멜라닌세포모반,5,ham10000,train
data/HAM10000/HAM10000_images_part_2/ISIC_0033522.jpg,악성흑색종,6,ham10000,train
data/HAM10000/HAM10000_images_part_2/ISIC_0029599.jpg,멜라닌세포모반,5,ham10000,train
data/HAM10000/HAM10000_images_part_1/ISIC_0027781.jpg,지루각화증,7,ham10000,train
data/HAM10000/HAM10000_images_part_1/ISIC_0028849.jpg,멜라닌세포모반,5,ham10000,train
data/HAM10000/HAM10000_images_part_1/ISIC_0026737.jpg,지루각화증,7,ham10000,train
data/HAM10000/HAM10000_images_part_2/ISIC_0032895.jpg,멜라닌세포모반,5,ham10000,train
data/HAM10000/HAM10000_images_part_1/ISIC_0027067.jpg,악성흑색종,6,ham10000,train
data/HAM10000/HAM10000_images_part_2/ISIC_0032967.jpg,지루각화증,7,ham10000,train
data/HAM10000/HAM10000_images_part_2/ISIC_0031624.jpg,지루각화증,7,ham10000,train
data/HAM10000/HAM10000_images_part_1/ISIC_0026676.jpg,멜라닌세포모반,5,ham10000,train
data/HAM10000/HAM10000_images_part_1/ISIC_0026422.jpg,지루각화증,7,ham10000,train
data/HAM10000/HAM10000_images_part_1/ISIC_0025902.jpg,멜라닌세포모반,5,ham10000,train
data/HAM10000/HAM10000_images_part_2/ISIC_0033332.jpg,멜라닌세포모반,5,ham10000,train
data/HAM10000/HAM10000_images_part_2/ISIC_0031598.jpg,악성흑색종,6,ham10000,train
data/HAM10000/HAM10000_images_part_2/ISIC_0029651.jpg,악성흑색종,6,ham10000,train
data/HAM10000/HAM10000_images_part_1/ISIC_0025385.jpg,멜라닌세포모반,5,ham10000,train
data/HAM10000/HAM10000_images_part_1/ISIC_0024663.jpg,멜라닌세포모반,5,ham10000,train
data/HAM10000/HAM10000_images_part_1/ISIC_0027835.jpg,멜라닌세포모반,5,ham10000,train
data/HAM10000/HAM10000_images_part_1/ISIC_0024912.jpg,멜라닌세포모반,5,ham10000,train
data/HAM10000/HAM10000_images_part_1/ISIC_0028461.jpg,멜라닌세포모반,5,ham10000,train
data/HAM10000/HAM10000_images_part_2/ISIC_0030970.jpg,악성흑색종,6,ham10000,train
data/HAM10000/HAM10000_images_part_2/ISIC_0032132.jpg,기저세포암,4,ham10000,train
data/HAM10000/HAM10000_images_part_1/ISIC_0025653.jpg,멜라닌세포모반,5,ham10000,train
data/HAM10000/HAM10000_images_part_2/ISIC_0032756.jpg,지루각화증,7,ham10000,train
data/HAM10000/HAM10000_images_part_2/ISIC_0033348.jpg,멜라닌세포모반,5,ham10000,train
data/HAM10000/HAM10000_images_part_2/ISIC_0034157.jpg,멜라닌세포모반,5,ham10000,train
data/HAM10000/HAM10000_images_part_1/ISIC_0025652.jpg,멜라닌세포모반,5,ham10000,train
data/HAM10000/HAM10000_images_part_2/ISIC_0031404.jpg,멜라닌세포모반,5,ham10000,train
data/HAM10000/HAM10000_images_part_2/ISIC_0032174.jpg,기저세포암,4,ham10000,train
data/HAM10000/HAM10000_images_part_1/ISIC_0026109.jpg,멜라닌세포모반,5,ham10000,train
data/HAM10000/HAM10000_images_part_1/ISIC_0026827.jpg,지루각화증,7,ham10000,train
data/HAM10000/HAM10000_images_part_1/ISIC_0025885.jpg,지루각화증,7,ham10000,train
data/HAM10000/HAM10000_images_part_1/ISIC_0026163.jpg,혈관종,10,ham10000,train
data/HAM10000/HAM10000_images_part_2/ISIC_0033820.jpg,악성흑색종,6,ham10000,train
data/HAM10000/HAM10000_images_part_1/ISIC_0028359.jpg,멜라닌세포모반,5,ham10000,train
data/HAM10000/HAM10000_images_part_1/ISIC_0026567.jpg,지루각화증,7,ham10000,train
data/HAM10000/HAM10000_images_part_2/ISIC_0031719.jpg,혈관종,10,ham10000,train
data/HAM10000/HAM10000_images_part_2/ISIC_0031184.jpg,멜라닌세포모반,5,ham10000,train
data/HAM10000/HAM10000_images_part_2/ISIC_0033593.jpg,악성흑색종,6,ham10000,train
data/HAM10000/HAM10000_images_part_2/ISIC_0031987.jpg,지루각화증,7,ham10000,train
data/HAM10000/HAM10000_images_part_1/ISIC_0024764.jpg,멜라닌세포모반,5,ham10000,train
data/HAM10000/HAM10000_images_part_2/ISIC_0033871.jpg,악성흑색종,6,ham10000,train
data/HAM10000/HAM10000_images_part_1/ISIC_0026675.jpg,지루각화증,7,ham10000,train
data/HAM10000/HAM10000_images_part_2/ISIC_0031794.jpg,멜라닌세포모반,5,ham10000,train
data/HAM10000/HAM10000_images_part_1/ISIC_0029115.jpg,지루각화증,7,ham10000,train
data/HAM10000/HAM10000_images_part_2/ISIC_0033145.jpg,멜라닌세포모반,5,ham10000,train
data/HAM10000/HAM10000_images_part_1/ISIC_0027797.jpg,악성흑색종,6,ham10000,train
data/HAM10000/HAM10000_images_part_1/ISIC_0025687.jpg,멜라닌세포모반,5,ham10000,train
data/HAM10000/HAM10000_images_part_2/ISIC_0031721.jpg,기저세포암,4,ham10000,train
data/HAM10000/HAM10000_images_part_1/ISIC_0026872.jpg,광선각화증,3,ham10000,train
data/HAM10000/HAM10000_images_part_1/ISIC_0026760.jpg,기저세포암,4,ham10000,train
data/HAM10000/HAM10000_images_part_1/ISIC_0028937.jpg,기저세포암,4,ham10000,train
data/HAM10000/HAM10000_images_part_1/ISIC_0027662.jpg,멜라닌세포모반,5,ham10000,train
data/HAM10000/HAM10000_images_part_2/ISIC_0032760.jpg,멜라닌세포모반,5,ham10000,train
data/HAM10000/HAM10000_images_part_2/ISIC_0034094.jpg,악성흑색종,6,ham10000,train
data/HAM10000/HAM10000_images_part_2/ISIC_0032626.jpg,악성흑색종,6,ham10000,train
data/HAM10000/HAM10000_images_part_1/ISIC_0024605.jpg,멜라닌세포모반,5,ham10000,train
data/HAM10000/HAM10000_images_part_1/ISIC_0029263.jpg,기저세포암,4,ham10000,train
data/HAM10000/HAM10000_images_part_1/ISIC_0025357.jpg,멜라닌세포모반,5,ham10000,train
data/HAM10000/HAM10000_images_part_2/ISIC_0033876.jpg,멜라닌세포모반,5,ham10000,train
data/HAM10000/HAM10000_images_part_1/ISIC_0024931.jpg,기저세포암,4,ham10000,train
data/HAM10000/HAM10000_images_part_1/ISIC_0029227.jpg,지루각화증,7,ham10000,train
data/HAM10000/HAM10000_images_part_1/ISIC_0027118.jpg,피부섬유종,9,ham10000,train
data/HAM10000/HAM10000_images_part_2/ISIC_0033863.jpg,악성흑색종,6,ham10000,train
data/HAM10000/HAM10000_images_part_2/ISIC_0034081.jpg,멜라닌세포모반,5,ham10000,train
data/HAM10000/HAM10000_images_part_2/ISIC_0031808.jpg,지루각화증,7,ham10000,train
data/HAM10000/HAM10000_images_part_1/ISIC_0025789.jpg,멜라닌세포모반,5,ham10000,train
data/HAM10000/HAM10000_images_part_2/ISIC_0032611.jpg,기저세포암,4,ham10000,train
data/HAM10000/HAM10000_images_part_1/ISIC_0027372.jpg,멜라닌세포모반,5,ham10000,train
data/HAM10000/HAM10000_images_part_2/ISIC_0030029.jpg,멜라닌세포모반,5,ham10000,train
data/HAM10000/HAM10000_images_part_2/ISIC_0032808.jpg,기저세포암,4,ham10000,train
data/HAM10000/HAM10000_images_part_2/ISIC_0034294.jpg,악성흑색종,6,ham10000,train
data/HAM10000/HAM10000_images_part_2/ISIC_0033321.jpg,지루각화증,7,ham10000,train
data/HAM10000/HAM10000_images_part_2/ISIC_0031925.jpg,기저세포암,4,ham10000,train
data/HAM10000/HAM10000_images_part_2/ISIC_0033057.jpg,멜라닌세포모반,5,ham10000,train
data/HAM10000/HAM10000_images_part_1/ISIC_0025345.jpg,지루각화증,7,ham10000,train
data/HAM10000/HAM10000_images_part_1/ISIC_0027330.jpg,멜라닌세포모반,5,ham10000,train
data/HAM10000/HAM10000_images_part_1/ISIC_0025831.jpg,광선각화증,3,ham10000,train
data/HAM10000/HAM10000_images_part_2/ISIC_0033823.jpg,멜라닌세포모반,5,ham10000,train
data/HAM10000/HAM10000_images_part_2/ISIC_0030843.jpg,악성흑색종,6,ham10000,train
data/HAM10000/HAM10000_images_part_2/ISIC_0033385.jpg,멜라닌세포모반,5,ham10000,train
data/HAM10000/HAM10000_images_part_2/ISIC_0030011.jpg,피부섬유종,9,ham10000,train
data/HAM10000/HAM10000_images_part_2/ISIC_0029502.jpg,악성흑색종,6,ham10000,train
data/HAM10000/HAM10000_images_part_1/ISIC_0026628.jpg,멜라닌세포모반,5,ham10000,train
data/HAM10000/HAM10000_images_part_2/ISIC_0029886.jpg,멜라닌세포모반,5,ham10000,train
data/HAM10000/HAM10000_images_part_2/ISIC_0033482.jpg,지루각화증,7,ham10000,train
data/HAM10000/HAM10000_images_part_1/ISIC_0026636.jpg,멜라닌세포모반,5,ham10000,train
data/HAM10000/HAM10000_images_part_1/ISIC_0028552.jpg,멜라닌세포모반,5,ham10000,train
data/HAM10000/HAM10000_images_part_2/ISIC_0029793.jpg,지루각화증,7,ham10000,train
data/HAM10000/HAM10000_images_part_2/ISIC_0032660.jpg,기저세포암,4,ham10000,train
data/HAM10000/HAM10000_images_part_1/ISIC_0028809.jpg,멜라닌세포모반,5,ham10000,train
data/HAM10000/HAM10000_images_part_2/ISIC_0033554.jpg,피부섬유종,9,ham10000,train
data/HAM10000/HAM10000_images_part_1/ISIC_0025743.jpg,지루각화증,7,ham10000,train
data/HAM10000/HAM10000_images_part_2/ISIC_0032499.jpg,멜라닌세포모반,5,ham10000,train
data/HAM10000/HAM10000_images_part_2/ISIC_0032220.jpg,악성흑색종,6,ham10000,train
data/HAM10000/HAM10000_images_part_1/ISIC_0028505.jpg,악성흑색종,6,ham10000,train
data/HAM10000/HAM10000_images_part_1/ISIC_0025036.jpg,멜라닌세포모반,5,ham10000,train
data/HAM10000/HAM10000_images_part_2/ISIC_0033445.jpg,멜라닌세포모반,5,ham10000,train
data/HAM10000/HAM10000_images_part_2/ISIC_0031290.jpg,멜라닌세포모반,5,ham10000,train
data/HAM10000/HAM10000_images_part_2/ISIC_0031314.jpg,멜라닌세포모반,5,ham10000,train
data/HAM10000/HAM10000_images_part_2/ISIC_0030102.jpg,멜라닌세포모반,5,ham10000,train
data/HAM10000/HAM10000_images_part_1/ISIC_0028389.jpg,지루각화증,7,ham10000,train
data/HAM10000/HAM10000_images_part_1/ISIC_0025927.jpg,악성흑색종,6,ham10000,train
data/HAM10000/HAM10000_images_part_1/ISIC_0026910.jpg,멜라닌세포모반,5,ham10000,train
data/HAM10000/HAM10000_images_part_2/ISIC_0029504.jpg,멜라닌세포모반,5,ham10000,train
data/HAM10000/HAM10000_images_part_2/ISIC_0031028.jpg,멜라닌세포모반,5,ham10000,train
data/HAM10000/HAM10000_images_part_1/ISIC_0026175.jpg,멜라닌세포모반,5,ham10000,train
data/HAM10000/HAM10000_images_part_2/ISIC_0030171.jpg,악성흑색종,6,ham10000,train
data/HAM10000/HAM10000_images_part_1/ISIC_0026007.jpg,멜라닌세포모반,5,ham10000,train
data/HAM10000/HAM10000_images_part_1/ISIC_0026463.jpg,멜라닌세포모반,5,ham10000,train
data/HAM10000/HAM10000_images_part_1/ISIC_0026101.jpg,멜라닌세포모반,5,ham10000,train
data/HAM10000/HAM10000_images_part_1/ISIC_0024701.jpg,악성흑색종,6,ham10000,train
data/HAM10000/HAM10000_images_part_2/ISIC_0032921.jpg,악성흑색종,6,ham10000,train
data/HAM10000/HAM10000_images_part_1/ISIC_0025526.jpg,지루각화증,7,ham10000,train
data/HAM10000/HAM10000_images_part_2/ISIC_0033606.jpg,지루각화증,7,ham10000,train
data/HAM10000/HAM10000_images_part_1/ISIC_0027708.jpg,광선각화증,3,ham10000,train
data/HAM10000/HAM10000_images_part_2/ISIC_0030530.jpg,멜라닌세포모반,5,ham10000,train
data/HAM10000/HAM10000_images_part_2/ISIC_0030182.jpg,멜라닌세포모반,5,ham10000,train
data/HAM10000/HAM10000_images_part_1/ISIC_0029164.jpg,멜라닌세포모반,5,ham10000,train
data/HAM10000/HAM10000_images_part_2/ISIC_0029686.jpg,멜라닌세포모반,5,ham10000,train
data/HAM10000/HAM10000_images_part_2/ISIC_0032099.jpg,지루각화증,7,ham10000,train
data/HAM10000/HAM10000_images_part_1/ISIC_0025495.jpg,멜라닌세포모반,5,ham10000,train
data/HAM10000/HAM10000_images_part_2/ISIC_0029761.jpg,멜라닌세포모반,5,ham10000,train
data/HAM10000/HAM10000_images_part_2/ISIC_0033624.jpg,악성흑색종,6,ham10000,train
data/HAM10000/HAM10000_images_part_1/ISIC_0028664.jpg,멜라닌세포모반,5,ham10000,train
data/HAM10000/HAM10000_images_part_1/ISIC_0028165.jpg,지루각화증,7,ham10000,train
data/HAM10000/HAM10000_images_part_2/ISIC_0029927.jpg,지루각화증,7,ham10000,train
data/HAM10000/HAM10000_images_part_1/ISIC_0024459.jpg,악성흑색종,6,ham10000,train
data/HAM10000/HAM10000_images_part_2/ISIC_0031846.jpg,멜라닌세포모반,5,ham10000,train
data/HAM10000/HAM10000_images_part_2/ISIC_0034230.jpg,멜라닌세포모반,5,ham10000,train
data/HAM10000/HAM10000_images_part_2/ISIC_0029887.jpg,멜라닌세포모반,5,ham10000,train
data/HAM10000/HAM10000_images_part_2/ISIC_0030797.jpg,멜라닌세포모반,5,ham10000,train
data/HAM10000/HAM10000_images_part_2/ISIC_0030812.jpg,지루각화증,7,ham10000,train
data/HAM10000/HAM10000_images_part_2/ISIC_0032497.jpg,기저세포암,4,ham10000,train
data/HAM10000/HAM10000_images_part_2/ISIC_0030899.jpg,멜라닌세포모반,5,ham10000,train
data/HAM10000/HAM10000_images_part_1/ISIC_0024960.jpg,멜라닌세포모반,5,ham10000,train
data/HAM10000/HAM10000_images_part_1/ISIC_0028826.jpg,지루각화증,7,ham10000,train
data/HAM10000/HAM10000_images_part_1/ISIC_0025460.jpg,멜라닌세포모반,5,ham10000,train
data/HAM10000/HAM10000_images_part_2/ISIC_0032001.jpg,멜라닌세포모반,5,ham10000,train
data/HAM10000/HAM10000_images_part_2/ISIC_0029397.jpg,악성흑색종,6,ham10000,train
data/HAM10000/HAM10000_images_part_1/ISIC_0028421.jpg,멜라닌세포모반,5,ham10000,train
data/HAM10000/HAM10000_images_part_1/ISIC_0024400.jpg,악성흑색종,6,ham10000,train
data/HAM10000/HAM10000_images_part_1/ISIC_0027505.jpg,멜라닌세포모반,5,ham10000,train
data/HAM10000/HAM10000_images_part_1/ISIC_0025057.jpg,멜라닌세포모반,5,ham10000,train
data/HAM10000/HAM10000_images_part_1/ISIC_0026994.jpg,멜라닌세포모반,5,ham10000,train
data/HAM10000/HAM10000_images_part_2/ISIC_0031992.jpg,멜라닌세포모반,5,ham10000,train
data/HAM10000/HAM10000_images_part_1/ISIC_0024324.jpg,지루각화증,7,ham10000,train
data/HAM10000/HAM10000_images_part_1/ISIC_0028123.jpg,지루각화증,7,ham10000,train
data/HAM10000/HAM10000_images_part_1/ISIC_0024887.jpg,멜라닌세포모반,5,ham10000,train
data/HAM10000/HAM10000_images_part_2/ISIC_0031299.jpg,멜라닌세포모반,5,ham10000,train
data/HAM10000/HAM10000_images_part_2/ISIC_0029619.jpg,멜라닌세포모반,5,ham10000,train
data/HAM10000/HAM10000_images_part_1/ISIC_0026006.jpg,멜라닌세포모반,5,ham10000,train
data/HAM10000/HAM10000_images_part_2/ISIC_0032019.jpg,악성흑색종,6,ham10000,train
data/HAM10000/HAM10000_images_part_2/ISIC_0030585.jpg,멜라닌세포모반,5,ham10000,train
data/HAM10000/HAM10000_images_part_2/ISIC_0030986.jpg,광선각화증,3,ham10000,train
data/HAM10000/HAM10000_images_part_2/ISIC_0034313.jpg,악성흑색종,6,ham10000,train
data/HAM10000/HAM10000_images_part_1/ISIC_0028352.jpg,악성흑색종,6,ham10000,train
data/HAM10000/HAM10000_images_part_2/ISIC_0033934.jpg,멜라닌세포모반,5,ham10000,train
data/HAM10000/HAM10000_images_part_2/ISIC_0031149.jpg,멜라닌세포모반,5,ham10000,train
data/HAM10000/HAM10000_images_part_1/ISIC_0026564.jpg,멜라닌세포모반,5,ham10000,train
data/HAM10000/HAM10000_images_part_1/ISIC_0027123.jpg,멜라닌세포모반,5,ham10000,train
data/HAM10000/HAM10000_images_part_2/ISIC_0029972.jpg,멜라닌세포모반,5,ham10000,train
data/HAM10000/HAM10000_images_part_1/ISIC_0026282.jpg,기저세포암,4,ham10000,train
data/HAM10000/HAM10000_images_part_1/ISIC_0026616.jpg,멜라닌세포모반,5,ham10000,train
data/HAM10000/HAM10000_images_part_1/ISIC_0028882.jpg,멜라닌세포모반,5,ham10000,train
data/HAM10000/HAM10000_images_part_2/ISIC_0029860.jpg,광선각화증,3,ham10000,train
