image_path,class_name,class_idx,source,split
/Users/kyoe/skin_ai/data/dermnet/train/Atopic Dermatitis Photos/05atopic0123068.jpg,아토피피부염,1,dermnet,train
/Users/kyoe/skin_ai/data/dermnet/train/Psoriasis pictures Lichen Planus and related diseases/Psoriasis-Guttate-61.jpg,건선,0,dermnet,train
/Users/kyoe/skin_ai/data/dermnet/train/Psoriasis pictures Lichen Planus and related diseases/Psoriasis-nails-30.jpg,건선,0,dermnet,train
/Users/kyoe/skin_ai/data/dermnet/train/Acne and Rosacea Photos/perioral-dermatitis-139.jpg,여드름,2,dermnet,train
/Users/kyoe/skin_ai/data/dermnet/train/Psoriasis pictures Lichen Planus and related diseases/lichen-planus-202.jpg,건선,0,dermnet,train
/Users/kyoe/skin_ai/data/dermnet/train/Psoriasis pictures Lichen Planus and related diseases/Psoriasis-penis-14.jpg,건선,0,dermnet,train
/Users/kyoe/skin_ai/data/dermnet/train/Psoriasis pictures Lichen Planus and related diseases/Lichen-Sclerosus-Penis-23.jpg,건선,0,dermnet,train
/Users/kyoe/skin_ai/data/dermnet/train/Atopic Dermatitis Photos/3IMG016.jpg,아토피피부염,1,dermnet,train
/Users/kyoe/skin_ai/data/dermnet/train/Eczema Photos/eczema-nummular-123.jpg,아토피피부염,1,dermnet,train
/Users/kyoe/skin_ai/data/dermnet/train/Psoriasis pictures Lichen Planus and related diseases/Lichen-Planus-Palm-Soles-7.jpg,건선,0,dermnet,train
/Users/kyoe/skin_ai/data/dermnet/train/Psoriasis pictures Lichen Planus and related diseases/Lichen-Sclerosus-Skin-70.jpg,건선,0,dermnet,train
/Users/kyoe/skin_ai/data/dermnet/train/Psoriasis pictures Lichen Planus and related diseases/Psoriasis-nails-1.jpg,건선,0,dermnet,train
/Users/kyoe/skin_ai/data/dermnet/train/Eczema Photos/stasis-dermatitis-80.jpg,아토피피부염,1,dermnet,train
/Users/kyoe/skin_ai/data/dermnet/train/Atopic Dermatitis Photos/1IMG018.jpg,아토피피부염,1,dermnet,train
/Users/kyoe/skin_ai/data/dermnet/train/Psoriasis pictures Lichen Planus and related diseases/lichen-planus-155.jpg,건선,0,dermnet,train
/Users/kyoe/skin_ai/data/dermnet/train/Eczema Photos/prurigo-nodularis-30.jpg,아토피피부염,1,dermnet,train
/Users/kyoe/skin_ai/data/dermnet/train/Eczema Photos/eczema-fingertips-93.jpg,아토피피부염,1,dermnet,train
/Users/kyoe/skin_ai/data/dermnet/train/Eczema Photos/eczema-hand-164.jpg,아토피피부염,1,dermnet,train
/Users/kyoe/skin_ai/data/dermnet/train/Acne and Rosacea Photos/rosacea-nose-31.jpg,여드름,2,dermnet,train
/Users/kyoe/skin_ai/data/dermnet/train/Eczema Photos/eczema-foot-39.jpg,아토피피부염,1,dermnet,train
/Users/kyoe/skin_ai/data/dermnet/train/Eczema Photos/eczema-foot-74.jpg,아토피피부염,1,dermnet,train
/Users/kyoe/skin_ai/data/dermnet/train/Psoriasis pictures Lichen Planus and related diseases/psoriasis-palms-soles-97.jpg,건선,0,dermnet,train
/Users/kyoe/skin_ai/data/dermnet/train/Eczema Photos/eczema-impetiginized-12.jpg,아토피피부염,1,dermnet,train
/Users/kyoe/skin_ai/data/dermnet/train/Psoriasis pictures Lichen Planus and related diseases/lichen-planus-vaginal-14.jpg,건선,0,dermnet,train
/Users/kyoe/skin_ai/data/dermnet/train/Eczema Photos/eczema-areola-22.jpg,아토피피부염,1,dermnet,train
/Users/kyoe/skin_ai/data/dermnet/train/Psoriasis pictures Lichen Planus and related diseases/Psoriasis-Chronic-Plaque-155.jpg,건선,0,dermnet,train
/Users/kyoe/skin_ai/data/dermnet/train/Eczema Photos/eczema-chronic-13.jpg,아토피피부염,1,dermnet,train
/Users/kyoe/skin_ai/data/dermnet/train/Psoriasis pictures Lichen Planus and related diseases/lichen-planus-118.jpg,건선,0,dermnet,train
/Users/kyoe/skin_ai/data/dermnet/train/Eczema Photos/lichen-simplex-chronicus-129.jpg,아토피피부염,1,dermnet,train
/Users/kyoe/skin_ai/data/dermnet/train/Acne and Rosacea Photos/rosacea-nose-63.jpg,여드름,2,dermnet,train
/Users/kyoe/skin_ai/data/dermnet/train/Atopic Dermatitis Photos/05AtopicHand4.jpg,아토피피부염,1,dermnet,train
/Users/kyoe/skin_ai/data/dermnet/train/Eczema Photos/neurotic-excoriations-47.jpg,아토피피부염,1,dermnet,train
/Users/kyoe/skin_ai/data/dermnet/train/Atopic Dermatitis Photos/03Eczema0310.jpg,아토피피부염,1,dermnet,train
/Users/kyoe/skin_ai/data/dermnet/train/Eczema Photos/chapped-fissured-feet-8.jpg,아토피피부염,1,dermnet,train
/Users/kyoe/skin_ai/data/dermnet/train/Acne and Rosacea Photos/acne-cystic-100.jpg,여드름,2,dermnet,train
/Users/kyoe/skin_ai/data/dermnet/train/Eczema Photos/eczema-leg-18.jpg,아토피피부염,1,dermnet,train
/Users/kyoe/skin_ai/data/dermnet/train/Acne and Rosacea Photos/perioral-dermatitis-98.jpg,여드름,2,dermnet,train
/Users/kyoe/skin_ai/data/dermnet/train/Atopic Dermatitis Photos/05atopic0327061.jpg,아토피피부염,1,dermnet,train
/Users/kyoe/skin_ai/data/dermnet/train/Psoriasis pictures Lichen Planus and related diseases/psoriasis-erythrodermic-28.jpg,건선,0,dermnet,train
/Users/kyoe/skin_ai/data/dermnet/train/Acne and Rosacea Photos/hidradenitis-suppurativa-69.jpg,여드름,2,dermnet,train
/Users/kyoe/skin_ai/data/dermnet/train/Acne and Rosacea Photos/rosacea-95.jpg,여드름,2,dermnet,train
/Users/kyoe/skin_ai/data/dermnet/train/Eczema Photos/eczema-subacute-102.jpg,아토피피부염,1,dermnet,train
/Users/kyoe/skin_ai/data/dermnet/train/Psoriasis pictures Lichen Planus and related diseases/psoriasis-pustular-generalized-3.jpg,건선,0,dermnet,train
/Users/kyoe/skin_ai/data/dermnet/train/Eczema Photos/eczema-fingertips-4.jpg,아토피피부염,1,dermnet,train
/Users/kyoe/skin_ai/data/dermnet/train/Atopic Dermatitis Photos/05Atopic10064.jpg,아토피피부염,1,dermnet,train
/Users/kyoe/skin_ai/data/dermnet/train/Acne and Rosacea Photos/acne-closed-comedo-39.jpg,여드름,2,dermnet,train
/Users/kyoe/skin_ai/data/dermnet/train/Psoriasis pictures Lichen Planus and related diseases/psoriasis-palms-soles-144.jpg,건선,0,dermnet,train
/Users/kyoe/skin_ai/data/dermnet/train/Atopic Dermatitis Photos/05AtopicAreola3.jpg,아토피피부염,1,dermnet,train
/Users/kyoe/skin_ai/data/dermnet/train/Eczema Photos/stasis-dermatitis-132.jpg,아토피피부염,1,dermnet,train
/Users/kyoe/skin_ai/data/dermnet/train/Psoriasis pictures Lichen Planus and related diseases/psoriasis-scalp-71.jpg,건선,0,dermnet,train
/Users/kyoe/skin_ai/data/dermnet/train/Eczema Photos/id-reaction-2.jpg,아토피피부염,1,dermnet,train
/Users/kyoe/skin_ai/data/dermnet/train/Psoriasis pictures Lichen Planus and related diseases/Psoriasis-Guttate-24.jpg,건선,0,dermnet,train
/Users/kyoe/skin_ai/data/dermnet/train/Psoriasis pictures Lichen Planus and related diseases/pityriasis-rubra-pilaris-12.jpg,건선,0,dermnet,train
/Users/kyoe/skin_ai/data/dermnet/train/Psoriasis pictures Lichen Planus and related diseases/psoriasis-scalp-80.jpg,건선,0,dermnet,train
/Users/kyoe/skin_ai/data/dermnet/train/Psoriasis pictures Lichen Planus and related diseases/Lichen-Planus-Oral-11.jpg,건선,0,dermnet,train
/Users/kyoe/skin_ai/data/dermnet/train/Atopic Dermatitis Photos/05atopicFeet0801052.jpg,아토피피부염,1,dermnet,train
/Users/kyoe/skin_ai/data/dermnet/train/Atopic Dermatitis Photos/3IMG007.jpg,아토피피부염,1,dermnet,train
/Users/kyoe/skin_ai/data/dermnet/train/Acne and Rosacea Photos/perioral-dermatitis-131.jpg,여드름,2,dermnet,train
/Users/kyoe/skin_ai/data/dermnet/train/Psoriasis pictures Lichen Planus and related diseases/Lichen-Planus-Hypertrophic-4.jpg,건선,0,dermnet,train
/Users/kyoe/skin_ai/data/dermnet/train/Psoriasis pictures Lichen Planus and related diseases/pityriasis-rosea-162.jpg,건선,0,dermnet,train
/Users/kyoe/skin_ai/data/dermnet/train/Psoriasis pictures Lichen Planus and related diseases/Lichen-Planus-Drug-9.jpg,건선,0,dermnet,train
/Users/kyoe/skin_ai/data/dermnet/train/Psoriasis pictures Lichen Planus and related diseases/Psoriasis-inversus-30.jpg,건선,0,dermnet,train
/Users/kyoe/skin_ai/data/dermnet/train/Psoriasis pictures Lichen Planus and related diseases/Psoriasis-Interferon-Injection-08230424.jpg,건선,0,dermnet,train
/Users/kyoe/skin_ai/data/dermnet/train/Atopic Dermatitis Photos/05atopicAdult061906.jpg,아토피피부염,1,dermnet,train
/Users/kyoe/skin_ai/data/dermnet/train/Psoriasis pictures Lichen Planus and related diseases/Psoriasis-Hand-51.jpg,건선,0,dermnet,train
/Users/kyoe/skin_ai/data/dermnet/train/Acne and Rosacea Photos/rosacea-nose-24.jpg,여드름,2,dermnet,train
/Users/kyoe/skin_ai/data/dermnet/train/Psoriasis pictures Lichen Planus and related diseases/Psoriasis-Chronic-Plaque-145.jpg,건선,0,dermnet,train
/Users/kyoe/skin_ai/data/dermnet/train/Eczema Photos/eczema-nummular-191.jpg,아토피피부염,1,dermnet,train
/Users/kyoe/skin_ai/data/dermnet/train/Psoriasis pictures Lichen Planus and related diseases/Psoriasis-Hand-33.jpg,건선,0,dermnet,train
/Users/kyoe/skin_ai/data/dermnet/train/Psoriasis pictures Lichen Planus and related diseases/Pityriasis-Lichenoides-31.jpg,건선,0,dermnet,train
/Users/kyoe/skin_ai/data/dermnet/train/Acne and Rosacea Photos/hidradenitis-suppurativa-86.jpg,여드름,2,dermnet,train
/Users/kyoe/skin_ai/data/dermnet/train/Psoriasis pictures Lichen Planus and related diseases/Lichen-Planus-Hypertrophic-1.jpg,건선,0,dermnet,train
/Users/kyoe/skin_ai/data/dermnet/train/Psoriasis pictures Lichen Planus and related diseases/Axillary-Granular-Parakeratosis-8.jpg,건선,0,dermnet,train
/Users/kyoe/skin_ai/data/dermnet/train/Eczema Photos/eczema-chronic-47.jpg,아토피피부염,1,dermnet,train
/Users/kyoe/skin_ai/data/dermnet/train/Eczema Photos/eczema-nummular-160.jpg,아토피피부염,1,dermnet,train
/Users/kyoe/skin_ai/data/dermnet/train/Eczema Photos/eczema-hand-15.jpg,아토피피부염,1,dermnet,train
/Users/kyoe/skin_ai/data/dermnet/train/Psoriasis pictures Lichen Planus and related diseases/pityriasis-rosea-108.jpg,건선,0,dermnet,train
/Users/kyoe/skin_ai/data/dermnet/train/Psoriasis pictures Lichen Planus and related diseases/reiter-syndrome-15.jpg,건선,0,dermnet,train
/Users/kyoe/skin_ai/data/dermnet/train/Eczema Photos/hyperkeratosis-6.jpg,아토피피부염,1,dermnet,train
/Users/kyoe/skin_ai/data/dermnet/train/Psoriasis pictures Lichen Planus and related diseases/lichen-planus-124.jpg,건선,0,dermnet,train
/Users/kyoe/skin_ai/data/dermnet/train/Acne and Rosacea Photos/perioral-dermatitis-48.jpg,여드름,2,dermnet,train
/Users/kyoe/skin_ai/data/dermnet/train/Acne and Rosacea Photos/acne-cystic-5.jpg,여드름,2,dermnet,train
/Users/kyoe/skin_ai/data/dermnet/train/Psoriasis pictures Lichen Planus and related diseases/Lichen-Sclerosus-Penis-22.jpg,건선,0,dermnet,train
/Users/kyoe/skin_ai/data/dermnet/train/Eczema Photos/heels-dry-cracked-7.jpg,아토피피부염,1,dermnet,train
/Users/kyoe/skin_ai/data/dermnet/train/Atopic Dermatitis Photos/05ichthyosis080105.jpg,아토피피부염,1,dermnet,train
/Users/kyoe/skin_ai/data/dermnet/train/Eczema Photos/stasis-dermatitis-192.jpg,아토피피부염,1,dermnet,train
/Users/kyoe/skin_ai/data/dermnet/train/Eczema Photos/eczema-foot-13.jpg,아토피피부염,1,dermnet,train
/Users/kyoe/skin_ai/data/dermnet/train/Eczema Photos/lichen-simplex-chronicus-119.jpg,아토피피부염,1,dermnet,train
/Users/kyoe/skin_ai/data/dermnet/train/Eczema Photos/eczema-foot-20.jpg,아토피피부염,1,dermnet,train
/Users/kyoe/skin_ai/data/dermnet/train/Eczema Photos/eczema-hand-137.jpg,아토피피부염,1,dermnet,train
/Users/kyoe/skin_ai/data/dermnet/train/Atopic Dermatitis Photos/05keratosisPilaris050806.jpg,아토피피부염,1,dermnet,train
/Users/kyoe/skin_ai/data/dermnet/train/Eczema Photos/neurotic-excoriations-23.jpg,아토피피부염,1,dermnet,train
/Users/kyoe/skin_ai/data/dermnet/train/Psoriasis pictures Lichen Planus and related diseases/Psoriasis-Chronic-Plaque-172.jpg,건선,0,dermnet,train
/Users/kyoe/skin_ai/data/dermnet/train/Psoriasis pictures Lichen Planus and related diseases/Psoriasis-vulva-2.jpg,건선,0,dermnet,train
/Users/kyoe/skin_ai/data/dermnet/train/Eczema Photos/eczema-nummular-201.jpg,아토피피부염,1,dermnet,train
/Users/kyoe/skin_ai/data/dermnet/train/Psoriasis pictures Lichen Planus and related diseases/lichen-planus-vaginal-4.jpg,건선,0,dermnet,train
/Users/kyoe/skin_ai/data/dermnet/train/Eczema Photos/heels-dry-cracked-2.jpg,아토피피부염,1,dermnet,train
/Users/kyoe/skin_ai/data/dermnet/train/Psoriasis pictures Lichen Planus and related diseases/Psoriasis-Guttate-20.jpg,건선,0,dermnet,train
/Users/kyoe/skin_ai/data/dermnet/train/Psoriasis pictures Lichen Planus and related diseases/Psoriasis-Anus-4.jpg,건선,0,dermnet,train
/Users/kyoe/skin_ai/data/dermnet/train/Eczema Photos/eczema-fingertips-85.jpg,아토피피부염,1,dermnet,train
/Users/kyoe/skin_ai/data/dermnet/train/Acne and Rosacea Photos/acne-open-comedo-51.jpg,여드름,2,dermnet,train
/Users/kyoe/skin_ai/data/dermnet/train/Psoriasis pictures Lichen Planus and related diseases/psoriasis-scalp-54.jpg,건선,0,dermnet,train
/Users/kyoe/skin_ai/data/dermnet/train/Psoriasis pictures Lichen Planus and related diseases/Psoriasis-Chronic-Plaque-193.jpg,건선,0,dermnet,train
/Users/kyoe/skin_ai/data/dermnet/train/Eczema Photos/neurotic-excoriations-48.jpg,아토피피부염,1,dermnet,train
/Users/kyoe/skin_ai/data/dermnet/train/Atopic Dermatitis Photos/05keratosisPilaris0508061.jpg,아토피피부염,1,dermnet,train
/Users/kyoe/skin_ai/data/dermnet/train/Eczema Photos/eczema-fingertips-75.jpg,아토피피부염,1,dermnet,train
/Users/kyoe/skin_ai/data/dermnet/train/Eczema Photos/eczema-fingertips-48.jpg,아토피피부염,1,dermnet,train
/Users/kyoe/skin_ai/data/dermnet/train/Psoriasis pictures Lichen Planus and related diseases/pityriasis-rosea-123.jpg,건선,0,dermnet,train
/Users/kyoe/skin_ai/data/dermnet/train/Eczema Photos/lichen-simplex-chronicus-121.jpg,아토피피부염,1,dermnet,train
/Users/kyoe/skin_ai/data/dermnet/train/Psoriasis pictures Lichen Planus and related diseases/pityriasis-rubra-pilaris-37.jpg,건선,0,dermnet,train
/Users/kyoe/skin_ai/data/dermnet/train/Eczema Photos/eczema-chronic-53.jpg,아토피피부염,1,dermnet,train
/Users/kyoe/skin_ai/data/dermnet/train/Eczema Photos/eczema-hand-143.jpg,아토피피부염,1,dermnet,train
/Users/kyoe/skin_ai/data/dermnet/train/Psoriasis pictures Lichen Planus and related diseases/psoriasis-scalp-105.jpg,건선,0,dermnet,train
/Users/kyoe/skin_ai/data/dermnet/train/Psoriasis pictures Lichen Planus and related diseases/erythrokeratodermia-variabilis-1.jpg,건선,0,dermnet,train
/Users/kyoe/skin_ai/data/dermnet/train/Eczema Photos/eczema-fingertips-63.jpg,아토피피부염,1,dermnet,train
/Users/kyoe/skin_ai/data/dermnet/train/Acne and Rosacea Photos/rosacea-38.jpg,여드름,2,dermnet,train
/Users/kyoe/skin_ai/data/dermnet/train/Eczema Photos/lichen-simplex-chronicus-123.jpg,아토피피부염,1,dermnet,train
/Users/kyoe/skin_ai/data/dermnet/train/Psoriasis pictures Lichen Planus and related diseases/pityriasis-rosea-148.jpg,건선,0,dermnet,train
/Users/kyoe/skin_ai/data/dermnet/train/Atopic Dermatitis Photos/IchthosisIMG001-GP3.jpg,아토피피부염,1,dermnet,train
/Users/kyoe/skin_ai/data/dermnet/train/Eczema Photos/eczema-chronic-5.jpg,아토피피부염,1,dermnet,train
/Users/kyoe/skin_ai/data/dermnet/train/Psoriasis pictures Lichen Planus and related diseases/lichen-planus-137.jpg,건선,0,dermnet,train
/Users/kyoe/skin_ai/data/dermnet/train/Psoriasis pictures Lichen Planus and related diseases/psoriasis-scalp-2.jpg,건선,0,dermnet,train
/Users/kyoe/skin_ai/data/dermnet/train/Atopic Dermatitis Photos/05Atopic0712044.jpg,아토피피부염,1,dermnet,train
/Users/kyoe/skin_ai/data/dermnet/train/Eczema Photos/eczema-foot-31.jpg,아토피피부염,1,dermnet,train
/Users/kyoe/skin_ai/data/dermnet/train/Psoriasis pictures Lichen Planus and related diseases/Psoriasis-nails-7.jpg,건선,0,dermnet,train
/Users/kyoe/skin_ai/data/dermnet/train/Psoriasis pictures Lichen Planus and related diseases/Psoriasis-inversus-28.jpg,건선,0,dermnet,train
/Users/kyoe/skin_ai/data/dermnet/train/Acne and Rosacea Photos/perioral-dermatitis-28.jpg,여드름,2,dermnet,train
/Users/kyoe/skin_ai/data/dermnet/train/Acne and Rosacea Photos/acne-cystic-102.jpg,여드름,2,dermnet,train
/Users/kyoe/skin_ai/data/dermnet/train/Eczema Photos/eczema-trunk-generalized-16.jpg,아토피피부염,1,dermnet,train
/Users/kyoe/skin_ai/data/dermnet/train/Psoriasis pictures Lichen Planus and related diseases/pityriasis-rubra-pilaris-57.jpg,건선,0,dermnet,train
/Users/kyoe/skin_ai/data/dermnet/train/Atopic Dermatitis Photos/4th1IMG016.jpg,아토피피부염,1,dermnet,train
/Users/kyoe/skin_ai/data/dermnet/train/Eczema Photos/eczema-hand-120.jpg,아토피피부염,1,dermnet,train
/Users/kyoe/skin_ai/data/dermnet/train/Eczema Photos/chapped-fissured-feet-4.jpg,아토피피부염,1,dermnet,train
/Users/kyoe/skin_ai/data/dermnet/train/Eczema Photos/lichen-simplex-chronicus-110.jpg,아토피피부염,1,dermnet,train
/Users/kyoe/skin_ai/data/dermnet/train/Eczema Photos/eczema-chronic-11.jpg,아토피피부염,1,dermnet,train
/Users/kyoe/skin_ai/data/dermnet/train/Psoriasis pictures Lichen Planus and related diseases/Lichen-Planus-Penis-8.jpg,건선,0,dermnet,train
/Users/kyoe/skin_ai/data/dermnet/train/Atopic Dermatitis Photos/05hyperLinearCrease042802.jpg,아토피피부염,1,dermnet,train
/Users/kyoe/skin_ai/data/dermnet/train/Psoriasis pictures Lichen Planus and related diseases/Lichen-Sclerosus-Skin-89.jpg,건선,0,dermnet,train
/Users/kyoe/skin_ai/data/dermnet/train/Eczema Photos/eczema-subacute-88.jpg,아토피피부염,1,dermnet,train
/Users/kyoe/skin_ai/data/dermnet/train/Atopic Dermatitis Photos/05atopicFoot0801052.jpg,아토피피부염,1,dermnet,train
/Users/kyoe/skin_ai/data/dermnet/train/Eczema Photos/Dyshidrosis-44.jpg,아토피피부염,1,dermnet,train
/Users/kyoe/skin_ai/data/dermnet/train/Acne and Rosacea Photos/acne-cystic-27.jpg,여드름,2,dermnet,train
/Users/kyoe/skin_ai/data/dermnet/train/Psoriasis pictures Lichen Planus and related diseases/Psoriasis-Chronic-Plaque-103.jpg,건선,0,dermnet,train
/Users/kyoe/skin_ai/data/dermnet/train/Acne and Rosacea Photos/acne-excoriated-21.jpg,여드름,2,dermnet,train
/Users/kyoe/skin_ai/data/dermnet/train/Psoriasis pictures Lichen Planus and related diseases/pityriasis-rubra-pilaris-25.jpg,건선,0,dermnet,train
/Users/kyoe/skin_ai/data/dermnet/train/Psoriasis pictures Lichen Planus and related diseases/psoriasis-erythrodermic-26.jpg,건선,0,dermnet,train
/Users/kyoe/skin_ai/data/dermnet/train/Acne and Rosacea Photos/acne-cystic-92.jpg,여드름,2,dermnet,train
/Users/kyoe/skin_ai/data/dermnet/train/Acne and Rosacea Photos/acne-closed-comedo-9.jpg,여드름,2,dermnet,train
/Users/kyoe/skin_ai/data/dermnet/train/Eczema Photos/Dyshidrosis-18.jpg,아토피피부염,1,dermnet,train
/Users/kyoe/skin_ai/data/dermnet/train/Psoriasis pictures Lichen Planus and related diseases/8Psoriasis2-219.jpg,건선,0,dermnet,train
/Users/kyoe/skin_ai/data/dermnet/train/Acne and Rosacea Photos/rosacea-7.jpg,여드름,2,dermnet,train
/Users/kyoe/skin_ai/data/dermnet/train/Eczema Photos/eczema-foot-18.jpg,아토피피부염,1,dermnet,train
/Users/kyoe/skin_ai/data/dermnet/train/Acne and Rosacea Photos/07rhnophymas0321051.jpg,여드름,2,dermnet,train
/Users/kyoe/skin_ai/data/dermnet/train/Psoriasis pictures Lichen Planus and related diseases/psoriasis-palms-soles-117.jpg,건선,0,dermnet,train
/Users/kyoe/skin_ai/data/dermnet/train/Eczema Photos/malum-ulcer-1.jpg,아토피피부염,1,dermnet,train
/Users/kyoe/skin_ai/data/dermnet/train/Acne and Rosacea Photos/acne-pustular-14.jpg,여드름,2,dermnet,train
/Users/kyoe/skin_ai/data/dermnet/train/Acne and Rosacea Photos/acne-closed-comedo-31.jpg,여드름,2,dermnet,train
/Users/kyoe/skin_ai/data/dermnet/train/Psoriasis pictures Lichen Planus and related diseases/psoriasis-pustular-generalized-27.jpg,건선,0,dermnet,train
/Users/kyoe/skin_ai/data/dermnet/train/Psoriasis pictures Lichen Planus and related diseases/Lichen-Sclerosus-Skin-44.jpg,건선,0,dermnet,train
/Users/kyoe/skin_ai/data/dermnet/train/Eczema Photos/eczema-fingertips-62.jpg,아토피피부염,1,dermnet,train
/Users/kyoe/skin_ai/data/dermnet/train/Eczema Photos/pompholyx-39.jpg,아토피피부염,1,dermnet,train
/Users/kyoe/skin_ai/data/dermnet/train/Psoriasis pictures Lichen Planus and related diseases/Lichen-Planus-Oral-33.jpg,건선,0,dermnet,train
/Users/kyoe/skin_ai/data/dermnet/train/Psoriasis pictures Lichen Planus and related diseases/pityriasis-rosea-18.jpg,건선,0,dermnet,train
/Users/kyoe/skin_ai/data/dermnet/train/Psoriasis pictures Lichen Planus and related diseases/psoriasis-erythrodermic-13.jpg,건선,0,dermnet,train
/Users/kyoe/skin_ai/data/dermnet/train/Eczema Photos/pompholyx-31.jpg,아토피피부염,1,dermnet,train
/Users/kyoe/skin_ai/data/dermnet/train/Atopic Dermatitis Photos/05atopicChild0828061.jpg,아토피피부염,1,dermnet,train
/Users/kyoe/skin_ai/data/dermnet/train/Psoriasis pictures Lichen Planus and related diseases/Lichen-Planus-Hypertrophic-13.jpg,건선,0,dermnet,train
/Users/kyoe/skin_ai/data/dermnet/train/Acne and Rosacea Photos/acne-cystic-147.jpg,여드름,2,dermnet,train
/Users/kyoe/skin_ai/data/dermnet/train/Eczema Photos/eczema-trunk-generalized-36.jpg,아토피피부염,1,dermnet,train
/Users/kyoe/skin_ai/data/dermnet/train/Psoriasis pictures Lichen Planus and related diseases/Lichen-Planus-Oral-6.jpg,건선,0,dermnet,train
/Users/kyoe/skin_ai/data/dermnet/train/Atopic Dermatitis Photos/05atopicDerm0328053.jpg,아토피피부염,1,dermnet,train
/Users/kyoe/skin_ai/data/dermnet/train/Eczema Photos/eczema-foot-79.jpg,아토피피부염,1,dermnet,train
/Users/kyoe/skin_ai/data/dermnet/train/Acne and Rosacea Photos/rosacea-69.jpg,여드름,2,dermnet,train
/Users/kyoe/skin_ai/data/dermnet/train/Psoriasis pictures Lichen Planus and related diseases/seborrheic-dermatitis-148.jpg,건선,0,dermnet,train
/Users/kyoe/skin_ai/data/dermnet/train/Eczema Photos/lichen-simplex-chronicus-122.jpg,아토피피부염,1,dermnet,train
/Users/kyoe/skin_ai/data/dermnet/train/Psoriasis pictures Lichen Planus and related diseases/psoriasis-palms-soles-120.jpg,건선,0,dermnet,train
/Users/kyoe/skin_ai/data/dermnet/train/Psoriasis pictures Lichen Planus and related diseases/Lichen-Sclerosus-Skin-7.jpg,건선,0,dermnet,train
/Users/kyoe/skin_ai/data/dermnet/train/Psoriasis pictures Lichen Planus and related diseases/psoriasis-pustular-generalized-41.jpg,건선,0,dermnet,train
/Users/kyoe/skin_ai/data/dermnet/train/Psoriasis pictures Lichen Planus and related diseases/08PsoriasisOnycholysis.jpg,건선,0,dermnet,train
/Users/kyoe/skin_ai/data/dermnet/train/Acne and Rosacea Photos/milia-15.jpg,여드름,2,dermnet,train
/Users/kyoe/skin_ai/data/dermnet/train/Psoriasis pictures Lichen Planus and related diseases/Psoriasis-Histology-24.jpg,건선,0,dermnet,train
/Users/kyoe/skin_ai/data/dermnet/train/Acne and Rosacea Photos/hidradenitis-suppurativa-34.jpg,여드름,2,dermnet,train
/Users/kyoe/skin_ai/data/dermnet/train/Psoriasis pictures Lichen Planus and related diseases/Psoriasis-Guttate-66.jpg,건선,0,dermnet,train
/Users/kyoe/skin_ai/data/dermnet/train/Eczema Photos/eczema-subacute-104.jpg,아토피피부염,1,dermnet,train
/Users/kyoe/skin_ai/data/dermnet/train/Atopic Dermatitis Photos/05hyperlinearCreases1.jpg,아토피피부염,1,dermnet,train
/Users/kyoe/skin_ai/data/dermnet/train/Eczema Photos/eczema-fingertips-92.jpg,아토피피부염,1,dermnet,train
/Users/kyoe/skin_ai/data/dermnet/train/Acne and Rosacea Photos/perioral-dermatitis-135.jpg,여드름,2,dermnet,train
/Users/kyoe/skin_ai/data/dermnet/train/Psoriasis pictures Lichen Planus and related diseases/seborrheic-dermatitis-76.jpg,건선,0,dermnet,train
/Users/kyoe/skin_ai/data/dermnet/train/Acne and Rosacea Photos/rosacea-52.jpg,여드름,2,dermnet,train
/Users/kyoe/skin_ai/data/dermnet/train/Atopic Dermatitis Photos/05atopic022805.jpg,아토피피부염,1,dermnet,train
/Users/kyoe/skin_ai/data/dermnet/train/Eczema Photos/eczema-fingertips-11.jpg,아토피피부염,1,dermnet,train
/Users/kyoe/skin_ai/data/dermnet/train/Eczema Photos/eczema-acute-13.jpg,아토피피부염,1,dermnet,train
/Users/kyoe/skin_ai/data/dermnet/train/Acne and Rosacea Photos/acne-open-comedo-70.jpg,여드름,2,dermnet,train
/Users/kyoe/skin_ai/data/dermnet/train/Psoriasis pictures Lichen Planus and related diseases/Pityriasis-Lichenoides-52.jpg,건선,0,dermnet,train
/Users/kyoe/skin_ai/data/dermnet/train/Acne and Rosacea Photos/perioral-dermatitis-34.jpg,여드름,2,dermnet,train
/Users/kyoe/skin_ai/data/dermnet/train/Eczema Photos/stasis-dermatitis-120.jpg,아토피피부염,1,dermnet,train
/Users/kyoe/skin_ai/data/dermnet/train/Psoriasis pictures Lichen Planus and related diseases/08PsoriasisPitting1.jpg,건선,0,dermnet,train
/Users/kyoe/skin_ai/data/dermnet/train/Atopic Dermatitis Photos/05Atopic0712041.jpg,아토피피부염,1,dermnet,train
/Users/kyoe/skin_ai/data/dermnet/train/Eczema Photos/eczema-leg-20.jpg,아토피피부염,1,dermnet,train
/Users/kyoe/skin_ai/data/dermnet/train/Eczema Photos/eczema-histology-4.jpg,아토피피부염,1,dermnet,train
/Users/kyoe/skin_ai/data/dermnet/train/Eczema Photos/eczema-trunk-generalized-29.jpg,아토피피부염,1,dermnet,train
/Users/kyoe/skin_ai/data/dermnet/train/Psoriasis pictures Lichen Planus and related diseases/Psoriasis-Guttate-33.jpg,건선,0,dermnet,train
/Users/kyoe/skin_ai/data/dermnet/train/Acne and Rosacea Photos/perioral-dermatitis-93.jpg,여드름,2,dermnet,train
/Users/kyoe/skin_ai/data/dermnet/train/Eczema Photos/eczema-chronic-51.jpg,아토피피부염,1,dermnet,train
/Users/kyoe/skin_ai/data/dermnet/train/Psoriasis pictures Lichen Planus and related diseases/Lichen-Sclerosus-Skin-63.jpg,건선,0,dermnet,train
/Users/kyoe/skin_ai/data/dermnet/train/Eczema Photos/eczema-subacute-6.jpg,아토피피부염,1,dermnet,train
/Users/kyoe/skin_ai/data/dermnet/train/Atopic Dermatitis Photos/05Atopic042802.jpg,아토피피부염,1,dermnet,train
/Users/kyoe/skin_ai/data/dermnet/train/Acne and Rosacea Photos/rosacea-57.jpg,여드름,2,dermnet,train
/Users/kyoe/skin_ai/data/dermnet/train/Acne and Rosacea Photos/hidradenitis-suppurativa-57.jpg,여드름,2,dermnet,train
/Users/kyoe/skin_ai/data/dermnet/train/Acne and Rosacea Photos/hidradenitis-suppurativa-94.jpg,여드름,2,dermnet,train
/Users/kyoe/skin_ai/data/dermnet/train/Eczema Photos/eczema-chronic-54.jpg,아토피피부염,1,dermnet,train
/Users/kyoe/skin_ai/data/dermnet/train/Acne and Rosacea Photos/hidradenitis-suppurativa-5.jpg,여드름,2,dermnet,train
/Users/kyoe/skin_ai/data/dermnet/train/Eczema Photos/eczema-arms-3.jpg,아토피피부염,1,dermnet,train
/Users/kyoe/skin_ai/data/dermnet/train/Psoriasis pictures Lichen Planus and related diseases/Psoriasis-Guttate-38.jpg,건선,0,dermnet,train
/Users/kyoe/skin_ai/data/dermnet/train/Acne and Rosacea Photos/acne-open-comedo-15.jpg,여드름,2,dermnet,train
/Users/kyoe/skin_ai/data/dermnet/train/Eczema Photos/eczema-hand-99.jpg,아토피피부염,1,dermnet,train
/Users/kyoe/skin_ai/data/dermnet/train/Psoriasis pictures Lichen Planus and related diseases/Psoriasis-Histology-6.jpg,건선,0,dermnet,train
/Users/kyoe/skin_ai/data/dermnet/train/Eczema Photos/eczema-trunk-generalized-18.jpg,아토피피부염,1,dermnet,train
/Users/kyoe/skin_ai/data/dermnet/train/Eczema Photos/neurotic-excoriations-37.jpg,아토피피부염,1,dermnet,train
/Users/kyoe/skin_ai/data/dermnet/train/Eczema Photos/lichen-simplex-chronicus-144.jpg,아토피피부염,1,dermnet,train
/Users/kyoe/skin_ai/data/dermnet/train/Eczema Photos/eczema-subacute-50.jpg,아토피피부염,1,dermnet,train
/Users/kyoe/skin_ai/data/dermnet/train/Eczema Photos/eczema-asteatotic-21.jpg,아토피피부염,1,dermnet,train
/Users/kyoe/skin_ai/data/dermnet/train/Eczema Photos/eczema-fingertips-98.jpg,아토피피부염,1,dermnet,train
/Users/kyoe/skin_ai/data/dermnet/train/Acne and Rosacea Photos/perioral-dermatitis-53.jpg,여드름,2,dermnet,train
/Users/kyoe/skin_ai/data/dermnet/train/Psoriasis pictures Lichen Planus and related diseases/Psoriasis-Chronic-Plaque-119.jpg,건선,0,dermnet,train
/Users/kyoe/skin_ai/data/dermnet/train/Eczema Photos/eczema-hand-10.jpg,아토피피부염,1,dermnet,train
/Users/kyoe/skin_ai/data/dermnet/train/Psoriasis pictures Lichen Planus and related diseases/Pityriasis-Lichenoides-44.jpg,건선,0,dermnet,train
/Users/kyoe/skin_ai/data/dermnet/train/Psoriasis pictures Lichen Planus and related diseases/lichen-planus-169.jpg,건선,0,dermnet,train
/Users/kyoe/skin_ai/data/dermnet/train/Psoriasis pictures Lichen Planus and related diseases/8Psoriasis1-226.jpg,건선,0,dermnet,train
/Users/kyoe/skin_ai/data/dermnet/train/Psoriasis pictures Lichen Planus and related diseases/pityriasis-rubra-pilaris-7.jpg,건선,0,dermnet,train
/Users/kyoe/skin_ai/data/dermnet/train/Psoriasis pictures Lichen Planus and related diseases/lichen-planus-138.jpg,건선,0,dermnet,train
/Users/kyoe/skin_ai/data/dermnet/train/Eczema Photos/prurigo-nodularis-14.jpg,아토피피부염,1,dermnet,train
/Users/kyoe/skin_ai/data/dermnet/train/Psoriasis pictures Lichen Planus and related diseases/Lichen-Planus-Penis-1.jpg,건선,0,dermnet,train
/Users/kyoe/skin_ai/data/dermnet/train/Eczema Photos/eczema-subacute-94.jpg,아토피피부염,1,dermnet,train
/Users/kyoe/skin_ai/data/dermnet/train/Psoriasis pictures Lichen Planus and related diseases/Lichen-Planus-Oral-20.jpg,건선,0,dermnet,train
/Users/kyoe/skin_ai/data/dermnet/train/Eczema Photos/eczema-chronic-48.jpg,아토피피부염,1,dermnet,train
/Users/kyoe/skin_ai/data/dermnet/train/Psoriasis pictures Lichen Planus and related diseases/psoriasis-palms-soles-151.jpg,건선,0,dermnet,train
/Users/kyoe/skin_ai/data/dermnet/train/Acne and Rosacea Photos/rosacea-nose-26.jpg,여드름,2,dermnet,train
/Users/kyoe/skin_ai/data/dermnet/train/Eczema Photos/eczema-nummular-145.jpg,아토피피부염,1,dermnet,train
/Users/kyoe/skin_ai/data/dermnet/train/Psoriasis pictures Lichen Planus and related diseases/Psoriasis-inversus-32.jpg,건선,0,dermnet,train
/Users/kyoe/skin_ai/data/dermnet/train/Psoriasis pictures Lichen Planus and related diseases/pityriasis-rosea-169.jpg,건선,0,dermnet,train
/Users/kyoe/skin_ai/data/dermnet/train/Acne and Rosacea Photos/acne-pustular-36.jpg,여드름,2,dermnet,train
/Users/kyoe/skin_ai/data/dermnet/train/Eczema Photos/eczema-lids-4.jpg,아토피피부염,1,dermnet,train
/Users/kyoe/skin_ai/data/dermnet/train/Eczema Photos/lichen-simplex-chronicus-117.jpg,아토피피부염,1,dermnet,train
/Users/kyoe/skin_ai/data/dermnet/train/Psoriasis pictures Lichen Planus and related diseases/pityriasis-rosea-186.jpg,건선,0,dermnet,train
/Users/kyoe/skin_ai/data/dermnet/train/Eczema Photos/eczema-subacute-20.jpg,아토피피부염,1,dermnet,train
/Users/kyoe/skin_ai/data/dermnet/train/Eczema Photos/eczema-foot-44.jpg,아토피피부염,1,dermnet,train
/Users/kyoe/skin_ai/data/dermnet/train/Atopic Dermatitis Photos/9IMG012.jpg,아토피피부염,1,dermnet,train
/Users/kyoe/skin_ai/data/dermnet/train/Eczema Photos/eczema-subacute-14.jpg,아토피피부염,1,dermnet,train
/Users/kyoe/skin_ai/data/dermnet/train/Atopic Dermatitis Photos/IchthosisIMG021-GP3.jpg,아토피피부염,1,dermnet,train
/Users/kyoe/skin_ai/data/dermnet/train/Psoriasis pictures Lichen Planus and related diseases/Pityriasis-Lichenoides-15.jpg,건선,0,dermnet,train
/Users/kyoe/skin_ai/data/dermnet/train/Eczema Photos/eczema-nummular-135.jpg,아토피피부염,1,dermnet,train
/Users/kyoe/skin_ai/data/dermnet/train/Eczema Photos/eczema-asteatotic-30.jpg,아토피피부염,1,dermnet,train
/Users/kyoe/skin_ai/data/dermnet/train/Eczema Photos/eczema-nummular-192.jpg,아토피피부염,1,dermnet,train
/Users/kyoe/skin_ai/data/dermnet/train/Psoriasis pictures Lichen Planus and related diseases/Psoriasis-Guttate-28.jpg,건선,0,dermnet,train
/Users/kyoe/skin_ai/data/dermnet/train/Psoriasis pictures Lichen Planus and related diseases/Lichen-Sclerosus-Skin-81.jpg,건선,0,dermnet,train
/Users/kyoe/skin_ai/data/dermnet/train/Psoriasis pictures Lichen Planus and related diseases/psoriasis-pustular-generalized-36.jpg,건선,0,dermnet,train
/Users/kyoe/skin_ai/data/dermnet/train/Psoriasis pictures Lichen Planus and related diseases/Lichen-Sclerosus-Skin-94.jpg,건선,0,dermnet,train
/Users/kyoe/skin_ai/data/dermnet/train/Eczema Photos/eczema-foot-30.jpg,아토피피부염,1,dermnet,train
/Users/kyoe/skin_ai/data/dermnet/train/Eczema Photos/eczema-foot-35.jpg,아토피피부염,1,dermnet,train
/Users/kyoe/skin_ai/data/dermnet/train/Psoriasis pictures Lichen Planus and related diseases/psoriasis-palms-soles-159.jpg,건선,0,dermnet,train
/Users/kyoe/skin_ai/data/dermnet/train/Atopic Dermatitis Photos/05IchthyosisSexLinked030804.jpg,아토피피부염,1,dermnet,train
/Users/kyoe/skin_ai/data/dermnet/train/Eczema Photos/eczema-foot-43.jpg,아토피피부염,1,dermnet,train
/Users/kyoe/skin_ai/data/dermnet/train/Atopic Dermatitis Photos/05Atopic0224.jpg,아토피피부염,1,dermnet,train
/Users/kyoe/skin_ai/data/dermnet/train/Psoriasis pictures Lichen Planus and related diseases/Psoriasis-Hand-36.jpg,건선,0,dermnet,train
/Users/kyoe/skin_ai/data/dermnet/train/Acne and Rosacea Photos/acne-open-comedo-19.jpg,여드름,2,dermnet,train
/Users/kyoe/skin_ai/data/dermnet/train/Acne and Rosacea Photos/perioral-dermatitis-12.jpg,여드름,2,dermnet,train
/Users/kyoe/skin_ai/data/dermnet/train/Psoriasis pictures Lichen Planus and related diseases/Psoriasis-Guttate-112.jpg,건선,0,dermnet,train
/Users/kyoe/skin_ai/data/dermnet/train/Eczema Photos/fiberglass-dermatitis-7.jpg,아토피피부염,1,dermnet,train
/Users/kyoe/skin_ai/data/dermnet/train/Psoriasis pictures Lichen Planus and related diseases/lichen-planus-19.jpg,건선,0,dermnet,train
/Users/kyoe/skin_ai/data/dermnet/train/Psoriasis pictures Lichen Planus and related diseases/Psoriasis-inversus-15.jpg,건선,0,dermnet,train
/Users/kyoe/skin_ai/data/dermnet/train/Eczema Photos/eczema-fingertips-120.jpg,아토피피부염,1,dermnet,train
/Users/kyoe/skin_ai/data/dermnet/train/Eczema Photos/lichen-simplex-chronicus-164.jpg,아토피피부염,1,dermnet,train
/Users/kyoe/skin_ai/data/dermnet/train/Eczema Photos/eczema-subacute-19.jpg,아토피피부염,1,dermnet,train
/Users/kyoe/skin_ai/data/dermnet/train/Psoriasis pictures Lichen Planus and related diseases/08SebDermLids0301041.jpg,건선,0,dermnet,train
/Users/kyoe/skin_ai/data/dermnet/train/Acne and Rosacea Photos/07PerlecheAccutane.jpg,여드름,2,dermnet,train
/Users/kyoe/skin_ai/data/dermnet/train/Eczema Photos/factitial-dermatitis-8.jpg,아토피피부염,1,dermnet,train
/Users/kyoe/skin_ai/data/dermnet/train/Psoriasis pictures Lichen Planus and related diseases/lichen-planus-93.jpg,건선,0,dermnet,train
/Users/kyoe/skin_ai/data/dermnet/train/Acne and Rosacea Photos/rosacea-81.jpg,여드름,2,dermnet,train
/Users/kyoe/skin_ai/data/dermnet/train/Atopic Dermatitis Photos/05mouthChild122206.jpg,아토피피부염,1,dermnet,train
/Users/kyoe/skin_ai/data/dermnet/train/Atopic Dermatitis Photos/IchthosisIMG028-GP3.jpg,아토피피부염,1,dermnet,train
/Users/kyoe/skin_ai/data/dermnet/train/Acne and Rosacea Photos/perioral-dermatitis-31.jpg,여드름,2,dermnet,train
/Users/kyoe/skin_ai/data/dermnet/train/Psoriasis pictures Lichen Planus and related diseases/Psoriasis-penis-2.jpg,건선,0,dermnet,train
/Users/kyoe/skin_ai/data/dermnet/train/Acne and Rosacea Photos/rosacea-108.jpg,여드름,2,dermnet,train
/Users/kyoe/skin_ai/data/dermnet/train/Acne and Rosacea Photos/acne-cystic-121.jpg,여드름,2,dermnet,train
/Users/kyoe/skin_ai/data/dermnet/train/Eczema Photos/eczema-leg-5.jpg,아토피피부염,1,dermnet,train
/Users/kyoe/skin_ai/data/dermnet/train/Acne and Rosacea Photos/acne-pustular-48.jpg,여드름,2,dermnet,train
/Users/kyoe/skin_ai/data/dermnet/train/Psoriasis pictures Lichen Planus and related diseases/psoriasis-palms-soles-133.jpg,건선,0,dermnet,train
/Users/kyoe/skin_ai/data/dermnet/train/Psoriasis pictures Lichen Planus and related diseases/Psoriasis-treatment-7.jpg,건선,0,dermnet,train
/Users/kyoe/skin_ai/data/dermnet/train/Eczema Photos/eczema-nummular-162.jpg,아토피피부염,1,dermnet,train
/Users/kyoe/skin_ai/data/dermnet/train/Eczema Photos/lichen-simplex-chronicus-15.jpg,아토피피부염,1,dermnet,train
/Users/kyoe/skin_ai/data/dermnet/train/Eczema Photos/eczema-foot-62.jpg,아토피피부염,1,dermnet,train
/Users/kyoe/skin_ai/data/dermnet/train/Atopic Dermatitis Photos/1IMG002.jpg,아토피피부염,1,dermnet,train
/Users/kyoe/skin_ai/data/dermnet/train/Eczema Photos/eczema-hand-108.jpg,아토피피부염,1,dermnet,train
/Users/kyoe/skin_ai/data/dermnet/train/Acne and Rosacea Photos/acne-open-comedo-35.jpg,여드름,2,dermnet,train
/Users/kyoe/skin_ai/data/dermnet/train/Acne and Rosacea Photos/rosacea-98.jpg,여드름,2,dermnet,train
/Users/kyoe/skin_ai/data/dermnet/train/Psoriasis pictures Lichen Planus and related diseases/Lichen-Planus-Drug-7.jpg,건선,0,dermnet,train
/Users/kyoe/skin_ai/data/dermnet/train/Psoriasis pictures Lichen Planus and related diseases/psoriasis-erythrodermic-21.jpg,건선,0,dermnet,train
/Users/kyoe/skin_ai/data/dermnet/train/Psoriasis pictures Lichen Planus and related diseases/Lichen-Planus-Oral-4.jpg,건선,0,dermnet,train
/Users/kyoe/skin_ai/data/dermnet/train/Eczema Photos/eczema-fingertips-66.jpg,아토피피부염,1,dermnet,train
/Users/kyoe/skin_ai/data/dermnet/train/Psoriasis pictures Lichen Planus and related diseases/08SebDermScalp3.jpg,건선,0,dermnet,train
/Users/kyoe/skin_ai/data/dermnet/train/Psoriasis pictures Lichen Planus and related diseases/psoriasis-palms-soles-174.jpg,건선,0,dermnet,train
/Users/kyoe/skin_ai/data/dermnet/train/Eczema Photos/eczema-foot-49.jpg,아토피피부염,1,dermnet,train
/Users/kyoe/skin_ai/data/dermnet/train/Eczema Photos/chapped-fissured-feet-15.jpg,아토피피부염,1,dermnet,train
/Users/kyoe/skin_ai/data/dermnet/train/Acne and Rosacea Photos/acne-cystic-48.jpg,여드름,2,dermnet,train
/Users/kyoe/skin_ai/data/dermnet/train/Eczema Photos/stasis-dermatitis-27.jpg,아토피피부염,1,dermnet,train
/Users/kyoe/skin_ai/data/dermnet/train/Acne and Rosacea Photos/acne-scar-6.jpg,여드름,2,dermnet,train
/Users/kyoe/skin_ai/data/dermnet/train/Acne and Rosacea Photos/acne-closed-comedo-27.jpg,여드름,2,dermnet,train
/Users/kyoe/skin_ai/data/dermnet/train/Acne and Rosacea Photos/acne-pustular-50.jpg,여드름,2,dermnet,train
/Users/kyoe/skin_ai/data/dermnet/train/Eczema Photos/eczema-chronic-52.jpg,아토피피부염,1,dermnet,train
/Users/kyoe/skin_ai/data/dermnet/train/Atopic Dermatitis Photos/15IMG003.jpg,아토피피부염,1,dermnet,train
/Users/kyoe/skin_ai/data/dermnet/train/Acne and Rosacea Photos/acne-open-comedo-44.jpg,여드름,2,dermnet,train
/Users/kyoe/skin_ai/data/dermnet/train/Acne and Rosacea Photos/acne-pustular-71.jpg,여드름,2,dermnet,train
/Users/kyoe/skin_ai/data/dermnet/train/Acne and Rosacea Photos/perioral-dermatitis-103.jpg,여드름,2,dermnet,train
/Users/kyoe/skin_ai/data/dermnet/train/Atopic Dermatitis Photos/IchthosisIMG023-GP3.jpg,아토피피부염,1,dermnet,train
/Users/kyoe/skin_ai/data/dermnet/train/Eczema Photos/eczema-lids-8.jpg,아토피피부염,1,dermnet,train
/Users/kyoe/skin_ai/data/dermnet/train/Acne and Rosacea Photos/perioral-dermatitis-99.jpg,여드름,2,dermnet,train
/Users/kyoe/skin_ai/data/dermnet/train/Eczema Photos/keratolysis-exfoliativa-52.jpg,아토피피부염,1,dermnet,train
/Users/kyoe/skin_ai/data/dermnet/train/Psoriasis pictures Lichen Planus and related diseases/lichen-planus-176.jpg,건선,0,dermnet,train
/Users/kyoe/skin_ai/data/dermnet/train/Eczema Photos/lichen-simplex-chronicus-159.jpg,아토피피부염,1,dermnet,train
/Users/kyoe/skin_ai/data/dermnet/train/Acne and Rosacea Photos/acne-excoriated-27.jpg,여드름,2,dermnet,train
/Users/kyoe/skin_ai/data/dermnet/train/Atopic Dermatitis Photos/05atopic0411056.jpg,아토피피부염,1,dermnet,train
/Users/kyoe/skin_ai/data/dermnet/train/Psoriasis pictures Lichen Planus and related diseases/08PsoriasisGroin.jpg,건선,0,dermnet,train
/Users/kyoe/skin_ai/data/dermnet/train/Psoriasis pictures Lichen Planus and related diseases/psoriasis-scalp-103.jpg,건선,0,dermnet,train
/Users/kyoe/skin_ai/data/dermnet/train/Psoriasis pictures Lichen Planus and related diseases/Lichen-Sclerosis-Vulva-1.jpg,건선,0,dermnet,train
/Users/kyoe/skin_ai/data/dermnet/train/Psoriasis pictures Lichen Planus and related diseases/pityriasis-rosea-17.jpg,건선,0,dermnet,train
/Users/kyoe/skin_ai/data/dermnet/train/Psoriasis pictures Lichen Planus and related diseases/seborrheic-dermatitis-140.jpg,건선,0,dermnet,train
/Users/kyoe/skin_ai/data/dermnet/train/Psoriasis pictures Lichen Planus and related diseases/pityriasis-rosea-10.jpg,건선,0,dermnet,train
/Users/kyoe/skin_ai/data/dermnet/train/Acne and Rosacea Photos/acne-cystic-133.jpg,여드름,2,dermnet,train
/Users/kyoe/skin_ai/data/dermnet/train/Eczema Photos/prurigo-nodularis-2.jpg,아토피피부염,1,dermnet,train
/Users/kyoe/skin_ai/data/dermnet/train/Psoriasis pictures Lichen Planus and related diseases/psoriasis-palms-soles-102.jpg,건선,0,dermnet,train
/Users/kyoe/skin_ai/data/dermnet/train/Eczema Photos/eczema-subacute-103.jpg,아토피피부염,1,dermnet,train
/Users/kyoe/skin_ai/data/dermnet/train/Acne and Rosacea Photos/hidradenitis-suppurativa-18.jpg,여드름,2,dermnet,train
/Users/kyoe/skin_ai/data/dermnet/train/Atopic Dermatitis Photos/05SexLinkedEchthyosis02234.jpg,아토피피부염,1,dermnet,train
/Users/kyoe/skin_ai/data/dermnet/train/Acne and Rosacea Photos/rosacea-30.jpg,여드름,2,dermnet,train
/Users/kyoe/skin_ai/data/dermnet/train/Acne and Rosacea Photos/acne-cystic-106.jpg,여드름,2,dermnet,train
/Users/kyoe/skin_ai/data/dermnet/train/Eczema Photos/eczema-foot-75.jpg,아토피피부염,1,dermnet,train
/Users/kyoe/skin_ai/data/dermnet/train/Eczema Photos/stasis-dermatitis-83.jpg,아토피피부염,1,dermnet,train
/Users/kyoe/skin_ai/data/dermnet/train/Acne and Rosacea Photos/nevus-comedonicus-2.jpg,여드름,2,dermnet,train
/Users/kyoe/skin_ai/data/dermnet/train/Atopic Dermatitis Photos/12IMG002.jpg,아토피피부염,1,dermnet,train
/Users/kyoe/skin_ai/data/dermnet/train/Eczema Photos/prurigo-nodularis-7.jpg,아토피피부염,1,dermnet,train
/Users/kyoe/skin_ai/data/dermnet/train/Psoriasis pictures Lichen Planus and related diseases/Lichen-Sclerosus-Penis-34.jpg,건선,0,dermnet,train
/Users/kyoe/skin_ai/data/dermnet/train/Eczema Photos/eczema-face-4.jpg,아토피피부염,1,dermnet,train
/Users/kyoe/skin_ai/data/dermnet/train/Acne and Rosacea Photos/fordyce-spots-4.jpg,여드름,2,dermnet,train
/Users/kyoe/skin_ai/data/dermnet/train/Acne and Rosacea Photos/perioral-dermatitis-55.jpg,여드름,2,dermnet,train
/Users/kyoe/skin_ai/data/dermnet/train/Acne and Rosacea Photos/acne-cystic-112.jpg,여드름,2,dermnet,train
/Users/kyoe/skin_ai/data/dermnet/train/Eczema Photos/eczema-foot-26.jpg,아토피피부염,1,dermnet,train
/Users/kyoe/skin_ai/data/dermnet/train/Atopic Dermatitis Photos/05child061205.jpg,아토피피부염,1,dermnet,train
/Users/kyoe/skin_ai/data/dermnet/train/Psoriasis pictures Lichen Planus and related diseases/psoriasis-digits-3.jpg,건선,0,dermnet,train
/Users/kyoe/skin_ai/data/dermnet/train/Psoriasis pictures Lichen Planus and related diseases/lichen-planus-vaginal-11.jpg,건선,0,dermnet,train
/Users/kyoe/skin_ai/data/dermnet/train/Atopic Dermatitis Photos/5T-0020.jpg,아토피피부염,1,dermnet,train
/Users/kyoe/skin_ai/data/dermnet/train/Acne and Rosacea Photos/rosacea-nose-25.jpg,여드름,2,dermnet,train
/Users/kyoe/skin_ai/data/dermnet/train/Psoriasis pictures Lichen Planus and related diseases/Psoriasis-inversus-33.jpg,건선,0,dermnet,train
/Users/kyoe/skin_ai/data/dermnet/train/Psoriasis pictures Lichen Planus and related diseases/pityriasis-rubra-pilaris-29.jpg,건선,0,dermnet,train
/Users/kyoe/skin_ai/data/dermnet/train/Eczema Photos/eczema-subacute-65.jpg,아토피피부염,1,dermnet,train
/Users/kyoe/skin_ai/data/dermnet/train/Eczema Photos/eczema-acute-12.jpg,아토피피부염,1,dermnet,train
/Users/kyoe/skin_ai/data/dermnet/train/Eczema Photos/eczema-fingertips-96.jpg,아토피피부염,1,dermnet,train
/Users/kyoe/skin_ai/data/dermnet/train/Acne and Rosacea Photos/rosacea-36.jpg,여드름,2,dermnet,train
/Users/kyoe/skin_ai/data/dermnet/train/Psoriasis pictures Lichen Planus and related diseases/Psoriasis-Hand-27.jpg,건선,0,dermnet,train
/Users/kyoe/skin_ai/data/dermnet/train/Acne and Rosacea Photos/perioral-dermatitis-58.jpg,여드름,2,dermnet,train
/Users/kyoe/skin_ai/data/dermnet/train/Acne and Rosacea Photos/milia-16.jpg,여드름,2,dermnet,train
/Users/kyoe/skin_ai/data/dermnet/train/Eczema Photos/eczema-nummular-197.jpg,아토피피부염,1,dermnet,train
/Users/kyoe/skin_ai/data/dermnet/train/Eczema Photos/eczema-foot-28.jpg,아토피피부염,1,dermnet,train
/Users/kyoe/skin_ai/data/dermnet/train/Psoriasis pictures Lichen Planus and related diseases/08SebDErmPresternal.jpg,건선,0,dermnet,train
/Users/kyoe/skin_ai/data/dermnet/train/Psoriasis pictures Lichen Planus and related diseases/Psoriasis-nails-32.jpg,건선,0,dermnet,train
/Users/kyoe/skin_ai/data/dermnet/train/Atopic Dermatitis Photos/05wrist0612051.jpg,아토피피부염,1,dermnet,train
/Users/kyoe/skin_ai/data/dermnet/train/Atopic Dermatitis Photos/05keratosisPilaris020120.jpg,아토피피부염,1,dermnet,train
/Users/kyoe/skin_ai/data/dermnet/train/Acne and Rosacea Photos/rosacea-nose-12.jpg,여드름,2,dermnet,train
/Users/kyoe/skin_ai/data/dermnet/train/Eczema Photos/stasis-dermatitis-150.jpg,아토피피부염,1,dermnet,train
/Users/kyoe/skin_ai/data/dermnet/train/Acne and Rosacea Photos/perioral-dermatitis-49.jpg,여드름,2,dermnet,train
/Users/kyoe/skin_ai/data/dermnet/train/Acne and Rosacea Photos/acne-cystic-52.jpg,여드름,2,dermnet,train
/Users/kyoe/skin_ai/data/dermnet/train/Eczema Photos/eczema-hand-127.jpg,아토피피부염,1,dermnet,train
/Users/kyoe/skin_ai/data/dermnet/train/Eczema Photos/eczema-hand-184.jpg,아토피피부염,1,dermnet,train
/Users/kyoe/skin_ai/data/dermnet/train/Psoriasis pictures Lichen Planus and related diseases/Lichen-Planus-Oral-8.jpg,건선,0,dermnet,train
/Users/kyoe/skin_ai/data/dermnet/train/Psoriasis pictures Lichen Planus and related diseases/Lichen-Planus-Drug-10.jpg,건선,0,dermnet,train
/Users/kyoe/skin_ai/data/dermnet/train/Psoriasis pictures Lichen Planus and related diseases/Lichen-Sclerosus-Skin-73.jpg,건선,0,dermnet,train
/Users/kyoe/skin_ai/data/dermnet/train/Psoriasis pictures Lichen Planus and related diseases/Lichen-Planus-Palm-Soles-3.jpg,건선,0,dermnet,train
/Users/kyoe/skin_ai/data/dermnet/train/Atopic Dermatitis Photos/05atopicChild0719042.jpg,아토피피부염,1,dermnet,train
/Users/kyoe/skin_ai/data/dermnet/train/Psoriasis pictures Lichen Planus and related diseases/Lichen-Nitidus-18.jpg,건선,0,dermnet,train
/Users/kyoe/skin_ai/data/dermnet/train/Psoriasis pictures Lichen Planus and related diseases/Psoriasis-Guttate-29.jpg,건선,0,dermnet,train
/Users/kyoe/skin_ai/data/dermnet/train/Psoriasis pictures Lichen Planus and related diseases/lichen-planus-85.jpg,건선,0,dermnet,train
/Users/kyoe/skin_ai/data/dermnet/train/Acne and Rosacea Photos/acne-infantile-4.jpg,여드름,2,dermnet,train
/Users/kyoe/skin_ai/data/dermnet/train/Acne and Rosacea Photos/acne-cystic-94.jpg,여드름,2,dermnet,train
/Users/kyoe/skin_ai/data/dermnet/train/Psoriasis pictures Lichen Planus and related diseases/pityriasis-rosea-124.jpg,건선,0,dermnet,train
/Users/kyoe/skin_ai/data/dermnet/train/Psoriasis pictures Lichen Planus and related diseases/08SebDermScalp.jpg,건선,0,dermnet,train
/Users/kyoe/skin_ai/data/dermnet/train/Psoriasis pictures Lichen Planus and related diseases/Psoriasis-nails-22.jpg,건선,0,dermnet,train
/Users/kyoe/skin_ai/data/dermnet/train/Psoriasis pictures Lichen Planus and related diseases/Pityriasis-Lichenoides-30.jpg,건선,0,dermnet,train
/Users/kyoe/skin_ai/data/dermnet/train/Psoriasis pictures Lichen Planus and related diseases/psoriasis-scalp-57.jpg,건선,0,dermnet,train
/Users/kyoe/skin_ai/data/dermnet/train/Acne and Rosacea Photos/acne-open-comedo-5.jpg,여드름,2,dermnet,train
/Users/kyoe/skin_ai/data/dermnet/train/Psoriasis pictures Lichen Planus and related diseases/psoriasis-palms-soles-92.jpg,건선,0,dermnet,train
/Users/kyoe/skin_ai/data/dermnet/train/Acne and Rosacea Photos/acne-pustular-3.jpg,여드름,2,dermnet,train
/Users/kyoe/skin_ai/data/dermnet/train/Psoriasis pictures Lichen Planus and related diseases/psoriasis-palms-soles-166.jpg,건선,0,dermnet,train
/Users/kyoe/skin_ai/data/dermnet/train/Eczema Photos/eczema-lids-10.jpg,아토피피부염,1,dermnet,train
/Users/kyoe/skin_ai/data/dermnet/train/Eczema Photos/03ChronicStaisis1.jpg,아토피피부염,1,dermnet,train
/Users/kyoe/skin_ai/data/dermnet/train/Acne and Rosacea Photos/07RosaceaK02162.jpg,여드름,2,dermnet,train
/Users/kyoe/skin_ai/data/dermnet/train/Psoriasis pictures Lichen Planus and related diseases/lichen-planus-161.jpg,건선,0,dermnet,train
/Users/kyoe/skin_ai/data/dermnet/train/Acne and Rosacea Photos/rosacea-nose-52.jpg,여드름,2,dermnet,train
/Users/kyoe/skin_ai/data/dermnet/train/Eczema Photos/eczema-trunk-generalized-3.jpg,아토피피부염,1,dermnet,train
/Users/kyoe/skin_ai/data/dermnet/train/Psoriasis pictures Lichen Planus and related diseases/psoriasis-pustular-generalized-15.jpg,건선,0,dermnet,train
/Users/kyoe/skin_ai/data/dermnet/train/Psoriasis pictures Lichen Planus and related diseases/08biteLine1101051.jpg,건선,0,dermnet,train
/Users/kyoe/skin_ai/data/dermnet/train/Eczema Photos/eczema-face-6.jpg,아토피피부염,1,dermnet,train
/Users/kyoe/skin_ai/data/dermnet/train/Psoriasis pictures Lichen Planus and related diseases/Lichen-Sclerosis-Vulva-20.jpg,건선,0,dermnet,train
/Users/kyoe/skin_ai/data/dermnet/train/Acne and Rosacea Photos/hidradenitis-suppurativa-91.jpg,여드름,2,dermnet,train
/Users/kyoe/skin_ai/data/dermnet/train/Eczema Photos/eczema-fingertips-2.jpg,아토피피부염,1,dermnet,train
/Users/kyoe/skin_ai/data/dermnet/train/Eczema Photos/eczema-hand-132.jpg,아토피피부염,1,dermnet,train
/Users/kyoe/skin_ai/data/dermnet/train/Psoriasis pictures Lichen Planus and related diseases/Psoriasis-Interferon-Injection-0823042.jpg,건선,0,dermnet,train
/Users/kyoe/skin_ai/data/dermnet/train/Eczema Photos/eczema-hand-191.jpg,아토피피부염,1,dermnet,train
/Users/kyoe/skin_ai/data/dermnet/train/Acne and Rosacea Photos/hidradenitis-suppurativa-40.jpg,여드름,2,dermnet,train
/Users/kyoe/skin_ai/data/dermnet/train/Atopic Dermatitis Photos/05atopicChild0828062.jpg,아토피피부염,1,dermnet,train
/Users/kyoe/skin_ai/data/dermnet/train/Eczema Photos/03EczemaExcoriated.jpg,아토피피부염,1,dermnet,train
/Users/kyoe/skin_ai/data/dermnet/train/Atopic Dermatitis Photos/05Atopic10066.jpg,아토피피부염,1,dermnet,train
/Users/kyoe/skin_ai/data/dermnet/train/Acne and Rosacea Photos/hidradenitis-suppurativa-103.jpg,여드름,2,dermnet,train
/Users/kyoe/skin_ai/data/dermnet/train/Eczema Photos/eczema-nummular-15.jpg,아토피피부염,1,dermnet,train
/Users/kyoe/skin_ai/data/dermnet/train/Psoriasis pictures Lichen Planus and related diseases/psoriasis-scalp-76.jpg,건선,0,dermnet,train
/Users/kyoe/skin_ai/data/dermnet/train/Eczema Photos/stasis-dermatitis-128.jpg,아토피피부염,1,dermnet,train
/Users/kyoe/skin_ai/data/dermnet/train/Acne and Rosacea Photos/hidradenitis-suppurativa-60.jpg,여드름,2,dermnet,train
/Users/kyoe/skin_ai/data/dermnet/train/Atopic Dermatitis Photos/10IMG001.jpg,아토피피부염,1,dermnet,train
/Users/kyoe/skin_ai/data/dermnet/train/Psoriasis pictures Lichen Planus and related diseases/Psoriasis-Chronic-Plaque-113.jpg,건선,0,dermnet,train
/Users/kyoe/skin_ai/data/dermnet/train/Eczema Photos/lichen-simplex-chronicus-135.jpg,아토피피부염,1,dermnet,train
/Users/kyoe/skin_ai/data/dermnet/train/Psoriasis pictures Lichen Planus and related diseases/pityriasis-rosea-81.jpg,건선,0,dermnet,train
/Users/kyoe/skin_ai/data/dermnet/train/Acne and Rosacea Photos/hidradenitis-suppurativa-61.jpg,여드름,2,dermnet,train
/Users/kyoe/skin_ai/data/dermnet/train/Atopic Dermatitis Photos/4th1IMG021.jpg,아토피피부염,1,dermnet,train
/Users/kyoe/skin_ai/data/dermnet/train/Atopic Dermatitis Photos/05keratosisPilaris0807061.jpg,아토피피부염,1,dermnet,train
/Users/kyoe/skin_ai/data/dermnet/train/Atopic Dermatitis Photos/05atopic011005.jpg,아토피피부염,1,dermnet,train
/Users/kyoe/skin_ai/data/dermnet/train/Acne and Rosacea Photos/07sebDerem110105.jpg,여드름,2,dermnet,train
/Users/kyoe/skin_ai/data/dermnet/train/Psoriasis pictures Lichen Planus and related diseases/pityriasis-rosea-105.jpg,건선,0,dermnet,train
/Users/kyoe/skin_ai/data/dermnet/train/Acne and Rosacea Photos/07SteroidRosGlab.jpg,여드름,2,dermnet,train
/Users/kyoe/skin_ai/data/dermnet/train/Eczema Photos/lichen-simplex-chronicus-195.jpg,아토피피부염,1,dermnet,train
/Users/kyoe/skin_ai/data/dermnet/train/Eczema Photos/desquamation-5.jpg,아토피피부염,1,dermnet,train
/Users/kyoe/skin_ai/data/dermnet/train/Psoriasis pictures Lichen Planus and related diseases/seborrheic-dermatitis-110.jpg,건선,0,dermnet,train
/Users/kyoe/skin_ai/data/dermnet/train/Acne and Rosacea Photos/acne-pustular-44.jpg,여드름,2,dermnet,train
/Users/kyoe/skin_ai/data/dermnet/train/Acne and Rosacea Photos/acne-pustular-33.jpg,여드름,2,dermnet,train
/Users/kyoe/skin_ai/data/dermnet/train/Atopic Dermatitis Photos/3Eczema1-057.jpg,아토피피부염,1,dermnet,train
/Users/kyoe/skin_ai/data/dermnet/train/Psoriasis pictures Lichen Planus and related diseases/Lichen-Sclerosus-Skin-27.jpg,건선,0,dermnet,train
/Users/kyoe/skin_ai/data/dermnet/train/Eczema Photos/eczema-nummular-167.jpg,아토피피부염,1,dermnet,train
/Users/kyoe/skin_ai/data/dermnet/train/Acne and Rosacea Photos/acne-excoriated-29.jpg,여드름,2,dermnet,train
/Users/kyoe/skin_ai/data/dermnet/train/Psoriasis pictures Lichen Planus and related diseases/Psoriasis-Hand-28.jpg,건선,0,dermnet,train
/Users/kyoe/skin_ai/data/dermnet/train/Psoriasis pictures Lichen Planus and related diseases/Lichen-Planus-Drug-12.jpg,건선,0,dermnet,train
/Users/kyoe/skin_ai/data/dermnet/train/Eczema Photos/chapped-fissured-feet-7.jpg,아토피피부염,1,dermnet,train
/Users/kyoe/skin_ai/data/dermnet/train/Psoriasis pictures Lichen Planus and related diseases/Psoriasis-Hand-23.jpg,건선,0,dermnet,train
/Users/kyoe/skin_ai/data/dermnet/train/Acne and Rosacea Photos/rosacea-86.jpg,여드름,2,dermnet,train
/Users/kyoe/skin_ai/data/dermnet/train/Eczema Photos/eczema-trunk-generalized-10.jpg,아토피피부염,1,dermnet,train
/Users/kyoe/skin_ai/data/dermnet/train/Eczema Photos/eczema-hand-96.jpg,아토피피부염,1,dermnet,train
/Users/kyoe/skin_ai/data/dermnet/train/Psoriasis pictures Lichen Planus and related diseases/Psoriasis-Interferon-Injection-08230425.jpg,건선,0,dermnet,train
/Users/kyoe/skin_ai/data/dermnet/train/Eczema Photos/keratolysis-exfoliativa-17.jpg,아토피피부염,1,dermnet,train
/Users/kyoe/skin_ai/data/dermnet/train/Psoriasis pictures Lichen Planus and related diseases/psoriasis-palms-soles-158.jpg,건선,0,dermnet,train
/Users/kyoe/skin_ai/data/dermnet/train/Psoriasis pictures Lichen Planus and related diseases/Psoriasis-Light-Sensative-2.jpg,건선,0,dermnet,train
/Users/kyoe/skin_ai/data/dermnet/train/Psoriasis pictures Lichen Planus and related diseases/lichen-planus-171.jpg,건선,0,dermnet,train
/Users/kyoe/skin_ai/data/dermnet/train/Eczema Photos/prurigo-nodularis-3.jpg,아토피피부염,1,dermnet,train
/Users/kyoe/skin_ai/data/dermnet/train/Eczema Photos/eczema-trunk-generalized-19.jpg,아토피피부염,1,dermnet,train
/Users/kyoe/skin_ai/data/dermnet/train/Atopic Dermatitis Photos/05atopicFoot0801051.jpg,아토피피부염,1,dermnet,train
/Users/kyoe/skin_ai/data/dermnet/train/Eczema Photos/chapped-fissured-feet-20.jpg,아토피피부염,1,dermnet,train
/Users/kyoe/skin_ai/data/dermnet/train/Psoriasis pictures Lichen Planus and related diseases/Lichen-Sclerosus-Skin-42.jpg,건선,0,dermnet,train
/Users/kyoe/skin_ai/data/dermnet/train/Psoriasis pictures Lichen Planus and related diseases/Pityriasis-Lichenoides-51.jpg,건선,0,dermnet,train
/Users/kyoe/skin_ai/data/dermnet/train/Psoriasis pictures Lichen Planus and related diseases/seborrheic-dermatitis-98.jpg,건선,0,dermnet,train
/Users/kyoe/skin_ai/data/dermnet/train/Acne and Rosacea Photos/acne-pustular-68.jpg,여드름,2,dermnet,train
/Users/kyoe/skin_ai/data/dermnet/train/Psoriasis pictures Lichen Planus and related diseases/psoriasis-scalp-21.jpg,건선,0,dermnet,train
/Users/kyoe/skin_ai/data/dermnet/train/Psoriasis pictures Lichen Planus and related diseases/seborrheic-dermatitis-128.jpg,건선,0,dermnet,train
/Users/kyoe/skin_ai/data/dermnet/train/Psoriasis pictures Lichen Planus and related diseases/pityriasis-rosea-151.jpg,건선,0,dermnet,train
/Users/kyoe/skin_ai/data/dermnet/train/Acne and Rosacea Photos/acne-cystic-145.jpg,여드름,2,dermnet,train
/Users/kyoe/skin_ai/data/dermnet/train/Acne and Rosacea Photos/perioral-dermatitis-83.jpg,여드름,2,dermnet,train
/Users/kyoe/skin_ai/data/dermnet/train/Eczema Photos/desquamation-8.jpg,아토피피부염,1,dermnet,train
/Users/kyoe/skin_ai/data/dermnet/train/Acne and Rosacea Photos/perioral-dermatitis-2.jpg,여드름,2,dermnet,train
/Users/kyoe/skin_ai/data/dermnet/train/Eczema Photos/keratolysis-exfoliativa-6.jpg,아토피피부염,1,dermnet,train
/Users/kyoe/skin_ai/data/dermnet/train/Atopic Dermatitis Photos/8IMG013.jpg,아토피피부염,1,dermnet,train
/Users/kyoe/skin_ai/data/dermnet/train/Atopic Dermatitis Photos/05AtopicChild010120.jpg,아토피피부염,1,dermnet,train
/Users/kyoe/skin_ai/data/dermnet/train/Psoriasis pictures Lichen Planus and related diseases/lichen-planus-108.jpg,건선,0,dermnet,train
/Users/kyoe/skin_ai/data/dermnet/train/Atopic Dermatitis Photos/05Atopic042803.jpg,아토피피부염,1,dermnet,train
/Users/kyoe/skin_ai/data/dermnet/train/Eczema Photos/neurotic-excoriations-8.jpg,아토피피부염,1,dermnet,train
/Users/kyoe/skin_ai/data/dermnet/train/Psoriasis pictures Lichen Planus and related diseases/psoriasis-palms-soles-127.jpg,건선,0,dermnet,train
/Users/kyoe/skin_ai/data/dermnet/train/Atopic Dermatitis Photos/05Atopic02161.jpg,아토피피부염,1,dermnet,train
/Users/kyoe/skin_ai/data/dermnet/train/Atopic Dermatitis Photos/05atopicFace1003051.jpg,아토피피부염,1,dermnet,train
/Users/kyoe/skin_ai/data/dermnet/train/Eczema Photos/Dyshidrosis-15.jpg,아토피피부염,1,dermnet,train
/Users/kyoe/skin_ai/data/dermnet/train/Eczema Photos/chapped-fissured-feet-9.jpg,아토피피부염,1,dermnet,train
/Users/kyoe/skin_ai/data/dermnet/train/Eczema Photos/eczema-fingertips-38.jpg,아토피피부염,1,dermnet,train
/Users/kyoe/skin_ai/data/dermnet/train/Psoriasis pictures Lichen Planus and related diseases/Lichen-Planus-Oral-36.jpg,건선,0,dermnet,train
/Users/kyoe/skin_ai/data/dermnet/train/Psoriasis pictures Lichen Planus and related diseases/Psoriasis-Guttate-42.jpg,건선,0,dermnet,train
/Users/kyoe/skin_ai/data/dermnet/train/Acne and Rosacea Photos/acne-pustular-63.jpg,여드름,2,dermnet,train
/Users/kyoe/skin_ai/data/dermnet/train/Eczema Photos/eczema-asteatotic-3.jpg,아토피피부염,1,dermnet,train
/Users/kyoe/skin_ai/data/dermnet/train/Eczema Photos/lichen-simplex-chronicus-114.jpg,아토피피부염,1,dermnet,train
/Users/kyoe/skin_ai/data/dermnet/train/Psoriasis pictures Lichen Planus and related diseases/Psoriasis-nails-12.jpg,건선,0,dermnet,train
/Users/kyoe/skin_ai/data/dermnet/train/Eczema Photos/chapped-fissured-feet-31.jpg,아토피피부염,1,dermnet,train
/Users/kyoe/skin_ai/data/dermnet/train/Acne and Rosacea Photos/hidradenitis-suppurativa-92.jpg,여드름,2,dermnet,train
/Users/kyoe/skin_ai/data/dermnet/train/Psoriasis pictures Lichen Planus and related diseases/seborrheic-dermatitis-102.jpg,건선,0,dermnet,train
/Users/kyoe/skin_ai/data/dermnet/train/Eczema Photos/eczema-fingertips-124.jpg,아토피피부염,1,dermnet,train
/Users/kyoe/skin_ai/data/dermnet/train/Acne and Rosacea Photos/acne-open-comedo-52.jpg,여드름,2,dermnet,train
/Users/kyoe/skin_ai/data/dermnet/train/Acne and Rosacea Photos/rosacea-nose-50.jpg,여드름,2,dermnet,train
/Users/kyoe/skin_ai/data/dermnet/train/Psoriasis pictures Lichen Planus and related diseases/Psoriasis-Anus-10.jpg,건선,0,dermnet,train
/Users/kyoe/skin_ai/data/dermnet/train/Psoriasis pictures Lichen Planus and related diseases/psoriasis-pustular-generalized-61.jpg,건선,0,dermnet,train
/Users/kyoe/skin_ai/data/dermnet/train/Eczema Photos/eczema-asteatotic-55.jpg,아토피피부염,1,dermnet,train
/Users/kyoe/skin_ai/data/dermnet/train/Psoriasis pictures Lichen Planus and related diseases/lichen-striatus-2.jpg,건선,0,dermnet,train
/Users/kyoe/skin_ai/data/dermnet/train/Eczema Photos/stasis-dermatitis-90.jpg,아토피피부염,1,dermnet,train
/Users/kyoe/skin_ai/data/dermnet/train/Eczema Photos/eczema-fingertips-97.jpg,아토피피부염,1,dermnet,train
/Users/kyoe/skin_ai/data/dermnet/train/Atopic Dermatitis Photos/11IMG003.jpg,아토피피부염,1,dermnet,train
/Users/kyoe/skin_ai/data/dermnet/train/Atopic Dermatitis Photos/05PityriasisAlbaq.jpg,아토피피부염,1,dermnet,train
/Users/kyoe/skin_ai/data/dermnet/train/Acne and Rosacea Photos/acne-cystic-40.jpg,여드름,2,dermnet,train
/Users/kyoe/skin_ai/data/dermnet/train/Psoriasis pictures Lichen Planus and related diseases/Lichen-Planus-Oral-38.jpg,건선,0,dermnet,train
/Users/kyoe/skin_ai/data/dermnet/train/Psoriasis pictures Lichen Planus and related diseases/lichen-planus-134.jpg,건선,0,dermnet,train
/Users/kyoe/skin_ai/data/dermnet/train/Eczema Photos/stasis-dermatitis-106.jpg,아토피피부염,1,dermnet,train
/Users/kyoe/skin_ai/data/dermnet/train/Eczema Photos/eczema-fingertips-34.jpg,아토피피부염,1,dermnet,train
/Users/kyoe/skin_ai/data/dermnet/train/Psoriasis pictures Lichen Planus and related diseases/lichen-planus-13.jpg,건선,0,dermnet,train
/Users/kyoe/skin_ai/data/dermnet/train/Eczema Photos/Dyshidrosis-1.jpg,아토피피부염,1,dermnet,train
/Users/kyoe/skin_ai/data/dermnet/train/Psoriasis pictures Lichen Planus and related diseases/Psoriasis-Chronic-Plaque-169.jpg,건선,0,dermnet,train
/Users/kyoe/skin_ai/data/dermnet/train/Atopic Dermatitis Photos/05AtopicDermHand.jpg,아토피피부염,1,dermnet,train
/Users/kyoe/skin_ai/data/dermnet/train/Psoriasis pictures Lichen Planus and related diseases/Lichen-Sclerosus-Skin-22.jpg,건선,0,dermnet,train
/Users/kyoe/skin_ai/data/dermnet/train/Psoriasis pictures Lichen Planus and related diseases/Lichen-Sclerosus-Skin-86.jpg,건선,0,dermnet,train
/Users/kyoe/skin_ai/data/dermnet/train/Eczema Photos/eczema-nummular-80.jpg,아토피피부염,1,dermnet,train
/Users/kyoe/skin_ai/data/dermnet/train/Atopic Dermatitis Photos/05AtopicFace2.jpg,아토피피부염,1,dermnet,train
/Users/kyoe/skin_ai/data/dermnet/train/Eczema Photos/eczema-hand-179.jpg,아토피피부염,1,dermnet,train
/Users/kyoe/skin_ai/data/dermnet/train/Eczema Photos/milroy-disease-5.jpg,아토피피부염,1,dermnet,train
/Users/kyoe/skin_ai/data/dermnet/train/Atopic Dermatitis Photos/05AtopicFeet67.jpg,아토피피부염,1,dermnet,train
/Users/kyoe/skin_ai/data/dermnet/train/Atopic Dermatitis Photos/6IMG005.jpg,아토피피부염,1,dermnet,train
/Users/kyoe/skin_ai/data/dermnet/train/Psoriasis pictures Lichen Planus and related diseases/lichen-planus-110.jpg,건선,0,dermnet,train
/Users/kyoe/skin_ai/data/dermnet/train/Eczema Photos/eczema-subacute-32.jpg,아토피피부염,1,dermnet,train
/Users/kyoe/skin_ai/data/dermnet/train/Eczema Photos/eczema-acute-21.jpg,아토피피부염,1,dermnet,train
/Users/kyoe/skin_ai/data/dermnet/train/Psoriasis pictures Lichen Planus and related diseases/Psoriasis-Histology-13.jpg,건선,0,dermnet,train
/Users/kyoe/skin_ai/data/dermnet/train/Acne and Rosacea Photos/perioral-dermatitis-84.jpg,여드름,2,dermnet,train
/Users/kyoe/skin_ai/data/dermnet/train/Atopic Dermatitis Photos/4IMG001.jpg,아토피피부염,1,dermnet,train
/Users/kyoe/skin_ai/data/dermnet/train/Acne and Rosacea Photos/acne-open-comedo-58.jpg,여드름,2,dermnet,train
/Users/kyoe/skin_ai/data/dermnet/train/Eczema Photos/eczema-nummular-138.jpg,아토피피부염,1,dermnet,train
/Users/kyoe/skin_ai/data/dermnet/train/Acne and Rosacea Photos/acne-pustular-64.jpg,여드름,2,dermnet,train
/Users/kyoe/skin_ai/data/dermnet/train/Psoriasis pictures Lichen Planus and related diseases/Lichen-Sclerosus-Penis-26.jpg,건선,0,dermnet,train
/Users/kyoe/skin_ai/data/dermnet/train/Eczema Photos/keratolysis-exfoliativa-10.jpg,아토피피부염,1,dermnet,train
/Users/kyoe/skin_ai/data/dermnet/train/Eczema Photos/Dyshidrosis-43.jpg,아토피피부염,1,dermnet,train
/Users/kyoe/skin_ai/data/dermnet/train/Psoriasis pictures Lichen Planus and related diseases/08TineaAmiantacea1.jpg,건선,0,dermnet,train
/Users/kyoe/skin_ai/data/dermnet/train/Eczema Photos/lichen-simplex-chronicus-98.jpg,아토피피부염,1,dermnet,train
/Users/kyoe/skin_ai/data/dermnet/train/Psoriasis pictures Lichen Planus and related diseases/pityriasis-rubra-pilaris-22.jpg,건선,0,dermnet,train
/Users/kyoe/skin_ai/data/dermnet/train/Eczema Photos/eczema-fingertips-115.jpg,아토피피부염,1,dermnet,train
/Users/kyoe/skin_ai/data/dermnet/train/Atopic Dermatitis Photos/05atopicChild082806.jpg,아토피피부염,1,dermnet,train
/Users/kyoe/skin_ai/data/dermnet/train/Acne and Rosacea Photos/sebaceous-glands-upper-lip-2.jpg,여드름,2,dermnet,train
/Users/kyoe/skin_ai/data/dermnet/train/Psoriasis pictures Lichen Planus and related diseases/Psoriasis-Histology-22.jpg,건선,0,dermnet,train
/Users/kyoe/skin_ai/data/dermnet/train/Psoriasis pictures Lichen Planus and related diseases/psoriasis-scalp-50.jpg,건선,0,dermnet,train
/Users/kyoe/skin_ai/data/dermnet/train/Psoriasis pictures Lichen Planus and related diseases/Lichen-Nitidus-23.jpg,건선,0,dermnet,train
/Users/kyoe/skin_ai/data/dermnet/train/Acne and Rosacea Photos/acne-closed-comedo-33.jpg,여드름,2,dermnet,train
/Users/kyoe/skin_ai/data/dermnet/train/Eczema Photos/eczema-areola-20.jpg,아토피피부염,1,dermnet,train
/Users/kyoe/skin_ai/data/dermnet/train/Eczema Photos/phlebitis-superficial-1.jpg,아토피피부염,1,dermnet,train
/Users/kyoe/skin_ai/data/dermnet/train/Eczema Photos/milroy-disease-1.jpg,아토피피부염,1,dermnet,train
/Users/kyoe/skin_ai/data/dermnet/train/Eczema Photos/eczema-fingertips-78.jpg,아토피피부염,1,dermnet,train
/Users/kyoe/skin_ai/data/dermnet/train/Psoriasis pictures Lichen Planus and related diseases/Lichen-Sclerosus-Skin-37.jpg,건선,0,dermnet,train
/Users/kyoe/skin_ai/data/dermnet/train/Acne and Rosacea Photos/acne-cystic-1.jpg,여드름,2,dermnet,train
/Users/kyoe/skin_ai/data/dermnet/train/Atopic Dermatitis Photos/05AtopicAreola23.jpg,아토피피부염,1,dermnet,train
/Users/kyoe/skin_ai/data/dermnet/train/Psoriasis pictures Lichen Planus and related diseases/Psoriasis-inversus-7.jpg,건선,0,dermnet,train
/Users/kyoe/skin_ai/data/dermnet/train/Acne and Rosacea Photos/acne-pustular-58.jpg,여드름,2,dermnet,train
/Users/kyoe/skin_ai/data/dermnet/train/Acne and Rosacea Photos/rosacea-nose-21.jpg,여드름,2,dermnet,train
/Users/kyoe/skin_ai/data/dermnet/train/Atopic Dermatitis Photos/03Icthyosis.jpg,아토피피부염,1,dermnet,train
/Users/kyoe/skin_ai/data/dermnet/train/Eczema Photos/Dyshidrosis-9.jpg,아토피피부염,1,dermnet,train
/Users/kyoe/skin_ai/data/dermnet/train/Psoriasis pictures Lichen Planus and related diseases/pityriasis-rosea-104.jpg,건선,0,dermnet,train
/Users/kyoe/skin_ai/data/dermnet/train/Eczema Photos/eczema-subacute-62.jpg,아토피피부염,1,dermnet,train
/Users/kyoe/skin_ai/data/dermnet/train/Acne and Rosacea Photos/hidradenitis-suppurativa-100.jpg,여드름,2,dermnet,train
/Users/kyoe/skin_ai/data/dermnet/train/Acne and Rosacea Photos/acne-open-comedo-17.jpg,여드름,2,dermnet,train
/Users/kyoe/skin_ai/data/dermnet/train/Psoriasis pictures Lichen Planus and related diseases/Lichen-Planus-Drug-5.jpg,건선,0,dermnet,train
/Users/kyoe/skin_ai/data/dermnet/train/Psoriasis pictures Lichen Planus and related diseases/psoriasis-palms-soles-10.jpg,건선,0,dermnet,train
/Users/kyoe/skin_ai/data/dermnet/train/Eczema Photos/eczema-fingertips-17.jpg,아토피피부염,1,dermnet,train
/Users/kyoe/skin_ai/data/dermnet/train/Acne and Rosacea Photos/rosacea-nose-44.jpg,여드름,2,dermnet,train
/Users/kyoe/skin_ai/data/dermnet/train/Acne and Rosacea Photos/rosacea-97.jpg,여드름,2,dermnet,train
/Users/kyoe/skin_ai/data/dermnet/train/Atopic Dermatitis Photos/05KeratosisPilaris14.jpg,아토피피부염,1,dermnet,train
/Users/kyoe/skin_ai/data/dermnet/train/Eczema Photos/keratolysis-exfoliativa-23.jpg,아토피피부염,1,dermnet,train
/Users/kyoe/skin_ai/data/dermnet/train/Acne and Rosacea Photos/perioral-dermatitis-38.jpg,여드름,2,dermnet,train
/Users/kyoe/skin_ai/data/dermnet/train/Eczema Photos/eczema-fingertips-94.jpg,아토피피부염,1,dermnet,train
/Users/kyoe/skin_ai/data/dermnet/train/Psoriasis pictures Lichen Planus and related diseases/Lichen-Sclerosus-Skin-46.jpg,건선,0,dermnet,train
/Users/kyoe/skin_ai/data/dermnet/train/Eczema Photos/pompholyx-12.jpg,아토피피부염,1,dermnet,train
/Users/kyoe/skin_ai/data/dermnet/train/Acne and Rosacea Photos/acne-open-comedo-11.jpg,여드름,2,dermnet,train
/Users/kyoe/skin_ai/data/dermnet/train/Eczema Photos/eczema-areola-19.jpg,아토피피부염,1,dermnet,train
/Users/kyoe/skin_ai/data/dermnet/train/Atopic Dermatitis Photos/3IMG003.jpg,아토피피부염,1,dermnet,train
/Users/kyoe/skin_ai/data/dermnet/train/Acne and Rosacea Photos/07rosaceaTreated091806OK.jpg,여드름,2,dermnet,train
/Users/kyoe/skin_ai/data/dermnet/train/Psoriasis pictures Lichen Planus and related diseases/Lichen-Sclerosus-Skin-88.jpg,건선,0,dermnet,train
/Users/kyoe/skin_ai/data/dermnet/train/Eczema Photos/eczema-hand-11.jpg,아토피피부염,1,dermnet,train
/Users/kyoe/skin_ai/data/dermnet/train/Acne and Rosacea Photos/hidradenitis-suppurativa-59.jpg,여드름,2,dermnet,train
/Users/kyoe/skin_ai/data/dermnet/train/Psoriasis pictures Lichen Planus and related diseases/lichen-planus-164.jpg,건선,0,dermnet,train
/Users/kyoe/skin_ai/data/dermnet/train/Acne and Rosacea Photos/perioral-dermatitis-90.jpg,여드름,2,dermnet,train
/Users/kyoe/skin_ai/data/dermnet/train/Eczema Photos/prurigo-nodularis-33.jpg,아토피피부염,1,dermnet,train
/Users/kyoe/skin_ai/data/dermnet/train/Eczema Photos/keratolysis-exfoliativa-4.jpg,아토피피부염,1,dermnet,train
/Users/kyoe/skin_ai/data/dermnet/train/Atopic Dermatitis Photos/05pityriasisAlba94.jpg,아토피피부염,1,dermnet,train
/Users/kyoe/skin_ai/data/dermnet/train/Acne and Rosacea Photos/acne-infantile-14.jpg,여드름,2,dermnet,train
/Users/kyoe/skin_ai/data/dermnet/train/Psoriasis pictures Lichen Planus and related diseases/psoriasis-palms-soles-176.jpg,건선,0,dermnet,train
/Users/kyoe/skin_ai/data/dermnet/train/Eczema Photos/eczema-fingertips-77.jpg,아토피피부염,1,dermnet,train
/Users/kyoe/skin_ai/data/dermnet/train/Atopic Dermatitis Photos/5IMG011.jpg,아토피피부염,1,dermnet,train
/Users/kyoe/skin_ai/data/dermnet/train/Eczema Photos/emersion-foot-1.jpg,아토피피부염,1,dermnet,train
/Users/kyoe/skin_ai/data/dermnet/train/Psoriasis pictures Lichen Planus and related diseases/Psoriasis-nails-23.jpg,건선,0,dermnet,train
/Users/kyoe/skin_ai/data/dermnet/train/Eczema Photos/eczema-fingertips-138.jpg,아토피피부염,1,dermnet,train
/Users/kyoe/skin_ai/data/dermnet/train/Atopic Dermatitis Photos/AtopicIMG012-GP3.jpg,아토피피부염,1,dermnet,train
/Users/kyoe/skin_ai/data/dermnet/train/Acne and Rosacea Photos/acne-open-comedo-6.jpg,여드름,2,dermnet,train
/Users/kyoe/skin_ai/data/dermnet/train/Psoriasis pictures Lichen Planus and related diseases/Lichen-Sclerosus-Skin-120.jpg,건선,0,dermnet,train
/Users/kyoe/skin_ai/data/dermnet/train/Psoriasis pictures Lichen Planus and related diseases/Lichen-Sclerosus-Skin-35.jpg,건선,0,dermnet,train
/Users/kyoe/skin_ai/data/dermnet/train/Psoriasis pictures Lichen Planus and related diseases/Psoriasis-treatment-6.jpg,건선,0,dermnet,train
/Users/kyoe/skin_ai/data/dermnet/train/Psoriasis pictures Lichen Planus and related diseases/psoriasis-palms-soles-165.jpg,건선,0,dermnet,train
/Users/kyoe/skin_ai/data/dermnet/train/Atopic Dermatitis Photos/05Atopic120604.jpg,아토피피부염,1,dermnet,train
/Users/kyoe/skin_ai/data/dermnet/train/Acne and Rosacea Photos/07RosaceaTel011204.jpg,여드름,2,dermnet,train
/Users/kyoe/skin_ai/data/dermnet/train/Acne and Rosacea Photos/acne-open-comedo-23.jpg,여드름,2,dermnet,train
/Users/kyoe/skin_ai/data/dermnet/train/Acne and Rosacea Photos/perioral-dermatitis-30.jpg,여드름,2,dermnet,train
/Users/kyoe/skin_ai/data/dermnet/train/Eczema Photos/eczema-nummular-128.jpg,아토피피부염,1,dermnet,train
/Users/kyoe/skin_ai/data/dermnet/train/Acne and Rosacea Photos/hidradenitis-suppurativa-84.jpg,여드름,2,dermnet,train
/Users/kyoe/skin_ai/data/dermnet/train/Psoriasis pictures Lichen Planus and related diseases/Palmoplantar-Keratoderma-1.jpg,건선,0,dermnet,train
/Users/kyoe/skin_ai/data/dermnet/train/Acne and Rosacea Photos/rosacea-nose-11.jpg,여드름,2,dermnet,train
/Users/kyoe/skin_ai/data/dermnet/train/Psoriasis pictures Lichen Planus and related diseases/Lichen-Sclerosus-Skin-67.jpg,건선,0,dermnet,train
/Users/kyoe/skin_ai/data/dermnet/train/Psoriasis pictures Lichen Planus and related diseases/Psoriasis-Chronic-Plaque-13.jpg,건선,0,dermnet,train
/Users/kyoe/skin_ai/data/dermnet/train/Atopic Dermatitis Photos/5IMG006.jpg,아토피피부염,1,dermnet,train
/Users/kyoe/skin_ai/data/dermnet/train/Eczema Photos/lichen-simplex-chronicus-113.jpg,아토피피부염,1,dermnet,train
/Users/kyoe/skin_ai/data/dermnet/train/Psoriasis pictures Lichen Planus and related diseases/psoriasis-pustular-generalized-34.jpg,건선,0,dermnet,train
/Users/kyoe/skin_ai/data/dermnet/train/Psoriasis pictures Lichen Planus and related diseases/Lichen-Sclerosus-Skin-116.jpg,건선,0,dermnet,train
/Users/kyoe/skin_ai/data/dermnet/train/Psoriasis pictures Lichen Planus and related diseases/Pityriasis-Lichenoides-16.jpg,건선,0,dermnet,train
/Users/kyoe/skin_ai/data/dermnet/train/Psoriasis pictures Lichen Planus and related diseases/08SebDermEArq.jpg,건선,0,dermnet,train
/Users/kyoe/skin_ai/data/dermnet/train/Acne and Rosacea Photos/acne-cystic-18.jpg,여드름,2,dermnet,train
/Users/kyoe/skin_ai/data/dermnet/train/Eczema Photos/keratolysis-exfoliativa-21.jpg,아토피피부염,1,dermnet,train
/Users/kyoe/skin_ai/data/dermnet/train/Acne and Rosacea Photos/perioral-dermatitis-121.jpg,여드름,2,dermnet,train
/Users/kyoe/skin_ai/data/dermnet/train/Eczema Photos/lichen-simplex-chronicus-2.jpg,아토피피부염,1,dermnet,train
/Users/kyoe/skin_ai/data/dermnet/train/Eczema Photos/prurigo-nodularis-20.jpg,아토피피부염,1,dermnet,train
/Users/kyoe/skin_ai/data/dermnet/train/Psoriasis pictures Lichen Planus and related diseases/Psoriasis-Hand-3.jpg,건선,0,dermnet,train
/Users/kyoe/skin_ai/data/dermnet/train/Psoriasis pictures Lichen Planus and related diseases/psoriasis-erythrodermic-37.jpg,건선,0,dermnet,train
/Users/kyoe/skin_ai/data/dermnet/train/Psoriasis pictures Lichen Planus and related diseases/Lichen-Sclerosus-Skin-31.jpg,건선,0,dermnet,train
/Users/kyoe/skin_ai/data/dermnet/train/Eczema Photos/eczema-subacute-52.jpg,아토피피부염,1,dermnet,train
/Users/kyoe/skin_ai/data/dermnet/train/Acne and Rosacea Photos/07PerioralDermNose.jpg,여드름,2,dermnet,train
/Users/kyoe/skin_ai/data/dermnet/train/Eczema Photos/eczema-nummular-115.jpg,아토피피부염,1,dermnet,train
/Users/kyoe/skin_ai/data/dermnet/train/Eczema Photos/eczema-nummular-156.jpg,아토피피부염,1,dermnet,train
/Users/kyoe/skin_ai/data/dermnet/train/Atopic Dermatitis Photos/05child0612053.jpg,아토피피부염,1,dermnet,train
/Users/kyoe/skin_ai/data/dermnet/train/Eczema Photos/eczema-subacute-86.jpg,아토피피부염,1,dermnet,train
/Users/kyoe/skin_ai/data/dermnet/train/Psoriasis pictures Lichen Planus and related diseases/seborrheic-dermatitis-118.jpg,건선,0,dermnet,train
/Users/kyoe/skin_ai/data/dermnet/train/Acne and Rosacea Photos/acne-pustular-27.jpg,여드름,2,dermnet,train
/Users/kyoe/skin_ai/data/dermnet/train/Eczema Photos/Dyshidrosis-28.jpg,아토피피부염,1,dermnet,train
/Users/kyoe/skin_ai/data/dermnet/train/Psoriasis pictures Lichen Planus and related diseases/Lichen-Planus-Oral-9.jpg,건선,0,dermnet,train
/Users/kyoe/skin_ai/data/dermnet/train/Acne and Rosacea Photos/acne-cystic-31.jpg,여드름,2,dermnet,train
/Users/kyoe/skin_ai/data/dermnet/train/Acne and Rosacea Photos/acne-closed-comedo-35.jpg,여드름,2,dermnet,train
/Users/kyoe/skin_ai/data/dermnet/train/Psoriasis pictures Lichen Planus and related diseases/psoriasis-pustular-generalized-40.jpg,건선,0,dermnet,train
/Users/kyoe/skin_ai/data/dermnet/train/Acne and Rosacea Photos/acne-open-comedo-46.jpg,여드름,2,dermnet,train
/Users/kyoe/skin_ai/data/dermnet/train/Eczema Photos/stasis-dermatitis-172.jpg,아토피피부염,1,dermnet,train
/Users/kyoe/skin_ai/data/dermnet/train/Acne and Rosacea Photos/acne-pustular-59.jpg,여드름,2,dermnet,train
/Users/kyoe/skin_ai/data/dermnet/train/Eczema Photos/prurigo-nodularis-19.jpg,아토피피부염,1,dermnet,train
/Users/kyoe/skin_ai/data/dermnet/train/Eczema Photos/eczema-asteatotic-40.jpg,아토피피부염,1,dermnet,train
/Users/kyoe/skin_ai/data/dermnet/train/Atopic Dermatitis Photos/05keratosisPilaris0807062.jpg,아토피피부염,1,dermnet,train
/Users/kyoe/skin_ai/data/dermnet/train/Eczema Photos/eczema-foot-81.jpg,아토피피부염,1,dermnet,train
/Users/kyoe/skin_ai/data/dermnet/train/Acne and Rosacea Photos/rosacea-75.jpg,여드름,2,dermnet,train
/Users/kyoe/skin_ai/data/dermnet/train/Eczema Photos/eczema-subacute-67.jpg,아토피피부염,1,dermnet,train
/Users/kyoe/skin_ai/data/dermnet/train/Eczema Photos/eczema-nummular-93.jpg,아토피피부염,1,dermnet,train
/Users/kyoe/skin_ai/data/dermnet/train/Acne and Rosacea Photos/acne-excoriated-24.jpg,여드름,2,dermnet,train
/Users/kyoe/skin_ai/data/dermnet/train/Atopic Dermatitis Photos/05ichthosis020705.jpg,아토피피부염,1,dermnet,train
/Users/kyoe/skin_ai/data/dermnet/train/Acne and Rosacea Photos/acne-primary-lesion-5.jpg,여드름,2,dermnet,train
/Users/kyoe/skin_ai/data/dermnet/train/Atopic Dermatitis Photos/IchthosisIMG032-GP3.jpg,아토피피부염,1,dermnet,train
/Users/kyoe/skin_ai/data/dermnet/train/Eczema Photos/prurigo-nodularis-8.jpg,아토피피부염,1,dermnet,train
/Users/kyoe/skin_ai/data/dermnet/train/Eczema Photos/eczema-nummular-125.jpg,아토피피부염,1,dermnet,train
/Users/kyoe/skin_ai/data/dermnet/train/Psoriasis pictures Lichen Planus and related diseases/psoriasis-pustular-generalized-60.jpg,건선,0,dermnet,train
/Users/kyoe/skin_ai/data/dermnet/train/Psoriasis pictures Lichen Planus and related diseases/Psoriasis-Anus-17.jpg,건선,0,dermnet,train
/Users/kyoe/skin_ai/data/dermnet/train/Eczema Photos/stasis-dermatitis-167.jpg,아토피피부염,1,dermnet,train
/Users/kyoe/skin_ai/data/dermnet/train/Acne and Rosacea Photos/rosacea-91.jpg,여드름,2,dermnet,train
/Users/kyoe/skin_ai/data/dermnet/train/Eczema Photos/stasis-dermatitis-181.jpg,아토피피부염,1,dermnet,train
/Users/kyoe/skin_ai/data/dermnet/train/Atopic Dermatitis Photos/05AtopicDermHand1.jpg,아토피피부염,1,dermnet,train
/Users/kyoe/skin_ai/data/dermnet/train/Eczema Photos/eczema-asteatotic-39.jpg,아토피피부염,1,dermnet,train
/Users/kyoe/skin_ai/data/dermnet/train/Eczema Photos/neurotic-excoriations-40.jpg,아토피피부염,1,dermnet,train
/Users/kyoe/skin_ai/data/dermnet/train/Psoriasis pictures Lichen Planus and related diseases/Lichen-Planus-Hypertrophic-20.jpg,건선,0,dermnet,train
/Users/kyoe/skin_ai/data/dermnet/train/Eczema Photos/phlebitis-superficial-3.jpg,아토피피부염,1,dermnet,train
/Users/kyoe/skin_ai/data/dermnet/train/Psoriasis pictures Lichen Planus and related diseases/Lichen-Sclerosus-Penis-7.jpg,건선,0,dermnet,train
/Users/kyoe/skin_ai/data/dermnet/train/Psoriasis pictures Lichen Planus and related diseases/lichen-planus-17.jpg,건선,0,dermnet,train
/Users/kyoe/skin_ai/data/dermnet/train/Atopic Dermatitis Photos/9IMG018.jpg,아토피피부염,1,dermnet,train
/Users/kyoe/skin_ai/data/dermnet/train/Eczema Photos/eczema-asteatotic-43.jpg,아토피피부염,1,dermnet,train
/Users/kyoe/skin_ai/data/dermnet/train/Psoriasis pictures Lichen Planus and related diseases/psoriasis-erythrodermic-20.jpg,건선,0,dermnet,train
/Users/kyoe/skin_ai/data/dermnet/train/Psoriasis pictures Lichen Planus and related diseases/Lichen-Sclerosis-Vulva-4.jpg,건선,0,dermnet,train
/Users/kyoe/skin_ai/data/dermnet/train/Psoriasis pictures Lichen Planus and related diseases/Psoriasis-Hand-61.jpg,건선,0,dermnet,train
/Users/kyoe/skin_ai/data/dermnet/train/Eczema Photos/Dyshidrosis-46.jpg,아토피피부염,1,dermnet,train
/Users/kyoe/skin_ai/data/dermnet/train/Psoriasis pictures Lichen Planus and related diseases/Psoriasis-nails-27.jpg,건선,0,dermnet,train
/Users/kyoe/skin_ai/data/dermnet/train/Eczema Photos/eczema-fingertips-130.jpg,아토피피부염,1,dermnet,train
/Users/kyoe/skin_ai/data/dermnet/train/Acne and Rosacea Photos/acne-cystic-98.jpg,여드름,2,dermnet,train
/Users/kyoe/skin_ai/data/dermnet/train/Atopic Dermatitis Photos/36IMG007.jpg,아토피피부염,1,dermnet,train
/Users/kyoe/skin_ai/data/dermnet/train/Eczema Photos/pompholyx-11.jpg,아토피피부염,1,dermnet,train
/Users/kyoe/skin_ai/data/dermnet/train/Eczema Photos/eczema-subacute-23.jpg,아토피피부염,1,dermnet,train
/Users/kyoe/skin_ai/data/dermnet/train/Psoriasis pictures Lichen Planus and related diseases/seborrheic-dermatitis-133.jpg,건선,0,dermnet,train
/Users/kyoe/skin_ai/data/dermnet/train/Psoriasis pictures Lichen Planus and related diseases/Psoriasis-Guttate-120.jpg,건선,0,dermnet,train
/Users/kyoe/skin_ai/data/dermnet/train/Atopic Dermatitis Photos/11IMG010.jpg,아토피피부염,1,dermnet,train
/Users/kyoe/skin_ai/data/dermnet/train/Eczema Photos/03EczemaExcoriated011204.jpg,아토피피부염,1,dermnet,train
/Users/kyoe/skin_ai/data/dermnet/train/Atopic Dermatitis Photos/05Atopic0712046.jpg,아토피피부염,1,dermnet,train
/Users/kyoe/skin_ai/data/dermnet/train/Acne and Rosacea Photos/rosacea-nose-56.jpg,여드름,2,dermnet,train
/Users/kyoe/skin_ai/data/dermnet/train/Psoriasis pictures Lichen Planus and related diseases/psoriasis-scalp-37.jpg,건선,0,dermnet,train
/Users/kyoe/skin_ai/data/dermnet/train/Eczema Photos/eczema-hyperkeratotic-2.jpg,아토피피부염,1,dermnet,train
/Users/kyoe/skin_ai/data/dermnet/train/Eczema Photos/eczema-chronic-34.jpg,아토피피부염,1,dermnet,train
/Users/kyoe/skin_ai/data/dermnet/train/Eczema Photos/eczema-hand-159.jpg,아토피피부염,1,dermnet,train
/Users/kyoe/skin_ai/data/dermnet/train/Acne and Rosacea Photos/Sebaceous-glands-Areola-3.jpg,여드름,2,dermnet,train
/Users/kyoe/skin_ai/data/dermnet/train/Eczema Photos/eczema-subacute-4.jpg,아토피피부염,1,dermnet,train
/Users/kyoe/skin_ai/data/dermnet/train/Eczema Photos/heels-dry-cracked-1.jpg,아토피피부염,1,dermnet,train
/Users/kyoe/skin_ai/data/dermnet/train/Eczema Photos/pompholyx-22.jpg,아토피피부염,1,dermnet,train
/Users/kyoe/skin_ai/data/dermnet/train/Atopic Dermatitis Photos/05atopicInfection671-GP3.jpg,아토피피부염,1,dermnet,train
/Users/kyoe/skin_ai/data/dermnet/train/Acne and Rosacea Photos/perioral-dermatitis-137.jpg,여드름,2,dermnet,train
/Users/kyoe/skin_ai/data/dermnet/train/Psoriasis pictures Lichen Planus and related diseases/Psoriasis-Chronic-Plaque-144.jpg,건선,0,dermnet,train
/Users/kyoe/skin_ai/data/dermnet/train/Psoriasis pictures Lichen Planus and related diseases/Lichen-Sclerosus-Skin-61.jpg,건선,0,dermnet,train
/Users/kyoe/skin_ai/data/dermnet/train/Acne and Rosacea Photos/rosacea-35.jpg,여드름,2,dermnet,train
/Users/kyoe/skin_ai/data/dermnet/train/Atopic Dermatitis Photos/6IMG019.jpg,아토피피부염,1,dermnet,train
/Users/kyoe/skin_ai/data/dermnet/train/Psoriasis pictures Lichen Planus and related diseases/Lichen-Sclerosis-Vulva-2.jpg,건선,0,dermnet,train
/Users/kyoe/skin_ai/data/dermnet/train/Psoriasis pictures Lichen Planus and related diseases/Lichen-Sclerosus-Penis-29.jpg,건선,0,dermnet,train
/Users/kyoe/skin_ai/data/dermnet/train/Eczema Photos/eczema-hand-16.jpg,아토피피부염,1,dermnet,train
/Users/kyoe/skin_ai/data/dermnet/train/Eczema Photos/keratolysis-exfoliativa-19.jpg,아토피피부염,1,dermnet,train
/Users/kyoe/skin_ai/data/dermnet/train/Eczema Photos/eczema-subacute-53.jpg,아토피피부염,1,dermnet,train
/Users/kyoe/skin_ai/data/dermnet/train/Acne and Rosacea Photos/perioral-dermatitis-119.jpg,여드름,2,dermnet,train
/Users/kyoe/skin_ai/data/dermnet/train/Psoriasis pictures Lichen Planus and related diseases/Lichen-Sclerosus-Penis-20.jpg,건선,0,dermnet,train
/Users/kyoe/skin_ai/data/dermnet/train/Psoriasis pictures Lichen Planus and related diseases/psoriasis-scalp-68.jpg,건선,0,dermnet,train
/Users/kyoe/skin_ai/data/dermnet/train/Eczema Photos/lichen-simplex-chronicus-182.jpg,아토피피부염,1,dermnet,train
/Users/kyoe/skin_ai/data/dermnet/train/Eczema Photos/stasis-dermatitis-160.jpg,아토피피부염,1,dermnet,train
/Users/kyoe/skin_ai/data/dermnet/train/Eczema Photos/eczema-acute-6.jpg,아토피피부염,1,dermnet,train
/Users/kyoe/skin_ai/data/dermnet/train/Eczema Photos/stasis-dermatitis-110.jpg,아토피피부염,1,dermnet,train
/Users/kyoe/skin_ai/data/dermnet/train/Acne and Rosacea Photos/perioral-dermatitis-115.jpg,여드름,2,dermnet,train
/Users/kyoe/skin_ai/data/dermnet/train/Psoriasis pictures Lichen Planus and related diseases/lichen-planus-142.jpg,건선,0,dermnet,train
/Users/kyoe/skin_ai/data/dermnet/train/Eczema Photos/eczema-subacute-10.jpg,아토피피부염,1,dermnet,train
/Users/kyoe/skin_ai/data/dermnet/train/Eczema Photos/eczema-hand-176.jpg,아토피피부염,1,dermnet,train
/Users/kyoe/skin_ai/data/dermnet/train/Eczema Photos/keratolysis-exfoliativa-34.jpg,아토피피부염,1,dermnet,train
/Users/kyoe/skin_ai/data/dermnet/train/Psoriasis pictures Lichen Planus and related diseases/Psoriasis-inversus-21.jpg,건선,0,dermnet,train
/Users/kyoe/skin_ai/data/dermnet/train/Psoriasis pictures Lichen Planus and related diseases/Psoriasis-Chronic-Plaque-17.jpg,건선,0,dermnet,train
/Users/kyoe/skin_ai/data/dermnet/train/Eczema Photos/eczema-nummular-82.jpg,아토피피부염,1,dermnet,train
/Users/kyoe/skin_ai/data/dermnet/train/Acne and Rosacea Photos/hidradenitis-suppurativa-10.jpg,여드름,2,dermnet,train
/Users/kyoe/skin_ai/data/dermnet/train/Psoriasis pictures Lichen Planus and related diseases/Psoriasis-Anus-13.jpg,건선,0,dermnet,train
/Users/kyoe/skin_ai/data/dermnet/train/Atopic Dermatitis Photos/26-0002.jpg,아토피피부염,1,dermnet,train
/Users/kyoe/skin_ai/data/dermnet/train/Atopic Dermatitis Photos/7IMG002.jpg,아토피피부염,1,dermnet,train
/Users/kyoe/skin_ai/data/dermnet/train/Psoriasis pictures Lichen Planus and related diseases/psoriasis-scalp-43.jpg,건선,0,dermnet,train
/Users/kyoe/skin_ai/data/dermnet/train/Psoriasis pictures Lichen Planus and related diseases/Lichen-Nitidus-12.jpg,건선,0,dermnet,train
/Users/kyoe/skin_ai/data/dermnet/train/Eczema Photos/eczema-hand-160.jpg,아토피피부염,1,dermnet,train
/Users/kyoe/skin_ai/data/dermnet/train/Atopic Dermatitis Photos/5IMG005.jpg,아토피피부염,1,dermnet,train
/Users/kyoe/skin_ai/data/dermnet/train/Acne and Rosacea Photos/acne-open-comedo-66.jpg,여드름,2,dermnet,train
/Users/kyoe/skin_ai/data/dermnet/train/Psoriasis pictures Lichen Planus and related diseases/pityriasis-rosea-117.jpg,건선,0,dermnet,train
/Users/kyoe/skin_ai/data/dermnet/train/Acne and Rosacea Photos/acne-cystic-108.jpg,여드름,2,dermnet,train
/Users/kyoe/skin_ai/data/dermnet/train/Psoriasis pictures Lichen Planus and related diseases/Psoriasis-Guttate-76.jpg,건선,0,dermnet,train
/Users/kyoe/skin_ai/data/dermnet/train/Eczema Photos/stasis-dermatitis-129.jpg,아토피피부염,1,dermnet,train
/Users/kyoe/skin_ai/data/dermnet/train/Eczema Photos/eczema-asteatotic-26.jpg,아토피피부염,1,dermnet,train
/Users/kyoe/skin_ai/data/dermnet/train/Eczema Photos/keratolysis-exfoliativa-28.jpg,아토피피부염,1,dermnet,train
/Users/kyoe/skin_ai/data/dermnet/train/Psoriasis pictures Lichen Planus and related diseases/08LSASkin.jpg,건선,0,dermnet,train
/Users/kyoe/skin_ai/data/dermnet/train/Atopic Dermatitis Photos/15IMG013.jpg,아토피피부염,1,dermnet,train
/Users/kyoe/skin_ai/data/dermnet/train/Psoriasis pictures Lichen Planus and related diseases/reiter-syndrome-7.jpg,건선,0,dermnet,train
/Users/kyoe/skin_ai/data/dermnet/train/Acne and Rosacea Photos/acne-closed-comedo-40.jpg,여드름,2,dermnet,train
/Users/kyoe/skin_ai/data/dermnet/train/Psoriasis pictures Lichen Planus and related diseases/seborrheic-dermatitis-142.jpg,건선,0,dermnet,train
/Users/kyoe/skin_ai/data/dermnet/train/Eczema Photos/eczema-fingertips-134.jpg,아토피피부염,1,dermnet,train
/Users/kyoe/skin_ai/data/dermnet/train/Psoriasis pictures Lichen Planus and related diseases/Lichen-Planus-Penis-7.jpg,건선,0,dermnet,train
/Users/kyoe/skin_ai/data/dermnet/train/Eczema Photos/eczema-hand-149.jpg,아토피피부염,1,dermnet,train
/Users/kyoe/skin_ai/data/dermnet/train/Eczema Photos/lichen-simplex-chronicus-181.jpg,아토피피부염,1,dermnet,train
/Users/kyoe/skin_ai/data/dermnet/train/Psoriasis pictures Lichen Planus and related diseases/psoriasis-scalp-34.jpg,건선,0,dermnet,train
/Users/kyoe/skin_ai/data/dermnet/train/Psoriasis pictures Lichen Planus and related diseases/lichen-planus-201.jpg,건선,0,dermnet,train
/Users/kyoe/skin_ai/data/dermnet/train/Atopic Dermatitis Photos/05atopicKnee080105.jpg,아토피피부염,1,dermnet,train
/Users/kyoe/skin_ai/data/dermnet/train/Eczema Photos/eczema-chronic-32.jpg,아토피피부염,1,dermnet,train
/Users/kyoe/skin_ai/data/dermnet/train/Psoriasis pictures Lichen Planus and related diseases/Lichen-Planus-Oral-21.jpg,건선,0,dermnet,train
/Users/kyoe/skin_ai/data/dermnet/train/Eczema Photos/Dyshidrosis-16.jpg,아토피피부염,1,dermnet,train
/Users/kyoe/skin_ai/data/dermnet/train/Acne and Rosacea Photos/acne-pustular-40.jpg,여드름,2,dermnet,train
/Users/kyoe/skin_ai/data/dermnet/train/Eczema Photos/eczema-foot-25.jpg,아토피피부염,1,dermnet,train
/Users/kyoe/skin_ai/data/dermnet/train/Acne and Rosacea Photos/acne-pustular-69.jpg,여드름,2,dermnet,train
/Users/kyoe/skin_ai/data/dermnet/train/Acne and Rosacea Photos/acne-closed-comedo-003.jpg,여드름,2,dermnet,train
/Users/kyoe/skin_ai/data/dermnet/train/Eczema Photos/eczema-areola-7.jpg,아토피피부염,1,dermnet,train
/Users/kyoe/skin_ai/data/dermnet/train/Acne and Rosacea Photos/acne-cystic-16.jpg,여드름,2,dermnet,train
/Users/kyoe/skin_ai/data/dermnet/train/Psoriasis pictures Lichen Planus and related diseases/Psoriasis-Chronic-Plaque-140.jpg,건선,0,dermnet,train
/Users/kyoe/skin_ai/data/dermnet/train/Atopic Dermatitis Photos/5IMG002.jpg,아토피피부염,1,dermnet,train
/Users/kyoe/skin_ai/data/dermnet/train/Atopic Dermatitis Photos/11IMG009.jpg,아토피피부염,1,dermnet,train
/Users/kyoe/skin_ai/data/dermnet/train/Psoriasis pictures Lichen Planus and related diseases/Psoriasis-penis-15.jpg,건선,0,dermnet,train
/Users/kyoe/skin_ai/data/dermnet/train/Psoriasis pictures Lichen Planus and related diseases/psoriasis-scalp-36.jpg,건선,0,dermnet,train
/Users/kyoe/skin_ai/data/dermnet/train/Eczema Photos/eczema-acute-2.jpg,아토피피부염,1,dermnet,train
/Users/kyoe/skin_ai/data/dermnet/train/Psoriasis pictures Lichen Planus and related diseases/lichen-planus-86.jpg,건선,0,dermnet,train
/Users/kyoe/skin_ai/data/dermnet/train/Eczema Photos/stasis-dermatitis-136.jpg,아토피피부염,1,dermnet,train
/Users/kyoe/skin_ai/data/dermnet/train/Atopic Dermatitis Photos/05atopic0411053.jpg,아토피피부염,1,dermnet,train
/Users/kyoe/skin_ai/data/dermnet/train/Atopic Dermatitis Photos/05Eczema1006.jpg,아토피피부염,1,dermnet,train
/Users/kyoe/skin_ai/data/dermnet/train/Psoriasis pictures Lichen Planus and related diseases/Lichen-Planus-Oral-3.jpg,건선,0,dermnet,train
/Users/kyoe/skin_ai/data/dermnet/train/Psoriasis pictures Lichen Planus and related diseases/pityriasis-rosea-112.jpg,건선,0,dermnet,train
/Users/kyoe/skin_ai/data/dermnet/train/Psoriasis pictures Lichen Planus and related diseases/Lichen-Sclerosus-Skin-47.jpg,건선,0,dermnet,train
/Users/kyoe/skin_ai/data/dermnet/train/Acne and Rosacea Photos/acne-cystic-43.jpg,여드름,2,dermnet,train
/Users/kyoe/skin_ai/data/dermnet/train/Acne and Rosacea Photos/acne-cystic-10.jpg,여드름,2,dermnet,train
/Users/kyoe/skin_ai/data/dermnet/train/Eczema Photos/eczema-foot-69.jpg,아토피피부염,1,dermnet,train
/Users/kyoe/skin_ai/data/dermnet/train/Atopic Dermatitis Photos/05KeratosisPilar1.jpg,아토피피부염,1,dermnet,train
/Users/kyoe/skin_ai/data/dermnet/train/Psoriasis pictures Lichen Planus and related diseases/seborrheic-dermatitis-106.jpg,건선,0,dermnet,train
/Users/kyoe/skin_ai/data/dermnet/train/Psoriasis pictures Lichen Planus and related diseases/08biteLine110105.jpg,건선,0,dermnet,train
/Users/kyoe/skin_ai/data/dermnet/train/Eczema Photos/eczema-chronic-38.jpg,아토피피부염,1,dermnet,train
/Users/kyoe/skin_ai/data/dermnet/train/Eczema Photos/stasis-dermatitis-15.jpg,아토피피부염,1,dermnet,train
/Users/kyoe/skin_ai/data/dermnet/train/Acne and Rosacea Photos/rosacea-nose-7.jpg,여드름,2,dermnet,train
/Users/kyoe/skin_ai/data/dermnet/train/Psoriasis pictures Lichen Planus and related diseases/Psoriasis-Chronic-Plaque-197.jpg,건선,0,dermnet,train
/Users/kyoe/skin_ai/data/dermnet/train/Acne and Rosacea Photos/acne-cystic-37.jpg,여드름,2,dermnet,train
/Users/kyoe/skin_ai/data/dermnet/train/Atopic Dermatitis Photos/KeratosisIMG006-GP3.jpg,아토피피부염,1,dermnet,train
/Users/kyoe/skin_ai/data/dermnet/train/Acne and Rosacea Photos/nevus-comedonicus-1.jpg,여드름,2,dermnet,train
/Users/kyoe/skin_ai/data/dermnet/train/Eczema Photos/eczema-subacute-60.jpg,아토피피부염,1,dermnet,train
/Users/kyoe/skin_ai/data/dermnet/train/Eczema Photos/emersion-foot-4.jpg,아토피피부염,1,dermnet,train
/Users/kyoe/skin_ai/data/dermnet/train/Acne and Rosacea Photos/acne-open-comedo-61.jpg,여드름,2,dermnet,train
/Users/kyoe/skin_ai/data/dermnet/train/Acne and Rosacea Photos/acne-open-comedo-2.jpg,여드름,2,dermnet,train
/Users/kyoe/skin_ai/data/dermnet/train/Atopic Dermatitis Photos/05SexLinkedEchthyosis0223.jpg,아토피피부염,1,dermnet,train
/Users/kyoe/skin_ai/data/dermnet/train/Atopic Dermatitis Photos/9IMG002.jpg,아토피피부염,1,dermnet,train
/Users/kyoe/skin_ai/data/dermnet/train/Psoriasis pictures Lichen Planus and related diseases/psoriasis-palms-soles-161.jpg,건선,0,dermnet,train
/Users/kyoe/skin_ai/data/dermnet/train/Eczema Photos/eczema-asteatotic-33.jpg,아토피피부염,1,dermnet,train
/Users/kyoe/skin_ai/data/dermnet/train/Eczema Photos/eczema-foot-97.jpg,아토피피부염,1,dermnet,train
/Users/kyoe/skin_ai/data/dermnet/train/Psoriasis pictures Lichen Planus and related diseases/seborrheic-dermatitis-134.jpg,건선,0,dermnet,train
/Users/kyoe/skin_ai/data/dermnet/train/Atopic Dermatitis Photos/05atopic1107055.jpg,아토피피부염,1,dermnet,train
/Users/kyoe/skin_ai/data/dermnet/train/Eczema Photos/eczema-subacute-100.jpg,아토피피부염,1,dermnet,train
/Users/kyoe/skin_ai/data/dermnet/train/Psoriasis pictures Lichen Planus and related diseases/psoriasis-scalp-94.jpg,건선,0,dermnet,train
/Users/kyoe/skin_ai/data/dermnet/train/Atopic Dermatitis Photos/05AtopicFossa.jpg,아토피피부염,1,dermnet,train
/Users/kyoe/skin_ai/data/dermnet/train/Psoriasis pictures Lichen Planus and related diseases/pityriasis-rubra-pilaris-17.jpg,건선,0,dermnet,train
/Users/kyoe/skin_ai/data/dermnet/train/Eczema Photos/eczema-foot-9.jpg,아토피피부염,1,dermnet,train
/Users/kyoe/skin_ai/data/dermnet/train/Eczema Photos/desquamation-9.jpg,아토피피부염,1,dermnet,train
/Users/kyoe/skin_ai/data/dermnet/train/Eczema Photos/eczema-chronic-16.jpg,아토피피부염,1,dermnet,train
/Users/kyoe/skin_ai/data/dermnet/train/Atopic Dermatitis Photos/05AtopicWrist.jpg,아토피피부염,1,dermnet,train
/Users/kyoe/skin_ai/data/dermnet/train/Eczema Photos/eczema-acute-20.jpg,아토피피부염,1,dermnet,train
/Users/kyoe/skin_ai/data/dermnet/train/Acne and Rosacea Photos/rosacea-steroid-4.jpg,여드름,2,dermnet,train
/Users/kyoe/skin_ai/data/dermnet/train/Psoriasis pictures Lichen Planus and related diseases/Psoriasis-penis-28.jpg,건선,0,dermnet,train
/Users/kyoe/skin_ai/data/dermnet/train/Acne and Rosacea Photos/acne-closed-comedo-32.jpg,여드름,2,dermnet,train
/Users/kyoe/skin_ai/data/dermnet/train/Psoriasis pictures Lichen Planus and related diseases/psoriasis-scalp-59.jpg,건선,0,dermnet,train
/Users/kyoe/skin_ai/data/dermnet/train/Acne and Rosacea Photos/acne-cystic-25.jpg,여드름,2,dermnet,train
/Users/kyoe/skin_ai/data/dermnet/train/Acne and Rosacea Photos/acne-excoriated-8.jpg,여드름,2,dermnet,train
/Users/kyoe/skin_ai/data/dermnet/train/Eczema Photos/eczema-face-10.jpg,아토피피부염,1,dermnet,train
/Users/kyoe/skin_ai/data/dermnet/train/Eczema Photos/eczema-nummular-185.jpg,아토피피부염,1,dermnet,train
/Users/kyoe/skin_ai/data/dermnet/train/Acne and Rosacea Photos/acne-open-comedo-32.jpg,여드름,2,dermnet,train
/Users/kyoe/skin_ai/data/dermnet/train/Eczema Photos/heels-dry-cracked-5.jpg,아토피피부염,1,dermnet,train
/Users/kyoe/skin_ai/data/dermnet/train/Psoriasis pictures Lichen Planus and related diseases/psoriasis-pustular-generalized-66.jpg,건선,0,dermnet,train
/Users/kyoe/skin_ai/data/dermnet/train/Atopic Dermatitis Photos/05AtopicDerm0112043.jpg,아토피피부염,1,dermnet,train
/Users/kyoe/skin_ai/data/dermnet/train/Eczema Photos/stasis-dermatitis-19.jpg,아토피피부염,1,dermnet,train
/Users/kyoe/skin_ai/data/dermnet/train/Eczema Photos/lichen-simplex-chronicus-124.jpg,아토피피부염,1,dermnet,train
/Users/kyoe/skin_ai/data/dermnet/train/Psoriasis pictures Lichen Planus and related diseases/08SebDermEar1.jpg,건선,0,dermnet,train
/Users/kyoe/skin_ai/data/dermnet/train/Atopic Dermatitis Photos/05SexLinkedEchthyosis02236.jpg,아토피피부염,1,dermnet,train
/Users/kyoe/skin_ai/data/dermnet/train/Acne and Rosacea Photos/rosacea-nose-5.jpg,여드름,2,dermnet,train
/Users/kyoe/skin_ai/data/dermnet/train/Eczema Photos/eczema-subacute-72.jpg,아토피피부염,1,dermnet,train
/Users/kyoe/skin_ai/data/dermnet/train/Psoriasis pictures Lichen Planus and related diseases/Psoriasis-Guttate-68.jpg,건선,0,dermnet,train
/Users/kyoe/skin_ai/data/dermnet/train/Eczema Photos/eczema-subacute-56.jpg,아토피피부염,1,dermnet,train
/Users/kyoe/skin_ai/data/dermnet/train/Atopic Dermatitis Photos/05xlinkedIcthyosis0823042.jpg,아토피피부염,1,dermnet,train
/Users/kyoe/skin_ai/data/dermnet/train/Eczema Photos/eczema-hand-180.jpg,아토피피부염,1,dermnet,train
/Users/kyoe/skin_ai/data/dermnet/train/Acne and Rosacea Photos/rosacea-90.jpg,여드름,2,dermnet,train
/Users/kyoe/skin_ai/data/dermnet/train/Psoriasis pictures Lichen Planus and related diseases/pityriasis-rubra-pilaris-54.jpg,건선,0,dermnet,train
/Users/kyoe/skin_ai/data/dermnet/train/Atopic Dermatitis Photos/05AtopicFeet1q.jpg,아토피피부염,1,dermnet,train
/Users/kyoe/skin_ai/data/dermnet/train/Psoriasis pictures Lichen Planus and related diseases/Lichen-Planus-Penis-9.jpg,건선,0,dermnet,train
/Users/kyoe/skin_ai/data/dermnet/train/Psoriasis pictures Lichen Planus and related diseases/Lichen-Sclerosus-Skin-76.jpg,건선,0,dermnet,train
/Users/kyoe/skin_ai/data/dermnet/train/Atopic Dermatitis Photos/05AtopicDerm0419044.jpg,아토피피부염,1,dermnet,train
/Users/kyoe/skin_ai/data/dermnet/train/Acne and Rosacea Photos/rosacea-82.jpg,여드름,2,dermnet,train
/Users/kyoe/skin_ai/data/dermnet/train/Acne and Rosacea Photos/rosacea-41.jpg,여드름,2,dermnet,train
/Users/kyoe/skin_ai/data/dermnet/train/Psoriasis pictures Lichen Planus and related diseases/psoriasis-palms-soles-80.jpg,건선,0,dermnet,train
/Users/kyoe/skin_ai/data/dermnet/train/Acne and Rosacea Photos/rosacea-nose-1.jpg,여드름,2,dermnet,train
/Users/kyoe/skin_ai/data/dermnet/train/Psoriasis pictures Lichen Planus and related diseases/Lichen-Sclerosus-Skin-10.jpg,건선,0,dermnet,train
/Users/kyoe/skin_ai/data/dermnet/train/Atopic Dermatitis Photos/05atopic0411055.jpg,아토피피부염,1,dermnet,train
/Users/kyoe/skin_ai/data/dermnet/train/Psoriasis pictures Lichen Planus and related diseases/Lichen-Spinulosa-1.jpg,건선,0,dermnet,train
/Users/kyoe/skin_ai/data/dermnet/train/Eczema Photos/heels-dry-cracked-10.jpg,아토피피부염,1,dermnet,train
/Users/kyoe/skin_ai/data/dermnet/train/Psoriasis pictures Lichen Planus and related diseases/Lichen-Sclerosus-Skin-79.jpg,건선,0,dermnet,train
/Users/kyoe/skin_ai/data/dermnet/train/Psoriasis pictures Lichen Planus and related diseases/psoriasis-scalp-86.jpg,건선,0,dermnet,train
/Users/kyoe/skin_ai/data/dermnet/train/Eczema Photos/eczema-asteatotic-31.jpg,아토피피부염,1,dermnet,train
/Users/kyoe/skin_ai/data/dermnet/train/Psoriasis pictures Lichen Planus and related diseases/psoriasis-pustular-generalized-22.jpg,건선,0,dermnet,train
/Users/kyoe/skin_ai/data/dermnet/train/Eczema Photos/lichen-simplex-chronicus-165.jpg,아토피피부염,1,dermnet,train
/Users/kyoe/skin_ai/data/dermnet/train/Acne and Rosacea Photos/acne-closed-comedo-24.jpg,여드름,2,dermnet,train
/Users/kyoe/skin_ai/data/dermnet/train/Eczema Photos/eczema-asteatotic-44.jpg,아토피피부염,1,dermnet,train
/Users/kyoe/skin_ai/data/dermnet/train/Psoriasis pictures Lichen Planus and related diseases/Psoriasis-Guttate-98.jpg,건선,0,dermnet,train
/Users/kyoe/skin_ai/data/dermnet/train/Acne and Rosacea Photos/acne-cystic-118.jpg,여드름,2,dermnet,train
/Users/kyoe/skin_ai/data/dermnet/train/Acne and Rosacea Photos/hidradenitis-suppurativa-76.jpg,여드름,2,dermnet,train
/Users/kyoe/skin_ai/data/dermnet/train/Eczema Photos/eczema-foot-50.jpg,아토피피부염,1,dermnet,train
/Users/kyoe/skin_ai/data/dermnet/train/Eczema Photos/heels-dry-cracked-3.jpg,아토피피부염,1,dermnet,train
/Users/kyoe/skin_ai/data/dermnet/train/Atopic Dermatitis Photos/16IMG009.jpg,아토피피부염,1,dermnet,train
/Users/kyoe/skin_ai/data/dermnet/train/Eczema Photos/eczema-foot-37.jpg,아토피피부염,1,dermnet,train
/Users/kyoe/skin_ai/data/dermnet/train/Eczema Photos/stasis-dermatitis-174.jpg,아토피피부염,1,dermnet,train
/Users/kyoe/skin_ai/data/dermnet/train/Psoriasis pictures Lichen Planus and related diseases/psoriasis-palms-soles-105.jpg,건선,0,dermnet,train
/Users/kyoe/skin_ai/data/dermnet/train/Acne and Rosacea Photos/acne-cystic-32.jpg,여드름,2,dermnet,train
/Users/kyoe/skin_ai/data/dermnet/train/Psoriasis pictures Lichen Planus and related diseases/Psoriasis-Chronic-Plaque-156.jpg,건선,0,dermnet,train
/Users/kyoe/skin_ai/data/dermnet/train/Atopic Dermatitis Photos/05keratosisPilaris0508063.jpg,아토피피부염,1,dermnet,train
/Users/kyoe/skin_ai/data/dermnet/train/Eczema Photos/eczema-hand-103.jpg,아토피피부염,1,dermnet,train
/Users/kyoe/skin_ai/data/dermnet/train/Acne and Rosacea Photos/hidradenitis-suppurativa-72.jpg,여드름,2,dermnet,train
/Users/kyoe/skin_ai/data/dermnet/train/Acne and Rosacea Photos/hyperhidrosis-2.jpg,여드름,2,dermnet,train
/Users/kyoe/skin_ai/data/dermnet/train/Psoriasis pictures Lichen Planus and related diseases/Psoriasis-Guttate-115.jpg,건선,0,dermnet,train
/Users/kyoe/skin_ai/data/dermnet/train/Psoriasis pictures Lichen Planus and related diseases/pityriasis-rosea-114.jpg,건선,0,dermnet,train
/Users/kyoe/skin_ai/data/dermnet/train/Acne and Rosacea Photos/perioral-dermatitis-50.jpg,여드름,2,dermnet,train
/Users/kyoe/skin_ai/data/dermnet/train/Acne and Rosacea Photos/acne-open-comedo-21.jpg,여드름,2,dermnet,train
/Users/kyoe/skin_ai/data/dermnet/train/Eczema Photos/neurotic-excoriations-65.jpg,아토피피부염,1,dermnet,train
/Users/kyoe/skin_ai/data/dermnet/train/Eczema Photos/eczema-trunk-generalized-23.jpg,아토피피부염,1,dermnet,train
/Users/kyoe/skin_ai/data/dermnet/train/Eczema Photos/eczema-fingertips-121.jpg,아토피피부염,1,dermnet,train
/Users/kyoe/skin_ai/data/dermnet/train/Eczema Photos/neurotic-excoriations-38.jpg,아토피피부염,1,dermnet,train
/Users/kyoe/skin_ai/data/dermnet/train/Atopic Dermatitis Photos/05Atopic010203.jpg,아토피피부염,1,dermnet,train
/Users/kyoe/skin_ai/data/dermnet/train/Eczema Photos/pompholyx-35.jpg,아토피피부염,1,dermnet,train
/Users/kyoe/skin_ai/data/dermnet/train/Psoriasis pictures Lichen Planus and related diseases/Psoriasis-penis-20.jpg,건선,0,dermnet,train
/Users/kyoe/skin_ai/data/dermnet/train/Eczema Photos/eczema-asteatotic-8.jpg,아토피피부염,1,dermnet,train
/Users/kyoe/skin_ai/data/dermnet/train/Eczema Photos/keratolysis-exfoliativa-45.jpg,아토피피부염,1,dermnet,train
/Users/kyoe/skin_ai/data/dermnet/train/Psoriasis pictures Lichen Planus and related diseases/Psoriasis-Guttate-2.jpg,건선,0,dermnet,train
/Users/kyoe/skin_ai/data/dermnet/train/Atopic Dermatitis Photos/05keratosisPilaris080706.jpg,아토피피부염,1,dermnet,train
/Users/kyoe/skin_ai/data/dermnet/train/Eczema Photos/neurotic-excoriations-57.jpg,아토피피부염,1,dermnet,train
/Users/kyoe/skin_ai/data/dermnet/train/Psoriasis pictures Lichen Planus and related diseases/Lichen-Planus-Oral-1.jpg,건선,0,dermnet,train
/Users/kyoe/skin_ai/data/dermnet/train/Atopic Dermatitis Photos/05Atopic12060423.jpg,아토피피부염,1,dermnet,train
/Users/kyoe/skin_ai/data/dermnet/train/Eczema Photos/lichen-simplex-chronicus-97.jpg,아토피피부염,1,dermnet,train
/Users/kyoe/skin_ai/data/dermnet/train/Psoriasis pictures Lichen Planus and related diseases/Psoriasis-Guttate-81.jpg,건선,0,dermnet,train
/Users/kyoe/skin_ai/data/dermnet/train/Psoriasis pictures Lichen Planus and related diseases/Lichen-Sclerosus-Skin-6.jpg,건선,0,dermnet,train
/Users/kyoe/skin_ai/data/dermnet/train/Psoriasis pictures Lichen Planus and related diseases/psoriasis-erythrodermic-12.jpg,건선,0,dermnet,train
/Users/kyoe/skin_ai/data/dermnet/train/Acne and Rosacea Photos/acne-cystic-34.jpg,여드름,2,dermnet,train
/Users/kyoe/skin_ai/data/dermnet/train/Acne and Rosacea Photos/acne-mechanica-1.jpg,여드름,2,dermnet,train
/Users/kyoe/skin_ai/data/dermnet/train/Eczema Photos/stasis-dermatitis-126.jpg,아토피피부염,1,dermnet,train
/Users/kyoe/skin_ai/data/dermnet/train/Eczema Photos/eczema-fingertips-105.jpg,아토피피부염,1,dermnet,train
/Users/kyoe/skin_ai/data/dermnet/train/Psoriasis pictures Lichen Planus and related diseases/psoriasis-palms-soles-189.jpg,건선,0,dermnet,train
/Users/kyoe/skin_ai/data/dermnet/train/Atopic Dermatitis Photos/14IMG001.jpg,아토피피부염,1,dermnet,train
/Users/kyoe/skin_ai/data/dermnet/train/Eczema Photos/stasis-dermatitis-16.jpg,아토피피부염,1,dermnet,train
/Users/kyoe/skin_ai/data/dermnet/train/Acne and Rosacea Photos/minocycline-pigmentation-12.jpg,여드름,2,dermnet,train
/Users/kyoe/skin_ai/data/dermnet/train/Eczema Photos/chapped-fissured-feet-24.jpg,아토피피부염,1,dermnet,train
/Users/kyoe/skin_ai/data/dermnet/train/Psoriasis pictures Lichen Planus and related diseases/psoriasis-scalp-104.jpg,건선,0,dermnet,train
/Users/kyoe/skin_ai/data/dermnet/train/Eczema Photos/eczema-leg-12.jpg,아토피피부염,1,dermnet,train
/Users/kyoe/skin_ai/data/dermnet/train/Eczema Photos/neurotic-excoriations-16.jpg,아토피피부염,1,dermnet,train
/Users/kyoe/skin_ai/data/dermnet/train/Psoriasis pictures Lichen Planus and related diseases/Lichen-Planus-Hypertrophic-19.jpg,건선,0,dermnet,train
/Users/kyoe/skin_ai/data/dermnet/train/Eczema Photos/eczema-asteatotic-6.jpg,아토피피부염,1,dermnet,train
/Users/kyoe/skin_ai/data/dermnet/train/Eczema Photos/pompholyx-29.jpg,아토피피부염,1,dermnet,train
/Users/kyoe/skin_ai/data/dermnet/train/Atopic Dermatitis Photos/8IMG006.jpg,아토피피부염,1,dermnet,train
/Users/kyoe/skin_ai/data/dermnet/train/Psoriasis pictures Lichen Planus and related diseases/Psoriasis-Chronic-Plaque-147.jpg,건선,0,dermnet,train
/Users/kyoe/skin_ai/data/dermnet/train/Eczema Photos/chapped-fissured-feet-11.jpg,아토피피부염,1,dermnet,train
/Users/kyoe/skin_ai/data/dermnet/train/Psoriasis pictures Lichen Planus and related diseases/lichen-planus-96.jpg,건선,0,dermnet,train
/Users/kyoe/skin_ai/data/dermnet/train/Psoriasis pictures Lichen Planus and related diseases/Axillary-Granular-Parakeratosis-3.jpg,건선,0,dermnet,train
/Users/kyoe/skin_ai/data/dermnet/train/Eczema Photos/eczema-fingertips-20.jpg,아토피피부염,1,dermnet,train
/Users/kyoe/skin_ai/data/dermnet/train/Acne and Rosacea Photos/rosacea-96.jpg,여드름,2,dermnet,train
/Users/kyoe/skin_ai/data/dermnet/train/Psoriasis pictures Lichen Planus and related diseases/lichen-planus-109.jpg,건선,0,dermnet,train
/Users/kyoe/skin_ai/data/dermnet/train/Psoriasis pictures Lichen Planus and related diseases/lichen-planus-130.jpg,건선,0,dermnet,train
/Users/kyoe/skin_ai/data/dermnet/train/Atopic Dermatitis Photos/05child0612052.jpg,아토피피부염,1,dermnet,train
/Users/kyoe/skin_ai/data/dermnet/train/Acne and Rosacea Photos/acne-cystic-57.jpg,여드름,2,dermnet,train
/Users/kyoe/skin_ai/data/dermnet/train/Eczema Photos/eczema-chronic-45.jpg,아토피피부염,1,dermnet,train
/Users/kyoe/skin_ai/data/dermnet/train/Atopic Dermatitis Photos/05xlinkedIcthyosis0823045.jpg,아토피피부염,1,dermnet,train
/Users/kyoe/skin_ai/data/dermnet/train/Acne and Rosacea Photos/acne-pustular-38.jpg,여드름,2,dermnet,train
/Users/kyoe/skin_ai/data/dermnet/train/Psoriasis pictures Lichen Planus and related diseases/Pityriasis-Lichenoides-23.jpg,건선,0,dermnet,train
/Users/kyoe/skin_ai/data/dermnet/train/Acne and Rosacea Photos/milia-18.jpg,여드름,2,dermnet,train
/Users/kyoe/skin_ai/data/dermnet/train/Acne and Rosacea Photos/hidradenitis-suppurativa-52.jpg,여드름,2,dermnet,train
/Users/kyoe/skin_ai/data/dermnet/train/Psoriasis pictures Lichen Planus and related diseases/Psoriasis-Chronic-Plaque-142.jpg,건선,0,dermnet,train
/Users/kyoe/skin_ai/data/dermnet/train/Psoriasis pictures Lichen Planus and related diseases/Lichen-Sclerosus-Skin-12.jpg,건선,0,dermnet,train
/Users/kyoe/skin_ai/data/dermnet/train/Psoriasis pictures Lichen Planus and related diseases/seborrheic-dermatitis-143.jpg,건선,0,dermnet,train
/Users/kyoe/skin_ai/data/dermnet/train/Atopic Dermatitis Photos/05KeratosisPilaris.jpg,아토피피부염,1,dermnet,train
/Users/kyoe/skin_ai/data/dermnet/train/Psoriasis pictures Lichen Planus and related diseases/seborrheic-dermatitis-95.jpg,건선,0,dermnet,train
/Users/kyoe/skin_ai/data/dermnet/train/Eczema Photos/eczema-hand-167.jpg,아토피피부염,1,dermnet,train
/Users/kyoe/skin_ai/data/dermnet/train/Eczema Photos/pompholyx-6.jpg,아토피피부염,1,dermnet,train
/Users/kyoe/skin_ai/data/dermnet/train/Eczema Photos/eczema-fingertips-28.jpg,아토피피부염,1,dermnet,train
/Users/kyoe/skin_ai/data/dermnet/train/Psoriasis pictures Lichen Planus and related diseases/08SebDermBrow.jpg,건선,0,dermnet,train
/Users/kyoe/skin_ai/data/dermnet/train/Atopic Dermatitis Photos/05atopic0228051.jpg,아토피피부염,1,dermnet,train
/Users/kyoe/skin_ai/data/dermnet/train/Psoriasis pictures Lichen Planus and related diseases/pityriasis-rosea-181.jpg,건선,0,dermnet,train
/Users/kyoe/skin_ai/data/dermnet/train/Acne and Rosacea Photos/acne-closed-comedo-15.jpg,여드름,2,dermnet,train
/Users/kyoe/skin_ai/data/dermnet/train/Eczema Photos/eczema-nummular-173.jpg,아토피피부염,1,dermnet,train
/Users/kyoe/skin_ai/data/dermnet/train/Eczema Photos/eczema-vulva-7.jpg,아토피피부염,1,dermnet,train
/Users/kyoe/skin_ai/data/dermnet/train/Psoriasis pictures Lichen Planus and related diseases/seborrheic-dermatitis-155.jpg,건선,0,dermnet,train
/Users/kyoe/skin_ai/data/dermnet/train/Psoriasis pictures Lichen Planus and related diseases/Psoriasis-Chronic-Plaque-168.jpg,건선,0,dermnet,train
/Users/kyoe/skin_ai/data/dermnet/train/Eczema Photos/eczema-nummular-86.jpg,아토피피부염,1,dermnet,train
/Users/kyoe/skin_ai/data/dermnet/train/Eczema Photos/heels-dry-cracked-11.jpg,아토피피부염,1,dermnet,train
/Users/kyoe/skin_ai/data/dermnet/train/Psoriasis pictures Lichen Planus and related diseases/Psoriasis-Hand-13.jpg,건선,0,dermnet,train
/Users/kyoe/skin_ai/data/dermnet/train/Eczema Photos/lichen-simplex-chronicus-140.jpg,아토피피부염,1,dermnet,train
/Users/kyoe/skin_ai/data/dermnet/train/Eczema Photos/pompholyx-15.jpg,아토피피부염,1,dermnet,train
/Users/kyoe/skin_ai/data/dermnet/train/Eczema Photos/eczema-hand-183.jpg,아토피피부염,1,dermnet,train
/Users/kyoe/skin_ai/data/dermnet/train/Eczema Photos/eczema-foot-98.jpg,아토피피부염,1,dermnet,train
/Users/kyoe/skin_ai/data/dermnet/train/Acne and Rosacea Photos/perioral-dermatitis-92.jpg,여드름,2,dermnet,train
/Users/kyoe/skin_ai/data/dermnet/train/Acne and Rosacea Photos/perioral-dermatitis-47.jpg,여드름,2,dermnet,train
/Users/kyoe/skin_ai/data/dermnet/train/Psoriasis pictures Lichen Planus and related diseases/Psoriasis-Guttate-121.jpg,건선,0,dermnet,train
/Users/kyoe/skin_ai/data/dermnet/train/Eczema Photos/eczema-areola-17.jpg,아토피피부염,1,dermnet,train
/Users/kyoe/skin_ai/data/dermnet/train/Acne and Rosacea Photos/acne-open-comedo-24.jpg,여드름,2,dermnet,train
/Users/kyoe/skin_ai/data/dermnet/train/Eczema Photos/eczema-histology-2.jpg,아토피피부염,1,dermnet,train
/Users/kyoe/skin_ai/data/dermnet/train/Psoriasis pictures Lichen Planus and related diseases/Psoriasis-Interferon-Injection-08230426.jpg,건선,0,dermnet,train
/Users/kyoe/skin_ai/data/dermnet/train/Psoriasis pictures Lichen Planus and related diseases/pityriasis-rosea-14.jpg,건선,0,dermnet,train
/Users/kyoe/skin_ai/data/dermnet/train/Eczema Photos/neurotic-excoriations-11.jpg,아토피피부염,1,dermnet,train
/Users/kyoe/skin_ai/data/dermnet/train/Psoriasis pictures Lichen Planus and related diseases/08sebKerm1122049.jpg,건선,0,dermnet,train
/Users/kyoe/skin_ai/data/dermnet/train/Psoriasis pictures Lichen Planus and related diseases/psoriasis-palms-soles-83.jpg,건선,0,dermnet,train
/Users/kyoe/skin_ai/data/dermnet/train/Acne and Rosacea Photos/acne-cystic-84.jpg,여드름,2,dermnet,train
/Users/kyoe/skin_ai/data/dermnet/train/Psoriasis pictures Lichen Planus and related diseases/psoriasis-erythrodermic-31.jpg,건선,0,dermnet,train
/Users/kyoe/skin_ai/data/dermnet/train/Psoriasis pictures Lichen Planus and related diseases/pityriasis-rosea-86.jpg,건선,0,dermnet,train
/Users/kyoe/skin_ai/data/dermnet/train/Eczema Photos/id-reaction-3.jpg,아토피피부염,1,dermnet,train
/Users/kyoe/skin_ai/data/dermnet/train/Psoriasis pictures Lichen Planus and related diseases/08sebKerm11220410.jpg,건선,0,dermnet,train
/Users/kyoe/skin_ai/data/dermnet/train/Psoriasis pictures Lichen Planus and related diseases/psoriasis-erythrodermic-3.jpg,건선,0,dermnet,train
/Users/kyoe/skin_ai/data/dermnet/train/Acne and Rosacea Photos/acne-pustular-67.jpg,여드름,2,dermnet,train
/Users/kyoe/skin_ai/data/dermnet/train/Eczema Photos/lichen-simplex-chronicus-103.jpg,아토피피부염,1,dermnet,train
/Users/kyoe/skin_ai/data/dermnet/train/Psoriasis pictures Lichen Planus and related diseases/Psoriasis-penis-18.jpg,건선,0,dermnet,train
/Users/kyoe/skin_ai/data/dermnet/train/Atopic Dermatitis Photos/05Eczema10062.jpg,아토피피부염,1,dermnet,train
/Users/kyoe/skin_ai/data/dermnet/train/Acne and Rosacea Photos/milia-5.jpg,여드름,2,dermnet,train
/Users/kyoe/skin_ai/data/dermnet/train/Psoriasis pictures Lichen Planus and related diseases/08PsoriasisOnycholysis2.jpg,건선,0,dermnet,train
/Users/kyoe/skin_ai/data/dermnet/train/Psoriasis pictures Lichen Planus and related diseases/Psoriasis-penis-25.jpg,건선,0,dermnet,train
/Users/kyoe/skin_ai/data/dermnet/train/Eczema Photos/eczema-hand-175.jpg,아토피피부염,1,dermnet,train
/Users/kyoe/skin_ai/data/dermnet/train/Psoriasis pictures Lichen Planus and related diseases/13tineaAmiantacea0821061.jpg,건선,0,dermnet,train
/Users/kyoe/skin_ai/data/dermnet/train/Eczema Photos/stasis-dermatitis-158.jpg,아토피피부염,1,dermnet,train
/Users/kyoe/skin_ai/data/dermnet/train/Eczema Photos/eczema-hand-98.jpg,아토피피부염,1,dermnet,train
/Users/kyoe/skin_ai/data/dermnet/train/Eczema Photos/eczema-nummular-146.jpg,아토피피부염,1,dermnet,train
/Users/kyoe/skin_ai/data/dermnet/train/Eczema Photos/eczema-subacute-70.jpg,아토피피부염,1,dermnet,train
/Users/kyoe/skin_ai/data/dermnet/train/Acne and Rosacea Photos/acne-open-comedo-48.jpg,여드름,2,dermnet,train
/Users/kyoe/skin_ai/data/dermnet/train/Acne and Rosacea Photos/acne-closed-comedo-12.jpg,여드름,2,dermnet,train
/Users/kyoe/skin_ai/data/dermnet/train/Psoriasis pictures Lichen Planus and related diseases/Lichen-Sclerosis-Vulva-22.jpg,건선,0,dermnet,train
/Users/kyoe/skin_ai/data/dermnet/train/Acne and Rosacea Photos/rosacea-27.jpg,여드름,2,dermnet,train
/Users/kyoe/skin_ai/data/dermnet/train/Acne and Rosacea Photos/rosacea-nose-36.jpg,여드름,2,dermnet,train
/Users/kyoe/skin_ai/data/dermnet/train/Eczema Photos/eczema-nummular-18.jpg,아토피피부염,1,dermnet,train
/Users/kyoe/skin_ai/data/dermnet/train/Atopic Dermatitis Photos/05atopicFace040306.jpg,아토피피부염,1,dermnet,train
/Users/kyoe/skin_ai/data/dermnet/train/Psoriasis pictures Lichen Planus and related diseases/seborrheic-dermatitis-153.jpg,건선,0,dermnet,train
/Users/kyoe/skin_ai/data/dermnet/train/Eczema Photos/eczema-chronic-8.jpg,아토피피부염,1,dermnet,train
/Users/kyoe/skin_ai/data/dermnet/train/Atopic Dermatitis Photos/05Atopic0712042.jpg,아토피피부염,1,dermnet,train
/Users/kyoe/skin_ai/data/dermnet/train/Psoriasis pictures Lichen Planus and related diseases/Pityriasis-Lichenoides-28.jpg,건선,0,dermnet,train
/Users/kyoe/skin_ai/data/dermnet/train/Acne and Rosacea Photos/acne-pustular-26.jpg,여드름,2,dermnet,train
/Users/kyoe/skin_ai/data/dermnet/train/Eczema Photos/eczema-foot-82.jpg,아토피피부염,1,dermnet,train
/Users/kyoe/skin_ai/data/dermnet/train/Atopic Dermatitis Photos/05atopic012405.jpg,아토피피부염,1,dermnet,train
/Users/kyoe/skin_ai/data/dermnet/train/Eczema Photos/eczema-hand-110.jpg,아토피피부염,1,dermnet,train
/Users/kyoe/skin_ai/data/dermnet/train/Psoriasis pictures Lichen Planus and related diseases/seborrheic-dermatitis-116.jpg,건선,0,dermnet,train
/Users/kyoe/skin_ai/data/dermnet/train/Acne and Rosacea Photos/acne-primary-lesion-3.jpg,여드름,2,dermnet,train
/Users/kyoe/skin_ai/data/dermnet/train/Acne and Rosacea Photos/acne-closed-comedo-26.jpg,여드름,2,dermnet,train
/Users/kyoe/skin_ai/data/dermnet/train/Psoriasis pictures Lichen Planus and related diseases/Lichen-Sclerosus-Skin-57.jpg,건선,0,dermnet,train
/Users/kyoe/skin_ai/data/dermnet/train/Acne and Rosacea Photos/acne-pustular-52.jpg,여드름,2,dermnet,train
/Users/kyoe/skin_ai/data/dermnet/train/Psoriasis pictures Lichen Planus and related diseases/Psoriasis-Guttate-125.jpg,건선,0,dermnet,train
/Users/kyoe/skin_ai/data/dermnet/train/Eczema Photos/eczema-nummular-104.jpg,아토피피부염,1,dermnet,train
/Users/kyoe/skin_ai/data/dermnet/train/Eczema Photos/eczema-nummular-158.jpg,아토피피부염,1,dermnet,train
/Users/kyoe/skin_ai/data/dermnet/train/Acne and Rosacea Photos/rosacea-32.jpg,여드름,2,dermnet,train
/Users/kyoe/skin_ai/data/dermnet/train/Psoriasis pictures Lichen Planus and related diseases/erythrokeratodermia-variabilis-2.jpg,건선,0,dermnet,train
/Users/kyoe/skin_ai/data/dermnet/train/Acne and Rosacea Photos/rosacea-25.jpg,여드름,2,dermnet,train
/Users/kyoe/skin_ai/data/dermnet/train/Eczema Photos/eczema-nummular-109.jpg,아토피피부염,1,dermnet,train
/Users/kyoe/skin_ai/data/dermnet/train/Psoriasis pictures Lichen Planus and related diseases/Pityriasis-Lichenoides-42.jpg,건선,0,dermnet,train
/Users/kyoe/skin_ai/data/dermnet/train/Psoriasis pictures Lichen Planus and related diseases/Psoriasis-Anus-9.jpg,건선,0,dermnet,train
/Users/kyoe/skin_ai/data/dermnet/train/Atopic Dermatitis Photos/05atopic0124052.jpg,아토피피부염,1,dermnet,train
/Users/kyoe/skin_ai/data/dermnet/train/Psoriasis pictures Lichen Planus and related diseases/Lichen-Sclerosus-Skin-80.jpg,건선,0,dermnet,train
/Users/kyoe/skin_ai/data/dermnet/train/Psoriasis pictures Lichen Planus and related diseases/Psoriasis-Guttate-51.jpg,건선,0,dermnet,train
/Users/kyoe/skin_ai/data/dermnet/train/Psoriasis pictures Lichen Planus and related diseases/Psoriasis-Chronic-Plaque-129.jpg,건선,0,dermnet,train
/Users/kyoe/skin_ai/data/dermnet/train/Acne and Rosacea Photos/acne-open-comedo-1.jpg,여드름,2,dermnet,train
/Users/kyoe/skin_ai/data/dermnet/train/Psoriasis pictures Lichen Planus and related diseases/Psoriasis-Chronic-Plaque-127.jpg,건선,0,dermnet,train
/Users/kyoe/skin_ai/data/dermnet/train/Eczema Photos/Dyshidrosis-59.jpg,아토피피부염,1,dermnet,train
/Users/kyoe/skin_ai/data/dermnet/train/Eczema Photos/eczema-fingertips-139.jpg,아토피피부염,1,dermnet,train
/Users/kyoe/skin_ai/data/dermnet/train/Atopic Dermatitis Photos/05atopicKnee0801051.jpg,아토피피부염,1,dermnet,train
/Users/kyoe/skin_ai/data/dermnet/train/Eczema Photos/fissure-9.jpg,아토피피부염,1,dermnet,train
/Users/kyoe/skin_ai/data/dermnet/train/Psoriasis pictures Lichen Planus and related diseases/psoriasis-scalp-74.jpg,건선,0,dermnet,train
/Users/kyoe/skin_ai/data/dermnet/train/Psoriasis pictures Lichen Planus and related diseases/Pityriasis-Lichenoides-18.jpg,건선,0,dermnet,train
/Users/kyoe/skin_ai/data/dermnet/train/Psoriasis pictures Lichen Planus and related diseases/pityriasis-rubra-pilaris-2.jpg,건선,0,dermnet,train
/Users/kyoe/skin_ai/data/dermnet/train/Psoriasis pictures Lichen Planus and related diseases/Psoriasis-Guttate-108.jpg,건선,0,dermnet,train
/Users/kyoe/skin_ai/data/dermnet/train/Eczema Photos/eczema-subacute-43.jpg,아토피피부염,1,dermnet,train
/Users/kyoe/skin_ai/data/dermnet/train/Psoriasis pictures Lichen Planus and related diseases/08PsoriasisIntertrigo1006.jpg,건선,0,dermnet,train
/Users/kyoe/skin_ai/data/dermnet/train/Eczema Photos/lichen-simplex-chronicus-10.jpg,아토피피부염,1,dermnet,train
/Users/kyoe/skin_ai/data/dermnet/train/Atopic Dermatitis Photos/05atopic060704.jpg,아토피피부염,1,dermnet,train
/Users/kyoe/skin_ai/data/dermnet/train/Acne and Rosacea Photos/Sebaceous-glands-Areola-1.jpg,여드름,2,dermnet,train
/Users/kyoe/skin_ai/data/dermnet/train/Psoriasis pictures Lichen Planus and related diseases/Psoriasis-nails-29.jpg,건선,0,dermnet,train
/Users/kyoe/skin_ai/data/dermnet/train/Acne and Rosacea Photos/rosacea-28.jpg,여드름,2,dermnet,train
/Users/kyoe/skin_ai/data/dermnet/train/Psoriasis pictures Lichen Planus and related diseases/Psoriasis-Histology-3.jpg,건선,0,dermnet,train
/Users/kyoe/skin_ai/data/dermnet/train/Psoriasis pictures Lichen Planus and related diseases/Psoriasis-nails-13.jpg,건선,0,dermnet,train
/Users/kyoe/skin_ai/data/dermnet/train/Acne and Rosacea Photos/Sebaceous-glands-Areola-2.jpg,여드름,2,dermnet,train
/Users/kyoe/skin_ai/data/dermnet/train/Psoriasis pictures Lichen Planus and related diseases/pityriasis-rubra-pilaris-23.jpg,건선,0,dermnet,train
/Users/kyoe/skin_ai/data/dermnet/train/Acne and Rosacea Photos/rosacea-47.jpg,여드름,2,dermnet,train
/Users/kyoe/skin_ai/data/dermnet/train/Acne and Rosacea Photos/acne-cystic-104.jpg,여드름,2,dermnet,train
/Users/kyoe/skin_ai/data/dermnet/train/Atopic Dermatitis Photos/11IMG005.jpg,아토피피부염,1,dermnet,train
/Users/kyoe/skin_ai/data/dermnet/train/Eczema Photos/eczema-subacute-9.jpg,아토피피부염,1,dermnet,train
/Users/kyoe/skin_ai/data/dermnet/train/Psoriasis pictures Lichen Planus and related diseases/Lichen-Planus-Hypertrophic-2.jpg,건선,0,dermnet,train
/Users/kyoe/skin_ai/data/dermnet/train/Eczema Photos/eczema-subacute-113.jpg,아토피피부염,1,dermnet,train
/Users/kyoe/skin_ai/data/dermnet/train/Psoriasis pictures Lichen Planus and related diseases/psoriasis-palms-soles-149.jpg,건선,0,dermnet,train
/Users/kyoe/skin_ai/data/dermnet/train/Eczema Photos/eczema-ears-4.jpg,아토피피부염,1,dermnet,train
/Users/kyoe/skin_ai/data/dermnet/train/Acne and Rosacea Photos/perioral-dermatitis-125.jpg,여드름,2,dermnet,train
/Users/kyoe/skin_ai/data/dermnet/train/Psoriasis pictures Lichen Planus and related diseases/pityriasis-rosea-12.jpg,건선,0,dermnet,train
/Users/kyoe/skin_ai/data/dermnet/train/Acne and Rosacea Photos/rosacea-99.jpg,여드름,2,dermnet,train
/Users/kyoe/skin_ai/data/dermnet/train/Atopic Dermatitis Photos/IchthosisIMG007-GP3.jpg,아토피피부염,1,dermnet,train
/Users/kyoe/skin_ai/data/dermnet/train/Eczema Photos/eczema-fingertips-47.jpg,아토피피부염,1,dermnet,train
/Users/kyoe/skin_ai/data/dermnet/train/Eczema Photos/eczema-asteatotic-45.jpg,아토피피부염,1,dermnet,train
/Users/kyoe/skin_ai/data/dermnet/train/Psoriasis pictures Lichen Planus and related diseases/Psoriasis-inversus-14.jpg,건선,0,dermnet,train
/Users/kyoe/skin_ai/data/dermnet/train/Eczema Photos/stasis-dermatitis-177.jpg,아토피피부염,1,dermnet,train
/Users/kyoe/skin_ai/data/dermnet/train/Eczema Photos/eczema-nummular-90.jpg,아토피피부염,1,dermnet,train
/Users/kyoe/skin_ai/data/dermnet/train/Atopic Dermatitis Photos/5T-0004.jpg,아토피피부염,1,dermnet,train
/Users/kyoe/skin_ai/data/dermnet/train/Eczema Photos/eczema-subacute-105.jpg,아토피피부염,1,dermnet,train
/Users/kyoe/skin_ai/data/dermnet/train/Acne and Rosacea Photos/acne-cystic-15.jpg,여드름,2,dermnet,train
/Users/kyoe/skin_ai/data/dermnet/train/Eczema Photos/eczema-nummular-196.jpg,아토피피부염,1,dermnet,train
/Users/kyoe/skin_ai/data/dermnet/train/Acne and Rosacea Photos/perioral-dermatitis-87.jpg,여드름,2,dermnet,train
/Users/kyoe/skin_ai/data/dermnet/train/Eczema Photos/fissure-11.jpg,아토피피부염,1,dermnet,train
/Users/kyoe/skin_ai/data/dermnet/train/Atopic Dermatitis Photos/05AtopicFaceBaby1.jpg,아토피피부염,1,dermnet,train
/Users/kyoe/skin_ai/data/dermnet/train/Eczema Photos/eczema-fingertips-40.jpg,아토피피부염,1,dermnet,train
/Users/kyoe/skin_ai/data/dermnet/train/Atopic Dermatitis Photos/9IMG020.jpg,아토피피부염,1,dermnet,train
/Users/kyoe/skin_ai/data/dermnet/train/Eczema Photos/neurotic-excoriations-32.jpg,아토피피부염,1,dermnet,train
/Users/kyoe/skin_ai/data/dermnet/train/Acne and Rosacea Photos/perioral-dermatitis-44.jpg,여드름,2,dermnet,train
/Users/kyoe/skin_ai/data/dermnet/train/Acne and Rosacea Photos/acne-excoriated-13.jpg,여드름,2,dermnet,train
/Users/kyoe/skin_ai/data/dermnet/train/Psoriasis pictures Lichen Planus and related diseases/lichen-planus-183.jpg,건선,0,dermnet,train
/Users/kyoe/skin_ai/data/dermnet/train/Eczema Photos/fissure-10.jpg,아토피피부염,1,dermnet,train
/Users/kyoe/skin_ai/data/dermnet/train/Eczema Photos/eczema-fingertips-74.jpg,아토피피부염,1,dermnet,train
/Users/kyoe/skin_ai/data/dermnet/train/Eczema Photos/stasis-dermatitis-154.jpg,아토피피부염,1,dermnet,train
/Users/kyoe/skin_ai/data/dermnet/train/Acne and Rosacea Photos/perioral-dermatitis-95.jpg,여드름,2,dermnet,train
/Users/kyoe/skin_ai/data/dermnet/train/Psoriasis pictures Lichen Planus and related diseases/lichen-planus-20.jpg,건선,0,dermnet,train
/Users/kyoe/skin_ai/data/dermnet/train/Atopic Dermatitis Photos/KeratosisIMG005-GP3.jpg,아토피피부염,1,dermnet,train
/Users/kyoe/skin_ai/data/dermnet/train/Psoriasis pictures Lichen Planus and related diseases/Lichen-Sclerosus-Skin-4.jpg,건선,0,dermnet,train
/Users/kyoe/skin_ai/data/dermnet/train/Acne and Rosacea Photos/rosacea-118.jpg,여드름,2,dermnet,train
/Users/kyoe/skin_ai/data/dermnet/train/Acne and Rosacea Photos/acne-cystic-144.jpg,여드름,2,dermnet,train
/Users/kyoe/skin_ai/data/dermnet/train/Eczema Photos/stasis-dermatitis-99.jpg,아토피피부염,1,dermnet,train
/Users/kyoe/skin_ai/data/dermnet/train/Eczema Photos/lichen-simplex-chronicus-14.jpg,아토피피부염,1,dermnet,train
/Users/kyoe/skin_ai/data/dermnet/train/Psoriasis pictures Lichen Planus and related diseases/08sebDermScalp111308.jpg,건선,0,dermnet,train
/Users/kyoe/skin_ai/data/dermnet/train/Eczema Photos/keratolysis-exfoliativa-43.jpg,아토피피부염,1,dermnet,train
/Users/kyoe/skin_ai/data/dermnet/train/Psoriasis pictures Lichen Planus and related diseases/psoriasis-pustular-generalized-43.jpg,건선,0,dermnet,train
/Users/kyoe/skin_ai/data/dermnet/train/Psoriasis pictures Lichen Planus and related diseases/Lichen-Planus-Drug-4.jpg,건선,0,dermnet,train
/Users/kyoe/skin_ai/data/dermnet/train/Acne and Rosacea Photos/rosacea-nose-61.jpg,여드름,2,dermnet,train
/Users/kyoe/skin_ai/data/dermnet/train/Acne and Rosacea Photos/hidradenitis-suppurativa-2.jpg,여드름,2,dermnet,train
/Users/kyoe/skin_ai/data/dermnet/train/Eczema Photos/eczema-asteatotic-16.jpg,아토피피부염,1,dermnet,train
/Users/kyoe/skin_ai/data/dermnet/train/Eczema Photos/eczema-anal-3.jpg,아토피피부염,1,dermnet,train
/Users/kyoe/skin_ai/data/dermnet/train/Acne and Rosacea Photos/sebaceous-glands-upper-lip-1.jpg,여드름,2,dermnet,train
/Users/kyoe/skin_ai/data/dermnet/train/Eczema Photos/stasis-dermatitis-161.jpg,아토피피부염,1,dermnet,train
/Users/kyoe/skin_ai/data/dermnet/train/Eczema Photos/eczema-foot-88.jpg,아토피피부염,1,dermnet,train
/Users/kyoe/skin_ai/data/dermnet/train/Eczema Photos/eczema-hand-186.jpg,아토피피부염,1,dermnet,train
/Users/kyoe/skin_ai/data/dermnet/train/Eczema Photos/eczema-fingertips-112.jpg,아토피피부염,1,dermnet,train
/Users/kyoe/skin_ai/data/dermnet/train/Acne and Rosacea Photos/acne-cystic-122.jpg,여드름,2,dermnet,train
/Users/kyoe/skin_ai/data/dermnet/train/Acne and Rosacea Photos/acne-cystic-86.jpg,여드름,2,dermnet,train
/Users/kyoe/skin_ai/data/dermnet/train/Atopic Dermatitis Photos/05DryCrackedHeels090803.jpg,아토피피부염,1,dermnet,train
/Users/kyoe/skin_ai/data/dermnet/train/Acne and Rosacea Photos/acne-excoriated-1.jpg,여드름,2,dermnet,train
/Users/kyoe/skin_ai/data/dermnet/train/Psoriasis pictures Lichen Planus and related diseases/Psoriasis-Chronic-Plaque-148.jpg,건선,0,dermnet,train
/Users/kyoe/skin_ai/data/dermnet/train/Atopic Dermatitis Photos/05PityriasisAlba041204.jpg,아토피피부염,1,dermnet,train
/Users/kyoe/skin_ai/data/dermnet/train/Psoriasis pictures Lichen Planus and related diseases/Lichen-Sclerosus-Skin-122.jpg,건선,0,dermnet,train
/Users/kyoe/skin_ai/data/dermnet/train/Acne and Rosacea Photos/rosacea-101.jpg,여드름,2,dermnet,train
/Users/kyoe/skin_ai/data/dermnet/train/Psoriasis pictures Lichen Planus and related diseases/Lichen-Sclerosus-Skin-32.jpg,건선,0,dermnet,train
/Users/kyoe/skin_ai/data/dermnet/train/Acne and Rosacea Photos/acne-pustular-4.jpg,여드름,2,dermnet,train
/Users/kyoe/skin_ai/data/dermnet/train/Psoriasis pictures Lichen Planus and related diseases/Psoriasis-Chronic-Plaque-118.jpg,건선,0,dermnet,train
/Users/kyoe/skin_ai/data/dermnet/train/Psoriasis pictures Lichen Planus and related diseases/lichen-planus-127.jpg,건선,0,dermnet,train
/Users/kyoe/skin_ai/data/dermnet/train/Acne and Rosacea Photos/rosacea-steroid-2.jpg,여드름,2,dermnet,train
/Users/kyoe/skin_ai/data/dermnet/train/Eczema Photos/eczema-arms-2.jpg,아토피피부염,1,dermnet,train
/Users/kyoe/skin_ai/data/dermnet/train/Psoriasis pictures Lichen Planus and related diseases/08sebKerm01230641.jpg,건선,0,dermnet,train
/Users/kyoe/skin_ai/data/dermnet/train/Acne and Rosacea Photos/07RosaceaOK082806.jpg,여드름,2,dermnet,train
/Users/kyoe/skin_ai/data/dermnet/train/Atopic Dermatitis Photos/05Atopic12060413.jpg,아토피피부염,1,dermnet,train
/Users/kyoe/skin_ai/data/dermnet/train/Psoriasis pictures Lichen Planus and related diseases/08SebDermEAr.jpg,건선,0,dermnet,train
/Users/kyoe/skin_ai/data/dermnet/train/Eczema Photos/stasis-dermatitis-171.jpg,아토피피부염,1,dermnet,train
/Users/kyoe/skin_ai/data/dermnet/train/Atopic Dermatitis Photos/05AtopicWrist54.jpg,아토피피부염,1,dermnet,train
/Users/kyoe/skin_ai/data/dermnet/train/Psoriasis pictures Lichen Planus and related diseases/psoriasis-scalp-5.jpg,건선,0,dermnet,train
/Users/kyoe/skin_ai/data/dermnet/train/Atopic Dermatitis Photos/05PityriasisAlbal042604.jpg,아토피피부염,1,dermnet,train
/Users/kyoe/skin_ai/data/dermnet/train/Eczema Photos/stasis-dermatitis-147.jpg,아토피피부염,1,dermnet,train
/Users/kyoe/skin_ai/data/dermnet/train/Atopic Dermatitis Photos/11IMG015.jpg,아토피피부염,1,dermnet,train
/Users/kyoe/skin_ai/data/dermnet/train/Psoriasis pictures Lichen Planus and related diseases/pityriasis-rubra-pilaris-56.jpg,건선,0,dermnet,train
/Users/kyoe/skin_ai/data/dermnet/train/Psoriasis pictures Lichen Planus and related diseases/Psoriasis-HIV-2.jpg,건선,0,dermnet,train
/Users/kyoe/skin_ai/data/dermnet/train/Eczema Photos/eczema-fingertips-41.jpg,아토피피부염,1,dermnet,train
/Users/kyoe/skin_ai/data/dermnet/train/Psoriasis pictures Lichen Planus and related diseases/psoriasis-scalp-23.jpg,건선,0,dermnet,train
/Users/kyoe/skin_ai/data/dermnet/train/Psoriasis pictures Lichen Planus and related diseases/Psoriasis-HIV-3.jpg,건선,0,dermnet,train
/Users/kyoe/skin_ai/data/dermnet/train/Psoriasis pictures Lichen Planus and related diseases/psoriasis-erythrodermic-11.jpg,건선,0,dermnet,train
/Users/kyoe/skin_ai/data/dermnet/train/Eczema Photos/eczema-nummular-97.jpg,아토피피부염,1,dermnet,train
/Users/kyoe/skin_ai/data/dermnet/train/Acne and Rosacea Photos/07RosaceaK02163.jpg,여드름,2,dermnet,train
/Users/kyoe/skin_ai/data/dermnet/train/Eczema Photos/Dyshidrosis-22.jpg,아토피피부염,1,dermnet,train
/Users/kyoe/skin_ai/data/dermnet/train/Eczema Photos/eczema-hand-155.jpg,아토피피부염,1,dermnet,train
/Users/kyoe/skin_ai/data/dermnet/train/Eczema Photos/stasis-dermatitis-134.jpg,아토피피부염,1,dermnet,train
/Users/kyoe/skin_ai/data/dermnet/train/Psoriasis pictures Lichen Planus and related diseases/Lichen-Sclerosus-Skin-55.jpg,건선,0,dermnet,train
/Users/kyoe/skin_ai/data/dermnet/train/Acne and Rosacea Photos/acne-cystic-134.jpg,여드름,2,dermnet,train
/Users/kyoe/skin_ai/data/dermnet/train/Psoriasis pictures Lichen Planus and related diseases/lichen-planus-178.jpg,건선,0,dermnet,train
/Users/kyoe/skin_ai/data/dermnet/train/Psoriasis pictures Lichen Planus and related diseases/Lichen-Sclerosus-Skin-117.jpg,건선,0,dermnet,train
/Users/kyoe/skin_ai/data/dermnet/train/Psoriasis pictures Lichen Planus and related diseases/lichen-planus-82.jpg,건선,0,dermnet,train
/Users/kyoe/skin_ai/data/dermnet/train/Eczema Photos/pompholyx-10.jpg,아토피피부염,1,dermnet,train
/Users/kyoe/skin_ai/data/dermnet/train/Eczema Photos/eczema-chronic-10.jpg,아토피피부염,1,dermnet,train
/Users/kyoe/skin_ai/data/dermnet/train/Atopic Dermatitis Photos/05SexLinkIchthosis0328051.jpg,아토피피부염,1,dermnet,train
/Users/kyoe/skin_ai/data/dermnet/train/Psoriasis pictures Lichen Planus and related diseases/Psoriasis-treatment-4.jpg,건선,0,dermnet,train
/Users/kyoe/skin_ai/data/dermnet/train/Atopic Dermatitis Photos/05AtopicPop.jpg,아토피피부염,1,dermnet,train
/Users/kyoe/skin_ai/data/dermnet/train/Psoriasis pictures Lichen Planus and related diseases/Psoriasis-Guttate-73.jpg,건선,0,dermnet,train
/Users/kyoe/skin_ai/data/dermnet/train/Psoriasis pictures Lichen Planus and related diseases/psoriasis-pustular-generalized-53.jpg,건선,0,dermnet,train
/Users/kyoe/skin_ai/data/dermnet/train/Atopic Dermatitis Photos/6IMG013.jpg,아토피피부염,1,dermnet,train
/Users/kyoe/skin_ai/data/dermnet/train/Psoriasis pictures Lichen Planus and related diseases/Pityriasis-Lichenoides-6.jpg,건선,0,dermnet,train
/Users/kyoe/skin_ai/data/dermnet/train/Psoriasis pictures Lichen Planus and related diseases/pityriasis-rosea-130.jpg,건선,0,dermnet,train
/Users/kyoe/skin_ai/data/dermnet/train/Psoriasis pictures Lichen Planus and related diseases/Psoriasis-Chronic-Plaque-16.jpg,건선,0,dermnet,train
/Users/kyoe/skin_ai/data/dermnet/train/Atopic Dermatitis Photos/05KeratosisPilaris0510044.jpg,아토피피부염,1,dermnet,train
/Users/kyoe/skin_ai/data/dermnet/train/Atopic Dermatitis Photos/05atopicAdult111805.jpg,아토피피부염,1,dermnet,train
/Users/kyoe/skin_ai/data/dermnet/train/Acne and Rosacea Photos/hidradenitis-suppurativa-4.jpg,여드름,2,dermnet,train
/Users/kyoe/skin_ai/data/dermnet/train/Psoriasis pictures Lichen Planus and related diseases/psoriasis-scalp-3.jpg,건선,0,dermnet,train
/Users/kyoe/skin_ai/data/dermnet/train/Psoriasis pictures Lichen Planus and related diseases/psoriasis-palms-soles-103.jpg,건선,0,dermnet,train
/Users/kyoe/skin_ai/data/dermnet/train/Eczema Photos/keratolysis-exfoliativa-27.jpg,아토피피부염,1,dermnet,train
/Users/kyoe/skin_ai/data/dermnet/train/Acne and Rosacea Photos/rosacea-51.jpg,여드름,2,dermnet,train
/Users/kyoe/skin_ai/data/dermnet/train/Psoriasis pictures Lichen Planus and related diseases/psoriasis-erythrodermic-22.jpg,건선,0,dermnet,train
/Users/kyoe/skin_ai/data/dermnet/train/Psoriasis pictures Lichen Planus and related diseases/lichen-planus-100.jpg,건선,0,dermnet,train
/Users/kyoe/skin_ai/data/dermnet/train/Eczema Photos/Dyshidrosis-40.jpg,아토피피부염,1,dermnet,train
/Users/kyoe/skin_ai/data/dermnet/train/Acne and Rosacea Photos/acne-open-comedo-36.jpg,여드름,2,dermnet,train
/Users/kyoe/skin_ai/data/dermnet/train/Acne and Rosacea Photos/rosacea-48.jpg,여드름,2,dermnet,train
/Users/kyoe/skin_ai/data/dermnet/train/Acne and Rosacea Photos/rosacea-8.jpg,여드름,2,dermnet,train
/Users/kyoe/skin_ai/data/dermnet/train/Psoriasis pictures Lichen Planus and related diseases/lichen-planus-vaginal-7.jpg,건선,0,dermnet,train
/Users/kyoe/skin_ai/data/dermnet/train/Acne and Rosacea Photos/acne-cystic-20.jpg,여드름,2,dermnet,train
/Users/kyoe/skin_ai/data/dermnet/train/Acne and Rosacea Photos/acne-closed-comedo-19.jpg,여드름,2,dermnet,train
/Users/kyoe/skin_ai/data/dermnet/train/Psoriasis pictures Lichen Planus and related diseases/Lichen-Sclerosus-Penis-31.jpg,건선,0,dermnet,train
/Users/kyoe/skin_ai/data/dermnet/train/Psoriasis pictures Lichen Planus and related diseases/pityriasis-rubra-pilaris-53.jpg,건선,0,dermnet,train
/Users/kyoe/skin_ai/data/dermnet/train/Psoriasis pictures Lichen Planus and related diseases/pityriasis-rosea-99.jpg,건선,0,dermnet,train
/Users/kyoe/skin_ai/data/dermnet/train/Psoriasis pictures Lichen Planus and related diseases/Psoriasis-HIV-4.jpg,건선,0,dermnet,train
/Users/kyoe/skin_ai/data/dermnet/train/Psoriasis pictures Lichen Planus and related diseases/Lichen-Sclerosus-Skin-60.jpg,건선,0,dermnet,train
/Users/kyoe/skin_ai/data/dermnet/train/Psoriasis pictures Lichen Planus and related diseases/Psoriasis-Chronic-Plaque-112.jpg,건선,0,dermnet,train
/Users/kyoe/skin_ai/data/dermnet/train/Psoriasis pictures Lichen Planus and related diseases/psoriasis-erythrodermic-19.jpg,건선,0,dermnet,train
/Users/kyoe/skin_ai/data/dermnet/train/Acne and Rosacea Photos/rosacea-13.jpg,여드름,2,dermnet,train
/Users/kyoe/skin_ai/data/dermnet/train/Eczema Photos/prurigo-nodularis-10.jpg,아토피피부염,1,dermnet,train
/Users/kyoe/skin_ai/data/dermnet/train/Atopic Dermatitis Photos/3Eczema2-206.jpg,아토피피부염,1,dermnet,train
/Users/kyoe/skin_ai/data/dermnet/train/Eczema Photos/keratolysis-exfoliativa-39.jpg,아토피피부염,1,dermnet,train
/Users/kyoe/skin_ai/data/dermnet/train/Psoriasis pictures Lichen Planus and related diseases/reiter-syndrome-18.jpg,건선,0,dermnet,train
/Users/kyoe/skin_ai/data/dermnet/train/Eczema Photos/eczema-areola-15.jpg,아토피피부염,1,dermnet,train
/Users/kyoe/skin_ai/data/dermnet/train/Acne and Rosacea Photos/07Rhinophymaq.jpg,여드름,2,dermnet,train
/Users/kyoe/skin_ai/data/dermnet/train/Acne and Rosacea Photos/acne-pustular-66.jpg,여드름,2,dermnet,train
/Users/kyoe/skin_ai/data/dermnet/train/Acne and Rosacea Photos/acne-scar-2.jpg,여드름,2,dermnet,train
/Users/kyoe/skin_ai/data/dermnet/train/Psoriasis pictures Lichen Planus and related diseases/Psoriasis-inversus-27.jpg,건선,0,dermnet,train
/Users/kyoe/skin_ai/data/dermnet/train/Psoriasis pictures Lichen Planus and related diseases/Pityriasis-Lichenoides-50.jpg,건선,0,dermnet,train
/Users/kyoe/skin_ai/data/dermnet/train/Psoriasis pictures Lichen Planus and related diseases/psoriasis-palms-soles-116.jpg,건선,0,dermnet,train
/Users/kyoe/skin_ai/data/dermnet/train/Eczema Photos/eczema-foot-21.jpg,아토피피부염,1,dermnet,train
/Users/kyoe/skin_ai/data/dermnet/train/Psoriasis pictures Lichen Planus and related diseases/Lichen-Nitidus-19.jpg,건선,0,dermnet,train
/Users/kyoe/skin_ai/data/dermnet/train/Atopic Dermatitis Photos/IchthosisIMG002-GP3.jpg,아토피피부염,1,dermnet,train
/Users/kyoe/skin_ai/data/dermnet/train/Eczema Photos/stasis-dermatitis-20.jpg,아토피피부염,1,dermnet,train
/Users/kyoe/skin_ai/data/dermnet/train/Psoriasis pictures Lichen Planus and related diseases/lichen-planus-175.jpg,건선,0,dermnet,train
/Users/kyoe/skin_ai/data/dermnet/train/Eczema Photos/chapped-fissured-feet-22.jpg,아토피피부염,1,dermnet,train
/Users/kyoe/skin_ai/data/dermnet/train/Eczema Photos/eczema-foot-59.jpg,아토피피부염,1,dermnet,train
/Users/kyoe/skin_ai/data/dermnet/train/Eczema Photos/neurotic-excoriations-61.jpg,아토피피부염,1,dermnet,train
/Users/kyoe/skin_ai/data/dermnet/train/Psoriasis pictures Lichen Planus and related diseases/psoriasis-pustular-generalized-55.jpg,건선,0,dermnet,train
/Users/kyoe/skin_ai/data/dermnet/train/Eczema Photos/Dyshidrosis-48.jpg,아토피피부염,1,dermnet,train
/Users/kyoe/skin_ai/data/dermnet/train/Psoriasis pictures Lichen Planus and related diseases/psoriasis-erythrodermic-35.jpg,건선,0,dermnet,train
/Users/kyoe/skin_ai/data/dermnet/train/Psoriasis pictures Lichen Planus and related diseases/psoriasis-palms-soles-171.jpg,건선,0,dermnet,train
/Users/kyoe/skin_ai/data/dermnet/train/Atopic Dermatitis Photos/4th1IMG010.jpg,아토피피부염,1,dermnet,train
/Users/kyoe/skin_ai/data/dermnet/train/Psoriasis pictures Lichen Planus and related diseases/Psoriasis-Guttate-62.jpg,건선,0,dermnet,train
/Users/kyoe/skin_ai/data/dermnet/train/Acne and Rosacea Photos/rosacea-nose-42.jpg,여드름,2,dermnet,train
/Users/kyoe/skin_ai/data/dermnet/train/Psoriasis pictures Lichen Planus and related diseases/Psoriasis-Guttate-64.jpg,건선,0,dermnet,train
/Users/kyoe/skin_ai/data/dermnet/train/Eczema Photos/03AnalExcoriation0512041.jpg,아토피피부염,1,dermnet,train
/Users/kyoe/skin_ai/data/dermnet/train/Psoriasis pictures Lichen Planus and related diseases/08sebDermEar0926051.jpg,건선,0,dermnet,train
/Users/kyoe/skin_ai/data/dermnet/train/Atopic Dermatitis Photos/05AtopicChild1011041.jpg,아토피피부염,1,dermnet,train
/Users/kyoe/skin_ai/data/dermnet/train/Eczema Photos/04acidBurn89-GP3.jpg,아토피피부염,1,dermnet,train
/Users/kyoe/skin_ai/data/dermnet/train/Atopic Dermatitis Photos/05IchthyosisSexLinked0308041.jpg,아토피피부염,1,dermnet,train
/Users/kyoe/skin_ai/data/dermnet/train/Acne and Rosacea Photos/acne-pustular-35.jpg,여드름,2,dermnet,train
/Users/kyoe/skin_ai/data/dermnet/train/Eczema Photos/eczema-chronic-23.jpg,아토피피부염,1,dermnet,train
/Users/kyoe/skin_ai/data/dermnet/train/Eczema Photos/eczema-subacute-37.jpg,아토피피부염,1,dermnet,train
/Users/kyoe/skin_ai/data/dermnet/train/Eczema Photos/stasis-dermatitis-10.jpg,아토피피부염,1,dermnet,train
/Users/kyoe/skin_ai/data/dermnet/train/Psoriasis pictures Lichen Planus and related diseases/Lichen-Sclerosus-Skin-11.jpg,건선,0,dermnet,train
/Users/kyoe/skin_ai/data/dermnet/train/Atopic Dermatitis Photos/05KeratosisPilaris0510047.jpg,아토피피부염,1,dermnet,train
/Users/kyoe/skin_ai/data/dermnet/train/Atopic Dermatitis Photos/8IMG009.jpg,아토피피부염,1,dermnet,train
/Users/kyoe/skin_ai/data/dermnet/train/Atopic Dermatitis Photos/05AtopicFaceBaby.jpg,아토피피부염,1,dermnet,train
/Users/kyoe/skin_ai/data/dermnet/train/Atopic Dermatitis Photos/05Atopic10067.jpg,아토피피부염,1,dermnet,train
/Users/kyoe/skin_ai/data/dermnet/train/Acne and Rosacea Photos/perioral-dermatitis-134.jpg,여드름,2,dermnet,train
/Users/kyoe/skin_ai/data/dermnet/train/Eczema Photos/eczema-fingertips-22.jpg,아토피피부염,1,dermnet,train
/Users/kyoe/skin_ai/data/dermnet/train/Acne and Rosacea Photos/minocycline-pigmentation-9.jpg,여드름,2,dermnet,train
/Users/kyoe/skin_ai/data/dermnet/train/Eczema Photos/05hyperkeratosis02010.jpg,아토피피부염,1,dermnet,train
/Users/kyoe/skin_ai/data/dermnet/train/Psoriasis pictures Lichen Planus and related diseases/lichen-planus-11.jpg,건선,0,dermnet,train
/Users/kyoe/skin_ai/data/dermnet/train/Psoriasis pictures Lichen Planus and related diseases/08lichenPlanusTongue112205.jpg,건선,0,dermnet,train
/Users/kyoe/skin_ai/data/dermnet/train/Psoriasis pictures Lichen Planus and related diseases/pityriasis-rubra-pilaris-41.jpg,건선,0,dermnet,train
/Users/kyoe/skin_ai/data/dermnet/train/Eczema Photos/eczema-foot-53.jpg,아토피피부염,1,dermnet,train
/Users/kyoe/skin_ai/data/dermnet/train/Psoriasis pictures Lichen Planus and related diseases/Psoriasis-Chronic-Plaque-152.jpg,건선,0,dermnet,train
/Users/kyoe/skin_ai/data/dermnet/train/Eczema Photos/diaper-rash-2.jpg,아토피피부염,1,dermnet,train
/Users/kyoe/skin_ai/data/dermnet/train/Psoriasis pictures Lichen Planus and related diseases/Pityriasis-Lichenoides-35.jpg,건선,0,dermnet,train
/Users/kyoe/skin_ai/data/dermnet/train/Eczema Photos/eczema-acute-22.jpg,아토피피부염,1,dermnet,train
/Users/kyoe/skin_ai/data/dermnet/train/Eczema Photos/neurotic-excoriations-52.jpg,아토피피부염,1,dermnet,train
/Users/kyoe/skin_ai/data/dermnet/train/Psoriasis pictures Lichen Planus and related diseases/psoriasis-scalp-49.jpg,건선,0,dermnet,train
/Users/kyoe/skin_ai/data/dermnet/train/Psoriasis pictures Lichen Planus and related diseases/Palmoplantar-Keratoderma-6.jpg,건선,0,dermnet,train
/Users/kyoe/skin_ai/data/dermnet/train/Psoriasis pictures Lichen Planus and related diseases/reiter-syndrome-21.jpg,건선,0,dermnet,train
/Users/kyoe/skin_ai/data/dermnet/train/Eczema Photos/lichen-simplex-chronicus-184.jpg,아토피피부염,1,dermnet,train
/Users/kyoe/skin_ai/data/dermnet/train/Psoriasis pictures Lichen Planus and related diseases/psoriasis-palms-soles-1.jpg,건선,0,dermnet,train
/Users/kyoe/skin_ai/data/dermnet/train/Eczema Photos/eczema-trunk-generalized-8.jpg,아토피피부염,1,dermnet,train
/Users/kyoe/skin_ai/data/dermnet/train/Eczema Photos/eczema-asteatotic-1.jpg,아토피피부염,1,dermnet,train
/Users/kyoe/skin_ai/data/dermnet/train/Psoriasis pictures Lichen Planus and related diseases/Axillary-Granular-Parakeratosis-2.jpg,건선,0,dermnet,train
/Users/kyoe/skin_ai/data/dermnet/train/Psoriasis pictures Lichen Planus and related diseases/psoriasis-scalp-99.jpg,건선,0,dermnet,train
/Users/kyoe/skin_ai/data/dermnet/train/Psoriasis pictures Lichen Planus and related diseases/pityriasis-rosea-120.jpg,건선,0,dermnet,train
/Users/kyoe/skin_ai/data/dermnet/train/Psoriasis pictures Lichen Planus and related diseases/Lichen-Planus-Oral-29.jpg,건선,0,dermnet,train
/Users/kyoe/skin_ai/data/dermnet/train/Psoriasis pictures Lichen Planus and related diseases/Psoriasis-Chronic-Plaque-170.jpg,건선,0,dermnet,train
/Users/kyoe/skin_ai/data/dermnet/train/Eczema Photos/eczema-fingertips-18.jpg,아토피피부염,1,dermnet,train
/Users/kyoe/skin_ai/data/dermnet/train/Eczema Photos/eczema-vulva-6.jpg,아토피피부염,1,dermnet,train
/Users/kyoe/skin_ai/data/dermnet/train/Psoriasis pictures Lichen Planus and related diseases/Lichen-Planus-Oral-25.jpg,건선,0,dermnet,train
/Users/kyoe/skin_ai/data/dermnet/train/Acne and Rosacea Photos/hidradenitis-suppurativa-104.jpg,여드름,2,dermnet,train
/Users/kyoe/skin_ai/data/dermnet/train/Acne and Rosacea Photos/acne-cystic-56.jpg,여드름,2,dermnet,train
/Users/kyoe/skin_ai/data/dermnet/train/Eczema Photos/Dyshidrosis-26.jpg,아토피피부염,1,dermnet,train
/Users/kyoe/skin_ai/data/dermnet/train/Acne and Rosacea Photos/acne-cystic-146.jpg,여드름,2,dermnet,train
/Users/kyoe/skin_ai/data/dermnet/train/Psoriasis pictures Lichen Planus and related diseases/Psoriasis-Chronic-Plaque-106.jpg,건선,0,dermnet,train
/Users/kyoe/skin_ai/data/dermnet/train/Eczema Photos/lichen-simplex-chronicus-183.jpg,아토피피부염,1,dermnet,train
/Users/kyoe/skin_ai/data/dermnet/train/Eczema Photos/eczema-subacute-42.jpg,아토피피부염,1,dermnet,train
/Users/kyoe/skin_ai/data/dermnet/train/Eczema Photos/eczema-lids-5.jpg,아토피피부염,1,dermnet,train
/Users/kyoe/skin_ai/data/dermnet/train/Psoriasis pictures Lichen Planus and related diseases/Lichen-Planus-Drug-17.jpg,건선,0,dermnet,train
/Users/kyoe/skin_ai/data/dermnet/train/Eczema Photos/eczema-acute-3.jpg,아토피피부염,1,dermnet,train
/Users/kyoe/skin_ai/data/dermnet/train/Acne and Rosacea Photos/rosacea-nose-62.jpg,여드름,2,dermnet,train
/Users/kyoe/skin_ai/data/dermnet/train/Atopic Dermatitis Photos/2IMG003.jpg,아토피피부염,1,dermnet,train
/Users/kyoe/skin_ai/data/dermnet/train/Atopic Dermatitis Photos/9IMG017.jpg,아토피피부염,1,dermnet,train
/Users/kyoe/skin_ai/data/dermnet/train/Eczema Photos/stasis-dermatitis-29.jpg,아토피피부염,1,dermnet,train
/Users/kyoe/skin_ai/data/dermnet/train/Atopic Dermatitis Photos/05keratosisPilaris083004.jpg,아토피피부염,1,dermnet,train
/Users/kyoe/skin_ai/data/dermnet/train/Atopic Dermatitis Photos/IchthosisIMG027-GP3.jpg,아토피피부염,1,dermnet,train
/Users/kyoe/skin_ai/data/dermnet/train/Eczema Photos/eczema-foot-24.jpg,아토피피부염,1,dermnet,train
/Users/kyoe/skin_ai/data/dermnet/train/Acne and Rosacea Photos/anal-Comedones-2.jpg,여드름,2,dermnet,train
/Users/kyoe/skin_ai/data/dermnet/train/Psoriasis pictures Lichen Planus and related diseases/Psoriasis-Chronic-Plaque-151.jpg,건선,0,dermnet,train
/Users/kyoe/skin_ai/data/dermnet/train/Psoriasis pictures Lichen Planus and related diseases/08SebDermScalp1223.jpg,건선,0,dermnet,train
/Users/kyoe/skin_ai/data/dermnet/train/Atopic Dermatitis Photos/05atopicChild071904.jpg,아토피피부염,1,dermnet,train
/Users/kyoe/skin_ai/data/dermnet/train/Atopic Dermatitis Photos/6IMG006.jpg,아토피피부염,1,dermnet,train
/Users/kyoe/skin_ai/data/dermnet/train/Eczema Photos/stasis-dermatitis-155.jpg,아토피피부염,1,dermnet,train
/Users/kyoe/skin_ai/data/dermnet/train/Atopic Dermatitis Photos/Img0054.jpg,아토피피부염,1,dermnet,train
/Users/kyoe/skin_ai/data/dermnet/train/Acne and Rosacea Photos/perioral-dermatitis-59.jpg,여드름,2,dermnet,train
/Users/kyoe/skin_ai/data/dermnet/train/Acne and Rosacea Photos/rosacea-65.jpg,여드름,2,dermnet,train
/Users/kyoe/skin_ai/data/dermnet/train/Psoriasis pictures Lichen Planus and related diseases/Psoriasis-Guttate-101.jpg,건선,0,dermnet,train
/Users/kyoe/skin_ai/data/dermnet/train/Psoriasis pictures Lichen Planus and related diseases/Psoriasis-infant-6.jpg,건선,0,dermnet,train
/Users/kyoe/skin_ai/data/dermnet/train/Psoriasis pictures Lichen Planus and related diseases/Psoriasis-Chronic-Plaque-135.jpg,건선,0,dermnet,train
/Users/kyoe/skin_ai/data/dermnet/train/Atopic Dermatitis Photos/05AtopicFace43.jpg,아토피피부염,1,dermnet,train
/Users/kyoe/skin_ai/data/dermnet/train/Acne and Rosacea Photos/07RosaceaFulFAce.jpg,여드름,2,dermnet,train
/Users/kyoe/skin_ai/data/dermnet/train/Eczema Photos/stasis-dermatitis-169.jpg,아토피피부염,1,dermnet,train
/Users/kyoe/skin_ai/data/dermnet/train/Acne and Rosacea Photos/acne-closed-comedo-6.jpg,여드름,2,dermnet,train
/Users/kyoe/skin_ai/data/dermnet/train/Psoriasis pictures Lichen Planus and related diseases/seborrheic-dermatitis-119.jpg,건선,0,dermnet,train
/Users/kyoe/skin_ai/data/dermnet/train/Psoriasis pictures Lichen Planus and related diseases/psoriasis-palms-soles-137.jpg,건선,0,dermnet,train
/Users/kyoe/skin_ai/data/dermnet/train/Acne and Rosacea Photos/hidradenitis-suppurativa-105.jpg,여드름,2,dermnet,train
/Users/kyoe/skin_ai/data/dermnet/train/Acne and Rosacea Photos/rosacea-16.jpg,여드름,2,dermnet,train
/Users/kyoe/skin_ai/data/dermnet/train/Eczema Photos/eczema-areola-16.jpg,아토피피부염,1,dermnet,train
/Users/kyoe/skin_ai/data/dermnet/train/Psoriasis pictures Lichen Planus and related diseases/psoriasis-pustular-generalized-19.jpg,건선,0,dermnet,train
/Users/kyoe/skin_ai/data/dermnet/train/Eczema Photos/eczema-subacute-11.jpg,아토피피부염,1,dermnet,train
/Users/kyoe/skin_ai/data/dermnet/train/Psoriasis pictures Lichen Planus and related diseases/Psoriasis-nails-21.jpg,건선,0,dermnet,train
/Users/kyoe/skin_ai/data/dermnet/train/Acne and Rosacea Photos/rosacea-nose-58.jpg,여드름,2,dermnet,train
/Users/kyoe/skin_ai/data/dermnet/train/Psoriasis pictures Lichen Planus and related diseases/pityriasis-rosea-198.jpg,건선,0,dermnet,train
/Users/kyoe/skin_ai/data/dermnet/train/Atopic Dermatitis Photos/05pityriasisAlba94-GP3.jpg,아토피피부염,1,dermnet,train
/Users/kyoe/skin_ai/data/dermnet/train/Psoriasis pictures Lichen Planus and related diseases/pityriasis-rosea-92.jpg,건선,0,dermnet,train
/Users/kyoe/skin_ai/data/dermnet/train/Eczema Photos/stasis-dermatitis-88.jpg,아토피피부염,1,dermnet,train
/Users/kyoe/skin_ai/data/dermnet/train/Psoriasis pictures Lichen Planus and related diseases/Psoriasis-Trunk-0525041.jpg,건선,0,dermnet,train
/Users/kyoe/skin_ai/data/dermnet/train/Eczema Photos/neurotic-excoriations-12.jpg,아토피피부염,1,dermnet,train
/Users/kyoe/skin_ai/data/dermnet/train/Acne and Rosacea Photos/acne-cystic-129.jpg,여드름,2,dermnet,train
/Users/kyoe/skin_ai/data/dermnet/train/Atopic Dermatitis Photos/05wrist061205.jpg,아토피피부염,1,dermnet,train
/Users/kyoe/skin_ai/data/dermnet/train/Psoriasis pictures Lichen Planus and related diseases/psoriasis-palms-soles-106.jpg,건선,0,dermnet,train
/Users/kyoe/skin_ai/data/dermnet/train/Eczema Photos/lichen-simplex-chronicus-158.jpg,아토피피부염,1,dermnet,train
/Users/kyoe/skin_ai/data/dermnet/train/Acne and Rosacea Photos/perioral-dermatitis-140.jpg,여드름,2,dermnet,train
/Users/kyoe/skin_ai/data/dermnet/train/Eczema Photos/lichen-simplex-chronicus-84.jpg,아토피피부염,1,dermnet,train
/Users/kyoe/skin_ai/data/dermnet/train/Eczema Photos/eczema-hand-135.jpg,아토피피부염,1,dermnet,train
/Users/kyoe/skin_ai/data/dermnet/train/Eczema Photos/Dyshidrosis-45.jpg,아토피피부염,1,dermnet,train
/Users/kyoe/skin_ai/data/dermnet/train/Psoriasis pictures Lichen Planus and related diseases/Pityriasis-Lichenoides-45.jpg,건선,0,dermnet,train
/Users/kyoe/skin_ai/data/dermnet/train/Psoriasis pictures Lichen Planus and related diseases/Psoriasis-infant-4.jpg,건선,0,dermnet,train
/Users/kyoe/skin_ai/data/dermnet/train/Psoriasis pictures Lichen Planus and related diseases/psoriasis-pustular-generalized-6.jpg,건선,0,dermnet,train
/Users/kyoe/skin_ai/data/dermnet/train/Psoriasis pictures Lichen Planus and related diseases/psoriasis-pustular-generalized-49.jpg,건선,0,dermnet,train
/Users/kyoe/skin_ai/data/dermnet/train/Atopic Dermatitis Photos/Img0053.jpg,아토피피부염,1,dermnet,train
/Users/kyoe/skin_ai/data/dermnet/train/Psoriasis pictures Lichen Planus and related diseases/Psoriasis-Guttate-8.jpg,건선,0,dermnet,train
/Users/kyoe/skin_ai/data/dermnet/train/Acne and Rosacea Photos/rosacea-22.jpg,여드름,2,dermnet,train
/Users/kyoe/skin_ai/data/dermnet/train/Psoriasis pictures Lichen Planus and related diseases/Psoriasis-treatment-3.jpg,건선,0,dermnet,train
/Users/kyoe/skin_ai/data/dermnet/train/Eczema Photos/eczema-chronic-44.jpg,아토피피부염,1,dermnet,train
/Users/kyoe/skin_ai/data/dermnet/train/Eczema Photos/stasis-dermatitis-189.jpg,아토피피부염,1,dermnet,train
/Users/kyoe/skin_ai/data/dermnet/train/Eczema Photos/eczema-hand-105.jpg,아토피피부염,1,dermnet,train
/Users/kyoe/skin_ai/data/dermnet/train/Atopic Dermatitis Photos/IchthosisIMG029-GP3.jpg,아토피피부염,1,dermnet,train
/Users/kyoe/skin_ai/data/dermnet/train/Acne and Rosacea Photos/acne-excoriated-25.jpg,여드름,2,dermnet,train
/Users/kyoe/skin_ai/data/dermnet/train/Psoriasis pictures Lichen Planus and related diseases/lichen-planus-105.jpg,건선,0,dermnet,train
/Users/kyoe/skin_ai/data/dermnet/train/Eczema Photos/stasis-dermatitis-21.jpg,아토피피부염,1,dermnet,train
/Users/kyoe/skin_ai/data/dermnet/train/Acne and Rosacea Photos/acne-closed-comedo-22.jpg,여드름,2,dermnet,train
/Users/kyoe/skin_ai/data/dermnet/train/Eczema Photos/eczema-hand-190.jpg,아토피피부염,1,dermnet,train
/Users/kyoe/skin_ai/data/dermnet/train/Eczema Photos/stasis-dermatitis-81.jpg,아토피피부염,1,dermnet,train
/Users/kyoe/skin_ai/data/dermnet/train/Psoriasis pictures Lichen Planus and related diseases/psoriasis-scalp-27.jpg,건선,0,dermnet,train
/Users/kyoe/skin_ai/data/dermnet/train/Atopic Dermatitis Photos/3IMG013.jpg,아토피피부염,1,dermnet,train
/Users/kyoe/skin_ai/data/dermnet/train/Atopic Dermatitis Photos/10IMG002.jpg,아토피피부염,1,dermnet,train
/Users/kyoe/skin_ai/data/dermnet/train/Eczema Photos/keratolysis-exfoliativa-50.jpg,아토피피부염,1,dermnet,train
/Users/kyoe/skin_ai/data/dermnet/train/Psoriasis pictures Lichen Planus and related diseases/Psoriasis-Guttate-116.jpg,건선,0,dermnet,train
/Users/kyoe/skin_ai/data/dermnet/train/Eczema Photos/eczema-subacute-112.jpg,아토피피부염,1,dermnet,train
/Users/kyoe/skin_ai/data/dermnet/train/Acne and Rosacea Photos/milia-11.jpg,여드름,2,dermnet,train
/Users/kyoe/skin_ai/data/dermnet/train/Eczema Photos/eczema-penis-1.jpg,아토피피부염,1,dermnet,train
/Users/kyoe/skin_ai/data/dermnet/train/Eczema Photos/eczema-acute-9.jpg,아토피피부염,1,dermnet,train
/Users/kyoe/skin_ai/data/dermnet/train/Acne and Rosacea Photos/rosacea-89.jpg,여드름,2,dermnet,train
/Users/kyoe/skin_ai/data/dermnet/train/Psoriasis pictures Lichen Planus and related diseases/Psoriasis-Histology-19.jpg,건선,0,dermnet,train
/Users/kyoe/skin_ai/data/dermnet/train/Psoriasis pictures Lichen Planus and related diseases/Psoriasis-Chronic-Plaque-161.jpg,건선,0,dermnet,train
/Users/kyoe/skin_ai/data/dermnet/train/Acne and Rosacea Photos/rosacea-58.jpg,여드름,2,dermnet,train
/Users/kyoe/skin_ai/data/dermnet/train/Atopic Dermatitis Photos/IchthosisIMG004-GP3.jpg,아토피피부염,1,dermnet,train
/Users/kyoe/skin_ai/data/dermnet/train/Psoriasis pictures Lichen Planus and related diseases/Psoriasis-Guttate-18.jpg,건선,0,dermnet,train
/Users/kyoe/skin_ai/data/dermnet/train/Acne and Rosacea Photos/rosacea-60.jpg,여드름,2,dermnet,train
/Users/kyoe/skin_ai/data/dermnet/train/Eczema Photos/eczema-nummular-19.jpg,아토피피부염,1,dermnet,train
/Users/kyoe/skin_ai/data/dermnet/train/Atopic Dermatitis Photos/05AtopicFossa2q.jpg,아토피피부염,1,dermnet,train
/Users/kyoe/skin_ai/data/dermnet/train/Atopic Dermatitis Photos/1IMG017.jpg,아토피피부염,1,dermnet,train
/Users/kyoe/skin_ai/data/dermnet/train/Eczema Photos/neurotic-excoriations-4.jpg,아토피피부염,1,dermnet,train
/Users/kyoe/skin_ai/data/dermnet/train/Psoriasis pictures Lichen Planus and related diseases/Psoriasis-Light-Sensative-4.jpg,건선,0,dermnet,train
/Users/kyoe/skin_ai/data/dermnet/train/Eczema Photos/eczema-fingertips-87.jpg,아토피피부염,1,dermnet,train
/Users/kyoe/skin_ai/data/dermnet/train/Eczema Photos/eczema-anal-1.jpg,아토피피부염,1,dermnet,train
/Users/kyoe/skin_ai/data/dermnet/train/Psoriasis pictures Lichen Planus and related diseases/08PsoriasisNailSkin.jpg,건선,0,dermnet,train
/Users/kyoe/skin_ai/data/dermnet/train/Psoriasis pictures Lichen Planus and related diseases/Psoriasis-nails-15.jpg,건선,0,dermnet,train
/Users/kyoe/skin_ai/data/dermnet/train/Atopic Dermatitis Photos/7IMG011.jpg,아토피피부염,1,dermnet,train
/Users/kyoe/skin_ai/data/dermnet/train/Psoriasis pictures Lichen Planus and related diseases/seborrheic-dermatitis-14.jpg,건선,0,dermnet,train
/Users/kyoe/skin_ai/data/dermnet/train/Acne and Rosacea Photos/rosacea-3.jpg,여드름,2,dermnet,train
/Users/kyoe/skin_ai/data/dermnet/train/Acne and Rosacea Photos/acne-open-comedo-14.jpg,여드름,2,dermnet,train
/Users/kyoe/skin_ai/data/dermnet/train/Eczema Photos/eczema-subacute-24.jpg,아토피피부염,1,dermnet,train
/Users/kyoe/skin_ai/data/dermnet/train/Atopic Dermatitis Photos/11IMG008.jpg,아토피피부염,1,dermnet,train
/Users/kyoe/skin_ai/data/dermnet/train/Atopic Dermatitis Photos/05KeratosisPilaris0510045.jpg,아토피피부염,1,dermnet,train
/Users/kyoe/skin_ai/data/dermnet/train/Eczema Photos/eczema-subacute-64.jpg,아토피피부염,1,dermnet,train
/Users/kyoe/skin_ai/data/dermnet/train/Eczema Photos/eczema-subacute-5.jpg,아토피피부염,1,dermnet,train
/Users/kyoe/skin_ai/data/dermnet/train/Eczema Photos/Dyshidrosis-6.jpg,아토피피부염,1,dermnet,train
/Users/kyoe/skin_ai/data/dermnet/train/Acne and Rosacea Photos/07PerioralSteroid1.jpg,여드름,2,dermnet,train
/Users/kyoe/skin_ai/data/dermnet/train/Psoriasis pictures Lichen Planus and related diseases/Psoriasis-nails-19.jpg,건선,0,dermnet,train
/Users/kyoe/skin_ai/data/dermnet/train/Atopic Dermatitis Photos/05atopic0517041.jpg,아토피피부염,1,dermnet,train
/Users/kyoe/skin_ai/data/dermnet/train/Eczema Photos/eczema-fingertips-99.jpg,아토피피부염,1,dermnet,train
/Users/kyoe/skin_ai/data/dermnet/train/Eczema Photos/neurotic-excoriations-56.jpg,아토피피부염,1,dermnet,train
/Users/kyoe/skin_ai/data/dermnet/train/Acne and Rosacea Photos/acne-closed-comedo-14.jpg,여드름,2,dermnet,train
/Users/kyoe/skin_ai/data/dermnet/train/Psoriasis pictures Lichen Planus and related diseases/Lichen-Sclerosus-Skin-29.jpg,건선,0,dermnet,train
/Users/kyoe/skin_ai/data/dermnet/train/Psoriasis pictures Lichen Planus and related diseases/psoriasis-erythrodermic-34.jpg,건선,0,dermnet,train
/Users/kyoe/skin_ai/data/dermnet/train/Eczema Photos/factitial-dermatitis-10.jpg,아토피피부염,1,dermnet,train
/Users/kyoe/skin_ai/data/dermnet/train/Atopic Dermatitis Photos/4IMG007.jpg,아토피피부염,1,dermnet,train
/Users/kyoe/skin_ai/data/dermnet/train/Psoriasis pictures Lichen Planus and related diseases/Lichen-Planus-Palm-Soles-1.jpg,건선,0,dermnet,train
/Users/kyoe/skin_ai/data/dermnet/train/Psoriasis pictures Lichen Planus and related diseases/Psoriasis-Guttate-126.jpg,건선,0,dermnet,train
/Users/kyoe/skin_ai/data/dermnet/train/Psoriasis pictures Lichen Planus and related diseases/lichen-planus-165.jpg,건선,0,dermnet,train
/Users/kyoe/skin_ai/data/dermnet/train/Atopic Dermatitis Photos/05AtopicDerm0419043.jpg,아토피피부염,1,dermnet,train
/Users/kyoe/skin_ai/data/dermnet/train/Eczema Photos/eczema-subacute-54.jpg,아토피피부염,1,dermnet,train
/Users/kyoe/skin_ai/data/dermnet/train/Psoriasis pictures Lichen Planus and related diseases/Axillary-Granular-Parakeratosis-5.jpg,건선,0,dermnet,train
/Users/kyoe/skin_ai/data/dermnet/train/Acne and Rosacea Photos/07sebDerem1101051.jpg,여드름,2,dermnet,train
/Users/kyoe/skin_ai/data/dermnet/train/Psoriasis pictures Lichen Planus and related diseases/Psoriasis-Chronic-Plaque-188.jpg,건선,0,dermnet,train
/Users/kyoe/skin_ai/data/dermnet/train/Acne and Rosacea Photos/rosacea-nose-8.jpg,여드름,2,dermnet,train
/Users/kyoe/skin_ai/data/dermnet/train/Psoriasis pictures Lichen Planus and related diseases/seborrheic-dermatitis-139.jpg,건선,0,dermnet,train
/Users/kyoe/skin_ai/data/dermnet/train/Acne and Rosacea Photos/acne-cystic-12.jpg,여드름,2,dermnet,train
/Users/kyoe/skin_ai/data/dermnet/train/Acne and Rosacea Photos/acne-excoriated-10.jpg,여드름,2,dermnet,train
/Users/kyoe/skin_ai/data/dermnet/train/Acne and Rosacea Photos/acne-closed-comedo-23.jpg,여드름,2,dermnet,train
/Users/kyoe/skin_ai/data/dermnet/train/Psoriasis pictures Lichen Planus and related diseases/pityriasis-rosea-100.jpg,건선,0,dermnet,train
/Users/kyoe/skin_ai/data/dermnet/train/Psoriasis pictures Lichen Planus and related diseases/seborrheic-dermatitis-104.jpg,건선,0,dermnet,train
/Users/kyoe/skin_ai/data/dermnet/train/Eczema Photos/stasis-dermatitis-25.jpg,아토피피부염,1,dermnet,train
/Users/kyoe/skin_ai/data/dermnet/train/Atopic Dermatitis Photos/05Atopic03290447.jpg,아토피피부염,1,dermnet,train
/Users/kyoe/skin_ai/data/dermnet/train/Psoriasis pictures Lichen Planus and related diseases/pityriasis-rosea-102.jpg,건선,0,dermnet,train
/Users/kyoe/skin_ai/data/dermnet/train/Acne and Rosacea Photos/rosacea-nose-2.jpg,여드름,2,dermnet,train
/Users/kyoe/skin_ai/data/dermnet/train/Atopic Dermatitis Photos/05keratosisPilaris0807063.jpg,아토피피부염,1,dermnet,train
/Users/kyoe/skin_ai/data/dermnet/train/Eczema Photos/lichen-simplex-chronicus-92.jpg,아토피피부염,1,dermnet,train
/Users/kyoe/skin_ai/data/dermnet/train/Psoriasis pictures Lichen Planus and related diseases/Lichen-Planus-Drug-15.jpg,건선,0,dermnet,train
/Users/kyoe/skin_ai/data/dermnet/train/Psoriasis pictures Lichen Planus and related diseases/08SebDermOK011021.jpg,건선,0,dermnet,train
/Users/kyoe/skin_ai/data/dermnet/train/Eczema Photos/stasis-dermatitis-162.jpg,아토피피부염,1,dermnet,train
/Users/kyoe/skin_ai/data/dermnet/train/Atopic Dermatitis Photos/8IMG008.jpg,아토피피부염,1,dermnet,train
/Users/kyoe/skin_ai/data/dermnet/train/Eczema Photos/stasis-dermatitis-149.jpg,아토피피부염,1,dermnet,train
/Users/kyoe/skin_ai/data/dermnet/train/Eczema Photos/eczema-trunk-generalized-21.jpg,아토피피부염,1,dermnet,train
/Users/kyoe/skin_ai/data/dermnet/train/Eczema Photos/eczema-trunk-generalized-34.jpg,아토피피부염,1,dermnet,train
/Users/kyoe/skin_ai/data/dermnet/train/Eczema Photos/keratolysis-exfoliativa-30.jpg,아토피피부염,1,dermnet,train
/Users/kyoe/skin_ai/data/dermnet/train/Psoriasis pictures Lichen Planus and related diseases/Psoriasis-inversus-6.jpg,건선,0,dermnet,train
/Users/kyoe/skin_ai/data/dermnet/train/Eczema Photos/neurotic-excoriations-55.jpg,아토피피부염,1,dermnet,train
/Users/kyoe/skin_ai/data/dermnet/train/Atopic Dermatitis Photos/05AtopicDerm0419041.jpg,아토피피부염,1,dermnet,train
/Users/kyoe/skin_ai/data/dermnet/train/Psoriasis pictures Lichen Planus and related diseases/Psoriasis-Guttate-69.jpg,건선,0,dermnet,train
/Users/kyoe/skin_ai/data/dermnet/train/Psoriasis pictures Lichen Planus and related diseases/psoriasis-scalp-91.jpg,건선,0,dermnet,train
/Users/kyoe/skin_ai/data/dermnet/train/Psoriasis pictures Lichen Planus and related diseases/Psoriasis-inversus-24.jpg,건선,0,dermnet,train
/Users/kyoe/skin_ai/data/dermnet/train/Acne and Rosacea Photos/rosacea-11.jpg,여드름,2,dermnet,train
/Users/kyoe/skin_ai/data/dermnet/train/Acne and Rosacea Photos/perioral-dermatitis-35.jpg,여드름,2,dermnet,train
/Users/kyoe/skin_ai/data/dermnet/train/Psoriasis pictures Lichen Planus and related diseases/seborrheic-dermatitis-109.jpg,건선,0,dermnet,train
/Users/kyoe/skin_ai/data/dermnet/train/Psoriasis pictures Lichen Planus and related diseases/seborrheic-dermatitis-101.jpg,건선,0,dermnet,train
/Users/kyoe/skin_ai/data/dermnet/train/Psoriasis pictures Lichen Planus and related diseases/psoriasis-scalp-73.jpg,건선,0,dermnet,train
/Users/kyoe/skin_ai/data/dermnet/train/Eczema Photos/eczema-foot-68.jpg,아토피피부염,1,dermnet,train
/Users/kyoe/skin_ai/data/dermnet/train/Eczema Photos/lichen-simplex-chronicus-196.jpg,아토피피부염,1,dermnet,train
/Users/kyoe/skin_ai/data/dermnet/train/Eczema Photos/eczema-foot-46.jpg,아토피피부염,1,dermnet,train
/Users/kyoe/skin_ai/data/dermnet/train/Eczema Photos/eczema-fingertips-103.jpg,아토피피부염,1,dermnet,train
/Users/kyoe/skin_ai/data/dermnet/train/Psoriasis pictures Lichen Planus and related diseases/08PsoriasisUmbilicus.jpg,건선,0,dermnet,train
/Users/kyoe/skin_ai/data/dermnet/train/Eczema Photos/eczema-nummular-91.jpg,아토피피부염,1,dermnet,train
/Users/kyoe/skin_ai/data/dermnet/train/Atopic Dermatitis Photos/12IMG010.jpg,아토피피부염,1,dermnet,train
/Users/kyoe/skin_ai/data/dermnet/train/Acne and Rosacea Photos/hyperhidrosis-3.jpg,여드름,2,dermnet,train
/Users/kyoe/skin_ai/data/dermnet/train/Psoriasis pictures Lichen Planus and related diseases/Psoriasis-Light-Sensative-6.jpg,건선,0,dermnet,train
/Users/kyoe/skin_ai/data/dermnet/train/Eczema Photos/lichen-simplex-chronicus-191.jpg,아토피피부염,1,dermnet,train
/Users/kyoe/skin_ai/data/dermnet/train/Eczema Photos/eczema-hand-146.jpg,아토피피부염,1,dermnet,train
/Users/kyoe/skin_ai/data/dermnet/train/Acne and Rosacea Photos/perioral-dermatitis-13.jpg,여드름,2,dermnet,train
/Users/kyoe/skin_ai/data/dermnet/train/Psoriasis pictures Lichen Planus and related diseases/Psoriasis-sunburn-2.jpg,건선,0,dermnet,train
/Users/kyoe/skin_ai/data/dermnet/train/Eczema Photos/eczema-acute-23.jpg,아토피피부염,1,dermnet,train
/Users/kyoe/skin_ai/data/dermnet/train/Atopic Dermatitis Photos/05icthyosis012405.jpg,아토피피부염,1,dermnet,train
/Users/kyoe/skin_ai/data/dermnet/train/Eczema Photos/eczema-foot-11.jpg,아토피피부염,1,dermnet,train
/Users/kyoe/skin_ai/data/dermnet/train/Eczema Photos/chapped-fissured-feet-30.jpg,아토피피부염,1,dermnet,train
/Users/kyoe/skin_ai/data/dermnet/train/Eczema Photos/eczema-subacute-8.jpg,아토피피부염,1,dermnet,train
/Users/kyoe/skin_ai/data/dermnet/train/Eczema Photos/eczema-fingertips-127.jpg,아토피피부염,1,dermnet,train
/Users/kyoe/skin_ai/data/dermnet/train/Psoriasis pictures Lichen Planus and related diseases/Lichen-Planus-Oral-48.jpg,건선,0,dermnet,train
/Users/kyoe/skin_ai/data/dermnet/train/Psoriasis pictures Lichen Planus and related diseases/lichen-planus-vaginal-10.jpg,건선,0,dermnet,train
/Users/kyoe/skin_ai/data/dermnet/train/Acne and Rosacea Photos/rosacea-nose-43.jpg,여드름,2,dermnet,train
/Users/kyoe/skin_ai/data/dermnet/train/Acne and Rosacea Photos/milia-1.jpg,여드름,2,dermnet,train
/Users/kyoe/skin_ai/data/dermnet/train/Psoriasis pictures Lichen Planus and related diseases/lichen-planus-135.jpg,건선,0,dermnet,train
/Users/kyoe/skin_ai/data/dermnet/train/Psoriasis pictures Lichen Planus and related diseases/Psoriasis-Hand-8.jpg,건선,0,dermnet,train
/Users/kyoe/skin_ai/data/dermnet/train/Psoriasis pictures Lichen Planus and related diseases/Pityriasis-Lichenoides-10.jpg,건선,0,dermnet,train
/Users/kyoe/skin_ai/data/dermnet/train/Psoriasis pictures Lichen Planus and related diseases/psoriasis-palms-soles-89.jpg,건선,0,dermnet,train
/Users/kyoe/skin_ai/data/dermnet/train/Psoriasis pictures Lichen Planus and related diseases/psoriasis-palms-soles-152.jpg,건선,0,dermnet,train
/Users/kyoe/skin_ai/data/dermnet/train/Eczema Photos/eczema-asteatotic-42.jpg,아토피피부염,1,dermnet,train
/Users/kyoe/skin_ai/data/dermnet/train/Psoriasis pictures Lichen Planus and related diseases/Psoriasis-Chronic-Plaque-137.jpg,건선,0,dermnet,train
/Users/kyoe/skin_ai/data/dermnet/train/Eczema Photos/pompholyx-3.jpg,아토피피부염,1,dermnet,train
/Users/kyoe/skin_ai/data/dermnet/train/Acne and Rosacea Photos/acne-pustular-20.jpg,여드름,2,dermnet,train
/Users/kyoe/skin_ai/data/dermnet/train/Eczema Photos/eczema-foot-48.jpg,아토피피부염,1,dermnet,train
/Users/kyoe/skin_ai/data/dermnet/train/Atopic Dermatitis Photos/05Atopic12060410.jpg,아토피피부염,1,dermnet,train
/Users/kyoe/skin_ai/data/dermnet/train/Eczema Photos/eczema-nummular-117.jpg,아토피피부염,1,dermnet,train
/Users/kyoe/skin_ai/data/dermnet/train/Psoriasis pictures Lichen Planus and related diseases/lichen-planus-91.jpg,건선,0,dermnet,train
/Users/kyoe/skin_ai/data/dermnet/train/Psoriasis pictures Lichen Planus and related diseases/Psoriasis-Guttate-45.jpg,건선,0,dermnet,train
/Users/kyoe/skin_ai/data/dermnet/train/Eczema Photos/eczema-fingertips-53.jpg,아토피피부염,1,dermnet,train
/Users/kyoe/skin_ai/data/dermnet/train/Acne and Rosacea Photos/hidradenitis-suppurativa-14.jpg,여드름,2,dermnet,train
/Users/kyoe/skin_ai/data/dermnet/train/Psoriasis pictures Lichen Planus and related diseases/08psoriasisIntertrig020606.jpg,건선,0,dermnet,train
/Users/kyoe/skin_ai/data/dermnet/train/Acne and Rosacea Photos/acne-cystic-85.jpg,여드름,2,dermnet,train
/Users/kyoe/skin_ai/data/dermnet/train/Eczema Photos/prurigo-nodularis-48.jpg,아토피피부염,1,dermnet,train
/Users/kyoe/skin_ai/data/dermnet/train/Psoriasis pictures Lichen Planus and related diseases/psoriasis-erythrodermic-29.jpg,건선,0,dermnet,train
/Users/kyoe/skin_ai/data/dermnet/train/Eczema Photos/eczema-asteatotic-41.jpg,아토피피부염,1,dermnet,train
/Users/kyoe/skin_ai/data/dermnet/train/Psoriasis pictures Lichen Planus and related diseases/08lichenPlanusTongue1122051.jpg,건선,0,dermnet,train
/Users/kyoe/skin_ai/data/dermnet/train/Eczema Photos/eczema-foot-92.jpg,아토피피부염,1,dermnet,train
/Users/kyoe/skin_ai/data/dermnet/train/Acne and Rosacea Photos/perioral-dermatitis-108.jpg,여드름,2,dermnet,train
/Users/kyoe/skin_ai/data/dermnet/train/Atopic Dermatitis Photos/05SexLinkedIcthyosis3.jpg,아토피피부염,1,dermnet,train
/Users/kyoe/skin_ai/data/dermnet/train/Eczema Photos/lichen-simplex-chronicus-96.jpg,아토피피부염,1,dermnet,train
/Users/kyoe/skin_ai/data/dermnet/train/Atopic Dermatitis Photos/5IMG009.jpg,아토피피부염,1,dermnet,train
/Users/kyoe/skin_ai/data/dermnet/train/Psoriasis pictures Lichen Planus and related diseases/Psoriasis-Guttate-17.jpg,건선,0,dermnet,train
/Users/kyoe/skin_ai/data/dermnet/train/Acne and Rosacea Photos/hidradenitis-suppurativa-48.jpg,여드름,2,dermnet,train
/Users/kyoe/skin_ai/data/dermnet/train/Psoriasis pictures Lichen Planus and related diseases/Psoriasis-Guttate-31.jpg,건선,0,dermnet,train
/Users/kyoe/skin_ai/data/dermnet/train/Eczema Photos/eczema-nummular-199.jpg,아토피피부염,1,dermnet,train
/Users/kyoe/skin_ai/data/dermnet/train/Psoriasis pictures Lichen Planus and related diseases/seborrheic-dermatitis-8.jpg,건선,0,dermnet,train
/Users/kyoe/skin_ai/data/dermnet/train/Psoriasis pictures Lichen Planus and related diseases/Lichen-Nitidus-20.jpg,건선,0,dermnet,train
/Users/kyoe/skin_ai/data/dermnet/train/Psoriasis pictures Lichen Planus and related diseases/Lichen-Sclerosis-Vulva-19.jpg,건선,0,dermnet,train
/Users/kyoe/skin_ai/data/dermnet/train/Psoriasis pictures Lichen Planus and related diseases/pityriasis-rosea-13.jpg,건선,0,dermnet,train
/Users/kyoe/skin_ai/data/dermnet/train/Psoriasis pictures Lichen Planus and related diseases/pityriasis-rosea-1.jpg,건선,0,dermnet,train
/Users/kyoe/skin_ai/data/dermnet/train/Psoriasis pictures Lichen Planus and related diseases/Psoriasis-penis-21.jpg,건선,0,dermnet,train
/Users/kyoe/skin_ai/data/dermnet/train/Psoriasis pictures Lichen Planus and related diseases/08SebDermScalp1.jpg,건선,0,dermnet,train
/Users/kyoe/skin_ai/data/dermnet/train/Eczema Photos/eczema-nummular-106.jpg,아토피피부염,1,dermnet,train
/Users/kyoe/skin_ai/data/dermnet/train/Eczema Photos/eczema-areola-1.jpg,아토피피부염,1,dermnet,train
/Users/kyoe/skin_ai/data/dermnet/train/Acne and Rosacea Photos/acne-infantile-7.jpg,여드름,2,dermnet,train
/Users/kyoe/skin_ai/data/dermnet/train/Eczema Photos/eczema-leg-8.jpg,아토피피부염,1,dermnet,train
/Users/kyoe/skin_ai/data/dermnet/train/Eczema Photos/eczema-subacute-46.jpg,아토피피부염,1,dermnet,train
/Users/kyoe/skin_ai/data/dermnet/train/Eczema Photos/03ContactDermLids1.jpg,아토피피부염,1,dermnet,train
/Users/kyoe/skin_ai/data/dermnet/train/Acne and Rosacea Photos/acne-open-comedo-29.jpg,여드름,2,dermnet,train
/Users/kyoe/skin_ai/data/dermnet/train/Acne and Rosacea Photos/acne-cystic-45.jpg,여드름,2,dermnet,train
/Users/kyoe/skin_ai/data/dermnet/train/Psoriasis pictures Lichen Planus and related diseases/Psoriasis-Histology-12.jpg,건선,0,dermnet,train
/Users/kyoe/skin_ai/data/dermnet/train/Eczema Photos/keratolysis-exfoliativa-14.jpg,아토피피부염,1,dermnet,train
/Users/kyoe/skin_ai/data/dermnet/train/Eczema Photos/eczema-hand-86.jpg,아토피피부염,1,dermnet,train
/Users/kyoe/skin_ai/data/dermnet/train/Eczema Photos/eczema-hand-101.jpg,아토피피부염,1,dermnet,train
/Users/kyoe/skin_ai/data/dermnet/train/Eczema Photos/eczema-trunk-generalized-11.jpg,아토피피부염,1,dermnet,train
/Users/kyoe/skin_ai/data/dermnet/train/Atopic Dermatitis Photos/05atopic02165.jpg,아토피피부염,1,dermnet,train
/Users/kyoe/skin_ai/data/dermnet/train/Atopic Dermatitis Photos/4IMG004.jpg,아토피피부염,1,dermnet,train
/Users/kyoe/skin_ai/data/dermnet/train/Psoriasis pictures Lichen Planus and related diseases/Psoriasis-Guttate-86.jpg,건선,0,dermnet,train
/Users/kyoe/skin_ai/data/dermnet/train/Eczema Photos/eczema-subacute-77.jpg,아토피피부염,1,dermnet,train
/Users/kyoe/skin_ai/data/dermnet/train/Psoriasis pictures Lichen Planus and related diseases/psoriasis-palms-soles-107.jpg,건선,0,dermnet,train
/Users/kyoe/skin_ai/data/dermnet/train/Psoriasis pictures Lichen Planus and related diseases/psoriasis-palms-soles-8.jpg,건선,0,dermnet,train
/Users/kyoe/skin_ai/data/dermnet/train/Eczema Photos/eczema-hand-166.jpg,아토피피부염,1,dermnet,train
/Users/kyoe/skin_ai/data/dermnet/train/Eczema Photos/prurigo-nodularis-15.jpg,아토피피부염,1,dermnet,train
/Users/kyoe/skin_ai/data/dermnet/train/Psoriasis pictures Lichen Planus and related diseases/Psoriasis-inversus-9.jpg,건선,0,dermnet,train
/Users/kyoe/skin_ai/data/dermnet/train/Eczema Photos/eczema-nummular-144.jpg,아토피피부염,1,dermnet,train
/Users/kyoe/skin_ai/data/dermnet/train/Eczema Photos/eczema-fingertips-5.jpg,아토피피부염,1,dermnet,train
/Users/kyoe/skin_ai/data/dermnet/train/Atopic Dermatitis Photos/8IMG011.jpg,아토피피부염,1,dermnet,train
/Users/kyoe/skin_ai/data/dermnet/train/Acne and Rosacea Photos/acne-closed-comedo-18.jpg,여드름,2,dermnet,train
/Users/kyoe/skin_ai/data/dermnet/train/Eczema Photos/eczema-hand-115.jpg,아토피피부염,1,dermnet,train
/Users/kyoe/skin_ai/data/dermnet/train/Psoriasis pictures Lichen Planus and related diseases/Psoriasis-Anus-1.jpg,건선,0,dermnet,train
/Users/kyoe/skin_ai/data/dermnet/train/Psoriasis pictures Lichen Planus and related diseases/psoriasis-scalp-28.jpg,건선,0,dermnet,train
/Users/kyoe/skin_ai/data/dermnet/train/Eczema Photos/eczema-trunk-generalized-15.jpg,아토피피부염,1,dermnet,train
/Users/kyoe/skin_ai/data/dermnet/train/Acne and Rosacea Photos/acne-cystic-39.jpg,여드름,2,dermnet,train
/Users/kyoe/skin_ai/data/dermnet/train/Eczema Photos/stasis-dermatitis-103.jpg,아토피피부염,1,dermnet,train
/Users/kyoe/skin_ai/data/dermnet/train/Psoriasis pictures Lichen Planus and related diseases/pityriasis-rosea-126.jpg,건선,0,dermnet,train
/Users/kyoe/skin_ai/data/dermnet/train/Acne and Rosacea Photos/acne-infantile-8.jpg,여드름,2,dermnet,train
/Users/kyoe/skin_ai/data/dermnet/train/Psoriasis pictures Lichen Planus and related diseases/Lichen-Planus-Hypertrophic-14.jpg,건선,0,dermnet,train
/Users/kyoe/skin_ai/data/dermnet/train/Psoriasis pictures Lichen Planus and related diseases/Psoriasis-Chronic-Plaque-101.jpg,건선,0,dermnet,train
/Users/kyoe/skin_ai/data/dermnet/train/Psoriasis pictures Lichen Planus and related diseases/pityriasis-rosea-194.jpg,건선,0,dermnet,train
/Users/kyoe/skin_ai/data/dermnet/train/Psoriasis pictures Lichen Planus and related diseases/PsoriasisScrotumNail.jpg,건선,0,dermnet,train
/Users/kyoe/skin_ai/data/dermnet/train/Eczema Photos/eczema-fingertips-131.jpg,아토피피부염,1,dermnet,train
/Users/kyoe/skin_ai/data/dermnet/train/Eczema Photos/stasis-dermatitis-194.jpg,아토피피부염,1,dermnet,train
/Users/kyoe/skin_ai/data/dermnet/train/Eczema Photos/prurigo-nodularis-52.jpg,아토피피부염,1,dermnet,train
/Users/kyoe/skin_ai/data/dermnet/train/Psoriasis pictures Lichen Planus and related diseases/Lichen-Planus-Drug-2.jpg,건선,0,dermnet,train
/Users/kyoe/skin_ai/data/dermnet/train/Eczema Photos/eczema-face-9.jpg,아토피피부염,1,dermnet,train
/Users/kyoe/skin_ai/data/dermnet/train/Psoriasis pictures Lichen Planus and related diseases/seborrheic-dermatitis-112.jpg,건선,0,dermnet,train
/Users/kyoe/skin_ai/data/dermnet/train/Psoriasis pictures Lichen Planus and related diseases/Psoriasis-Chronic-Plaque-171.jpg,건선,0,dermnet,train
/Users/kyoe/skin_ai/data/dermnet/train/Eczema Photos/lichen-simplex-chronicus-99.jpg,아토피피부염,1,dermnet,train
/Users/kyoe/skin_ai/data/dermnet/train/Eczema Photos/eczema-asteatotic-46.jpg,아토피피부염,1,dermnet,train
/Users/kyoe/skin_ai/data/dermnet/train/Psoriasis pictures Lichen Planus and related diseases/pityriasis-rosea-2.jpg,건선,0,dermnet,train
/Users/kyoe/skin_ai/data/dermnet/train/Psoriasis pictures Lichen Planus and related diseases/pityriasis-rosea-134.jpg,건선,0,dermnet,train
/Users/kyoe/skin_ai/data/dermnet/train/Atopic Dermatitis Photos/05AtopicDerm041904.jpg,아토피피부염,1,dermnet,train
/Users/kyoe/skin_ai/data/dermnet/train/Psoriasis pictures Lichen Planus and related diseases/lichen-planus-131.jpg,건선,0,dermnet,train
/Users/kyoe/skin_ai/data/dermnet/train/Psoriasis pictures Lichen Planus and related diseases/psoriasis-pustular-generalized-64.jpg,건선,0,dermnet,train
/Users/kyoe/skin_ai/data/dermnet/train/Psoriasis pictures Lichen Planus and related diseases/lichen-planus-116.jpg,건선,0,dermnet,train
/Users/kyoe/skin_ai/data/dermnet/train/Acne and Rosacea Photos/acne-pustular-72.jpg,여드름,2,dermnet,train
/Users/kyoe/skin_ai/data/dermnet/train/Psoriasis pictures Lichen Planus and related diseases/Lichen-Sclerosus-Skin-24.jpg,건선,0,dermnet,train
/Users/kyoe/skin_ai/data/dermnet/train/Eczema Photos/prurigo-nodularis-36.jpg,아토피피부염,1,dermnet,train
/Users/kyoe/skin_ai/data/dermnet/train/Psoriasis pictures Lichen Planus and related diseases/psoriasis-palms-soles-101.jpg,건선,0,dermnet,train
/Users/kyoe/skin_ai/data/dermnet/train/Eczema Photos/eczema-trunk-generalized-26.jpg,아토피피부염,1,dermnet,train
/Users/kyoe/skin_ai/data/dermnet/train/Psoriasis pictures Lichen Planus and related diseases/psoriasis-pustular-generalized-37.jpg,건선,0,dermnet,train
/Users/kyoe/skin_ai/data/dermnet/train/Atopic Dermatitis Photos/05Atopic020203.jpg,아토피피부염,1,dermnet,train
/Users/kyoe/skin_ai/data/dermnet/train/Acne and Rosacea Photos/rosacea-72.jpg,여드름,2,dermnet,train
/Users/kyoe/skin_ai/data/dermnet/train/Atopic Dermatitis Photos/05AtopicMouth54.jpg,아토피피부염,1,dermnet,train
/Users/kyoe/skin_ai/data/dermnet/train/Psoriasis pictures Lichen Planus and related diseases/psoriasis-erythrodermic-10.jpg,건선,0,dermnet,train
/Users/kyoe/skin_ai/data/dermnet/train/Eczema Photos/eczema-histology-3.jpg,아토피피부염,1,dermnet,train
/Users/kyoe/skin_ai/data/dermnet/train/Atopic Dermatitis Photos/5T-0024.jpg,아토피피부염,1,dermnet,train
/Users/kyoe/skin_ai/data/dermnet/train/Acne and Rosacea Photos/acne-open-comedo-71.jpg,여드름,2,dermnet,train
/Users/kyoe/skin_ai/data/dermnet/train/Acne and Rosacea Photos/perioral-dermatitis-43.jpg,여드름,2,dermnet,train
/Users/kyoe/skin_ai/data/dermnet/train/Acne and Rosacea Photos/rosacea-nose-10.jpg,여드름,2,dermnet,train
/Users/kyoe/skin_ai/data/dermnet/train/Psoriasis pictures Lichen Planus and related diseases/psoriasis-palms-soles-141.jpg,건선,0,dermnet,train
/Users/kyoe/skin_ai/data/dermnet/train/Acne and Rosacea Photos/acne-cystic-142.jpg,여드름,2,dermnet,train
/Users/kyoe/skin_ai/data/dermnet/train/Psoriasis pictures Lichen Planus and related diseases/Lichen-Sclerosis-Vulva-28.jpg,건선,0,dermnet,train
/Users/kyoe/skin_ai/data/dermnet/train/Psoriasis pictures Lichen Planus and related diseases/Pityriasis-Lichenoides-17.jpg,건선,0,dermnet,train
/Users/kyoe/skin_ai/data/dermnet/train/Psoriasis pictures Lichen Planus and related diseases/Psoriasis-Chronic-Plaque-89.jpg,건선,0,dermnet,train
/Users/kyoe/skin_ai/data/dermnet/train/Psoriasis pictures Lichen Planus and related diseases/Lichen-Sclerosis-Vulva-7.jpg,건선,0,dermnet,train
/Users/kyoe/skin_ai/data/dermnet/train/Acne and Rosacea Photos/acne-pustular-41.jpg,여드름,2,dermnet,train
/Users/kyoe/skin_ai/data/dermnet/train/Atopic Dermatitis Photos/05AtopicDerm011204.jpg,아토피피부염,1,dermnet,train
/Users/kyoe/skin_ai/data/dermnet/train/Eczema Photos/eczema-hand-182.jpg,아토피피부염,1,dermnet,train
/Users/kyoe/skin_ai/data/dermnet/train/Psoriasis pictures Lichen Planus and related diseases/08psoriasisIntertrig0206061.jpg,건선,0,dermnet,train
/Users/kyoe/skin_ai/data/dermnet/train/Psoriasis pictures Lichen Planus and related diseases/psoriasis-scalp-11.jpg,건선,0,dermnet,train
/Users/kyoe/skin_ai/data/dermnet/train/Psoriasis pictures Lichen Planus and related diseases/psoriasis-scalp-48.jpg,건선,0,dermnet,train
/Users/kyoe/skin_ai/data/dermnet/train/Acne and Rosacea Photos/rosacea-103.jpg,여드름,2,dermnet,train
/Users/kyoe/skin_ai/data/dermnet/train/Eczema Photos/keratolysis-exfoliativa-25.jpg,아토피피부염,1,dermnet,train
/Users/kyoe/skin_ai/data/dermnet/train/Psoriasis pictures Lichen Planus and related diseases/Psoriasis-inversus-10.jpg,건선,0,dermnet,train
/Users/kyoe/skin_ai/data/dermnet/train/Acne and Rosacea Photos/acne-closed-comedo-7.jpg,여드름,2,dermnet,train
/Users/kyoe/skin_ai/data/dermnet/train/Atopic Dermatitis Photos/05atopicWrist0828064.jpg,아토피피부염,1,dermnet,train
/Users/kyoe/skin_ai/data/dermnet/train/Eczema Photos/lichen-simplex-chronicus-107.jpg,아토피피부염,1,dermnet,train
/Users/kyoe/skin_ai/data/dermnet/train/Atopic Dermatitis Photos/05atopicDerm040405ok.jpg,아토피피부염,1,dermnet,train
/Users/kyoe/skin_ai/data/dermnet/train/Atopic Dermatitis Photos/IchthosisIMG013-GP3.jpg,아토피피부염,1,dermnet,train
/Users/kyoe/skin_ai/data/dermnet/train/Psoriasis pictures Lichen Planus and related diseases/pityriasis-rosea-23.jpg,건선,0,dermnet,train
/Users/kyoe/skin_ai/data/dermnet/train/Acne and Rosacea Photos/hidradenitis-suppurativa-45.jpg,여드름,2,dermnet,train
/Users/kyoe/skin_ai/data/dermnet/train/Psoriasis pictures Lichen Planus and related diseases/psoriasis-palms-soles-187.jpg,건선,0,dermnet,train
/Users/kyoe/skin_ai/data/dermnet/train/Acne and Rosacea Photos/acne-open-comedo-13.jpg,여드름,2,dermnet,train
/Users/kyoe/skin_ai/data/dermnet/train/Acne and Rosacea Photos/perioral-dermatitis-88.jpg,여드름,2,dermnet,train
/Users/kyoe/skin_ai/data/dermnet/train/Eczema Photos/eczema-face-5.jpg,아토피피부염,1,dermnet,train
/Users/kyoe/skin_ai/data/dermnet/train/Psoriasis pictures Lichen Planus and related diseases/Lichen-Sclerosus-Penis-21.jpg,건선,0,dermnet,train
/Users/kyoe/skin_ai/data/dermnet/train/Atopic Dermatitis Photos/3Eczema3-022.jpg,아토피피부염,1,dermnet,train
/Users/kyoe/skin_ai/data/dermnet/train/Psoriasis pictures Lichen Planus and related diseases/seborrheic-dermatitis-111.jpg,건선,0,dermnet,train
/Users/kyoe/skin_ai/data/dermnet/train/Psoriasis pictures Lichen Planus and related diseases/psoriasis-pustular-generalized-46.jpg,건선,0,dermnet,train
/Users/kyoe/skin_ai/data/dermnet/train/Psoriasis pictures Lichen Planus and related diseases/08sebDermPrestern121205.jpg,건선,0,dermnet,train
/Users/kyoe/skin_ai/data/dermnet/train/Eczema Photos/stasis-dermatitis-130.jpg,아토피피부염,1,dermnet,train
/Users/kyoe/skin_ai/data/dermnet/train/Eczema Photos/Dyshidrosis-51.jpg,아토피피부염,1,dermnet,train
/Users/kyoe/skin_ai/data/dermnet/train/Psoriasis pictures Lichen Planus and related diseases/Pityriasis-Lichenoides-19.jpg,건선,0,dermnet,train
/Users/kyoe/skin_ai/data/dermnet/train/Psoriasis pictures Lichen Planus and related diseases/psoriasis-pustular-generalized-11.jpg,건선,0,dermnet,train
/Users/kyoe/skin_ai/data/dermnet/train/Eczema Photos/parasitosis-psychogenic-2.jpg,아토피피부염,1,dermnet,train
/Users/kyoe/skin_ai/data/dermnet/train/Psoriasis pictures Lichen Planus and related diseases/Lichen-Planus-Palm-Soles-10.jpg,건선,0,dermnet,train
/Users/kyoe/skin_ai/data/dermnet/train/Atopic Dermatitis Photos/05KeratosisPilaris5.jpg,아토피피부염,1,dermnet,train
/Users/kyoe/skin_ai/data/dermnet/train/Acne and Rosacea Photos/rosacea-nose-4.jpg,여드름,2,dermnet,train
/Users/kyoe/skin_ai/data/dermnet/train/Psoriasis pictures Lichen Planus and related diseases/Lichen-Sclerosus-Skin-49.jpg,건선,0,dermnet,train
/Users/kyoe/skin_ai/data/dermnet/train/Psoriasis pictures Lichen Planus and related diseases/psoriasis-palms-soles-128.jpg,건선,0,dermnet,train
/Users/kyoe/skin_ai/data/dermnet/train/Psoriasis pictures Lichen Planus and related diseases/psoriasis-palms-soles-195.jpg,건선,0,dermnet,train
/Users/kyoe/skin_ai/data/dermnet/train/Atopic Dermatitis Photos/05AtopicHand2.jpg,아토피피부염,1,dermnet,train
/Users/kyoe/skin_ai/data/dermnet/train/Acne and Rosacea Photos/hidradenitis-suppurativa-101.jpg,여드름,2,dermnet,train
/Users/kyoe/skin_ai/data/dermnet/train/Acne and Rosacea Photos/rosacea-19.jpg,여드름,2,dermnet,train
/Users/kyoe/skin_ai/data/dermnet/train/Acne and Rosacea Photos/acne-open-comedo-10.jpg,여드름,2,dermnet,train
/Users/kyoe/skin_ai/data/dermnet/train/Acne and Rosacea Photos/hidradenitis-suppurativa-54.jpg,여드름,2,dermnet,train
/Users/kyoe/skin_ai/data/dermnet/train/Eczema Photos/eczema-trunk-generalized-25.jpg,아토피피부염,1,dermnet,train
/Users/kyoe/skin_ai/data/dermnet/train/Acne and Rosacea Photos/23VesselsNose.jpg,여드름,2,dermnet,train
/Users/kyoe/skin_ai/data/dermnet/train/Acne and Rosacea Photos/acne-pustular-6.jpg,여드름,2,dermnet,train
/Users/kyoe/skin_ai/data/dermnet/train/Eczema Photos/lichen-simplex-chronicus-187.jpg,아토피피부염,1,dermnet,train
/Users/kyoe/skin_ai/data/dermnet/train/Acne and Rosacea Photos/07RosaceaK02166.jpg,여드름,2,dermnet,train
/Users/kyoe/skin_ai/data/dermnet/train/Eczema Photos/eczema-foot-16.jpg,아토피피부염,1,dermnet,train
/Users/kyoe/skin_ai/data/dermnet/train/Atopic Dermatitis Photos/05Atopic1206047.jpg,아토피피부염,1,dermnet,train
/Users/kyoe/skin_ai/data/dermnet/train/Psoriasis pictures Lichen Planus and related diseases/Lichen-Sclerosus-Penis-44.jpg,건선,0,dermnet,train
/Users/kyoe/skin_ai/data/dermnet/train/Eczema Photos/emersion-foot-3.jpg,아토피피부염,1,dermnet,train
/Users/kyoe/skin_ai/data/dermnet/train/Psoriasis pictures Lichen Planus and related diseases/Psoriasis-Hand-47.jpg,건선,0,dermnet,train
/Users/kyoe/skin_ai/data/dermnet/train/Eczema Photos/eczema-subacute-81.jpg,아토피피부염,1,dermnet,train
/Users/kyoe/skin_ai/data/dermnet/train/Psoriasis pictures Lichen Planus and related diseases/psoriasis-scalp-78.jpg,건선,0,dermnet,train
/Users/kyoe/skin_ai/data/dermnet/train/Psoriasis pictures Lichen Planus and related diseases/Lichen-Sclerosus-Skin-126.jpg,건선,0,dermnet,train
/Users/kyoe/skin_ai/data/dermnet/train/Psoriasis pictures Lichen Planus and related diseases/psoriasis-scalp-39.jpg,건선,0,dermnet,train
/Users/kyoe/skin_ai/data/dermnet/train/Psoriasis pictures Lichen Planus and related diseases/Lichen-Sclerosus-Skin-41.jpg,건선,0,dermnet,train
/Users/kyoe/skin_ai/data/dermnet/train/Acne and Rosacea Photos/perioral-dermatitis-56.jpg,여드름,2,dermnet,train
/Users/kyoe/skin_ai/data/dermnet/train/Acne and Rosacea Photos/acne-pustular-51.jpg,여드름,2,dermnet,train
/Users/kyoe/skin_ai/data/dermnet/train/Psoriasis pictures Lichen Planus and related diseases/Psoriasis-Hand-24.jpg,건선,0,dermnet,train
/Users/kyoe/skin_ai/data/dermnet/train/Psoriasis pictures Lichen Planus and related diseases/seborrheic-dermatitis-92.jpg,건선,0,dermnet,train
/Users/kyoe/skin_ai/data/dermnet/train/Eczema Photos/lichen-simplex-chronicus-137.jpg,아토피피부염,1,dermnet,train
/Users/kyoe/skin_ai/data/dermnet/train/Eczema Photos/eczema-nummular-152.jpg,아토피피부염,1,dermnet,train
/Users/kyoe/skin_ai/data/dermnet/train/Psoriasis pictures Lichen Planus and related diseases/Psoriasis-Hand-41.jpg,건선,0,dermnet,train
/Users/kyoe/skin_ai/data/dermnet/train/Acne and Rosacea Photos/rosacea-29.jpg,여드름,2,dermnet,train
/Users/kyoe/skin_ai/data/dermnet/train/Eczema Photos/eczema-fingertips-46.jpg,아토피피부염,1,dermnet,train
/Users/kyoe/skin_ai/data/dermnet/train/Psoriasis pictures Lichen Planus and related diseases/Psoriasis-Chronic-Plaque-190.jpg,건선,0,dermnet,train
/Users/kyoe/skin_ai/data/dermnet/train/Eczema Photos/eczema-leg-16.jpg,아토피피부염,1,dermnet,train
/Users/kyoe/skin_ai/data/dermnet/train/Psoriasis pictures Lichen Planus and related diseases/Lichen-Planus-Hypertrophic-3.jpg,건선,0,dermnet,train
/Users/kyoe/skin_ai/data/dermnet/train/Psoriasis pictures Lichen Planus and related diseases/Pityriasis-Lichenoides-3.jpg,건선,0,dermnet,train
/Users/kyoe/skin_ai/data/dermnet/train/Acne and Rosacea Photos/perioral-dermatitis-15.jpg,여드름,2,dermnet,train
/Users/kyoe/skin_ai/data/dermnet/train/Eczema Photos/eczema-fingertips-13.jpg,아토피피부염,1,dermnet,train
/Users/kyoe/skin_ai/data/dermnet/train/Psoriasis pictures Lichen Planus and related diseases/Lichen-Sclerosus-Skin-103.jpg,건선,0,dermnet,train
/Users/kyoe/skin_ai/data/dermnet/train/Atopic Dermatitis Photos/05DennieMorganFolds.jpg,아토피피부염,1,dermnet,train
/Users/kyoe/skin_ai/data/dermnet/train/Psoriasis pictures Lichen Planus and related diseases/Psoriasis-Chronic-Plaque-184.jpg,건선,0,dermnet,train
/Users/kyoe/skin_ai/data/dermnet/train/Psoriasis pictures Lichen Planus and related diseases/Lichen-Sclerosus-Skin-115.jpg,건선,0,dermnet,train
/Users/kyoe/skin_ai/data/dermnet/train/Psoriasis pictures Lichen Planus and related diseases/pityriasis-rubra-pilaris-51.jpg,건선,0,dermnet,train
/Users/kyoe/skin_ai/data/dermnet/train/Eczema Photos/03Desquamation-01.jpg,아토피피부염,1,dermnet,train
/Users/kyoe/skin_ai/data/dermnet/train/Psoriasis pictures Lichen Planus and related diseases/Lichen-Planus-Oral-15.jpg,건선,0,dermnet,train
/Users/kyoe/skin_ai/data/dermnet/train/Atopic Dermatitis Photos/IchthosisIMG016-GP3.jpg,아토피피부염,1,dermnet,train
/Users/kyoe/skin_ai/data/dermnet/train/Eczema Photos/Dyshidrosis-57.jpg,아토피피부염,1,dermnet,train
/Users/kyoe/skin_ai/data/dermnet/train/Atopic Dermatitis Photos/3Eczema1-082.jpg,아토피피부염,1,dermnet,train
/Users/kyoe/skin_ai/data/dermnet/train/Eczema Photos/neurotic-excoriations-60.jpg,아토피피부염,1,dermnet,train
/Users/kyoe/skin_ai/data/dermnet/train/Acne and Rosacea Photos/acne-scar-4.jpg,여드름,2,dermnet,train
/Users/kyoe/skin_ai/data/dermnet/train/Psoriasis pictures Lichen Planus and related diseases/lichen-planus-18.jpg,건선,0,dermnet,train
/Users/kyoe/skin_ai/data/dermnet/train/Psoriasis pictures Lichen Planus and related diseases/Psoriasis-Chronic-Plaque-175.jpg,건선,0,dermnet,train
/Users/kyoe/skin_ai/data/dermnet/train/Psoriasis pictures Lichen Planus and related diseases/Pityriasis-Lichenoides-20.jpg,건선,0,dermnet,train
/Users/kyoe/skin_ai/data/dermnet/train/Eczema Photos/eczema-hand-13.jpg,아토피피부염,1,dermnet,train
/Users/kyoe/skin_ai/data/dermnet/train/Eczema Photos/Dyshidrosis-20.jpg,아토피피부염,1,dermnet,train
/Users/kyoe/skin_ai/data/dermnet/train/Acne and Rosacea Photos/acne-closed-comedo-3.jpg,여드름,2,dermnet,train
/Users/kyoe/skin_ai/data/dermnet/train/Eczema Photos/stasis-dermatitis-95.jpg,아토피피부염,1,dermnet,train
/Users/kyoe/skin_ai/data/dermnet/train/Atopic Dermatitis Photos/05Atopic121503.jpg,아토피피부염,1,dermnet,train
/Users/kyoe/skin_ai/data/dermnet/train/Eczema Photos/eczema-fingertips-19.jpg,아토피피부염,1,dermnet,train
/Users/kyoe/skin_ai/data/dermnet/train/Eczema Photos/eczema-hand-136.jpg,아토피피부염,1,dermnet,train
/Users/kyoe/skin_ai/data/dermnet/train/Psoriasis pictures Lichen Planus and related diseases/lichen-planus-vaginal-2.jpg,건선,0,dermnet,train
/Users/kyoe/skin_ai/data/dermnet/train/Psoriasis pictures Lichen Planus and related diseases/lichen-planus-104.jpg,건선,0,dermnet,train
/Users/kyoe/skin_ai/data/dermnet/train/Psoriasis pictures Lichen Planus and related diseases/psoriasis-palms-soles-104.jpg,건선,0,dermnet,train
/Users/kyoe/skin_ai/data/dermnet/train/Eczema Photos/lichen-simplex-chronicus-102.jpg,아토피피부염,1,dermnet,train
/Users/kyoe/skin_ai/data/dermnet/train/Psoriasis pictures Lichen Planus and related diseases/Lichen-Sclerosus-Penis-4.jpg,건선,0,dermnet,train
/Users/kyoe/skin_ai/data/dermnet/train/Psoriasis pictures Lichen Planus and related diseases/Lichen-Planus-Drug-25.jpg,건선,0,dermnet,train
/Users/kyoe/skin_ai/data/dermnet/train/Acne and Rosacea Photos/hidradenitis-suppurativa-32.jpg,여드름,2,dermnet,train
/Users/kyoe/skin_ai/data/dermnet/train/Eczema Photos/prurigo-nodularis-51.jpg,아토피피부염,1,dermnet,train
/Users/kyoe/skin_ai/data/dermnet/train/Psoriasis pictures Lichen Planus and related diseases/lichen-planus-146.jpg,건선,0,dermnet,train
/Users/kyoe/skin_ai/data/dermnet/train/Eczema Photos/Dyshidrosis-39.jpg,아토피피부염,1,dermnet,train
/Users/kyoe/skin_ai/data/dermnet/train/Eczema Photos/keratolysis-exfoliativa-40.jpg,아토피피부염,1,dermnet,train
/Users/kyoe/skin_ai/data/dermnet/train/Eczema Photos/lichen-simplex-chronicus-151.jpg,아토피피부염,1,dermnet,train
/Users/kyoe/skin_ai/data/dermnet/train/Psoriasis pictures Lichen Planus and related diseases/pityriasis-rosea-88.jpg,건선,0,dermnet,train
/Users/kyoe/skin_ai/data/dermnet/train/Acne and Rosacea Photos/acne-cystic-114.jpg,여드름,2,dermnet,train
/Users/kyoe/skin_ai/data/dermnet/train/Eczema Photos/eczema-leg-17.jpg,아토피피부염,1,dermnet,train
/Users/kyoe/skin_ai/data/dermnet/train/Eczema Photos/eczema-nummular-184.jpg,아토피피부염,1,dermnet,train
/Users/kyoe/skin_ai/data/dermnet/train/Psoriasis pictures Lichen Planus and related diseases/psoriasis-palms-soles-99.jpg,건선,0,dermnet,train
/Users/kyoe/skin_ai/data/dermnet/train/Psoriasis pictures Lichen Planus and related diseases/08PsoriasisGroin1.jpg,건선,0,dermnet,train
/Users/kyoe/skin_ai/data/dermnet/train/Eczema Photos/eczema-foot-85.jpg,아토피피부염,1,dermnet,train
/Users/kyoe/skin_ai/data/dermnet/train/Eczema Photos/chapped-fissured-feet-23.jpg,아토피피부염,1,dermnet,train
/Users/kyoe/skin_ai/data/dermnet/train/Psoriasis pictures Lichen Planus and related diseases/lichen-planus-185.jpg,건선,0,dermnet,train
/Users/kyoe/skin_ai/data/dermnet/train/Eczema Photos/eczema-fingertips-52.jpg,아토피피부염,1,dermnet,train
/Users/kyoe/skin_ai/data/dermnet/train/Acne and Rosacea Photos/perioral-dermatitis-25.jpg,여드름,2,dermnet,train
/Users/kyoe/skin_ai/data/dermnet/train/Psoriasis pictures Lichen Planus and related diseases/pityriasis-rosea-96.jpg,건선,0,dermnet,train
/Users/kyoe/skin_ai/data/dermnet/train/Acne and Rosacea Photos/hidradenitis-suppurativa-16.jpg,여드름,2,dermnet,train
/Users/kyoe/skin_ai/data/dermnet/train/Atopic Dermatitis Photos/05AtopicDermHand2.jpg,아토피피부염,1,dermnet,train
/Users/kyoe/skin_ai/data/dermnet/train/Psoriasis pictures Lichen Planus and related diseases/pityriasis-rosea-83.jpg,건선,0,dermnet,train
/Users/kyoe/skin_ai/data/dermnet/train/Acne and Rosacea Photos/acne-excoriated-26.jpg,여드름,2,dermnet,train
/Users/kyoe/skin_ai/data/dermnet/train/Psoriasis pictures Lichen Planus and related diseases/Palmoplantar-Keratoderma-4.jpg,건선,0,dermnet,train
/Users/kyoe/skin_ai/data/dermnet/train/Acne and Rosacea Photos/rosacea-4.jpg,여드름,2,dermnet,train
/Users/kyoe/skin_ai/data/dermnet/train/Acne and Rosacea Photos/acne-cystic-44.jpg,여드름,2,dermnet,train
/Users/kyoe/skin_ai/data/dermnet/train/Psoriasis pictures Lichen Planus and related diseases/Psoriasis-Chronic-Plaque-116.jpg,건선,0,dermnet,train
/Users/kyoe/skin_ai/data/dermnet/train/Eczema Photos/eczema-fingertips-76.jpg,아토피피부염,1,dermnet,train
/Users/kyoe/skin_ai/data/dermnet/train/Psoriasis pictures Lichen Planus and related diseases/pityriasis-rosea-153.jpg,건선,0,dermnet,train
/Users/kyoe/skin_ai/data/dermnet/train/Atopic Dermatitis Photos/05Atopic12060427.jpg,아토피피부염,1,dermnet,train
/Users/kyoe/skin_ai/data/dermnet/train/Eczema Photos/maceration-3.jpg,아토피피부염,1,dermnet,train
/Users/kyoe/skin_ai/data/dermnet/train/Acne and Rosacea Photos/rosacea-115.jpg,여드름,2,dermnet,train
/Users/kyoe/skin_ai/data/dermnet/train/Psoriasis pictures Lichen Planus and related diseases/pityriasis-rosea-129.jpg,건선,0,dermnet,train
/Users/kyoe/skin_ai/data/dermnet/train/Psoriasis pictures Lichen Planus and related diseases/psoriasis-palms-soles-91.jpg,건선,0,dermnet,train
/Users/kyoe/skin_ai/data/dermnet/train/Acne and Rosacea Photos/rosacea-nose-59.jpg,여드름,2,dermnet,train
/Users/kyoe/skin_ai/data/dermnet/train/Psoriasis pictures Lichen Planus and related diseases/Lichen-Planus-Drug-24.jpg,건선,0,dermnet,train
/Users/kyoe/skin_ai/data/dermnet/train/Psoriasis pictures Lichen Planus and related diseases/lichen-planus-12.jpg,건선,0,dermnet,train
/Users/kyoe/skin_ai/data/dermnet/train/Eczema Photos/eczema-nummular-101.jpg,아토피피부염,1,dermnet,train
/Users/kyoe/skin_ai/data/dermnet/train/Eczema Photos/eczema-asteatotic-7.jpg,아토피피부염,1,dermnet,train
/Users/kyoe/skin_ai/data/dermnet/train/Eczema Photos/hyperkeratosis-4.jpg,아토피피부염,1,dermnet,train
/Users/kyoe/skin_ai/data/dermnet/train/Psoriasis pictures Lichen Planus and related diseases/pityriasis-rubra-pilaris-66.jpg,건선,0,dermnet,train
/Users/kyoe/skin_ai/data/dermnet/train/Acne and Rosacea Photos/acne-cystic-107.jpg,여드름,2,dermnet,train
/Users/kyoe/skin_ai/data/dermnet/train/Psoriasis pictures Lichen Planus and related diseases/pityriasis-rosea-19.jpg,건선,0,dermnet,train
/Users/kyoe/skin_ai/data/dermnet/train/Eczema Photos/eczema-vulva-8.jpg,아토피피부염,1,dermnet,train
/Users/kyoe/skin_ai/data/dermnet/train/Psoriasis pictures Lichen Planus and related diseases/Lichen-Planus-Oral-30.jpg,건선,0,dermnet,train
/Users/kyoe/skin_ai/data/dermnet/train/Eczema Photos/pompholyx-32.jpg,아토피피부염,1,dermnet,train
/Users/kyoe/skin_ai/data/dermnet/train/Psoriasis pictures Lichen Planus and related diseases/psoriasis-palms-soles-85.jpg,건선,0,dermnet,train
/Users/kyoe/skin_ai/data/dermnet/train/Psoriasis pictures Lichen Planus and related diseases/pityriasis-rubra-pilaris-42.jpg,건선,0,dermnet,train
/Users/kyoe/skin_ai/data/dermnet/train/Eczema Photos/keratolysis-exfoliativa-7.jpg,아토피피부염,1,dermnet,train
/Users/kyoe/skin_ai/data/dermnet/train/Acne and Rosacea Photos/hidradenitis-suppurativa-78.jpg,여드름,2,dermnet,train
/Users/kyoe/skin_ai/data/dermnet/train/Eczema Photos/fiberglass-dermatitis-2.jpg,아토피피부염,1,dermnet,train
/Users/kyoe/skin_ai/data/dermnet/train/Eczema Photos/stasis-dermatitis-102.jpg,아토피피부염,1,dermnet,train
/Users/kyoe/skin_ai/data/dermnet/train/Eczema Photos/eczema-foot-61.jpg,아토피피부염,1,dermnet,train
/Users/kyoe/skin_ai/data/dermnet/train/Acne and Rosacea Photos/fordyce-spots-5.jpg,여드름,2,dermnet,train
/Users/kyoe/skin_ai/data/dermnet/train/Atopic Dermatitis Photos/05AtopicPapules.jpg,아토피피부염,1,dermnet,train
/Users/kyoe/skin_ai/data/dermnet/train/Eczema Photos/pompholyx-1.jpg,아토피피부염,1,dermnet,train
/Users/kyoe/skin_ai/data/dermnet/train/Eczema Photos/eczema-subacute-47.jpg,아토피피부염,1,dermnet,train
/Users/kyoe/skin_ai/data/dermnet/train/Eczema Photos/eczema-subacute-25.jpg,아토피피부염,1,dermnet,train
/Users/kyoe/skin_ai/data/dermnet/train/Psoriasis pictures Lichen Planus and related diseases/Lichen-Sclerosus-Skin-71.jpg,건선,0,dermnet,train
/Users/kyoe/skin_ai/data/dermnet/train/Psoriasis pictures Lichen Planus and related diseases/psoriasis-palms-soles-16.jpg,건선,0,dermnet,train
/Users/kyoe/skin_ai/data/dermnet/train/Atopic Dermatitis Photos/05pityriasisAlba050905.jpg,아토피피부염,1,dermnet,train
/Users/kyoe/skin_ai/data/dermnet/train/Psoriasis pictures Lichen Planus and related diseases/pityriasis-rosea-107.jpg,건선,0,dermnet,train
/Users/kyoe/skin_ai/data/dermnet/train/Atopic Dermatitis Photos/6IMG015.jpg,아토피피부염,1,dermnet,train
/Users/kyoe/skin_ai/data/dermnet/train/Psoriasis pictures Lichen Planus and related diseases/psoriasis-erythrodermic-18.jpg,건선,0,dermnet,train
/Users/kyoe/skin_ai/data/dermnet/train/Psoriasis pictures Lichen Planus and related diseases/Lichen-Planus-Oral-46.jpg,건선,0,dermnet,train
/Users/kyoe/skin_ai/data/dermnet/train/Eczema Photos/eczema-fingertips-3.jpg,아토피피부염,1,dermnet,train
/Users/kyoe/skin_ai/data/dermnet/train/Eczema Photos/eczema-asteatotic-29.jpg,아토피피부염,1,dermnet,train
/Users/kyoe/skin_ai/data/dermnet/train/Psoriasis pictures Lichen Planus and related diseases/08PsoriasisPustular.jpg,건선,0,dermnet,train
/Users/kyoe/skin_ai/data/dermnet/train/Acne and Rosacea Photos/acne-cystic-93.jpg,여드름,2,dermnet,train
/Users/kyoe/skin_ai/data/dermnet/train/Atopic Dermatitis Photos/05atopicMouth012306.jpg,아토피피부염,1,dermnet,train
/Users/kyoe/skin_ai/data/dermnet/train/Eczema Photos/03Desquamation1234.jpg,아토피피부염,1,dermnet,train
/Users/kyoe/skin_ai/data/dermnet/train/Atopic Dermatitis Photos/05atopicFeet0709051.jpg,아토피피부염,1,dermnet,train
/Users/kyoe/skin_ai/data/dermnet/train/Eczema Photos/stasis-dermatitis-188.jpg,아토피피부염,1,dermnet,train
/Users/kyoe/skin_ai/data/dermnet/train/Psoriasis pictures Lichen Planus and related diseases/pityriasis-rubra-pilaris-33.jpg,건선,0,dermnet,train
/Users/kyoe/skin_ai/data/dermnet/train/Psoriasis pictures Lichen Planus and related diseases/Lichen-Planus-Oral-17.jpg,건선,0,dermnet,train
/Users/kyoe/skin_ai/data/dermnet/train/Psoriasis pictures Lichen Planus and related diseases/pityriasis-rosea-152.jpg,건선,0,dermnet,train
/Users/kyoe/skin_ai/data/dermnet/train/Eczema Photos/eczema-subacute-57.jpg,아토피피부염,1,dermnet,train
/Users/kyoe/skin_ai/data/dermnet/train/Psoriasis pictures Lichen Planus and related diseases/Psoriasis-Chronic-Plaque-164.jpg,건선,0,dermnet,train
/Users/kyoe/skin_ai/data/dermnet/train/Acne and Rosacea Photos/07RosaceaOK0828062.jpg,여드름,2,dermnet,train
/Users/kyoe/skin_ai/data/dermnet/train/Eczema Photos/eczema-areola-12.jpg,아토피피부염,1,dermnet,train
/Users/kyoe/skin_ai/data/dermnet/train/Psoriasis pictures Lichen Planus and related diseases/seborrheic-dermatitis-147.jpg,건선,0,dermnet,train
/Users/kyoe/skin_ai/data/dermnet/train/Psoriasis pictures Lichen Planus and related diseases/Lichen-Nitidus-1.jpg,건선,0,dermnet,train
/Users/kyoe/skin_ai/data/dermnet/train/Eczema Photos/neurotic-excoriations-7.jpg,아토피피부염,1,dermnet,train
/Users/kyoe/skin_ai/data/dermnet/train/Psoriasis pictures Lichen Planus and related diseases/Psoriasis-Guttate-9.jpg,건선,0,dermnet,train
/Users/kyoe/skin_ai/data/dermnet/train/Psoriasis pictures Lichen Planus and related diseases/Psoriasis-nails-8.jpg,건선,0,dermnet,train
/Users/kyoe/skin_ai/data/dermnet/train/Eczema Photos/eczema-anal-2.jpg,아토피피부염,1,dermnet,train
/Users/kyoe/skin_ai/data/dermnet/train/Psoriasis pictures Lichen Planus and related diseases/Psoriasis-Hand-9.jpg,건선,0,dermnet,train
/Users/kyoe/skin_ai/data/dermnet/train/Eczema Photos/stasis-dermatitis-153.jpg,아토피피부염,1,dermnet,train
/Users/kyoe/skin_ai/data/dermnet/train/Acne and Rosacea Photos/rhinophyma-3.jpg,여드름,2,dermnet,train
/Users/kyoe/skin_ai/data/dermnet/train/Acne and Rosacea Photos/acne-pustular-7.jpg,여드름,2,dermnet,train
/Users/kyoe/skin_ai/data/dermnet/train/Eczema Photos/lichen-simplex-chronicus-133.jpg,아토피피부염,1,dermnet,train
/Users/kyoe/skin_ai/data/dermnet/train/Acne and Rosacea Photos/acne-cystic-13.jpg,여드름,2,dermnet,train
/Users/kyoe/skin_ai/data/dermnet/train/Eczema Photos/eczema-impetiginized-2.jpg,아토피피부염,1,dermnet,train
/Users/kyoe/skin_ai/data/dermnet/train/Psoriasis pictures Lichen Planus and related diseases/Psoriasis-Anus-8.jpg,건선,0,dermnet,train
/Users/kyoe/skin_ai/data/dermnet/train/Psoriasis pictures Lichen Planus and related diseases/Lichen-Planus-Oral-12.jpg,건선,0,dermnet,train
/Users/kyoe/skin_ai/data/dermnet/train/Acne and Rosacea Photos/rosacea-71.jpg,여드름,2,dermnet,train
/Users/kyoe/skin_ai/data/dermnet/train/Atopic Dermatitis Photos/IchthosisIMG019-GP3.jpg,아토피피부염,1,dermnet,train
/Users/kyoe/skin_ai/data/dermnet/train/Atopic Dermatitis Photos/05keratosisPilaris0508062.jpg,아토피피부염,1,dermnet,train
/Users/kyoe/skin_ai/data/dermnet/train/Atopic Dermatitis Photos/05DryFeet060204.jpg,아토피피부염,1,dermnet,train
/Users/kyoe/skin_ai/data/dermnet/train/Psoriasis pictures Lichen Planus and related diseases/Lichen-Planus-Palm-Soles-5.jpg,건선,0,dermnet,train
/Users/kyoe/skin_ai/data/dermnet/train/Acne and Rosacea Photos/acne-cystic-97.jpg,여드름,2,dermnet,train
/Users/kyoe/skin_ai/data/dermnet/train/Psoriasis pictures Lichen Planus and related diseases/Pityriasis-Lichenoides-39.jpg,건선,0,dermnet,train
/Users/kyoe/skin_ai/data/dermnet/train/Psoriasis pictures Lichen Planus and related diseases/psoriasis-pustular-generalized-4.jpg,건선,0,dermnet,train
/Users/kyoe/skin_ai/data/dermnet/train/Atopic Dermatitis Photos/05Atopic12060412.jpg,아토피피부염,1,dermnet,train
/Users/kyoe/skin_ai/data/dermnet/train/Eczema Photos/eczema-fingertips-21.jpg,아토피피부염,1,dermnet,train
/Users/kyoe/skin_ai/data/dermnet/train/Acne and Rosacea Photos/acne-pustular-23.jpg,여드름,2,dermnet,train
/Users/kyoe/skin_ai/data/dermnet/train/Psoriasis pictures Lichen Planus and related diseases/pityriasis-rubra-pilaris-32.jpg,건선,0,dermnet,train
/Users/kyoe/skin_ai/data/dermnet/train/Psoriasis pictures Lichen Planus and related diseases/Psoriasis-sunburn-1.jpg,건선,0,dermnet,train
/Users/kyoe/skin_ai/data/dermnet/train/Psoriasis pictures Lichen Planus and related diseases/08LichenPlanusTongue.jpg,건선,0,dermnet,train
/Users/kyoe/skin_ai/data/dermnet/train/Psoriasis pictures Lichen Planus and related diseases/Lichen-Sclerosus-Skin-83.jpg,건선,0,dermnet,train
/Users/kyoe/skin_ai/data/dermnet/train/Acne and Rosacea Photos/rosacea-nose-23.jpg,여드름,2,dermnet,train
/Users/kyoe/skin_ai/data/dermnet/train/Acne and Rosacea Photos/acne-cystic-88.jpg,여드름,2,dermnet,train
/Users/kyoe/skin_ai/data/dermnet/train/Psoriasis pictures Lichen Planus and related diseases/Lichen-Planus-Oral-43.jpg,건선,0,dermnet,train
/Users/kyoe/skin_ai/data/dermnet/train/Acne and Rosacea Photos/acne-cystic-29.jpg,여드름,2,dermnet,train
/Users/kyoe/skin_ai/data/dermnet/train/Eczema Photos/eczema-fingertips-1.jpg,아토피피부염,1,dermnet,train
/Users/kyoe/skin_ai/data/dermnet/train/Acne and Rosacea Photos/perioral-dermatitis-101.jpg,여드름,2,dermnet,train
/Users/kyoe/skin_ai/data/dermnet/train/Eczema Photos/eczema-nummular-85.jpg,아토피피부염,1,dermnet,train
/Users/kyoe/skin_ai/data/dermnet/train/Eczema Photos/eczema-subacute-44.jpg,아토피피부염,1,dermnet,train
/Users/kyoe/skin_ai/data/dermnet/train/Eczema Photos/stasis-dermatitis-18.jpg,아토피피부염,1,dermnet,train
/Users/kyoe/skin_ai/data/dermnet/train/Acne and Rosacea Photos/acne-excoriated-3.jpg,여드름,2,dermnet,train
/Users/kyoe/skin_ai/data/dermnet/train/Eczema Photos/eczema-fingertips-102.jpg,아토피피부염,1,dermnet,train
/Users/kyoe/skin_ai/data/dermnet/train/Atopic Dermatitis Photos/7IMG018.jpg,아토피피부염,1,dermnet,train
/Users/kyoe/skin_ai/data/dermnet/train/Psoriasis pictures Lichen Planus and related diseases/Pityriasis-Lichenoides-33.jpg,건선,0,dermnet,train
/Users/kyoe/skin_ai/data/dermnet/train/Psoriasis pictures Lichen Planus and related diseases/psoriasis-palms-soles-118.jpg,건선,0,dermnet,train
/Users/kyoe/skin_ai/data/dermnet/train/Psoriasis pictures Lichen Planus and related diseases/Psoriasis-sunburn-4.jpg,건선,0,dermnet,train
/Users/kyoe/skin_ai/data/dermnet/train/Psoriasis pictures Lichen Planus and related diseases/pityriasis-rosea-185.jpg,건선,0,dermnet,train
/Users/kyoe/skin_ai/data/dermnet/train/Eczema Photos/keratolysis-exfoliativa-47.jpg,아토피피부염,1,dermnet,train
/Users/kyoe/skin_ai/data/dermnet/train/Acne and Rosacea Photos/acne-scar-7.jpg,여드름,2,dermnet,train
/Users/kyoe/skin_ai/data/dermnet/train/Psoriasis pictures Lichen Planus and related diseases/Psoriasis-Chronic-Plaque-98.jpg,건선,0,dermnet,train
/Users/kyoe/skin_ai/data/dermnet/train/Psoriasis pictures Lichen Planus and related diseases/Psoriasis-Chronic-Plaque-109.jpg,건선,0,dermnet,train
/Users/kyoe/skin_ai/data/dermnet/train/Psoriasis pictures Lichen Planus and related diseases/pityriasis-rubra-pilaris-40.jpg,건선,0,dermnet,train
/Users/kyoe/skin_ai/data/dermnet/train/Eczema Photos/prurigo-nodularis-45.jpg,아토피피부염,1,dermnet,train
/Users/kyoe/skin_ai/data/dermnet/train/Eczema Photos/eczema-fingertips-140.jpg,아토피피부염,1,dermnet,train
/Users/kyoe/skin_ai/data/dermnet/train/Eczema Photos/eczema-chronic-7.jpg,아토피피부염,1,dermnet,train
/Users/kyoe/skin_ai/data/dermnet/train/Atopic Dermatitis Photos/05keratosisPilaris020705.jpg,아토피피부염,1,dermnet,train
/Users/kyoe/skin_ai/data/dermnet/train/Eczema Photos/eczema-foot-77.jpg,아토피피부염,1,dermnet,train
/Users/kyoe/skin_ai/data/dermnet/train/Eczema Photos/eczema-histology-5.jpg,아토피피부염,1,dermnet,train
/Users/kyoe/skin_ai/data/dermnet/train/Psoriasis pictures Lichen Planus and related diseases/lichen-planus-vaginal-8.jpg,건선,0,dermnet,train
/Users/kyoe/skin_ai/data/dermnet/train/Psoriasis pictures Lichen Planus and related diseases/Psoriasis-Chronic-Plaque-138.jpg,건선,0,dermnet,train
/Users/kyoe/skin_ai/data/dermnet/train/Psoriasis pictures Lichen Planus and related diseases/Pityriasis-Lichenoides-36.jpg,건선,0,dermnet,train
/Users/kyoe/skin_ai/data/dermnet/train/Atopic Dermatitis Photos/05atopic0313063.jpg,아토피피부염,1,dermnet,train
/Users/kyoe/skin_ai/data/dermnet/train/Acne and Rosacea Photos/acne-closed-comedo-29.jpg,여드름,2,dermnet,train
/Users/kyoe/skin_ai/data/dermnet/train/Acne and Rosacea Photos/rosacea-steroid-7.jpg,여드름,2,dermnet,train
/Users/kyoe/skin_ai/data/dermnet/train/Acne and Rosacea Photos/perioral-dermatitis-128.jpg,여드름,2,dermnet,train
/Users/kyoe/skin_ai/data/dermnet/train/Psoriasis pictures Lichen Planus and related diseases/psoriasis-scalp-75.jpg,건선,0,dermnet,train
/Users/kyoe/skin_ai/data/dermnet/train/Psoriasis pictures Lichen Planus and related diseases/pityriasis-rosea-125.jpg,건선,0,dermnet,train
/Users/kyoe/skin_ai/data/dermnet/train/Eczema Photos/lichen-simplex-chronicus-88.jpg,아토피피부염,1,dermnet,train
/Users/kyoe/skin_ai/data/dermnet/train/Atopic Dermatitis Photos/05atopic02164.jpg,아토피피부염,1,dermnet,train
/Users/kyoe/skin_ai/data/dermnet/train/Eczema Photos/factitial-dermatitis-6.jpg,아토피피부염,1,dermnet,train
/Users/kyoe/skin_ai/data/dermnet/train/Psoriasis pictures Lichen Planus and related diseases/Lichen-Sclerosus-Skin-52.jpg,건선,0,dermnet,train
/Users/kyoe/skin_ai/data/dermnet/train/Psoriasis pictures Lichen Planus and related diseases/Psoriasis-Guttate-53.jpg,건선,0,dermnet,train
/Users/kyoe/skin_ai/data/dermnet/train/Psoriasis pictures Lichen Planus and related diseases/Psoriasis-Hand-38.jpg,건선,0,dermnet,train
/Users/kyoe/skin_ai/data/dermnet/train/Eczema Photos/stasis-dermatitis-165.jpg,아토피피부염,1,dermnet,train
/Users/kyoe/skin_ai/data/dermnet/train/Eczema Photos/desquamation-3.jpg,아토피피부염,1,dermnet,train
/Users/kyoe/skin_ai/data/dermnet/train/Eczema Photos/eczema-hand-141.jpg,아토피피부염,1,dermnet,train
/Users/kyoe/skin_ai/data/dermnet/train/Acne and Rosacea Photos/hidradenitis-suppurativa-80.jpg,여드름,2,dermnet,train
/Users/kyoe/skin_ai/data/dermnet/train/Eczema Photos/eczema-subacute-1.jpg,아토피피부염,1,dermnet,train
/Users/kyoe/skin_ai/data/dermnet/train/Atopic Dermatitis Photos/05keratosisPilaris121304.jpg,아토피피부염,1,dermnet,train
/Users/kyoe/skin_ai/data/dermnet/train/Psoriasis pictures Lichen Planus and related diseases/Lichen-Sclerosus-Skin-13.jpg,건선,0,dermnet,train
/Users/kyoe/skin_ai/data/dermnet/train/Acne and Rosacea Photos/rosacea-nose-64.jpg,여드름,2,dermnet,train
/Users/kyoe/skin_ai/data/dermnet/train/Eczema Photos/eczema-leg-6.jpg,아토피피부염,1,dermnet,train
/Users/kyoe/skin_ai/data/dermnet/train/Psoriasis pictures Lichen Planus and related diseases/Psoriasis-Chronic-Plaque-88.jpg,건선,0,dermnet,train
/Users/kyoe/skin_ai/data/dermnet/train/Eczema Photos/eczema-ears-5.jpg,아토피피부염,1,dermnet,train
/Users/kyoe/skin_ai/data/dermnet/train/Atopic Dermatitis Photos/05IchthyosisVulgaris0216.jpg,아토피피부염,1,dermnet,train
/Users/kyoe/skin_ai/data/dermnet/train/Atopic Dermatitis Photos/05Atopic12060422.jpg,아토피피부염,1,dermnet,train
/Users/kyoe/skin_ai/data/dermnet/train/Psoriasis pictures Lichen Planus and related diseases/Psoriasis-nails-28.jpg,건선,0,dermnet,train
/Users/kyoe/skin_ai/data/dermnet/train/Acne and Rosacea Photos/rosacea-74.jpg,여드름,2,dermnet,train
/Users/kyoe/skin_ai/data/dermnet/train/Eczema Photos/neurotic-excoriations-29.jpg,아토피피부염,1,dermnet,train
/Users/kyoe/skin_ai/data/dermnet/train/Atopic Dermatitis Photos/IchthosisIMG014-GP3.jpg,아토피피부염,1,dermnet,train
/Users/kyoe/skin_ai/data/dermnet/train/Psoriasis pictures Lichen Planus and related diseases/Psoriasis-Hand-46.jpg,건선,0,dermnet,train
/Users/kyoe/skin_ai/data/dermnet/train/Psoriasis pictures Lichen Planus and related diseases/pityriasis-rosea-132.jpg,건선,0,dermnet,train
/Users/kyoe/skin_ai/data/dermnet/train/Psoriasis pictures Lichen Planus and related diseases/psoriasis-palms-soles-134.jpg,건선,0,dermnet,train
/Users/kyoe/skin_ai/data/dermnet/train/Eczema Photos/eczema-foot-36.jpg,아토피피부염,1,dermnet,train
/Users/kyoe/skin_ai/data/dermnet/train/Atopic Dermatitis Photos/05ATopicAreola.jpg,아토피피부염,1,dermnet,train
/Users/kyoe/skin_ai/data/dermnet/train/Eczema Photos/prurigo-nodularis-5.jpg,아토피피부염,1,dermnet,train
/Users/kyoe/skin_ai/data/dermnet/train/Acne and Rosacea Photos/acne-cystic-9.jpg,여드름,2,dermnet,train
/Users/kyoe/skin_ai/data/dermnet/train/Eczema Photos/eczema-hand-119.jpg,아토피피부염,1,dermnet,train
/Users/kyoe/skin_ai/data/dermnet/train/Atopic Dermatitis Photos/11IMG007.jpg,아토피피부염,1,dermnet,train
/Users/kyoe/skin_ai/data/dermnet/train/Eczema Photos/eczema-nummular-169.jpg,아토피피부염,1,dermnet,train
/Users/kyoe/skin_ai/data/dermnet/train/Psoriasis pictures Lichen Planus and related diseases/Lichen-Planus-Penis-6.jpg,건선,0,dermnet,train
/Users/kyoe/skin_ai/data/dermnet/train/Atopic Dermatitis Photos/AtopicIMG001-GP3.jpg,아토피피부염,1,dermnet,train
/Users/kyoe/skin_ai/data/dermnet/train/Psoriasis pictures Lichen Planus and related diseases/seborrheic-dermatitis-127.jpg,건선,0,dermnet,train
/Users/kyoe/skin_ai/data/dermnet/train/Psoriasis pictures Lichen Planus and related diseases/08SebDermq.jpg,건선,0,dermnet,train
/Users/kyoe/skin_ai/data/dermnet/train/Psoriasis pictures Lichen Planus and related diseases/psoriasis-pustular-generalized-59.jpg,건선,0,dermnet,train
/Users/kyoe/skin_ai/data/dermnet/train/Eczema Photos/eczema-fingertips-35.jpg,아토피피부염,1,dermnet,train
/Users/kyoe/skin_ai/data/dermnet/train/Eczema Photos/stasis-dermatitis-180.jpg,아토피피부염,1,dermnet,train
/Users/kyoe/skin_ai/data/dermnet/train/Psoriasis pictures Lichen Planus and related diseases/pityriasis-rosea-133.jpg,건선,0,dermnet,train
/Users/kyoe/skin_ai/data/dermnet/train/Eczema Photos/eczema-nummular-198.jpg,아토피피부염,1,dermnet,train
/Users/kyoe/skin_ai/data/dermnet/train/Acne and Rosacea Photos/acne-cystic-124.jpg,여드름,2,dermnet,train
/Users/kyoe/skin_ai/data/dermnet/train/Psoriasis pictures Lichen Planus and related diseases/pityriasis-rosea-141.jpg,건선,0,dermnet,train
/Users/kyoe/skin_ai/data/dermnet/train/Psoriasis pictures Lichen Planus and related diseases/Pityriasis-Lichenoides-13.jpg,건선,0,dermnet,train
/Users/kyoe/skin_ai/data/dermnet/train/Eczema Photos/Dyshidrosis-23.jpg,아토피피부염,1,dermnet,train
/Users/kyoe/skin_ai/data/dermnet/train/Eczema Photos/keratolysis-exfoliativa-35.jpg,아토피피부염,1,dermnet,train
/Users/kyoe/skin_ai/data/dermnet/train/Eczema Photos/eczema-nummular-161.jpg,아토피피부염,1,dermnet,train
/Users/kyoe/skin_ai/data/dermnet/train/Eczema Photos/lichen-simplex-chronicus-83.jpg,아토피피부염,1,dermnet,train
/Users/kyoe/skin_ai/data/dermnet/train/Psoriasis pictures Lichen Planus and related diseases/Axillary-Granular-Parakeratosis-7.jpg,건선,0,dermnet,train
/Users/kyoe/skin_ai/data/dermnet/train/Psoriasis pictures Lichen Planus and related diseases/psoriasis-palms-soles-96.jpg,건선,0,dermnet,train
/Users/kyoe/skin_ai/data/dermnet/train/Acne and Rosacea Photos/acne-cystic-150.jpg,여드름,2,dermnet,train
/Users/kyoe/skin_ai/data/dermnet/train/Eczema Photos/eczema-asteatotic-36.jpg,아토피피부염,1,dermnet,train
/Users/kyoe/skin_ai/data/dermnet/train/Acne and Rosacea Photos/acne-cystic-17.jpg,여드름,2,dermnet,train
/Users/kyoe/skin_ai/data/dermnet/train/Psoriasis pictures Lichen Planus and related diseases/Psoriasis-Histology-10.jpg,건선,0,dermnet,train
/Users/kyoe/skin_ai/data/dermnet/train/Psoriasis pictures Lichen Planus and related diseases/Lichen-Sclerosis-Vulva-41.jpg,건선,0,dermnet,train
/Users/kyoe/skin_ai/data/dermnet/train/Eczema Photos/neurotic-excoriations-10.jpg,아토피피부염,1,dermnet,train
/Users/kyoe/skin_ai/data/dermnet/train/Psoriasis pictures Lichen Planus and related diseases/08sebKerm11220468.jpg,건선,0,dermnet,train
/Users/kyoe/skin_ai/data/dermnet/train/Acne and Rosacea Photos/07RosaceaK02164.jpg,여드름,2,dermnet,train
/Users/kyoe/skin_ai/data/dermnet/train/Acne and Rosacea Photos/rosacea-nose-22.jpg,여드름,2,dermnet,train
/Users/kyoe/skin_ai/data/dermnet/train/Psoriasis pictures Lichen Planus and related diseases/Psoriasis-Histology-15.jpg,건선,0,dermnet,train
/Users/kyoe/skin_ai/data/dermnet/train/Psoriasis pictures Lichen Planus and related diseases/Psoriasis-arthritis-1.jpg,건선,0,dermnet,train
/Users/kyoe/skin_ai/data/dermnet/train/Acne and Rosacea Photos/acne-closed-comedo-17.jpg,여드름,2,dermnet,train
/Users/kyoe/skin_ai/data/dermnet/train/Atopic Dermatitis Photos/5T-0025.jpg,아토피피부염,1,dermnet,train
/Users/kyoe/skin_ai/data/dermnet/train/Eczema Photos/neurotic-excoriations-66.jpg,아토피피부염,1,dermnet,train
/Users/kyoe/skin_ai/data/dermnet/train/Psoriasis pictures Lichen Planus and related diseases/Psoriasis-Guttate-7.jpg,건선,0,dermnet,train
/Users/kyoe/skin_ai/data/dermnet/train/Psoriasis pictures Lichen Planus and related diseases/Lichen-Sclerosus-Skin-69.jpg,건선,0,dermnet,train
/Users/kyoe/skin_ai/data/dermnet/train/Psoriasis pictures Lichen Planus and related diseases/Psoriasis-Chronic-Plaque-150.jpg,건선,0,dermnet,train
/Users/kyoe/skin_ai/data/dermnet/train/Acne and Rosacea Photos/rosacea-nose-41.jpg,여드름,2,dermnet,train
/Users/kyoe/skin_ai/data/dermnet/train/Psoriasis pictures Lichen Planus and related diseases/Psoriasis-Guttate-50.jpg,건선,0,dermnet,train
/Users/kyoe/skin_ai/data/dermnet/train/Psoriasis pictures Lichen Planus and related diseases/pityriasis-rosea-119.jpg,건선,0,dermnet,train
/Users/kyoe/skin_ai/data/dermnet/train/Eczema Photos/lichen-simplex-chronicus-148.jpg,아토피피부염,1,dermnet,train
/Users/kyoe/skin_ai/data/dermnet/train/Acne and Rosacea Photos/08PerioralDerm0203.jpg,여드름,2,dermnet,train
/Users/kyoe/skin_ai/data/dermnet/train/Eczema Photos/eczema-foot-73.jpg,아토피피부염,1,dermnet,train
/Users/kyoe/skin_ai/data/dermnet/train/Eczema Photos/neurotic-excoriations-30.jpg,아토피피부염,1,dermnet,train
/Users/kyoe/skin_ai/data/dermnet/train/Eczema Photos/neurotic-excoriations-17.jpg,아토피피부염,1,dermnet,train
/Users/kyoe/skin_ai/data/dermnet/train/Psoriasis pictures Lichen Planus and related diseases/Pityriasis-Lichenoides-21.jpg,건선,0,dermnet,train
/Users/kyoe/skin_ai/data/dermnet/train/Eczema Photos/eczema-subacute-12.jpg,아토피피부염,1,dermnet,train
/Users/kyoe/skin_ai/data/dermnet/train/Acne and Rosacea Photos/rosacea-nose-60.jpg,여드름,2,dermnet,train
/Users/kyoe/skin_ai/data/dermnet/train/Atopic Dermatitis Photos/05AtopicHand1q.jpg,아토피피부염,1,dermnet,train
/Users/kyoe/skin_ai/data/dermnet/train/Acne and Rosacea Photos/rosacea-31.jpg,여드름,2,dermnet,train
/Users/kyoe/skin_ai/data/dermnet/train/Psoriasis pictures Lichen Planus and related diseases/Lichen-Sclerosus-Skin-114.jpg,건선,0,dermnet,train
/Users/kyoe/skin_ai/data/dermnet/train/Psoriasis pictures Lichen Planus and related diseases/psoriasis-scalp-8.jpg,건선,0,dermnet,train
/Users/kyoe/skin_ai/data/dermnet/train/Acne and Rosacea Photos/hidradenitis-suppurativa-106.jpg,여드름,2,dermnet,train
/Users/kyoe/skin_ai/data/dermnet/train/Psoriasis pictures Lichen Planus and related diseases/psoriasis-palms-soles-168.jpg,건선,0,dermnet,train
/Users/kyoe/skin_ai/data/dermnet/train/Psoriasis pictures Lichen Planus and related diseases/08PsoriasisIntertrigo.jpg,건선,0,dermnet,train
/Users/kyoe/skin_ai/data/dermnet/train/Acne and Rosacea Photos/perioral-dermatitis-11.jpg,여드름,2,dermnet,train
/Users/kyoe/skin_ai/data/dermnet/train/Atopic Dermatitis Photos/05SexLinkedEchthyosis02232.jpg,아토피피부염,1,dermnet,train
/Users/kyoe/skin_ai/data/dermnet/train/Eczema Photos/eczema-histology-1.jpg,아토피피부염,1,dermnet,train
/Users/kyoe/skin_ai/data/dermnet/train/Acne and Rosacea Photos/07AcnePittedScars1.jpg,여드름,2,dermnet,train
/Users/kyoe/skin_ai/data/dermnet/train/Psoriasis pictures Lichen Planus and related diseases/pityriasis-rubra-pilaris-16.jpg,건선,0,dermnet,train
/Users/kyoe/skin_ai/data/dermnet/train/Atopic Dermatitis Photos/8IMG014.jpg,아토피피부염,1,dermnet,train
/Users/kyoe/skin_ai/data/dermnet/train/Eczema Photos/eczema-fingertips-6.jpg,아토피피부염,1,dermnet,train
/Users/kyoe/skin_ai/data/dermnet/train/Psoriasis pictures Lichen Planus and related diseases/Lichen-Planus-Oral-5.jpg,건선,0,dermnet,train
/Users/kyoe/skin_ai/data/dermnet/train/Acne and Rosacea Photos/acne-infantile-5.jpg,여드름,2,dermnet,train
/Users/kyoe/skin_ai/data/dermnet/train/Acne and Rosacea Photos/acne-cystic-151.jpg,여드름,2,dermnet,train
/Users/kyoe/skin_ai/data/dermnet/train/Atopic Dermatitis Photos/14IMG012.jpg,아토피피부염,1,dermnet,train
/Users/kyoe/skin_ai/data/dermnet/train/Acne and Rosacea Photos/acne-cystic-89.jpg,여드름,2,dermnet,train
/Users/kyoe/skin_ai/data/dermnet/train/Eczema Photos/lichen-simplex-chronicus-116.jpg,아토피피부염,1,dermnet,train
/Users/kyoe/skin_ai/data/dermnet/train/Acne and Rosacea Photos/rosacea-12.jpg,여드름,2,dermnet,train
/Users/kyoe/skin_ai/data/dermnet/train/Eczema Photos/keratolysis-exfoliativa-24.jpg,아토피피부염,1,dermnet,train
/Users/kyoe/skin_ai/data/dermnet/train/Psoriasis pictures Lichen Planus and related diseases/pityriasis-rosea-16.jpg,건선,0,dermnet,train
/Users/kyoe/skin_ai/data/dermnet/train/Eczema Photos/lichen-simplex-chronicus-155.jpg,아토피피부염,1,dermnet,train
/Users/kyoe/skin_ai/data/dermnet/train/Psoriasis pictures Lichen Planus and related diseases/Lichen-Planus-Oral-42.jpg,건선,0,dermnet,train
/Users/kyoe/skin_ai/data/dermnet/train/Psoriasis pictures Lichen Planus and related diseases/Psoriasis-Guttate-111.jpg,건선,0,dermnet,train
/Users/kyoe/skin_ai/data/dermnet/train/Psoriasis pictures Lichen Planus and related diseases/seborrheic-dermatitis-79.jpg,건선,0,dermnet,train
/Users/kyoe/skin_ai/data/dermnet/train/Eczema Photos/eczema-scrotum-1.jpg,아토피피부염,1,dermnet,train
/Users/kyoe/skin_ai/data/dermnet/train/Eczema Photos/eczema-leg-4.jpg,아토피피부염,1,dermnet,train
/Users/kyoe/skin_ai/data/dermnet/train/Psoriasis pictures Lichen Planus and related diseases/08SebDermFace.jpg,건선,0,dermnet,train
/Users/kyoe/skin_ai/data/dermnet/train/Acne and Rosacea Photos/rosacea-steroid-3.jpg,여드름,2,dermnet,train
/Users/kyoe/skin_ai/data/dermnet/train/Eczema Photos/neurotic-excoriations-6.jpg,아토피피부염,1,dermnet,train
/Users/kyoe/skin_ai/data/dermnet/train/Psoriasis pictures Lichen Planus and related diseases/Psoriasis-penis-22.jpg,건선,0,dermnet,train
/Users/kyoe/skin_ai/data/dermnet/train/Eczema Photos/eczema-nummular-12.jpg,아토피피부염,1,dermnet,train
/Users/kyoe/skin_ai/data/dermnet/train/Eczema Photos/neurotic-excoriations-58.jpg,아토피피부염,1,dermnet,train
/Users/kyoe/skin_ai/data/dermnet/train/Psoriasis pictures Lichen Planus and related diseases/lichen-planus-203.jpg,건선,0,dermnet,train
/Users/kyoe/skin_ai/data/dermnet/train/Acne and Rosacea Photos/acne-pustular-62.jpg,여드름,2,dermnet,train
/Users/kyoe/skin_ai/data/dermnet/train/Psoriasis pictures Lichen Planus and related diseases/Lichen-Nitidus-13.jpg,건선,0,dermnet,train
/Users/kyoe/skin_ai/data/dermnet/train/Psoriasis pictures Lichen Planus and related diseases/Psoriasis-Guttate-25.jpg,건선,0,dermnet,train
/Users/kyoe/skin_ai/data/dermnet/train/Acne and Rosacea Photos/perioral-dermatitis-51.jpg,여드름,2,dermnet,train
/Users/kyoe/skin_ai/data/dermnet/train/Eczema Photos/keratolysis-exfoliativa-12.jpg,아토피피부염,1,dermnet,train
/Users/kyoe/skin_ai/data/dermnet/train/Eczema Photos/Dyshidrosis-7.jpg,아토피피부염,1,dermnet,train
/Users/kyoe/skin_ai/data/dermnet/train/Psoriasis pictures Lichen Planus and related diseases/Lichen-Sclerosus-Skin-107.jpg,건선,0,dermnet,train
/Users/kyoe/skin_ai/data/dermnet/train/Psoriasis pictures Lichen Planus and related diseases/psoriasis-erythrodermic-25.jpg,건선,0,dermnet,train
/Users/kyoe/skin_ai/data/dermnet/train/Atopic Dermatitis Photos/05AtopicChild101104.jpg,아토피피부염,1,dermnet,train
/Users/kyoe/skin_ai/data/dermnet/train/Eczema Photos/eczema-fingertips-83.jpg,아토피피부염,1,dermnet,train
/Users/kyoe/skin_ai/data/dermnet/train/Psoriasis pictures Lichen Planus and related diseases/Psoriasis-treatment-8.jpg,건선,0,dermnet,train
/Users/kyoe/skin_ai/data/dermnet/train/Psoriasis pictures Lichen Planus and related diseases/Lichen-Sclerosus-Skin-132.jpg,건선,0,dermnet,train
/Users/kyoe/skin_ai/data/dermnet/train/Eczema Photos/eczema-hand-19.jpg,아토피피부염,1,dermnet,train
/Users/kyoe/skin_ai/data/dermnet/train/Psoriasis pictures Lichen Planus and related diseases/08PsoriasisOnycholysis1.jpg,건선,0,dermnet,train
/Users/kyoe/skin_ai/data/dermnet/train/Psoriasis pictures Lichen Planus and related diseases/psoriasis-scalp-106.jpg,건선,0,dermnet,train
/Users/kyoe/skin_ai/data/dermnet/train/Eczema Photos/eczema-areola-10.jpg,아토피피부염,1,dermnet,train
/Users/kyoe/skin_ai/data/dermnet/train/Psoriasis pictures Lichen Planus and related diseases/Psoriasis-HIV-6.jpg,건선,0,dermnet,train
/Users/kyoe/skin_ai/data/dermnet/train/Acne and Rosacea Photos/rosacea-nose-65.jpg,여드름,2,dermnet,train
/Users/kyoe/skin_ai/data/dermnet/train/Acne and Rosacea Photos/acne-cystic-149.jpg,여드름,2,dermnet,train
/Users/kyoe/skin_ai/data/dermnet/train/Psoriasis pictures Lichen Planus and related diseases/Psoriasis-Chronic-Plaque-91.jpg,건선,0,dermnet,train
/Users/kyoe/skin_ai/data/dermnet/train/Acne and Rosacea Photos/hyperhidrosis-5.jpg,여드름,2,dermnet,train
/Users/kyoe/skin_ai/data/dermnet/train/Atopic Dermatitis Photos/IchthosisIMG015-GP3.jpg,아토피피부염,1,dermnet,train
/Users/kyoe/skin_ai/data/dermnet/train/Eczema Photos/neurotic-excoriations-46.jpg,아토피피부염,1,dermnet,train
/Users/kyoe/skin_ai/data/dermnet/train/Psoriasis pictures Lichen Planus and related diseases/Lichen-Planus-Oral-44.jpg,건선,0,dermnet,train
/Users/kyoe/skin_ai/data/dermnet/train/Acne and Rosacea Photos/hidradenitis-suppurativa-53.jpg,여드름,2,dermnet,train
/Users/kyoe/skin_ai/data/dermnet/train/Acne and Rosacea Photos/rosacea-24.jpg,여드름,2,dermnet,train
/Users/kyoe/skin_ai/data/dermnet/train/Psoriasis pictures Lichen Planus and related diseases/Psoriasis-Chronic-Plaque-180.jpg,건선,0,dermnet,train
/Users/kyoe/skin_ai/data/dermnet/train/Psoriasis pictures Lichen Planus and related diseases/Psoriasis-nails-16.jpg,건선,0,dermnet,train
/Users/kyoe/skin_ai/data/dermnet/train/Psoriasis pictures Lichen Planus and related diseases/Lichen-Sclerosus-Skin-85.jpg,건선,0,dermnet,train
/Users/kyoe/skin_ai/data/dermnet/train/Psoriasis pictures Lichen Planus and related diseases/psoriasis-scalp-19.jpg,건선,0,dermnet,train
/Users/kyoe/skin_ai/data/dermnet/train/Acne and Rosacea Photos/acne-cystic-103.jpg,여드름,2,dermnet,train
/Users/kyoe/skin_ai/data/dermnet/train/Psoriasis pictures Lichen Planus and related diseases/Psoriasis-Histology-5.jpg,건선,0,dermnet,train
/Users/kyoe/skin_ai/data/dermnet/train/Eczema Photos/prurigo-nodularis-29.jpg,아토피피부염,1,dermnet,train
/Users/kyoe/skin_ai/data/dermnet/train/Acne and Rosacea Photos/acne-open-comedo-68.jpg,여드름,2,dermnet,train
/Users/kyoe/skin_ai/data/dermnet/train/Eczema Photos/eczema-face-1.jpg,아토피피부염,1,dermnet,train
/Users/kyoe/skin_ai/data/dermnet/train/Psoriasis pictures Lichen Planus and related diseases/Psoriasis-Chronic-Plaque-196.jpg,건선,0,dermnet,train
/Users/kyoe/skin_ai/data/dermnet/train/Acne and Rosacea Photos/perioral-dermatitis-4.jpg,여드름,2,dermnet,train
/Users/kyoe/skin_ai/data/dermnet/train/Psoriasis pictures Lichen Planus and related diseases/psoriasis-palms-soles-108.jpg,건선,0,dermnet,train
/Users/kyoe/skin_ai/data/dermnet/train/Eczema Photos/eczema-hand-126.jpg,아토피피부염,1,dermnet,train
/Users/kyoe/skin_ai/data/dermnet/train/Eczema Photos/eczema-subacute-36.jpg,아토피피부염,1,dermnet,train
/Users/kyoe/skin_ai/data/dermnet/train/Psoriasis pictures Lichen Planus and related diseases/psoriasis-pustular-generalized-30.jpg,건선,0,dermnet,train
/Users/kyoe/skin_ai/data/dermnet/train/Eczema Photos/prurigo-nodularis-46.jpg,아토피피부염,1,dermnet,train
/Users/kyoe/skin_ai/data/dermnet/train/Eczema Photos/eczema-chronic-28.jpg,아토피피부염,1,dermnet,train
/Users/kyoe/skin_ai/data/dermnet/train/Psoriasis pictures Lichen Planus and related diseases/lichen-planus-167.jpg,건선,0,dermnet,train
/Users/kyoe/skin_ai/data/dermnet/train/Eczema Photos/eczema-foot-19.jpg,아토피피부염,1,dermnet,train
/Users/kyoe/skin_ai/data/dermnet/train/Psoriasis pictures Lichen Planus and related diseases/seborrheic-dermatitis-141.jpg,건선,0,dermnet,train
/Users/kyoe/skin_ai/data/dermnet/train/Eczema Photos/eczema-asteatotic-19.jpg,아토피피부염,1,dermnet,train
/Users/kyoe/skin_ai/data/dermnet/train/Eczema Photos/eczema-nummular-131.jpg,아토피피부염,1,dermnet,train
/Users/kyoe/skin_ai/data/dermnet/train/Acne and Rosacea Photos/rosacea-20.jpg,여드름,2,dermnet,train
/Users/kyoe/skin_ai/data/dermnet/train/Acne and Rosacea Photos/acne-cystic-96.jpg,여드름,2,dermnet,train
/Users/kyoe/skin_ai/data/dermnet/train/Eczema Photos/eczema-nummular-95.jpg,아토피피부염,1,dermnet,train
/Users/kyoe/skin_ai/data/dermnet/train/Atopic Dermatitis Photos/9IMG006.jpg,아토피피부염,1,dermnet,train
/Users/kyoe/skin_ai/data/dermnet/train/Psoriasis pictures Lichen Planus and related diseases/psoriasis-scalp-62.jpg,건선,0,dermnet,train
/Users/kyoe/skin_ai/data/dermnet/train/Eczema Photos/factitial-dermatitis-4.jpg,아토피피부염,1,dermnet,train
/Users/kyoe/skin_ai/data/dermnet/train/Acne and Rosacea Photos/acne-cystic-4.jpg,여드름,2,dermnet,train
/Users/kyoe/skin_ai/data/dermnet/train/Eczema Photos/factitial-dermatitis-1.jpg,아토피피부염,1,dermnet,train
/Users/kyoe/skin_ai/data/dermnet/train/Atopic Dermatitis Photos/05HyperlinearCreases.jpg,아토피피부염,1,dermnet,train
/Users/kyoe/skin_ai/data/dermnet/train/Eczema Photos/neurotic-excoriations-5.jpg,아토피피부염,1,dermnet,train
/Users/kyoe/skin_ai/data/dermnet/train/Psoriasis pictures Lichen Planus and related diseases/pityriasis-rosea-188.jpg,건선,0,dermnet,train
/Users/kyoe/skin_ai/data/dermnet/train/Psoriasis pictures Lichen Planus and related diseases/Psoriasis-Guttate-34.jpg,건선,0,dermnet,train
/Users/kyoe/skin_ai/data/dermnet/train/Atopic Dermatitis Photos/05keratosisPilaris08300430000.jpg,아토피피부염,1,dermnet,train
/Users/kyoe/skin_ai/data/dermnet/train/Psoriasis pictures Lichen Planus and related diseases/Psoriasis-Guttate-43.jpg,건선,0,dermnet,train
/Users/kyoe/skin_ai/data/dermnet/train/Eczema Photos/eczema-foot-40.jpg,아토피피부염,1,dermnet,train
/Users/kyoe/skin_ai/data/dermnet/train/Psoriasis pictures Lichen Planus and related diseases/Psoriasis-inversus-2.jpg,건선,0,dermnet,train
/Users/kyoe/skin_ai/data/dermnet/train/Eczema Photos/stasis-dermatitis-176.jpg,아토피피부염,1,dermnet,train
/Users/kyoe/skin_ai/data/dermnet/train/Psoriasis pictures Lichen Planus and related diseases/lichen-planus-198.jpg,건선,0,dermnet,train
/Users/kyoe/skin_ai/data/dermnet/train/Eczema Photos/eczema-leg-11.jpg,아토피피부염,1,dermnet,train
/Users/kyoe/skin_ai/data/dermnet/train/Eczema Photos/eczema-foot-83.jpg,아토피피부염,1,dermnet,train
/Users/kyoe/skin_ai/data/dermnet/train/Acne and Rosacea Photos/rosacea-14.jpg,여드름,2,dermnet,train
/Users/kyoe/skin_ai/data/dermnet/train/Psoriasis pictures Lichen Planus and related diseases/Psoriasis-Guttate-95.jpg,건선,0,dermnet,train
/Users/kyoe/skin_ai/data/dermnet/train/Psoriasis pictures Lichen Planus and related diseases/Psoriasis-Chronic-Plaque-153.jpg,건선,0,dermnet,train
/Users/kyoe/skin_ai/data/dermnet/train/Acne and Rosacea Photos/acne-excoriated-14.jpg,여드름,2,dermnet,train
/Users/kyoe/skin_ai/data/dermnet/train/Eczema Photos/eczema-scrotum-3.jpg,아토피피부염,1,dermnet,train
/Users/kyoe/skin_ai/data/dermnet/train/Eczema Photos/lichen-simplex-chronicus-162.jpg,아토피피부염,1,dermnet,train
/Users/kyoe/skin_ai/data/dermnet/train/Atopic Dermatitis Photos/05atopicInfection67-GP3.jpg,아토피피부염,1,dermnet,train
/Users/kyoe/skin_ai/data/dermnet/train/Psoriasis pictures Lichen Planus and related diseases/seborrheic-dermatitis-81.jpg,건선,0,dermnet,train
/Users/kyoe/skin_ai/data/dermnet/train/Atopic Dermatitis Photos/05AtopicFeet.jpg,아토피피부염,1,dermnet,train
/Users/kyoe/skin_ai/data/dermnet/train/Acne and Rosacea Photos/acne-cystic-141.jpg,여드름,2,dermnet,train
/Users/kyoe/skin_ai/data/dermnet/train/Psoriasis pictures Lichen Planus and related diseases/Psoriasis-Histology-23.jpg,건선,0,dermnet,train
/Users/kyoe/skin_ai/data/dermnet/train/Psoriasis pictures Lichen Planus and related diseases/Psoriasis-Chronic-Plaque-178.jpg,건선,0,dermnet,train
/Users/kyoe/skin_ai/data/dermnet/train/Eczema Photos/03DermatitisLids.jpg,아토피피부염,1,dermnet,train
/Users/kyoe/skin_ai/data/dermnet/train/Acne and Rosacea Photos/acne-open-comedo-28.jpg,여드름,2,dermnet,train
/Users/kyoe/skin_ai/data/dermnet/train/Psoriasis pictures Lichen Planus and related diseases/Psoriasis-Histology-25.jpg,건선,0,dermnet,train
/Users/kyoe/skin_ai/data/dermnet/train/Acne and Rosacea Photos/rosacea-steroid-8.jpg,여드름,2,dermnet,train
/Users/kyoe/skin_ai/data/dermnet/train/Psoriasis pictures Lichen Planus and related diseases/Lichen-Sclerosus-Skin-87.jpg,건선,0,dermnet,train
/Users/kyoe/skin_ai/data/dermnet/train/Atopic Dermatitis Photos/5T-0006.jpg,아토피피부염,1,dermnet,train
/Users/kyoe/skin_ai/data/dermnet/train/Atopic Dermatitis Photos/05SexLinkIchthy.jpg,아토피피부염,1,dermnet,train
/Users/kyoe/skin_ai/data/dermnet/train/Atopic Dermatitis Photos/05Atopic2.jpg,아토피피부염,1,dermnet,train
/Users/kyoe/skin_ai/data/dermnet/train/Acne and Rosacea Photos/ComedonesEars-1.jpg,여드름,2,dermnet,train
/Users/kyoe/skin_ai/data/dermnet/train/Psoriasis pictures Lichen Planus and related diseases/Psoriasis-nails-11.jpg,건선,0,dermnet,train
/Users/kyoe/skin_ai/data/dermnet/train/Psoriasis pictures Lichen Planus and related diseases/psoriasis-palms-soles-130.jpg,건선,0,dermnet,train
/Users/kyoe/skin_ai/data/dermnet/train/Acne and Rosacea Photos/rosacea-46.jpg,여드름,2,dermnet,train
/Users/kyoe/skin_ai/data/dermnet/train/Psoriasis pictures Lichen Planus and related diseases/Psoriasis-Hand-2.jpg,건선,0,dermnet,train
/Users/kyoe/skin_ai/data/dermnet/train/Psoriasis pictures Lichen Planus and related diseases/psoriasis-palms-soles-181.jpg,건선,0,dermnet,train
/Users/kyoe/skin_ai/data/dermnet/train/Acne and Rosacea Photos/rosacea-nose-34.jpg,여드름,2,dermnet,train
/Users/kyoe/skin_ai/data/dermnet/train/Eczema Photos/eczema-hand-148.jpg,아토피피부염,1,dermnet,train
/Users/kyoe/skin_ai/data/dermnet/train/Acne and Rosacea Photos/acne-pustular-61.jpg,여드름,2,dermnet,train
/Users/kyoe/skin_ai/data/dermnet/train/Psoriasis pictures Lichen Planus and related diseases/Psoriasis-Histology-18.jpg,건선,0,dermnet,train
/Users/kyoe/skin_ai/data/dermnet/train/Atopic Dermatitis Photos/05atopic011005154.jpg,아토피피부염,1,dermnet,train
/Users/kyoe/skin_ai/data/dermnet/train/Eczema Photos/eczema-hand-171.jpg,아토피피부염,1,dermnet,train
/Users/kyoe/skin_ai/data/dermnet/train/Psoriasis pictures Lichen Planus and related diseases/Psoriasis-penis-27.jpg,건선,0,dermnet,train
/Users/kyoe/skin_ai/data/dermnet/train/Psoriasis pictures Lichen Planus and related diseases/Psoriasis-Guttate-78.jpg,건선,0,dermnet,train
/Users/kyoe/skin_ai/data/dermnet/train/Atopic Dermatitis Photos/05icthyosis0124051.jpg,아토피피부염,1,dermnet,train
/Users/kyoe/skin_ai/data/dermnet/train/Atopic Dermatitis Photos/05Atopic0504058.jpg,아토피피부염,1,dermnet,train
/Users/kyoe/skin_ai/data/dermnet/train/Psoriasis pictures Lichen Planus and related diseases/seborrheic-dermatitis-123.jpg,건선,0,dermnet,train
/Users/kyoe/skin_ai/data/dermnet/train/Psoriasis pictures Lichen Planus and related diseases/Lichen-Planus-Oral-37.jpg,건선,0,dermnet,train
/Users/kyoe/skin_ai/data/dermnet/train/Eczema Photos/pompholyx-13.jpg,아토피피부염,1,dermnet,train
/Users/kyoe/skin_ai/data/dermnet/train/Psoriasis pictures Lichen Planus and related diseases/Psoriasis-Hand-18.jpg,건선,0,dermnet,train
/Users/kyoe/skin_ai/data/dermnet/train/Acne and Rosacea Photos/milia-17.jpg,여드름,2,dermnet,train
/Users/kyoe/skin_ai/data/dermnet/train/Psoriasis pictures Lichen Planus and related diseases/Psoriasis-infant-1.jpg,건선,0,dermnet,train
/Users/kyoe/skin_ai/data/dermnet/train/Psoriasis pictures Lichen Planus and related diseases/Lichen-Planus-Palm-Soles-8.jpg,건선,0,dermnet,train
/Users/kyoe/skin_ai/data/dermnet/train/Acne and Rosacea Photos/perioral-dermatitis-110.jpg,여드름,2,dermnet,train
/Users/kyoe/skin_ai/data/dermnet/train/Atopic Dermatitis Photos/26-0004.jpg,아토피피부염,1,dermnet,train
/Users/kyoe/skin_ai/data/dermnet/train/Psoriasis pictures Lichen Planus and related diseases/Psoriasis-Chronic-Plaque-126.jpg,건선,0,dermnet,train
/Users/kyoe/skin_ai/data/dermnet/train/Atopic Dermatitis Photos/6IMG009.jpg,아토피피부염,1,dermnet,train
/Users/kyoe/skin_ai/data/dermnet/train/Psoriasis pictures Lichen Planus and related diseases/Lichen-Nitidus-11.jpg,건선,0,dermnet,train
/Users/kyoe/skin_ai/data/dermnet/train/Eczema Photos/eczema-subacute-71.jpg,아토피피부염,1,dermnet,train
/Users/kyoe/skin_ai/data/dermnet/train/Atopic Dermatitis Photos/9IMG011.jpg,아토피피부염,1,dermnet,train
/Users/kyoe/skin_ai/data/dermnet/train/Psoriasis pictures Lichen Planus and related diseases/pityriasis-rosea-80.jpg,건선,0,dermnet,train
/Users/kyoe/skin_ai/data/dermnet/train/Psoriasis pictures Lichen Planus and related diseases/Pityriasis-Lichenoides-1.jpg,건선,0,dermnet,train
/Users/kyoe/skin_ai/data/dermnet/train/Acne and Rosacea Photos/perioral-dermatitis-29.jpg,여드름,2,dermnet,train
/Users/kyoe/skin_ai/data/dermnet/train/Eczema Photos/eczema-subacute-45.jpg,아토피피부염,1,dermnet,train
/Users/kyoe/skin_ai/data/dermnet/train/Eczema Photos/eczema-areola-14.jpg,아토피피부염,1,dermnet,train
/Users/kyoe/skin_ai/data/dermnet/train/Eczema Photos/eczema-trunk-generalized-2.jpg,아토피피부염,1,dermnet,train
/Users/kyoe/skin_ai/data/dermnet/train/Eczema Photos/eczema-chronic-14.jpg,아토피피부염,1,dermnet,train
/Users/kyoe/skin_ai/data/dermnet/train/Atopic Dermatitis Photos/05AtopicFace0105043ok.jpg,아토피피부염,1,dermnet,train
/Users/kyoe/skin_ai/data/dermnet/train/Psoriasis pictures Lichen Planus and related diseases/pityriasis-rosea-158.jpg,건선,0,dermnet,train
/Users/kyoe/skin_ai/data/dermnet/train/Eczema Photos/eczema-fingertips-15.jpg,아토피피부염,1,dermnet,train
/Users/kyoe/skin_ai/data/dermnet/train/Eczema Photos/eczema-fingertips-119.jpg,아토피피부염,1,dermnet,train
/Users/kyoe/skin_ai/data/dermnet/train/Acne and Rosacea Photos/perioral-dermatitis-117.jpg,여드름,2,dermnet,train
/Users/kyoe/skin_ai/data/dermnet/train/Psoriasis pictures Lichen Planus and related diseases/Lichen-Sclerosus-Skin-121.jpg,건선,0,dermnet,train
/Users/kyoe/skin_ai/data/dermnet/train/Eczema Photos/eczema-subacute-17.jpg,아토피피부염,1,dermnet,train
/Users/kyoe/skin_ai/data/dermnet/train/Eczema Photos/eczema-subacute-80.jpg,아토피피부염,1,dermnet,train
/Users/kyoe/skin_ai/data/dermnet/train/Eczema Photos/eczema-subacute-51.jpg,아토피피부염,1,dermnet,train
/Users/kyoe/skin_ai/data/dermnet/train/Acne and Rosacea Photos/acne-closed-comedo-8.jpg,여드름,2,dermnet,train
/Users/kyoe/skin_ai/data/dermnet/train/Psoriasis pictures Lichen Planus and related diseases/lichen-planus-95.jpg,건선,0,dermnet,train
/Users/kyoe/skin_ai/data/dermnet/train/Eczema Photos/stasis-dermatitis-124.jpg,아토피피부염,1,dermnet,train
/Users/kyoe/skin_ai/data/dermnet/train/Atopic Dermatitis Photos/3Eczema2-139.jpg,아토피피부염,1,dermnet,train
/Users/kyoe/skin_ai/data/dermnet/train/Acne and Rosacea Photos/acne-pustular-13.jpg,여드름,2,dermnet,train
/Users/kyoe/skin_ai/data/dermnet/train/Eczema Photos/eczema-asteatotic-14.jpg,아토피피부염,1,dermnet,train
/Users/kyoe/skin_ai/data/dermnet/train/Eczema Photos/eczema-trunk-generalized-12.jpg,아토피피부염,1,dermnet,train
/Users/kyoe/skin_ai/data/dermnet/train/Atopic Dermatitis Photos/9IMG015.jpg,아토피피부염,1,dermnet,train
/Users/kyoe/skin_ai/data/dermnet/train/Acne and Rosacea Photos/acne-cystic-49.jpg,여드름,2,dermnet,train
/Users/kyoe/skin_ai/data/dermnet/train/Acne and Rosacea Photos/acne-cystic-116.jpg,여드름,2,dermnet,train
/Users/kyoe/skin_ai/data/dermnet/train/Psoriasis pictures Lichen Planus and related diseases/lichen-planus-15.jpg,건선,0,dermnet,train
/Users/kyoe/skin_ai/data/dermnet/train/Acne and Rosacea Photos/acne-pustular-29.jpg,여드름,2,dermnet,train
/Users/kyoe/skin_ai/data/dermnet/train/Psoriasis pictures Lichen Planus and related diseases/Pityriasis-Lichenoides-40.jpg,건선,0,dermnet,train
/Users/kyoe/skin_ai/data/dermnet/train/Acne and Rosacea Photos/acne-cystic-140.jpg,여드름,2,dermnet,train
/Users/kyoe/skin_ai/data/dermnet/train/Acne and Rosacea Photos/acne-open-comedo-65.jpg,여드름,2,dermnet,train
/Users/kyoe/skin_ai/data/dermnet/train/Psoriasis pictures Lichen Planus and related diseases/psoriasis-scalp-30.jpg,건선,0,dermnet,train
/Users/kyoe/skin_ai/data/dermnet/train/Psoriasis pictures Lichen Planus and related diseases/Pityriasis-Lichenoides-22.jpg,건선,0,dermnet,train
/Users/kyoe/skin_ai/data/dermnet/train/Psoriasis pictures Lichen Planus and related diseases/pityriasis-rubra-pilaris-28.jpg,건선,0,dermnet,train
/Users/kyoe/skin_ai/data/dermnet/train/Atopic Dermatitis Photos/05atopicInfection672-GP3.jpg,아토피피부염,1,dermnet,train
/Users/kyoe/skin_ai/data/dermnet/train/Acne and Rosacea Photos/acne-histology-4.jpg,여드름,2,dermnet,train
/Users/kyoe/skin_ai/data/dermnet/train/Atopic Dermatitis Photos/1IMG012.jpg,아토피피부염,1,dermnet,train
/Users/kyoe/skin_ai/data/dermnet/train/Acne and Rosacea Photos/acne-excoriated-15.jpg,여드름,2,dermnet,train
/Users/kyoe/skin_ai/data/dermnet/train/Psoriasis pictures Lichen Planus and related diseases/psoriasis-scalp-24.jpg,건선,0,dermnet,train
/Users/kyoe/skin_ai/data/dermnet/train/Eczema Photos/eczema-nummular-10.jpg,아토피피부염,1,dermnet,train
/Users/kyoe/skin_ai/data/dermnet/train/Psoriasis pictures Lichen Planus and related diseases/Lichen-Sclerosis-Vulva-27.jpg,건선,0,dermnet,train
/Users/kyoe/skin_ai/data/dermnet/train/Psoriasis pictures Lichen Planus and related diseases/Psoriasis-Guttate-63.jpg,건선,0,dermnet,train
/Users/kyoe/skin_ai/data/dermnet/train/Psoriasis pictures Lichen Planus and related diseases/Lichen-Sclerosus-Skin-36.jpg,건선,0,dermnet,train
/Users/kyoe/skin_ai/data/dermnet/train/Acne and Rosacea Photos/acne-open-comedo-64.jpg,여드름,2,dermnet,train
/Users/kyoe/skin_ai/data/dermnet/train/Psoriasis pictures Lichen Planus and related diseases/Psoriasis-Guttate-114.jpg,건선,0,dermnet,train
/Users/kyoe/skin_ai/data/dermnet/train/Acne and Rosacea Photos/acne-cystic-47.jpg,여드름,2,dermnet,train
/Users/kyoe/skin_ai/data/dermnet/train/Acne and Rosacea Photos/acne-Closed-Comedo.jpg,여드름,2,dermnet,train
/Users/kyoe/skin_ai/data/dermnet/train/Acne and Rosacea Photos/rosacea-nose-16.jpg,여드름,2,dermnet,train
/Users/kyoe/skin_ai/data/dermnet/train/Eczema Photos/keratolysis-exfoliativa-38.jpg,아토피피부염,1,dermnet,train
/Users/kyoe/skin_ai/data/dermnet/train/Psoriasis pictures Lichen Planus and related diseases/pityriasis-rosea-166.jpg,건선,0,dermnet,train
/Users/kyoe/skin_ai/data/dermnet/train/Acne and Rosacea Photos/acne-cystic-143.jpg,여드름,2,dermnet,train
/Users/kyoe/skin_ai/data/dermnet/train/Psoriasis pictures Lichen Planus and related diseases/Lichen-Planus-Drug-6.jpg,건선,0,dermnet,train
/Users/kyoe/skin_ai/data/dermnet/train/Psoriasis pictures Lichen Planus and related diseases/Lichen-Sclerosus-Skin-106.jpg,건선,0,dermnet,train
/Users/kyoe/skin_ai/data/dermnet/train/Atopic Dermatitis Photos/1IMG004.jpg,아토피피부염,1,dermnet,train
/Users/kyoe/skin_ai/data/dermnet/train/Eczema Photos/Dyshidrosis-32.jpg,아토피피부염,1,dermnet,train
/Users/kyoe/skin_ai/data/dermnet/train/Acne and Rosacea Photos/acne-pustular-54.jpg,여드름,2,dermnet,train
/Users/kyoe/skin_ai/data/dermnet/train/Eczema Photos/eczema-foot-12.jpg,아토피피부염,1,dermnet,train
/Users/kyoe/skin_ai/data/dermnet/train/Eczema Photos/prurigo-nodularis-27.jpg,아토피피부염,1,dermnet,train
/Users/kyoe/skin_ai/data/dermnet/train/Psoriasis pictures Lichen Planus and related diseases/Psoriasis-Guttate-70.jpg,건선,0,dermnet,train
/Users/kyoe/skin_ai/data/dermnet/train/Psoriasis pictures Lichen Planus and related diseases/Lichen-Sclerosus-Penis-3.jpg,건선,0,dermnet,train
/Users/kyoe/skin_ai/data/dermnet/train/Acne and Rosacea Photos/hidradenitis-suppurativa-71.jpg,여드름,2,dermnet,train
/Users/kyoe/skin_ai/data/dermnet/train/Acne and Rosacea Photos/perioral-dermatitis-26.jpg,여드름,2,dermnet,train
/Users/kyoe/skin_ai/data/dermnet/train/Psoriasis pictures Lichen Planus and related diseases/Psoriasis-nails-4.jpg,건선,0,dermnet,train
/Users/kyoe/skin_ai/data/dermnet/train/Atopic Dermatitis Photos/05AtopicDerm1103.jpg,아토피피부염,1,dermnet,train
/Users/kyoe/skin_ai/data/dermnet/train/Eczema Photos/stasis-dermatitis-17.jpg,아토피피부염,1,dermnet,train
/Users/kyoe/skin_ai/data/dermnet/train/Eczema Photos/fiberglass-dermatitis-3.jpg,아토피피부염,1,dermnet,train
/Users/kyoe/skin_ai/data/dermnet/train/Atopic Dermatitis Photos/05Atopic12012.jpg,아토피피부염,1,dermnet,train
/Users/kyoe/skin_ai/data/dermnet/train/Psoriasis pictures Lichen Planus and related diseases/lichen-planus-vaginal-5.jpg,건선,0,dermnet,train
/Users/kyoe/skin_ai/data/dermnet/train/Eczema Photos/stasis-dermatitis-24.jpg,아토피피부염,1,dermnet,train
/Users/kyoe/skin_ai/data/dermnet/train/Acne and Rosacea Photos/rosacea-6.jpg,여드름,2,dermnet,train
/Users/kyoe/skin_ai/data/dermnet/train/Psoriasis pictures Lichen Planus and related diseases/Lichen-Planus-Oral-10.jpg,건선,0,dermnet,train
/Users/kyoe/skin_ai/data/dermnet/train/Acne and Rosacea Photos/acne-closed-comedo-13.jpg,여드름,2,dermnet,train
/Users/kyoe/skin_ai/data/dermnet/train/Eczema Photos/neurotic-excoriations-21.jpg,아토피피부염,1,dermnet,train
/Users/kyoe/skin_ai/data/dermnet/train/Psoriasis pictures Lichen Planus and related diseases/lichen-planus-174.jpg,건선,0,dermnet,train
/Users/kyoe/skin_ai/data/dermnet/train/Acne and Rosacea Photos/acne-closed-comedo-11.jpg,여드름,2,dermnet,train
/Users/kyoe/skin_ai/data/dermnet/train/Eczema Photos/keratolysis-exfoliativa-33.jpg,아토피피부염,1,dermnet,train
/Users/kyoe/skin_ai/data/dermnet/train/Psoriasis pictures Lichen Planus and related diseases/Psoriasis-penis-19.jpg,건선,0,dermnet,train
/Users/kyoe/skin_ai/data/dermnet/train/Eczema Photos/lichen-simplex-chronicus-139.jpg,아토피피부염,1,dermnet,train
/Users/kyoe/skin_ai/data/dermnet/train/Acne and Rosacea Photos/rosacea-53.jpg,여드름,2,dermnet,train
/Users/kyoe/skin_ai/data/dermnet/train/Psoriasis pictures Lichen Planus and related diseases/Psoriasis-Chronic-Plaque-15.jpg,건선,0,dermnet,train
/Users/kyoe/skin_ai/data/dermnet/train/Psoriasis pictures Lichen Planus and related diseases/Psoriasis-Chronic-Plaque-198.jpg,건선,0,dermnet,train
/Users/kyoe/skin_ai/data/dermnet/train/Eczema Photos/prurigo-nodularis-42.jpg,아토피피부염,1,dermnet,train
/Users/kyoe/skin_ai/data/dermnet/train/Atopic Dermatitis Photos/IchthosisIMG025-GP3.jpg,아토피피부염,1,dermnet,train
/Users/kyoe/skin_ai/data/dermnet/train/Atopic Dermatitis Photos/05HyperlinearCreases0126.jpg,아토피피부염,1,dermnet,train
/Users/kyoe/skin_ai/data/dermnet/train/Atopic Dermatitis Photos/IchthosisIMG009-GP3.jpg,아토피피부염,1,dermnet,train
/Users/kyoe/skin_ai/data/dermnet/train/Eczema Photos/maceration-4.jpg,아토피피부염,1,dermnet,train
/Users/kyoe/skin_ai/data/dermnet/train/Psoriasis pictures Lichen Planus and related diseases/pityriasis-rosea-150.jpg,건선,0,dermnet,train
/Users/kyoe/skin_ai/data/dermnet/train/Acne and Rosacea Photos/acne-open-comedo-25.jpg,여드름,2,dermnet,train
/Users/kyoe/skin_ai/data/dermnet/train/Acne and Rosacea Photos/07rosacea010206OK.jpg,여드름,2,dermnet,train
/Users/kyoe/skin_ai/data/dermnet/train/Eczema Photos/eczema-subacute-91.jpg,아토피피부염,1,dermnet,train
/Users/kyoe/skin_ai/data/dermnet/train/Eczema Photos/stasis-dermatitis-152.jpg,아토피피부염,1,dermnet,train
/Users/kyoe/skin_ai/data/dermnet/train/Acne and Rosacea Photos/acne-open-comedo-42.jpg,여드름,2,dermnet,train
/Users/kyoe/skin_ai/data/dermnet/train/Eczema Photos/03AnalExcoriation051204.jpg,아토피피부염,1,dermnet,train
/Users/kyoe/skin_ai/data/dermnet/train/Eczema Photos/eczema-hand-172.jpg,아토피피부염,1,dermnet,train
/Users/kyoe/skin_ai/data/dermnet/train/Eczema Photos/eczema-areola-6.jpg,아토피피부염,1,dermnet,train
/Users/kyoe/skin_ai/data/dermnet/train/Psoriasis pictures Lichen Planus and related diseases/pityriasis-rubra-pilaris-46.jpg,건선,0,dermnet,train
/Users/kyoe/skin_ai/data/dermnet/train/Eczema Photos/pompholyx-38.jpg,아토피피부염,1,dermnet,train
/Users/kyoe/skin_ai/data/dermnet/train/Psoriasis pictures Lichen Planus and related diseases/lichen-planus-120.jpg,건선,0,dermnet,train
/Users/kyoe/skin_ai/data/dermnet/train/Atopic Dermatitis Photos/03ichthyosis030127.jpg,아토피피부염,1,dermnet,train
/Users/kyoe/skin_ai/data/dermnet/train/Acne and Rosacea Photos/acne-scar-3.jpg,여드름,2,dermnet,train
/Users/kyoe/skin_ai/data/dermnet/train/Acne and Rosacea Photos/acne-cystic-3.jpg,여드름,2,dermnet,train
/Users/kyoe/skin_ai/data/dermnet/train/Psoriasis pictures Lichen Planus and related diseases/seborrheic-dermatitis-149.jpg,건선,0,dermnet,train
/Users/kyoe/skin_ai/data/dermnet/train/Acne and Rosacea Photos/acne-cystic-26.jpg,여드름,2,dermnet,train
/Users/kyoe/skin_ai/data/dermnet/train/Psoriasis pictures Lichen Planus and related diseases/lichen-planus-195.jpg,건선,0,dermnet,train
/Users/kyoe/skin_ai/data/dermnet/train/Psoriasis pictures Lichen Planus and related diseases/seborrheic-dermatitis-115.jpg,건선,0,dermnet,train
/Users/kyoe/skin_ai/data/dermnet/train/Acne and Rosacea Photos/acne-cystic-38.jpg,여드름,2,dermnet,train
/Users/kyoe/skin_ai/data/dermnet/train/Atopic Dermatitis Photos/05ichthosis0207051.jpg,아토피피부염,1,dermnet,train
/Users/kyoe/skin_ai/data/dermnet/train/Psoriasis pictures Lichen Planus and related diseases/Psoriasis-Guttate-4.jpg,건선,0,dermnet,train
/Users/kyoe/skin_ai/data/dermnet/train/Psoriasis pictures Lichen Planus and related diseases/Psoriasis-Chronic-Plaque-100.jpg,건선,0,dermnet,train
/Users/kyoe/skin_ai/data/dermnet/train/Psoriasis pictures Lichen Planus and related diseases/Psoriasis-penis-24.jpg,건선,0,dermnet,train
/Users/kyoe/skin_ai/data/dermnet/train/Acne and Rosacea Photos/acne-open-comedo-54.jpg,여드름,2,dermnet,train
/Users/kyoe/skin_ai/data/dermnet/train/Psoriasis pictures Lichen Planus and related diseases/lichen-planus-vaginal-6.jpg,건선,0,dermnet,train
/Users/kyoe/skin_ai/data/dermnet/train/Atopic Dermatitis Photos/2IMG008.jpg,아토피피부염,1,dermnet,train
/Users/kyoe/skin_ai/data/dermnet/train/Atopic Dermatitis Photos/05Atopic032204.jpg,아토피피부염,1,dermnet,train
/Users/kyoe/skin_ai/data/dermnet/train/Eczema Photos/eczema-fingertips-90.jpg,아토피피부염,1,dermnet,train
/Users/kyoe/skin_ai/data/dermnet/train/Eczema Photos/eczema-areola-4.jpg,아토피피부염,1,dermnet,train
/Users/kyoe/skin_ai/data/dermnet/train/Eczema Photos/03Desquamation12341.jpg,아토피피부염,1,dermnet,train
/Users/kyoe/skin_ai/data/dermnet/train/Eczema Photos/eczema-fingertips-108.jpg,아토피피부염,1,dermnet,train
/Users/kyoe/skin_ai/data/dermnet/train/Eczema Photos/lichen-simplex-chronicus-115.jpg,아토피피부염,1,dermnet,train
/Users/kyoe/skin_ai/data/dermnet/train/Eczema Photos/eczema-fingertips-51.jpg,아토피피부염,1,dermnet,train
/Users/kyoe/skin_ai/data/dermnet/train/Eczema Photos/lichen-simplex-chronicus-161.jpg,아토피피부염,1,dermnet,train
/Users/kyoe/skin_ai/data/dermnet/train/Eczema Photos/neurotic-excoriations-67.jpg,아토피피부염,1,dermnet,train
/Users/kyoe/skin_ai/data/dermnet/train/Psoriasis pictures Lichen Planus and related diseases/pityriasis-rosea-177.jpg,건선,0,dermnet,train
/Users/kyoe/skin_ai/data/dermnet/train/Eczema Photos/eczema-leg-19.jpg,아토피피부염,1,dermnet,train
/Users/kyoe/skin_ai/data/dermnet/train/Atopic Dermatitis Photos/05Atopic021011.jpg,아토피피부염,1,dermnet,train
/Users/kyoe/skin_ai/data/dermnet/train/Psoriasis pictures Lichen Planus and related diseases/psoriasis-scalp-102.jpg,건선,0,dermnet,train
/Users/kyoe/skin_ai/data/dermnet/train/Atopic Dermatitis Photos/05hyperkeratosis02010.jpg,아토피피부염,1,dermnet,train
/Users/kyoe/skin_ai/data/dermnet/train/Acne and Rosacea Photos/perioral-dermatitis-52.jpg,여드름,2,dermnet,train
/Users/kyoe/skin_ai/data/dermnet/train/Psoriasis pictures Lichen Planus and related diseases/07acne06270532.jpg,건선,0,dermnet,train
/Users/kyoe/skin_ai/data/dermnet/train/Acne and Rosacea Photos/acne-pustular-45.jpg,여드름,2,dermnet,train
/Users/kyoe/skin_ai/data/dermnet/train/Psoriasis pictures Lichen Planus and related diseases/psoriasis-palms-soles-126.jpg,건선,0,dermnet,train
/Users/kyoe/skin_ai/data/dermnet/train/Psoriasis pictures Lichen Planus and related diseases/psoriasis-palms-soles-115.jpg,건선,0,dermnet,train
/Users/kyoe/skin_ai/data/dermnet/train/Atopic Dermatitis Photos/05atopic0411052.jpg,아토피피부염,1,dermnet,train
/Users/kyoe/skin_ai/data/dermnet/train/Acne and Rosacea Photos/hidradenitis-suppurativa-51.jpg,여드름,2,dermnet,train
/Users/kyoe/skin_ai/data/dermnet/train/Acne and Rosacea Photos/minocycline-pigmentation-2.jpg,여드름,2,dermnet,train
/Users/kyoe/skin_ai/data/dermnet/train/Atopic Dermatitis Photos/05hyperLinearCrease042804.jpg,아토피피부염,1,dermnet,train
/Users/kyoe/skin_ai/data/dermnet/train/Psoriasis pictures Lichen Planus and related diseases/Psoriasis-Guttate-80.jpg,건선,0,dermnet,train
/Users/kyoe/skin_ai/data/dermnet/train/Atopic Dermatitis Photos/05AtopicDerm11031.jpg,아토피피부염,1,dermnet,train
/Users/kyoe/skin_ai/data/dermnet/train/Eczema Photos/eczema-foot-10.jpg,아토피피부염,1,dermnet,train
/Users/kyoe/skin_ai/data/dermnet/train/Eczema Photos/eczema-subacute-63.jpg,아토피피부염,1,dermnet,train
/Users/kyoe/skin_ai/data/dermnet/train/Eczema Photos/pompholyx-37.jpg,아토피피부염,1,dermnet,train
/Users/kyoe/skin_ai/data/dermnet/train/Psoriasis pictures Lichen Planus and related diseases/seborrheic-dermatitis-93.jpg,건선,0,dermnet,train
/Users/kyoe/skin_ai/data/dermnet/train/Psoriasis pictures Lichen Planus and related diseases/lichen-planus-99.jpg,건선,0,dermnet,train
/Users/kyoe/skin_ai/data/dermnet/train/Atopic Dermatitis Photos/05atopicDerm0328051.jpg,아토피피부염,1,dermnet,train
/Users/kyoe/skin_ai/data/dermnet/train/Psoriasis pictures Lichen Planus and related diseases/psoriasis-scalp-42.jpg,건선,0,dermnet,train
/Users/kyoe/skin_ai/data/dermnet/train/Eczema Photos/Dyshidrosis-41.jpg,아토피피부염,1,dermnet,train
/Users/kyoe/skin_ai/data/dermnet/train/Eczema Photos/eczema-foot-78.jpg,아토피피부염,1,dermnet,train
/Users/kyoe/skin_ai/data/dermnet/train/Psoriasis pictures Lichen Planus and related diseases/Psoriasis-Chronic-Plaque-167.jpg,건선,0,dermnet,train
/Users/kyoe/skin_ai/data/dermnet/train/Eczema Photos/eczema-ears-6.jpg,아토피피부염,1,dermnet,train
/Users/kyoe/skin_ai/data/dermnet/train/Eczema Photos/neurotic-excoriations-64.jpg,아토피피부염,1,dermnet,train
/Users/kyoe/skin_ai/data/dermnet/train/Psoriasis pictures Lichen Planus and related diseases/Psoriasis-penis-3.jpg,건선,0,dermnet,train
/Users/kyoe/skin_ai/data/dermnet/train/Eczema Photos/eczema-trunk-generalized-1.jpg,아토피피부염,1,dermnet,train
/Users/kyoe/skin_ai/data/dermnet/train/Psoriasis pictures Lichen Planus and related diseases/lichen-planus-vaginal-12.jpg,건선,0,dermnet,train
/Users/kyoe/skin_ai/data/dermnet/train/Acne and Rosacea Photos/acne-excoriated-17.jpg,여드름,2,dermnet,train
/Users/kyoe/skin_ai/data/dermnet/train/Psoriasis pictures Lichen Planus and related diseases/psoriasis-scalp-100.jpg,건선,0,dermnet,train
/Users/kyoe/skin_ai/data/dermnet/train/Eczema Photos/neurotic-excoriations-36.jpg,아토피피부염,1,dermnet,train
/Users/kyoe/skin_ai/data/dermnet/train/Eczema Photos/phlebitis-superficial-5.jpg,아토피피부염,1,dermnet,train
/Users/kyoe/skin_ai/data/dermnet/train/Acne and Rosacea Photos/hidradenitis-suppurativa-73.jpg,여드름,2,dermnet,train
/Users/kyoe/skin_ai/data/dermnet/train/Psoriasis pictures Lichen Planus and related diseases/psoriasis-scalp-90.jpg,건선,0,dermnet,train
/Users/kyoe/skin_ai/data/dermnet/train/Psoriasis pictures Lichen Planus and related diseases/Palmoplantar-Keratoderma-5.jpg,건선,0,dermnet,train
/Users/kyoe/skin_ai/data/dermnet/train/Eczema Photos/lichen-simplex-chronicus-80.jpg,아토피피부염,1,dermnet,train
/Users/kyoe/skin_ai/data/dermnet/train/Psoriasis pictures Lichen Planus and related diseases/Psoriasis-nails-24.jpg,건선,0,dermnet,train
/Users/kyoe/skin_ai/data/dermnet/train/Eczema Photos/stasis-dermatitis-138.jpg,아토피피부염,1,dermnet,train
/Users/kyoe/skin_ai/data/dermnet/train/Acne and Rosacea Photos/acne-cystic-58.jpg,여드름,2,dermnet,train
/Users/kyoe/skin_ai/data/dermnet/train/Psoriasis pictures Lichen Planus and related diseases/lichen-planus-210.jpg,건선,0,dermnet,train
/Users/kyoe/skin_ai/data/dermnet/train/Psoriasis pictures Lichen Planus and related diseases/Psoriasis-Chronic-Plaque-146.jpg,건선,0,dermnet,train
/Users/kyoe/skin_ai/data/dermnet/train/Eczema Photos/lichen-simplex-chronicus-188.jpg,아토피피부염,1,dermnet,train
/Users/kyoe/skin_ai/data/dermnet/train/Eczema Photos/pompholyx-2.jpg,아토피피부염,1,dermnet,train
/Users/kyoe/skin_ai/data/dermnet/train/Psoriasis pictures Lichen Planus and related diseases/psoriasis-palms-soles-119.jpg,건선,0,dermnet,train
/Users/kyoe/skin_ai/data/dermnet/train/Acne and Rosacea Photos/rosacea-50.jpg,여드름,2,dermnet,train
/Users/kyoe/skin_ai/data/dermnet/train/Psoriasis pictures Lichen Planus and related diseases/seborrheic-dermatitis-120.jpg,건선,0,dermnet,train
/Users/kyoe/skin_ai/data/dermnet/train/Acne and Rosacea Photos/acne-cystic-130.jpg,여드름,2,dermnet,train
/Users/kyoe/skin_ai/data/dermnet/train/Acne and Rosacea Photos/hidradenitis-suppurativa-64.jpg,여드름,2,dermnet,train
/Users/kyoe/skin_ai/data/dermnet/train/Eczema Photos/eczema-nummular-187.jpg,아토피피부염,1,dermnet,train
/Users/kyoe/skin_ai/data/dermnet/train/Psoriasis pictures Lichen Planus and related diseases/Lichen-Spinulosa-2.jpg,건선,0,dermnet,train
/Users/kyoe/skin_ai/data/dermnet/train/Eczema Photos/eczema-hand-161.jpg,아토피피부염,1,dermnet,train
/Users/kyoe/skin_ai/data/dermnet/train/Eczema Photos/stasis-dermatitis-100.jpg,아토피피부염,1,dermnet,train
/Users/kyoe/skin_ai/data/dermnet/train/Acne and Rosacea Photos/acne-excoriated-30.jpg,여드름,2,dermnet,train
/Users/kyoe/skin_ai/data/dermnet/train/Eczema Photos/eczema-nummular-193.jpg,아토피피부염,1,dermnet,train
/Users/kyoe/skin_ai/data/dermnet/train/Atopic Dermatitis Photos/05atopic0110051.jpg,아토피피부염,1,dermnet,train
/Users/kyoe/skin_ai/data/dermnet/train/Eczema Photos/prurigo-nodularis-11.jpg,아토피피부염,1,dermnet,train
/Users/kyoe/skin_ai/data/dermnet/train/Acne and Rosacea Photos/rosacea-nose-19.jpg,여드름,2,dermnet,train
/Users/kyoe/skin_ai/data/dermnet/train/Psoriasis pictures Lichen Planus and related diseases/Lichen-Sclerosus-Skin-108.jpg,건선,0,dermnet,train
/Users/kyoe/skin_ai/data/dermnet/train/Acne and Rosacea Photos/acne-open-comedo-72.jpg,여드름,2,dermnet,train
/Users/kyoe/skin_ai/data/dermnet/train/Eczema Photos/eczema-hand-144.jpg,아토피피부염,1,dermnet,train
/Users/kyoe/skin_ai/data/dermnet/train/Acne and Rosacea Photos/hidradenitis-suppurativa-39.jpg,여드름,2,dermnet,train
/Users/kyoe/skin_ai/data/dermnet/train/Acne and Rosacea Photos/hidradenitis-suppurativa-30.jpg,여드름,2,dermnet,train
/Users/kyoe/skin_ai/data/dermnet/train/Atopic Dermatitis Photos/05KeratosisPilaris0510048.jpg,아토피피부염,1,dermnet,train
/Users/kyoe/skin_ai/data/dermnet/train/Psoriasis pictures Lichen Planus and related diseases/psoriasis-erythrodermic-5.jpg,건선,0,dermnet,train
/Users/kyoe/skin_ai/data/dermnet/train/Atopic Dermatitis Photos/AtopicIMG003-GP3.jpg,아토피피부염,1,dermnet,train
/Users/kyoe/skin_ai/data/dermnet/train/Atopic Dermatitis Photos/05Atopic1206041.jpg,아토피피부염,1,dermnet,train
/Users/kyoe/skin_ai/data/dermnet/train/Psoriasis pictures Lichen Planus and related diseases/Psoriasis-Guttate-44.jpg,건선,0,dermnet,train
/Users/kyoe/skin_ai/data/dermnet/train/Psoriasis pictures Lichen Planus and related diseases/Lichen-Sclerosis-Vulva-14.jpg,건선,0,dermnet,train
/Users/kyoe/skin_ai/data/dermnet/train/Eczema Photos/eczema-areola-8.jpg,아토피피부염,1,dermnet,train
/Users/kyoe/skin_ai/data/dermnet/train/Eczema Photos/eczema-vulva-5.jpg,아토피피부염,1,dermnet,train
/Users/kyoe/skin_ai/data/dermnet/train/Atopic Dermatitis Photos/05Atopic071204.jpg,아토피피부염,1,dermnet,train
/Users/kyoe/skin_ai/data/dermnet/train/Eczema Photos/eczema-hand-130.jpg,아토피피부염,1,dermnet,train
/Users/kyoe/skin_ai/data/dermnet/train/Eczema Photos/eczema-nummular-8.jpg,아토피피부염,1,dermnet,train
/Users/kyoe/skin_ai/data/dermnet/train/Acne and Rosacea Photos/rosacea-79.jpg,여드름,2,dermnet,train
/Users/kyoe/skin_ai/data/dermnet/train/Eczema Photos/eczema-vulva-4.jpg,아토피피부염,1,dermnet,train
/Users/kyoe/skin_ai/data/dermnet/train/Acne and Rosacea Photos/rosacea-17.jpg,여드름,2,dermnet,train
/Users/kyoe/skin_ai/data/dermnet/train/Psoriasis pictures Lichen Planus and related diseases/psoriasis-Chronic-plaque-00325.jpg,건선,0,dermnet,train
/Users/kyoe/skin_ai/data/dermnet/train/Psoriasis pictures Lichen Planus and related diseases/lichen-planus-119.jpg,건선,0,dermnet,train
/Users/kyoe/skin_ai/data/dermnet/train/Acne and Rosacea Photos/acne-pustular-47.jpg,여드름,2,dermnet,train
/Users/kyoe/skin_ai/data/dermnet/train/Eczema Photos/Dyshidrosis-33.jpg,아토피피부염,1,dermnet,train
/Users/kyoe/skin_ai/data/dermnet/train/Eczema Photos/neurotic-excoriations-15.jpg,아토피피부염,1,dermnet,train
/Users/kyoe/skin_ai/data/dermnet/train/Psoriasis pictures Lichen Planus and related diseases/Psoriasis-Chronic-Plaque-90.jpg,건선,0,dermnet,train
/Users/kyoe/skin_ai/data/dermnet/train/Eczema Photos/keratolysis-exfoliativa-13.jpg,아토피피부염,1,dermnet,train
/Users/kyoe/skin_ai/data/dermnet/train/Acne and Rosacea Photos/hidradenitis-suppurativa-70.jpg,여드름,2,dermnet,train
/Users/kyoe/skin_ai/data/dermnet/train/Acne and Rosacea Photos/rosacea-78.jpg,여드름,2,dermnet,train
/Users/kyoe/skin_ai/data/dermnet/train/Eczema Photos/lichen-simplex-chronicus-166.jpg,아토피피부염,1,dermnet,train
/Users/kyoe/skin_ai/data/dermnet/train/Acne and Rosacea Photos/acne-open-comedo-43.jpg,여드름,2,dermnet,train
/Users/kyoe/skin_ai/data/dermnet/train/Atopic Dermatitis Photos/05Atopic1206042.jpg,아토피피부염,1,dermnet,train
/Users/kyoe/skin_ai/data/dermnet/train/Eczema Photos/notalgia-paraesthetica-5.jpg,아토피피부염,1,dermnet,train
/Users/kyoe/skin_ai/data/dermnet/train/Atopic Dermatitis Photos/05keratosisPilaris010120.jpg,아토피피부염,1,dermnet,train
/Users/kyoe/skin_ai/data/dermnet/train/Atopic Dermatitis Photos/05KeratosisPilaris0510042.jpg,아토피피부염,1,dermnet,train
/Users/kyoe/skin_ai/data/dermnet/train/Eczema Photos/eczema-asteatotic-17.jpg,아토피피부염,1,dermnet,train
/Users/kyoe/skin_ai/data/dermnet/train/Eczema Photos/eczema-foot-76.jpg,아토피피부염,1,dermnet,train
/Users/kyoe/skin_ai/data/dermnet/train/Acne and Rosacea Photos/acne-closed-comedo-20.jpg,여드름,2,dermnet,train
/Users/kyoe/skin_ai/data/dermnet/train/Eczema Photos/Dyshidrosis-42.jpg,아토피피부염,1,dermnet,train
/Users/kyoe/skin_ai/data/dermnet/train/Psoriasis pictures Lichen Planus and related diseases/Lichen-Sclerosus-Penis-1.jpg,건선,0,dermnet,train
/Users/kyoe/skin_ai/data/dermnet/train/Acne and Rosacea Photos/perioral-dermatitis-130.jpg,여드름,2,dermnet,train
/Users/kyoe/skin_ai/data/dermnet/train/Atopic Dermatitis Photos/KeratosisIMG002-GP3.jpg,아토피피부염,1,dermnet,train
/Users/kyoe/skin_ai/data/dermnet/train/Acne and Rosacea Photos/hidradenitis-suppurativa-25.jpg,여드름,2,dermnet,train
/Users/kyoe/skin_ai/data/dermnet/train/Eczema Photos/eczema-subacute-59.jpg,아토피피부염,1,dermnet,train
/Users/kyoe/skin_ai/data/dermnet/train/Psoriasis pictures Lichen Planus and related diseases/reiter-syndrome-20.jpg,건선,0,dermnet,train
/Users/kyoe/skin_ai/data/dermnet/train/Eczema Photos/chapped-fissured-feet-10.jpg,아토피피부염,1,dermnet,train
/Users/kyoe/skin_ai/data/dermnet/train/Acne and Rosacea Photos/acne-excoriated-23.jpg,여드름,2,dermnet,train
/Users/kyoe/skin_ai/data/dermnet/train/Eczema Photos/eczema-fingertips-88.jpg,아토피피부염,1,dermnet,train
/Users/kyoe/skin_ai/data/dermnet/train/Eczema Photos/eczema-hand-173.jpg,아토피피부염,1,dermnet,train
/Users/kyoe/skin_ai/data/dermnet/train/Acne and Rosacea Photos/acne-pustular-43.jpg,여드름,2,dermnet,train
/Users/kyoe/skin_ai/data/dermnet/train/Psoriasis pictures Lichen Planus and related diseases/psoriasis-pustular-generalized-29.jpg,건선,0,dermnet,train
/Users/kyoe/skin_ai/data/dermnet/train/Psoriasis pictures Lichen Planus and related diseases/Lichen-Planus-Drug-23.jpg,건선,0,dermnet,train
/Users/kyoe/skin_ai/data/dermnet/train/Psoriasis pictures Lichen Planus and related diseases/pityriasis-rosea-180.jpg,건선,0,dermnet,train
/Users/kyoe/skin_ai/data/dermnet/train/Acne and Rosacea Photos/minocycline-pigmentation-3.jpg,여드름,2,dermnet,train
/Users/kyoe/skin_ai/data/dermnet/train/Eczema Photos/eczema-hand-92.jpg,아토피피부염,1,dermnet,train
/Users/kyoe/skin_ai/data/dermnet/train/Acne and Rosacea Photos/rosacea-54.jpg,여드름,2,dermnet,train
/Users/kyoe/skin_ai/data/dermnet/train/Atopic Dermatitis Photos/IchthosisIMG033-GP3.jpg,아토피피부염,1,dermnet,train
/Users/kyoe/skin_ai/data/dermnet/train/Psoriasis pictures Lichen Planus and related diseases/08SebDermScalpq.jpg,건선,0,dermnet,train
/Users/kyoe/skin_ai/data/dermnet/train/Psoriasis pictures Lichen Planus and related diseases/Psoriasis-Chronic-Plaque-94.jpg,건선,0,dermnet,train
/Users/kyoe/skin_ai/data/dermnet/train/Psoriasis pictures Lichen Planus and related diseases/Lichen-Planus-Drug-27.jpg,건선,0,dermnet,train
/Users/kyoe/skin_ai/data/dermnet/train/Eczema Photos/stasis-dermatitis-140.jpg,아토피피부염,1,dermnet,train
/Users/kyoe/skin_ai/data/dermnet/train/Psoriasis pictures Lichen Planus and related diseases/Psoriasis-Guttate-92.jpg,건선,0,dermnet,train
/Users/kyoe/skin_ai/data/dermnet/train/Acne and Rosacea Photos/rosacea-117.jpg,여드름,2,dermnet,train
/Users/kyoe/skin_ai/data/dermnet/train/Psoriasis pictures Lichen Planus and related diseases/Psoriasis-Anus-3.jpg,건선,0,dermnet,train
/Users/kyoe/skin_ai/data/dermnet/train/Eczema Photos/eczema-acute-1.jpg,아토피피부염,1,dermnet,train
/Users/kyoe/skin_ai/data/dermnet/train/Acne and Rosacea Photos/perioral-dermatitis-23.jpg,여드름,2,dermnet,train
/Users/kyoe/skin_ai/data/dermnet/train/Atopic Dermatitis Photos/Img0055.jpg,아토피피부염,1,dermnet,train
/Users/kyoe/skin_ai/data/dermnet/train/Psoriasis pictures Lichen Planus and related diseases/Psoriasis-nails-25.jpg,건선,0,dermnet,train
/Users/kyoe/skin_ai/data/dermnet/train/Psoriasis pictures Lichen Planus and related diseases/Psoriasis-arthritis-2.jpg,건선,0,dermnet,train
/Users/kyoe/skin_ai/data/dermnet/train/Eczema Photos/eczema-subacute-89.jpg,아토피피부염,1,dermnet,train
/Users/kyoe/skin_ai/data/dermnet/train/Acne and Rosacea Photos/acne-closed-comedo-16.jpg,여드름,2,dermnet,train
/Users/kyoe/skin_ai/data/dermnet/train/Psoriasis pictures Lichen Planus and related diseases/Psoriasis-Hand-22.jpg,건선,0,dermnet,train
/Users/kyoe/skin_ai/data/dermnet/train/Acne and Rosacea Photos/gram-negative-folliculitis-1.jpg,여드름,2,dermnet,train
/Users/kyoe/skin_ai/data/dermnet/train/Acne and Rosacea Photos/acne-pustular-18.jpg,여드름,2,dermnet,train
/Users/kyoe/skin_ai/data/dermnet/train/Psoriasis pictures Lichen Planus and related diseases/Pityriasis-Lichenoides-37.jpg,건선,0,dermnet,train
/Users/kyoe/skin_ai/data/dermnet/train/Atopic Dermatitis Photos/05Atopic0405048.jpg,아토피피부염,1,dermnet,train
/Users/kyoe/skin_ai/data/dermnet/train/Atopic Dermatitis Photos/1IMG007.jpg,아토피피부염,1,dermnet,train
/Users/kyoe/skin_ai/data/dermnet/train/Acne and Rosacea Photos/perioral-dermatitis-94.jpg,여드름,2,dermnet,train
/Users/kyoe/skin_ai/data/dermnet/train/Acne and Rosacea Photos/fordyce-spots-3.jpg,여드름,2,dermnet,train
/Users/kyoe/skin_ai/data/dermnet/train/Psoriasis pictures Lichen Planus and related diseases/psoriasis-scalp-53.jpg,건선,0,dermnet,train
/Users/kyoe/skin_ai/data/dermnet/train/Psoriasis pictures Lichen Planus and related diseases/pityriasis-rosea-109.jpg,건선,0,dermnet,train
/Users/kyoe/skin_ai/data/dermnet/train/Psoriasis pictures Lichen Planus and related diseases/Psoriasis-Guttate-40.jpg,건선,0,dermnet,train
/Users/kyoe/skin_ai/data/dermnet/train/Psoriasis pictures Lichen Planus and related diseases/Pityriasis-Lichenoides-8.jpg,건선,0,dermnet,train
/Users/kyoe/skin_ai/data/dermnet/train/Eczema Photos/eczema-hand-93.jpg,아토피피부염,1,dermnet,train
/Users/kyoe/skin_ai/data/dermnet/train/Eczema Photos/eczema-subacute-58.jpg,아토피피부염,1,dermnet,train
/Users/kyoe/skin_ai/data/dermnet/train/Psoriasis pictures Lichen Planus and related diseases/Psoriasis-Guttate-97.jpg,건선,0,dermnet,train
/Users/kyoe/skin_ai/data/dermnet/train/Acne and Rosacea Photos/acne-cystic-117.jpg,여드름,2,dermnet,train
/Users/kyoe/skin_ai/data/dermnet/train/Atopic Dermatitis Photos/14IMG015.jpg,아토피피부염,1,dermnet,train
/Users/kyoe/skin_ai/data/dermnet/train/Acne and Rosacea Photos/acne-cystic-105.jpg,여드름,2,dermnet,train
/Users/kyoe/skin_ai/data/dermnet/train/Eczema Photos/prurigo-nodularis-18.jpg,아토피피부염,1,dermnet,train
/Users/kyoe/skin_ai/data/dermnet/train/Acne and Rosacea Photos/acne-open-comedo-56.jpg,여드름,2,dermnet,train
/Users/kyoe/skin_ai/data/dermnet/train/Atopic Dermatitis Photos/05atopicFeet0823043.jpg,아토피피부염,1,dermnet,train
/Users/kyoe/skin_ai/data/dermnet/train/Acne and Rosacea Photos/perioral-dermatitis-129.jpg,여드름,2,dermnet,train
/Users/kyoe/skin_ai/data/dermnet/train/Eczema Photos/Dyshidrosis-52.jpg,아토피피부염,1,dermnet,train
/Users/kyoe/skin_ai/data/dermnet/train/Psoriasis pictures Lichen Planus and related diseases/Psoriasis-Guttate-85.jpg,건선,0,dermnet,train
/Users/kyoe/skin_ai/data/dermnet/train/Psoriasis pictures Lichen Planus and related diseases/Psoriasis-Chronic-Plaque-130.jpg,건선,0,dermnet,train
/Users/kyoe/skin_ai/data/dermnet/train/Psoriasis pictures Lichen Planus and related diseases/reiter-syndrome-10.jpg,건선,0,dermnet,train
/Users/kyoe/skin_ai/data/dermnet/train/Psoriasis pictures Lichen Planus and related diseases/08SebDermPresternal063002.jpg,건선,0,dermnet,train
/Users/kyoe/skin_ai/data/dermnet/train/Atopic Dermatitis Photos/05Atopic1206046.jpg,아토피피부염,1,dermnet,train
/Users/kyoe/skin_ai/data/dermnet/train/Atopic Dermatitis Photos/05icththyosis100404.jpg,아토피피부염,1,dermnet,train
/Users/kyoe/skin_ai/data/dermnet/train/Psoriasis pictures Lichen Planus and related diseases/Lichen-Planus-Drug-16.jpg,건선,0,dermnet,train
/Users/kyoe/skin_ai/data/dermnet/train/Psoriasis pictures Lichen Planus and related diseases/pityriasis-rosea-145.jpg,건선,0,dermnet,train
/Users/kyoe/skin_ai/data/dermnet/train/Psoriasis pictures Lichen Planus and related diseases/Psoriasis-infant-5.jpg,건선,0,dermnet,train
/Users/kyoe/skin_ai/data/dermnet/train/Atopic Dermatitis Photos/05Atopic12060416.jpg,아토피피부염,1,dermnet,train
/Users/kyoe/skin_ai/data/dermnet/train/Atopic Dermatitis Photos/6IMG010.jpg,아토피피부염,1,dermnet,train
/Users/kyoe/skin_ai/data/dermnet/train/Eczema Photos/lichen-simplex-chronicus-105.jpg,아토피피부염,1,dermnet,train
/Users/kyoe/skin_ai/data/dermnet/train/Eczema Photos/eczema-fingertips-132.jpg,아토피피부염,1,dermnet,train
/Users/kyoe/skin_ai/data/dermnet/train/Psoriasis pictures Lichen Planus and related diseases/pityriasis-rubra-pilaris-10.jpg,건선,0,dermnet,train
/Users/kyoe/skin_ai/data/dermnet/train/Atopic Dermatitis Photos/05hyperlinear070905.jpg,아토피피부염,1,dermnet,train
/Users/kyoe/skin_ai/data/dermnet/train/Psoriasis pictures Lichen Planus and related diseases/lichen-planus-182.jpg,건선,0,dermnet,train
/Users/kyoe/skin_ai/data/dermnet/train/Acne and Rosacea Photos/perioral-dermatitis-3.jpg,여드름,2,dermnet,train
/Users/kyoe/skin_ai/data/dermnet/train/Acne and Rosacea Photos/hidradenitis-suppurativa-37.jpg,여드름,2,dermnet,train
/Users/kyoe/skin_ai/data/dermnet/train/Acne and Rosacea Photos/acne-pustular-28.jpg,여드름,2,dermnet,train
/Users/kyoe/skin_ai/data/dermnet/train/Psoriasis pictures Lichen Planus and related diseases/Psoriasis-Chronic-Plaque-157.jpg,건선,0,dermnet,train
/Users/kyoe/skin_ai/data/dermnet/train/Psoriasis pictures Lichen Planus and related diseases/Psoriasis-Guttate-46.jpg,건선,0,dermnet,train
/Users/kyoe/skin_ai/data/dermnet/train/Psoriasis pictures Lichen Planus and related diseases/Lichen-Planus-Penis-11.jpg,건선,0,dermnet,train
/Users/kyoe/skin_ai/data/dermnet/train/Atopic Dermatitis Photos/05atopic0411054.jpg,아토피피부염,1,dermnet,train
/Users/kyoe/skin_ai/data/dermnet/train/Psoriasis pictures Lichen Planus and related diseases/Psoriasis-Anus-16.jpg,건선,0,dermnet,train
/Users/kyoe/skin_ai/data/dermnet/train/Psoriasis pictures Lichen Planus and related diseases/Psoriasis-Chronic-Plaque-99.jpg,건선,0,dermnet,train
/Users/kyoe/skin_ai/data/dermnet/train/Eczema Photos/eczema-fingertips-36.jpg,아토피피부염,1,dermnet,train
/Users/kyoe/skin_ai/data/dermnet/train/Eczema Photos/chapped-fissured-feet-29.jpg,아토피피부염,1,dermnet,train
/Users/kyoe/skin_ai/data/dermnet/train/Atopic Dermatitis Photos/05atopicFoot080105.jpg,아토피피부염,1,dermnet,train
/Users/kyoe/skin_ai/data/dermnet/train/Atopic Dermatitis Photos/05keratosisPilaris1213041.jpg,아토피피부염,1,dermnet,train
/Users/kyoe/skin_ai/data/dermnet/train/Eczema Photos/eczema-fingertips-43.jpg,아토피피부염,1,dermnet,train
/Users/kyoe/skin_ai/data/dermnet/train/Atopic Dermatitis Photos/6IMG003.jpg,아토피피부염,1,dermnet,train
/Users/kyoe/skin_ai/data/dermnet/train/Atopic Dermatitis Photos/10IMG008.jpg,아토피피부염,1,dermnet,train
/Users/kyoe/skin_ai/data/dermnet/train/Eczema Photos/eczema-lids-7.jpg,아토피피부염,1,dermnet,train
/Users/kyoe/skin_ai/data/dermnet/train/Atopic Dermatitis Photos/5T-0018.jpg,아토피피부염,1,dermnet,train
/Users/kyoe/skin_ai/data/dermnet/train/Acne and Rosacea Photos/hidradenitis-suppurativa-11.jpg,여드름,2,dermnet,train
/Users/kyoe/skin_ai/data/dermnet/train/Acne and Rosacea Photos/acne-pustular-49.jpg,여드름,2,dermnet,train
/Users/kyoe/skin_ai/data/dermnet/train/Acne and Rosacea Photos/acne-closed-comedo-5.jpg,여드름,2,dermnet,train
/Users/kyoe/skin_ai/data/dermnet/train/Atopic Dermatitis Photos/05atopic032805.jpg,아토피피부염,1,dermnet,train
/Users/kyoe/skin_ai/data/dermnet/train/Eczema Photos/eczema-hand-18.jpg,아토피피부염,1,dermnet,train
/Users/kyoe/skin_ai/data/dermnet/train/Psoriasis pictures Lichen Planus and related diseases/pityriasis-rubra-pilaris-24.jpg,건선,0,dermnet,train
/Users/kyoe/skin_ai/data/dermnet/train/Eczema Photos/eczema-nummular-20.jpg,아토피피부염,1,dermnet,train
/Users/kyoe/skin_ai/data/dermnet/train/Psoriasis pictures Lichen Planus and related diseases/Psoriasis-Hand-45.jpg,건선,0,dermnet,train
/Users/kyoe/skin_ai/data/dermnet/train/Eczema Photos/keratolysis-exfoliativa-42.jpg,아토피피부염,1,dermnet,train
/Users/kyoe/skin_ai/data/dermnet/train/Acne and Rosacea Photos/perioral-dermatitis-96.jpg,여드름,2,dermnet,train
/Users/kyoe/skin_ai/data/dermnet/train/Psoriasis pictures Lichen Planus and related diseases/lichen-planus-197.jpg,건선,0,dermnet,train
/Users/kyoe/skin_ai/data/dermnet/train/Eczema Photos/lichen-simplex-chronicus-12.jpg,아토피피부염,1,dermnet,train
/Users/kyoe/skin_ai/data/dermnet/train/Psoriasis pictures Lichen Planus and related diseases/psoriasis-palms-soles-98.jpg,건선,0,dermnet,train
/Users/kyoe/skin_ai/data/dermnet/train/Eczema Photos/eczema-chronic-19.jpg,아토피피부염,1,dermnet,train
/Users/kyoe/skin_ai/data/dermnet/train/Eczema Photos/notalgia-paraesthetica-3.jpg,아토피피부염,1,dermnet,train
/Users/kyoe/skin_ai/data/dermnet/train/Acne and Rosacea Photos/acne-infantile-3.jpg,여드름,2,dermnet,train
/Users/kyoe/skin_ai/data/dermnet/train/Psoriasis pictures Lichen Planus and related diseases/Lichen-Sclerosus-Skin-82.jpg,건선,0,dermnet,train
/Users/kyoe/skin_ai/data/dermnet/train/Acne and Rosacea Photos/nevus-comedonicus-8.jpg,여드름,2,dermnet,train
/Users/kyoe/skin_ai/data/dermnet/train/Acne and Rosacea Photos/07PerioralDermq.jpg,여드름,2,dermnet,train
/Users/kyoe/skin_ai/data/dermnet/train/Atopic Dermatitis Photos/05Atopic12060424.jpg,아토피피부염,1,dermnet,train
/Users/kyoe/skin_ai/data/dermnet/train/Eczema Photos/eczema-acute-11.jpg,아토피피부염,1,dermnet,train
/Users/kyoe/skin_ai/data/dermnet/train/Acne and Rosacea Photos/hidradenitis-suppurativa-9.jpg,여드름,2,dermnet,train
/Users/kyoe/skin_ai/data/dermnet/train/Acne and Rosacea Photos/rosacea-114.jpg,여드름,2,dermnet,train
/Users/kyoe/skin_ai/data/dermnet/train/Eczema Photos/pompholyx-23.jpg,아토피피부염,1,dermnet,train
/Users/kyoe/skin_ai/data/dermnet/train/Eczema Photos/pompholyx-4.jpg,아토피피부염,1,dermnet,train
/Users/kyoe/skin_ai/data/dermnet/train/Acne and Rosacea Photos/perioral-dermatitis-126.jpg,여드름,2,dermnet,train
/Users/kyoe/skin_ai/data/dermnet/train/Acne and Rosacea Photos/hidradenitis-suppurativa-75.jpg,여드름,2,dermnet,train
/Users/kyoe/skin_ai/data/dermnet/train/Eczema Photos/eczema-hand-133.jpg,아토피피부염,1,dermnet,train
/Users/kyoe/skin_ai/data/dermnet/train/Psoriasis pictures Lichen Planus and related diseases/Psoriasis-Chronic-Plaque-192.jpg,건선,0,dermnet,train
/Users/kyoe/skin_ai/data/dermnet/train/Psoriasis pictures Lichen Planus and related diseases/Psoriasis-penis-5.jpg,건선,0,dermnet,train
/Users/kyoe/skin_ai/data/dermnet/train/Acne and Rosacea Photos/perioral-dermatitis-105.jpg,여드름,2,dermnet,train
/Users/kyoe/skin_ai/data/dermnet/train/Acne and Rosacea Photos/perioral-dermatitis-33.jpg,여드름,2,dermnet,train
/Users/kyoe/skin_ai/data/dermnet/train/Acne and Rosacea Photos/acne-histology-3.jpg,여드름,2,dermnet,train
/Users/kyoe/skin_ai/data/dermnet/train/Eczema Photos/eczema-asteatotic-2.jpg,아토피피부염,1,dermnet,train
/Users/kyoe/skin_ai/data/dermnet/train/Psoriasis pictures Lichen Planus and related diseases/Psoriasis-sunburn-3.jpg,건선,0,dermnet,train
/Users/kyoe/skin_ai/data/dermnet/train/Eczema Photos/eczema-nummular-176.jpg,아토피피부염,1,dermnet,train
/Users/kyoe/skin_ai/data/dermnet/train/Psoriasis pictures Lichen Planus and related diseases/Psoriasis-Guttate-5.jpg,건선,0,dermnet,train
/Users/kyoe/skin_ai/data/dermnet/train/Eczema Photos/lichen-simplex-chronicus-100.jpg,아토피피부염,1,dermnet,train
/Users/kyoe/skin_ai/data/dermnet/train/Acne and Rosacea Photos/perioral-dermatitis-91.jpg,여드름,2,dermnet,train
/Users/kyoe/skin_ai/data/dermnet/train/Acne and Rosacea Photos/acne-open-comedo-8.jpg,여드름,2,dermnet,train
/Users/kyoe/skin_ai/data/dermnet/train/Eczema Photos/eczema-foot-86.jpg,아토피피부염,1,dermnet,train
/Users/kyoe/skin_ai/data/dermnet/train/Eczema Photos/eczema-nummular-174.jpg,아토피피부염,1,dermnet,train
/Users/kyoe/skin_ai/data/dermnet/train/Eczema Photos/hyperkeratosis-3.jpg,아토피피부염,1,dermnet,train
/Users/kyoe/skin_ai/data/dermnet/train/Eczema Photos/Dyshidrosis-21.jpg,아토피피부염,1,dermnet,train
/Users/kyoe/skin_ai/data/dermnet/train/Eczema Photos/lichen-simplex-chronicus-16.jpg,아토피피부염,1,dermnet,train
/Users/kyoe/skin_ai/data/dermnet/train/Psoriasis pictures Lichen Planus and related diseases/Psoriasis-HIV-5.jpg,건선,0,dermnet,train
/Users/kyoe/skin_ai/data/dermnet/train/Eczema Photos/stasis-dermatitis-14.jpg,아토피피부염,1,dermnet,train
/Users/kyoe/skin_ai/data/dermnet/train/Eczema Photos/eczema-subacute-109.jpg,아토피피부염,1,dermnet,train
/Users/kyoe/skin_ai/data/dermnet/train/Acne and Rosacea Photos/perioral-dermatitis-9.jpg,여드름,2,dermnet,train
/Users/kyoe/skin_ai/data/dermnet/train/Eczema Photos/eczema-nummular-110.jpg,아토피피부염,1,dermnet,train
/Users/kyoe/skin_ai/data/dermnet/train/Acne and Rosacea Photos/acne-pustular-70.jpg,여드름,2,dermnet,train
/Users/kyoe/skin_ai/data/dermnet/train/Psoriasis pictures Lichen Planus and related diseases/psoriasis-scalp-87.jpg,건선,0,dermnet,train
/Users/kyoe/skin_ai/data/dermnet/train/Eczema Photos/chapped-fissured-feet-17.jpg,아토피피부염,1,dermnet,train
/Users/kyoe/skin_ai/data/dermnet/train/Psoriasis pictures Lichen Planus and related diseases/psoriasis-scalp-52.jpg,건선,0,dermnet,train
/Users/kyoe/skin_ai/data/dermnet/train/Eczema Photos/eczema-nummular-168.jpg,아토피피부염,1,dermnet,train
/Users/kyoe/skin_ai/data/dermnet/train/Acne and Rosacea Photos/Comedones-Ears.jpg,여드름,2,dermnet,train
/Users/kyoe/skin_ai/data/dermnet/train/Acne and Rosacea Photos/acne-cystic-87.jpg,여드름,2,dermnet,train
/Users/kyoe/skin_ai/data/dermnet/train/Psoriasis pictures Lichen Planus and related diseases/Lichen-Planus-Penis-2.jpg,건선,0,dermnet,train
/Users/kyoe/skin_ai/data/dermnet/train/Atopic Dermatitis Photos/05SexLinkedIcthyosis4.jpg,아토피피부염,1,dermnet,train
/Users/kyoe/skin_ai/data/dermnet/train/Psoriasis pictures Lichen Planus and related diseases/lichen-planus-193.jpg,건선,0,dermnet,train
/Users/kyoe/skin_ai/data/dermnet/train/Atopic Dermatitis Photos/05atopicDerm0328052.jpg,아토피피부염,1,dermnet,train
/Users/kyoe/skin_ai/data/dermnet/train/Psoriasis pictures Lichen Planus and related diseases/seborrheic-dermatitis-85.jpg,건선,0,dermnet,train
/Users/kyoe/skin_ai/data/dermnet/train/Eczema Photos/eczema-foot-70.jpg,아토피피부염,1,dermnet,train
/Users/kyoe/skin_ai/data/dermnet/train/Atopic Dermatitis Photos/05atopic0110052.jpg,아토피피부염,1,dermnet,train
/Users/kyoe/skin_ai/data/dermnet/train/Acne and Rosacea Photos/acne-pustular-46.jpg,여드름,2,dermnet,train
/Users/kyoe/skin_ai/data/dermnet/train/Atopic Dermatitis Photos/IchthosisIMG008-GP3.jpg,아토피피부염,1,dermnet,train
/Users/kyoe/skin_ai/data/dermnet/train/Eczema Photos/eczema-fingertips-7.jpg,아토피피부염,1,dermnet,train
/Users/kyoe/skin_ai/data/dermnet/train/Acne and Rosacea Photos/Forest-2.jpg,여드름,2,dermnet,train
/Users/kyoe/skin_ai/data/dermnet/train/Eczema Photos/Dyshidrosis-34.jpg,아토피피부염,1,dermnet,train
/Users/kyoe/skin_ai/data/dermnet/train/Eczema Photos/eczema-fingertips-33.jpg,아토피피부염,1,dermnet,train
/Users/kyoe/skin_ai/data/dermnet/train/Psoriasis pictures Lichen Planus and related diseases/Lichen-Sclerosus-Skin-5.jpg,건선,0,dermnet,train
/Users/kyoe/skin_ai/data/dermnet/train/Eczema Photos/neurotic-excoriations-50.jpg,아토피피부염,1,dermnet,train
/Users/kyoe/skin_ai/data/dermnet/train/Psoriasis pictures Lichen Planus and related diseases/Lichen-Planus-Drug-8.jpg,건선,0,dermnet,train
/Users/kyoe/skin_ai/data/dermnet/train/Psoriasis pictures Lichen Planus and related diseases/psoriasis-scalp-93.jpg,건선,0,dermnet,train
/Users/kyoe/skin_ai/data/dermnet/train/Psoriasis pictures Lichen Planus and related diseases/psoriasis-erythrodermic-23.jpg,건선,0,dermnet,train
/Users/kyoe/skin_ai/data/dermnet/train/Psoriasis pictures Lichen Planus and related diseases/psoriasis-pustular-generalized-9.jpg,건선,0,dermnet,train
/Users/kyoe/skin_ai/data/dermnet/train/Eczema Photos/eczema-arms-12.jpg,아토피피부염,1,dermnet,train
/Users/kyoe/skin_ai/data/dermnet/train/Atopic Dermatitis Photos/05atopic0123067.jpg,아토피피부염,1,dermnet,train
/Users/kyoe/skin_ai/data/dermnet/train/Acne and Rosacea Photos/acne-cystic-135.jpg,여드름,2,dermnet,train
/Users/kyoe/skin_ai/data/dermnet/train/Atopic Dermatitis Photos/05atopic011005323.jpg,아토피피부염,1,dermnet,train
/Users/kyoe/skin_ai/data/dermnet/train/Psoriasis pictures Lichen Planus and related diseases/psoriasis-pustular-generalized-52.jpg,건선,0,dermnet,train
/Users/kyoe/skin_ai/data/dermnet/train/Acne and Rosacea Photos/acne-cystic-54.jpg,여드름,2,dermnet,train
/Users/kyoe/skin_ai/data/dermnet/train/Psoriasis pictures Lichen Planus and related diseases/08sebDermLids012405.jpg,건선,0,dermnet,train
/Users/kyoe/skin_ai/data/dermnet/train/Acne and Rosacea Photos/perioral-dermatitis-114.jpg,여드름,2,dermnet,train
/Users/kyoe/skin_ai/data/dermnet/train/Psoriasis pictures Lichen Planus and related diseases/Psoriasis-Hand-26.jpg,건선,0,dermnet,train
/Users/kyoe/skin_ai/data/dermnet/train/Psoriasis pictures Lichen Planus and related diseases/Lichen-Sclerosus-Skin-56.jpg,건선,0,dermnet,train
/Users/kyoe/skin_ai/data/dermnet/train/Atopic Dermatitis Photos/05AtopicPop1.jpg,아토피피부염,1,dermnet,train
/Users/kyoe/skin_ai/data/dermnet/train/Atopic Dermatitis Photos/05IchthyosisSexLinked0308044.jpg,아토피피부염,1,dermnet,train
/Users/kyoe/skin_ai/data/dermnet/train/Atopic Dermatitis Photos/1IMG008.jpg,아토피피부염,1,dermnet,train
/Users/kyoe/skin_ai/data/dermnet/train/Eczema Photos/eczema-subacute-68.jpg,아토피피부염,1,dermnet,train
/Users/kyoe/skin_ai/data/dermnet/train/Psoriasis pictures Lichen Planus and related diseases/lichen-planus-21.jpg,건선,0,dermnet,train
/Users/kyoe/skin_ai/data/dermnet/train/Acne and Rosacea Photos/rosacea-nose-37.jpg,여드름,2,dermnet,train
/Users/kyoe/skin_ai/data/dermnet/train/Eczema Photos/chapped-fissured-feet-3.jpg,아토피피부염,1,dermnet,train
/Users/kyoe/skin_ai/data/dermnet/train/Psoriasis pictures Lichen Planus and related diseases/Lichen-Planus-Palm-Soles-6.jpg,건선,0,dermnet,train
/Users/kyoe/skin_ai/data/dermnet/train/Psoriasis pictures Lichen Planus and related diseases/Psoriasis-Chronic-Plaque-182.jpg,건선,0,dermnet,train
/Users/kyoe/skin_ai/data/dermnet/train/Acne and Rosacea Photos/acne-scar-8.jpg,여드름,2,dermnet,train
/Users/kyoe/skin_ai/data/dermnet/train/Acne and Rosacea Photos/nevus-comedonicus-5.jpg,여드름,2,dermnet,train
/Users/kyoe/skin_ai/data/dermnet/train/Acne and Rosacea Photos/milia-13.jpg,여드름,2,dermnet,train
/Users/kyoe/skin_ai/data/dermnet/train/Psoriasis pictures Lichen Planus and related diseases/08PsoriasisOilSpot.jpg,건선,0,dermnet,train
/Users/kyoe/skin_ai/data/dermnet/train/Psoriasis pictures Lichen Planus and related diseases/pityriasis-rubra-pilaris-64.jpg,건선,0,dermnet,train
/Users/kyoe/skin_ai/data/dermnet/train/Eczema Photos/eczema-fingertips-81.jpg,아토피피부염,1,dermnet,train
/Users/kyoe/skin_ai/data/dermnet/train/Eczema Photos/lichen-simplex-chronicus-168.jpg,아토피피부염,1,dermnet,train
/Users/kyoe/skin_ai/data/dermnet/train/Psoriasis pictures Lichen Planus and related diseases/psoriasis-scalp-63.jpg,건선,0,dermnet,train
/Users/kyoe/skin_ai/data/dermnet/train/Psoriasis pictures Lichen Planus and related diseases/psoriasis-palms-soles-17.jpg,건선,0,dermnet,train
/Users/kyoe/skin_ai/data/dermnet/train/Eczema Photos/stasis-dermatitis-114.jpg,아토피피부염,1,dermnet,train
/Users/kyoe/skin_ai/data/dermnet/train/Psoriasis pictures Lichen Planus and related diseases/Psoriasis-Hand-25.jpg,건선,0,dermnet,train
/Users/kyoe/skin_ai/data/dermnet/train/Acne and Rosacea Photos/perioral-dermatitis-46.jpg,여드름,2,dermnet,train
/Users/kyoe/skin_ai/data/dermnet/train/Psoriasis pictures Lichen Planus and related diseases/pityriasis-rosea-118.jpg,건선,0,dermnet,train
/Users/kyoe/skin_ai/data/dermnet/train/Acne and Rosacea Photos/acne-cystic-139.jpg,여드름,2,dermnet,train
/Users/kyoe/skin_ai/data/dermnet/train/Psoriasis pictures Lichen Planus and related diseases/pityriasis-rubra-pilaris-31.jpg,건선,0,dermnet,train
/Users/kyoe/skin_ai/data/dermnet/train/Eczema Photos/eczema-hand-178.jpg,아토피피부염,1,dermnet,train
/Users/kyoe/skin_ai/data/dermnet/train/Psoriasis pictures Lichen Planus and related diseases/Psoriasis-Guttate-60.jpg,건선,0,dermnet,train
/Users/kyoe/skin_ai/data/dermnet/train/Acne and Rosacea Photos/acne-cystic-110.jpg,여드름,2,dermnet,train
/Users/kyoe/skin_ai/data/dermnet/train/Eczema Photos/stasis-dermatitis-8.jpg,아토피피부염,1,dermnet,train
/Users/kyoe/skin_ai/data/dermnet/train/Eczema Photos/eczema-fingertips-26.jpg,아토피피부염,1,dermnet,train
/Users/kyoe/skin_ai/data/dermnet/train/Acne and Rosacea Photos/rosacea-9.jpg,여드름,2,dermnet,train
/Users/kyoe/skin_ai/data/dermnet/train/Acne and Rosacea Photos/rosacea-nose-38.jpg,여드름,2,dermnet,train
/Users/kyoe/skin_ai/data/dermnet/train/Psoriasis pictures Lichen Planus and related diseases/Lichen-Sclerosis-Vulva-25.jpg,건선,0,dermnet,train
/Users/kyoe/skin_ai/data/dermnet/train/Acne and Rosacea Photos/rosacea-nose-33.jpg,여드름,2,dermnet,train
/Users/kyoe/skin_ai/data/dermnet/train/Acne and Rosacea Photos/rosacea-34.jpg,여드름,2,dermnet,train
/Users/kyoe/skin_ai/data/dermnet/train/Psoriasis pictures Lichen Planus and related diseases/Pityriasis-Lichenoides-43.jpg,건선,0,dermnet,train
/Users/kyoe/skin_ai/data/dermnet/train/Eczema Photos/eczema-nummular-108.jpg,아토피피부염,1,dermnet,train
/Users/kyoe/skin_ai/data/dermnet/train/Atopic Dermatitis Photos/05AtopicDerm0112042.jpg,아토피피부염,1,dermnet,train
/Users/kyoe/skin_ai/data/dermnet/train/Atopic Dermatitis Photos/11IMG013.jpg,아토피피부염,1,dermnet,train
/Users/kyoe/skin_ai/data/dermnet/train/Eczema Photos/lichen-simplex-chronicus-150.jpg,아토피피부염,1,dermnet,train
/Users/kyoe/skin_ai/data/dermnet/train/Psoriasis pictures Lichen Planus and related diseases/Psoriasis-Guttate-87.jpg,건선,0,dermnet,train
/Users/kyoe/skin_ai/data/dermnet/train/Acne and Rosacea Photos/milia-4.jpg,여드름,2,dermnet,train
/Users/kyoe/skin_ai/data/dermnet/train/Eczema Photos/Dyshidrosis-53.jpg,아토피피부염,1,dermnet,train
/Users/kyoe/skin_ai/data/dermnet/train/Eczema Photos/fissure-3.jpg,아토피피부염,1,dermnet,train
/Users/kyoe/skin_ai/data/dermnet/train/Eczema Photos/eczema-arms-1.jpg,아토피피부염,1,dermnet,train
/Users/kyoe/skin_ai/data/dermnet/train/Psoriasis pictures Lichen Planus and related diseases/Psoriasis-Guttate-27.jpg,건선,0,dermnet,train
/Users/kyoe/skin_ai/data/dermnet/train/Atopic Dermatitis Photos/5T-0007.jpg,아토피피부염,1,dermnet,train
/Users/kyoe/skin_ai/data/dermnet/train/Eczema Photos/eczema-asteatotic-28.jpg,아토피피부염,1,dermnet,train
/Users/kyoe/skin_ai/data/dermnet/train/Acne and Rosacea Photos/rosacea-26.jpg,여드름,2,dermnet,train
/Users/kyoe/skin_ai/data/dermnet/train/Eczema Photos/eczema-nummular-177.jpg,아토피피부염,1,dermnet,train
/Users/kyoe/skin_ai/data/dermnet/train/Psoriasis pictures Lichen Planus and related diseases/seborrheic-dermatitis-99.jpg,건선,0,dermnet,train
/Users/kyoe/skin_ai/data/dermnet/train/Eczema Photos/eczema-lids-1.jpg,아토피피부염,1,dermnet,train
/Users/kyoe/skin_ai/data/dermnet/train/Eczema Photos/prurigo-nodularis-53.jpg,아토피피부염,1,dermnet,train
/Users/kyoe/skin_ai/data/dermnet/train/Psoriasis pictures Lichen Planus and related diseases/psoriasis-palms-soles-191.jpg,건선,0,dermnet,train
/Users/kyoe/skin_ai/data/dermnet/train/Eczema Photos/Dyshidrosis-38.jpg,아토피피부염,1,dermnet,train
/Users/kyoe/skin_ai/data/dermnet/train/Psoriasis pictures Lichen Planus and related diseases/psoriasis-palms-soles-182.jpg,건선,0,dermnet,train
/Users/kyoe/skin_ai/data/dermnet/train/Eczema Photos/eczema-hand-102.jpg,아토피피부염,1,dermnet,train
/Users/kyoe/skin_ai/data/dermnet/train/Eczema Photos/stasis-dermatitis-13.jpg,아토피피부염,1,dermnet,train
/Users/kyoe/skin_ai/data/dermnet/train/Acne and Rosacea Photos/07SteroidRosacea43.jpg,여드름,2,dermnet,train
/Users/kyoe/skin_ai/data/dermnet/train/Psoriasis pictures Lichen Planus and related diseases/Lichen-Planus-Palm-Soles-9.jpg,건선,0,dermnet,train
/Users/kyoe/skin_ai/data/dermnet/train/Acne and Rosacea Photos/acne-cystic-61.jpg,여드름,2,dermnet,train
/Users/kyoe/skin_ai/data/dermnet/train/Eczema Photos/emersion-foot-2.jpg,아토피피부염,1,dermnet,train
/Users/kyoe/skin_ai/data/dermnet/train/Atopic Dermatitis Photos/05IchthyosisSexLinked0308042.jpg,아토피피부염,1,dermnet,train
/Users/kyoe/skin_ai/data/dermnet/train/Psoriasis pictures Lichen Planus and related diseases/Psoriasis-Guttate-100.jpg,건선,0,dermnet,train
/Users/kyoe/skin_ai/data/dermnet/train/Eczema Photos/stasis-dermatitis-139.jpg,아토피피부염,1,dermnet,train
/Users/kyoe/skin_ai/data/dermnet/train/Eczema Photos/eczema-hand-114.jpg,아토피피부염,1,dermnet,train
/Users/kyoe/skin_ai/data/dermnet/train/Psoriasis pictures Lichen Planus and related diseases/Psoriasis-inversus-22.jpg,건선,0,dermnet,train
/Users/kyoe/skin_ai/data/dermnet/train/Psoriasis pictures Lichen Planus and related diseases/psoriasis-pustular-generalized-62.jpg,건선,0,dermnet,train
/Users/kyoe/skin_ai/data/dermnet/train/Atopic Dermatitis Photos/3Eczema3-020.jpg,아토피피부염,1,dermnet,train
/Users/kyoe/skin_ai/data/dermnet/train/Acne and Rosacea Photos/acne-infantile-1.jpg,여드름,2,dermnet,train
/Users/kyoe/skin_ai/data/dermnet/train/Psoriasis pictures Lichen Planus and related diseases/psoriasis-scalp-110.jpg,건선,0,dermnet,train
/Users/kyoe/skin_ai/data/dermnet/train/Eczema Photos/stasis-dermatitis-187.jpg,아토피피부염,1,dermnet,train
/Users/kyoe/skin_ai/data/dermnet/train/Eczema Photos/stasis-dermatitis-26.jpg,아토피피부염,1,dermnet,train
/Users/kyoe/skin_ai/data/dermnet/train/Psoriasis pictures Lichen Planus and related diseases/reiter-syndrome-12.jpg,건선,0,dermnet,train
/Users/kyoe/skin_ai/data/dermnet/train/Psoriasis pictures Lichen Planus and related diseases/Psoriasis-Post-Ampicillian-060704.jpg,건선,0,dermnet,train
/Users/kyoe/skin_ai/data/dermnet/train/Acne and Rosacea Photos/hidradenitis-suppurativa-47.jpg,여드름,2,dermnet,train
/Users/kyoe/skin_ai/data/dermnet/train/Atopic Dermatitis Photos/05Atopic18.jpg,아토피피부염,1,dermnet,train
/Users/kyoe/skin_ai/data/dermnet/train/Psoriasis pictures Lichen Planus and related diseases/pityriasis-rubra-pilaris-52.jpg,건선,0,dermnet,train
/Users/kyoe/skin_ai/data/dermnet/train/Acne and Rosacea Photos/rosacea-102.jpg,여드름,2,dermnet,train
/Users/kyoe/skin_ai/data/dermnet/train/Atopic Dermatitis Photos/05atopic0607041.jpg,아토피피부염,1,dermnet,train
/Users/kyoe/skin_ai/data/dermnet/train/Eczema Photos/eczema-nummular-164.jpg,아토피피부염,1,dermnet,train
/Users/kyoe/skin_ai/data/dermnet/train/Eczema Photos/Dyshidrosis-29.jpg,아토피피부염,1,dermnet,train
/Users/kyoe/skin_ai/data/dermnet/train/Eczema Photos/eczema-foot-71.jpg,아토피피부염,1,dermnet,train
/Users/kyoe/skin_ai/data/dermnet/train/Psoriasis pictures Lichen Planus and related diseases/seborrheic-dermatitis-151.jpg,건선,0,dermnet,train
/Users/kyoe/skin_ai/data/dermnet/train/Psoriasis pictures Lichen Planus and related diseases/Psoriasis-Chronic-Plaque-11.jpg,건선,0,dermnet,train
/Users/kyoe/skin_ai/data/dermnet/train/Psoriasis pictures Lichen Planus and related diseases/Psoriasis-Histology-21.jpg,건선,0,dermnet,train
/Users/kyoe/skin_ai/data/dermnet/train/Psoriasis pictures Lichen Planus and related diseases/lichen-planus-132.jpg,건선,0,dermnet,train
/Users/kyoe/skin_ai/data/dermnet/train/Psoriasis pictures Lichen Planus and related diseases/seborrheic-dermatitis-145.jpg,건선,0,dermnet,train
/Users/kyoe/skin_ai/data/dermnet/train/Psoriasis pictures Lichen Planus and related diseases/Lichen-Sclerosus-Penis-28.jpg,건선,0,dermnet,train
/Users/kyoe/skin_ai/data/dermnet/train/Psoriasis pictures Lichen Planus and related diseases/Pityriasis-Lichenoides-2.jpg,건선,0,dermnet,train
/Users/kyoe/skin_ai/data/dermnet/train/Eczema Photos/Dyshidrosis-10.jpg,아토피피부염,1,dermnet,train
/Users/kyoe/skin_ai/data/dermnet/train/Eczema Photos/eczema-fingertips-145.jpg,아토피피부염,1,dermnet,train
/Users/kyoe/skin_ai/data/dermnet/train/Eczema Photos/eczema-nummular-165.jpg,아토피피부염,1,dermnet,train
/Users/kyoe/skin_ai/data/dermnet/train/Eczema Photos/pompholyx-5.jpg,아토피피부염,1,dermnet,train
/Users/kyoe/skin_ai/data/dermnet/train/Psoriasis pictures Lichen Planus and related diseases/Lichen-Planus-Oral-2.jpg,건선,0,dermnet,train
/Users/kyoe/skin_ai/data/dermnet/train/Acne and Rosacea Photos/rosacea-23.jpg,여드름,2,dermnet,train
/Users/kyoe/skin_ai/data/dermnet/train/Atopic Dermatitis Photos/05atopicChild0828063.jpg,아토피피부염,1,dermnet,train
/Users/kyoe/skin_ai/data/dermnet/train/Eczema Photos/pompholyx-30.jpg,아토피피부염,1,dermnet,train
/Users/kyoe/skin_ai/data/dermnet/train/Eczema Photos/lichen-simplex-chronicus-131.jpg,아토피피부염,1,dermnet,train
/Users/kyoe/skin_ai/data/dermnet/train/Eczema Photos/eczema-asteatotic-15.jpg,아토피피부염,1,dermnet,train
/Users/kyoe/skin_ai/data/dermnet/train/Acne and Rosacea Photos/acne-cystic-90.jpg,여드름,2,dermnet,train
/Users/kyoe/skin_ai/data/dermnet/train/Eczema Photos/eczema-fingertips-123.jpg,아토피피부염,1,dermnet,train
/Users/kyoe/skin_ai/data/dermnet/train/Eczema Photos/eczema-asteatotic-9.jpg,아토피피부염,1,dermnet,train
/Users/kyoe/skin_ai/data/dermnet/train/Eczema Photos/eczema-arms-14.jpg,아토피피부염,1,dermnet,train
/Users/kyoe/skin_ai/data/dermnet/train/Psoriasis pictures Lichen Planus and related diseases/psoriasis-scalp-6.jpg,건선,0,dermnet,train
/Users/kyoe/skin_ai/data/dermnet/train/Eczema Photos/eczema-asteatotic-4.jpg,아토피피부염,1,dermnet,train
/Users/kyoe/skin_ai/data/dermnet/train/Acne and Rosacea Photos/perioral-dermatitis-18.jpg,여드름,2,dermnet,train
/Users/kyoe/skin_ai/data/dermnet/train/Eczema Photos/eczema-hand-188.jpg,아토피피부염,1,dermnet,train
/Users/kyoe/skin_ai/data/dermnet/train/Psoriasis pictures Lichen Planus and related diseases/Lichen-Sclerosus-Skin-62.jpg,건선,0,dermnet,train
/Users/kyoe/skin_ai/data/dermnet/train/Psoriasis pictures Lichen Planus and related diseases/pityriasis-rosea-97.jpg,건선,0,dermnet,train
/Users/kyoe/skin_ai/data/dermnet/train/Eczema Photos/eczema-nummular-189.jpg,아토피피부염,1,dermnet,train
/Users/kyoe/skin_ai/data/dermnet/train/Eczema Photos/keratolysis-exfoliativa-51.jpg,아토피피부염,1,dermnet,train
/Users/kyoe/skin_ai/data/dermnet/train/Acne and Rosacea Photos/acne-closed-comedo-1.jpg,여드름,2,dermnet,train
/Users/kyoe/skin_ai/data/dermnet/train/Acne and Rosacea Photos/07Rhinophyma1.jpg,여드름,2,dermnet,train
/Users/kyoe/skin_ai/data/dermnet/train/Acne and Rosacea Photos/07SteroidRosacea.jpg,여드름,2,dermnet,train
/Users/kyoe/skin_ai/data/dermnet/train/Eczema Photos/heels-dry-cracked-8.jpg,아토피피부염,1,dermnet,train
/Users/kyoe/skin_ai/data/dermnet/train/Psoriasis pictures Lichen Planus and related diseases/pityriasis-rosea-193.jpg,건선,0,dermnet,train
/Users/kyoe/skin_ai/data/dermnet/train/Psoriasis pictures Lichen Planus and related diseases/Psoriasis-Guttate-75.jpg,건선,0,dermnet,train
/Users/kyoe/skin_ai/data/dermnet/train/Psoriasis pictures Lichen Planus and related diseases/08sebDermEar092605.jpg,건선,0,dermnet,train
/Users/kyoe/skin_ai/data/dermnet/train/Psoriasis pictures Lichen Planus and related diseases/Pityriasis-Lichenoides-38.jpg,건선,0,dermnet,train
/Users/kyoe/skin_ai/data/dermnet/train/Acne and Rosacea Photos/acne-closed-comedo-002.jpg,여드름,2,dermnet,train
/Users/kyoe/skin_ai/data/dermnet/train/Psoriasis pictures Lichen Planus and related diseases/Psoriasis-Histology-1.jpg,건선,0,dermnet,train
/Users/kyoe/skin_ai/data/dermnet/train/Psoriasis pictures Lichen Planus and related diseases/Lichen-Sclerosis-Vulva-9.jpg,건선,0,dermnet,train
/Users/kyoe/skin_ai/data/dermnet/train/Psoriasis pictures Lichen Planus and related diseases/Psoriasis-Hand-1.jpg,건선,0,dermnet,train
/Users/kyoe/skin_ai/data/dermnet/train/Psoriasis pictures Lichen Planus and related diseases/pityriasis-rosea-149.jpg,건선,0,dermnet,train
/Users/kyoe/skin_ai/data/dermnet/train/Acne and Rosacea Photos/perioral-dermatitis-37.jpg,여드름,2,dermnet,train
/Users/kyoe/skin_ai/data/dermnet/train/Psoriasis pictures Lichen Planus and related diseases/Psoriasis-Hand-37.jpg,건선,0,dermnet,train
/Users/kyoe/skin_ai/data/dermnet/train/Eczema Photos/eczema-fingertips-141.jpg,아토피피부염,1,dermnet,train
/Users/kyoe/skin_ai/data/dermnet/train/Psoriasis pictures Lichen Planus and related diseases/Psoriasis-treatment-1.jpg,건선,0,dermnet,train
/Users/kyoe/skin_ai/data/dermnet/train/Acne and Rosacea Photos/rosacea-nose-29.jpg,여드름,2,dermnet,train
/Users/kyoe/skin_ai/data/dermnet/train/Acne and Rosacea Photos/rosacea-61.jpg,여드름,2,dermnet,train
/Users/kyoe/skin_ai/data/dermnet/train/Psoriasis pictures Lichen Planus and related diseases/Psoriasis-Chronic-Plaque-117.jpg,건선,0,dermnet,train
/Users/kyoe/skin_ai/data/dermnet/train/Atopic Dermatitis Photos/05atopic1107054.jpg,아토피피부염,1,dermnet,train
/Users/kyoe/skin_ai/data/dermnet/train/Psoriasis pictures Lichen Planus and related diseases/seborrheic-dermatitis-154.jpg,건선,0,dermnet,train
/Users/kyoe/skin_ai/data/dermnet/train/Eczema Photos/eczema-arms-7.jpg,아토피피부염,1,dermnet,train
/Users/kyoe/skin_ai/data/dermnet/train/Acne and Rosacea Photos/rosacea-63.jpg,여드름,2,dermnet,train
/Users/kyoe/skin_ai/data/dermnet/train/Psoriasis pictures Lichen Planus and related diseases/Lichen-Nitidus-15.jpg,건선,0,dermnet,train
/Users/kyoe/skin_ai/data/dermnet/train/Psoriasis pictures Lichen Planus and related diseases/Psoriasis-Guttate-26.jpg,건선,0,dermnet,train
/Users/kyoe/skin_ai/data/dermnet/train/Psoriasis pictures Lichen Planus and related diseases/Psoriasis-Guttate-91.jpg,건선,0,dermnet,train
/Users/kyoe/skin_ai/data/dermnet/train/Acne and Rosacea Photos/acne-cystic-132.jpg,여드름,2,dermnet,train
/Users/kyoe/skin_ai/data/dermnet/train/Eczema Photos/eczema-impetiginized-13.jpg,아토피피부염,1,dermnet,train
/Users/kyoe/skin_ai/data/dermnet/train/Acne and Rosacea Photos/acne-pustular-34.jpg,여드름,2,dermnet,train
/Users/kyoe/skin_ai/data/dermnet/train/Eczema Photos/eczema-fingertips-107.jpg,아토피피부염,1,dermnet,train
/Users/kyoe/skin_ai/data/dermnet/train/Eczema Photos/Dyshidrosis-12.jpg,아토피피부염,1,dermnet,train
/Users/kyoe/skin_ai/data/dermnet/train/Psoriasis pictures Lichen Planus and related diseases/pityriasis-rosea-127.jpg,건선,0,dermnet,train
/Users/kyoe/skin_ai/data/dermnet/train/Atopic Dermatitis Photos/05SexLinkedEchthyosis02231.jpg,아토피피부염,1,dermnet,train
/Users/kyoe/skin_ai/data/dermnet/train/Eczema Photos/eczema-foot-27.jpg,아토피피부염,1,dermnet,train
/Users/kyoe/skin_ai/data/dermnet/train/Acne and Rosacea Photos/acne-open-comedo-62.jpg,여드름,2,dermnet,train
/Users/kyoe/skin_ai/data/dermnet/train/Atopic Dermatitis Photos/IchthosisIMG017-GP3.jpg,아토피피부염,1,dermnet,train
/Users/kyoe/skin_ai/data/dermnet/train/Acne and Rosacea Photos/acne-cystic-50.jpg,여드름,2,dermnet,train
/Users/kyoe/skin_ai/data/dermnet/train/Acne and Rosacea Photos/hidradenitis-suppurativa-22.jpg,여드름,2,dermnet,train
/Users/kyoe/skin_ai/data/dermnet/train/Eczema Photos/eczema-subacute-16.jpg,아토피피부염,1,dermnet,train
/Users/kyoe/skin_ai/data/dermnet/train/Atopic Dermatitis Photos/AtopicIMG011-GP3.jpg,아토피피부염,1,dermnet,train
/Users/kyoe/skin_ai/data/dermnet/train/Eczema Photos/pompholyx-19.jpg,아토피피부염,1,dermnet,train
/Users/kyoe/skin_ai/data/dermnet/train/Eczema Photos/eczema-hand-117.jpg,아토피피부염,1,dermnet,train
/Users/kyoe/skin_ai/data/dermnet/train/Eczema Photos/eczema-subacute-95.jpg,아토피피부염,1,dermnet,train
/Users/kyoe/skin_ai/data/dermnet/train/Psoriasis pictures Lichen Planus and related diseases/Psoriasis-Guttate-10.jpg,건선,0,dermnet,train
/Users/kyoe/skin_ai/data/dermnet/train/Acne and Rosacea Photos/acne-excoriated-2.jpg,여드름,2,dermnet,train
/Users/kyoe/skin_ai/data/dermnet/train/Eczema Photos/eczema-fingertips-95.jpg,아토피피부염,1,dermnet,train
/Users/kyoe/skin_ai/data/dermnet/train/Psoriasis pictures Lichen Planus and related diseases/seborrheic-dermatitis-77.jpg,건선,0,dermnet,train
/Users/kyoe/skin_ai/data/dermnet/train/Acne and Rosacea Photos/perioral-dermatitis-89.jpg,여드름,2,dermnet,train
/Users/kyoe/skin_ai/data/dermnet/train/Eczema Photos/Dyshidrosis-25.jpg,아토피피부염,1,dermnet,train
/Users/kyoe/skin_ai/data/dermnet/train/Acne and Rosacea Photos/rosacea-77.jpg,여드름,2,dermnet,train
/Users/kyoe/skin_ai/data/dermnet/train/Psoriasis pictures Lichen Planus and related diseases/lichen-planus-106.jpg,건선,0,dermnet,train
/Users/kyoe/skin_ai/data/dermnet/train/Acne and Rosacea Photos/rosacea-nose-51.jpg,여드름,2,dermnet,train
/Users/kyoe/skin_ai/data/dermnet/train/Acne and Rosacea Photos/rosacea-107.jpg,여드름,2,dermnet,train
/Users/kyoe/skin_ai/data/dermnet/train/Acne and Rosacea Photos/rosacea-49.jpg,여드름,2,dermnet,train
/Users/kyoe/skin_ai/data/dermnet/train/Atopic Dermatitis Photos/9IMG014.jpg,아토피피부염,1,dermnet,train
/Users/kyoe/skin_ai/data/dermnet/train/Eczema Photos/chapped-fissured-feet-14.jpg,아토피피부염,1,dermnet,train
/Users/kyoe/skin_ai/data/dermnet/train/Acne and Rosacea Photos/07RosaceaOK0828063.jpg,여드름,2,dermnet,train
/Users/kyoe/skin_ai/data/dermnet/train/Psoriasis pictures Lichen Planus and related diseases/pityriasis-rosea-128.jpg,건선,0,dermnet,train
/Users/kyoe/skin_ai/data/dermnet/train/Eczema Photos/eczema-subacute-99.jpg,아토피피부염,1,dermnet,train
/Users/kyoe/skin_ai/data/dermnet/train/Acne and Rosacea Photos/hidradenitis-suppurativa-89.jpg,여드름,2,dermnet,train
/Users/kyoe/skin_ai/data/dermnet/train/Psoriasis pictures Lichen Planus and related diseases/psoriasis-erythrodermic-27.jpg,건선,0,dermnet,train
/Users/kyoe/skin_ai/data/dermnet/train/Atopic Dermatitis Photos/3Eczema3-291.jpg,아토피피부염,1,dermnet,train
/Users/kyoe/skin_ai/data/dermnet/train/Psoriasis pictures Lichen Planus and related diseases/psoriasis-digits-4.jpg,건선,0,dermnet,train
/Users/kyoe/skin_ai/data/dermnet/train/Psoriasis pictures Lichen Planus and related diseases/psoriasis-scalp-9.jpg,건선,0,dermnet,train
/Users/kyoe/skin_ai/data/dermnet/train/Acne and Rosacea Photos/rosacea-nose-48.jpg,여드름,2,dermnet,train
/Users/kyoe/skin_ai/data/dermnet/train/Eczema Photos/Dyshidrosis-37.jpg,아토피피부염,1,dermnet,train
/Users/kyoe/skin_ai/data/dermnet/train/Psoriasis pictures Lichen Planus and related diseases/Psoriasis-Guttate-118.jpg,건선,0,dermnet,train
/Users/kyoe/skin_ai/data/dermnet/train/Acne and Rosacea Photos/hidradenitis-suppurativa-65.jpg,여드름,2,dermnet,train
/Users/kyoe/skin_ai/data/dermnet/train/Psoriasis pictures Lichen Planus and related diseases/lichen-planus-101.jpg,건선,0,dermnet,train
/Users/kyoe/skin_ai/data/dermnet/train/Psoriasis pictures Lichen Planus and related diseases/psoriasis-palms-soles-84.jpg,건선,0,dermnet,train
/Users/kyoe/skin_ai/data/dermnet/train/Psoriasis pictures Lichen Planus and related diseases/Psoriasis-Chronic-Plaque-162.jpg,건선,0,dermnet,train
/Users/kyoe/skin_ai/data/dermnet/train/Psoriasis pictures Lichen Planus and related diseases/Pityriasis-Lichenoides-4.jpg,건선,0,dermnet,train
/Users/kyoe/skin_ai/data/dermnet/train/Acne and Rosacea Photos/nevus-comedonicus-3.jpg,여드름,2,dermnet,train
/Users/kyoe/skin_ai/data/dermnet/train/Eczema Photos/eczema-hand-112.jpg,아토피피부염,1,dermnet,train
/Users/kyoe/skin_ai/data/dermnet/train/Atopic Dermatitis Photos/05AtopicHand3.jpg,아토피피부염,1,dermnet,train
/Users/kyoe/skin_ai/data/dermnet/train/Psoriasis pictures Lichen Planus and related diseases/lichen-planus-14.jpg,건선,0,dermnet,train
/Users/kyoe/skin_ai/data/dermnet/train/Psoriasis pictures Lichen Planus and related diseases/08sebKerm0123064.jpg,건선,0,dermnet,train
/Users/kyoe/skin_ai/data/dermnet/train/Eczema Photos/eczema-hand-104.jpg,아토피피부염,1,dermnet,train
/Users/kyoe/skin_ai/data/dermnet/train/Psoriasis pictures Lichen Planus and related diseases/08sebDermEar031306.jpg,건선,0,dermnet,train
/Users/kyoe/skin_ai/data/dermnet/train/Psoriasis pictures Lichen Planus and related diseases/Lichen-Planus-Penis-4.jpg,건선,0,dermnet,train
/Users/kyoe/skin_ai/data/dermnet/train/Psoriasis pictures Lichen Planus and related diseases/psoriasis-palms-soles-184.jpg,건선,0,dermnet,train
/Users/kyoe/skin_ai/data/dermnet/train/Acne and Rosacea Photos/hidradenitis-suppurativa-77.jpg,여드름,2,dermnet,train
/Users/kyoe/skin_ai/data/dermnet/train/Acne and Rosacea Photos/perioral-dermatitis-20.jpg,여드름,2,dermnet,train
/Users/kyoe/skin_ai/data/dermnet/train/Psoriasis pictures Lichen Planus and related diseases/seborrheic-dermatitis-131.jpg,건선,0,dermnet,train
/Users/kyoe/skin_ai/data/dermnet/train/Eczema Photos/stasis-dermatitis-166.jpg,아토피피부염,1,dermnet,train
/Users/kyoe/skin_ai/data/dermnet/train/Psoriasis pictures Lichen Planus and related diseases/psoriasis-pustular-generalized-32.jpg,건선,0,dermnet,train
/Users/kyoe/skin_ai/data/dermnet/train/Psoriasis pictures Lichen Planus and related diseases/Lichen-Sclerosis-Vulva-40.jpg,건선,0,dermnet,train
/Users/kyoe/skin_ai/data/dermnet/train/Psoriasis pictures Lichen Planus and related diseases/psoriasis-palms-soles-135.jpg,건선,0,dermnet,train
/Users/kyoe/skin_ai/data/dermnet/train/Acne and Rosacea Photos/acne-open-comedo-40.jpg,여드름,2,dermnet,train
/Users/kyoe/skin_ai/data/dermnet/train/Acne and Rosacea Photos/rosacea-68.jpg,여드름,2,dermnet,train
/Users/kyoe/skin_ai/data/dermnet/train/Psoriasis pictures Lichen Planus and related diseases/pityriasis-rubra-pilaris-27.jpg,건선,0,dermnet,train
/Users/kyoe/skin_ai/data/dermnet/train/Psoriasis pictures Lichen Planus and related diseases/Lichen-Sclerosus-Skin-66.jpg,건선,0,dermnet,train
/Users/kyoe/skin_ai/data/dermnet/train/Eczema Photos/chapped-fissured-feet-34.jpg,아토피피부염,1,dermnet,train
/Users/kyoe/skin_ai/data/dermnet/train/Acne and Rosacea Photos/acne-cystic-28.jpg,여드름,2,dermnet,train
/Users/kyoe/skin_ai/data/dermnet/train/Atopic Dermatitis Photos/13IMG012.jpg,아토피피부염,1,dermnet,train
/Users/kyoe/skin_ai/data/dermnet/train/Psoriasis pictures Lichen Planus and related diseases/Psoriasis-Chronic-Plaque-186.jpg,건선,0,dermnet,train
/Users/kyoe/skin_ai/data/dermnet/train/Acne and Rosacea Photos/rosacea-64.jpg,여드름,2,dermnet,train
/Users/kyoe/skin_ai/data/dermnet/train/Eczema Photos/lichen-simplex-chronicus-109.jpg,아토피피부염,1,dermnet,train
/Users/kyoe/skin_ai/data/dermnet/train/Acne and Rosacea Photos/acne-open-comedo-57.jpg,여드름,2,dermnet,train
/Users/kyoe/skin_ai/data/dermnet/train/Psoriasis pictures Lichen Planus and related diseases/lichen-planus-152.jpg,건선,0,dermnet,train
/Users/kyoe/skin_ai/data/dermnet/train/Acne and Rosacea Photos/acne-open-comedo-41.jpg,여드름,2,dermnet,train
/Users/kyoe/skin_ai/data/dermnet/train/Psoriasis pictures Lichen Planus and related diseases/psoriasis-scalp-67.jpg,건선,0,dermnet,train
/Users/kyoe/skin_ai/data/dermnet/train/Atopic Dermatitis Photos/05Atopic0322044.jpg,아토피피부염,1,dermnet,train
/Users/kyoe/skin_ai/data/dermnet/train/Acne and Rosacea Photos/hidradenitis-suppurativa-87.jpg,여드름,2,dermnet,train
/Users/kyoe/skin_ai/data/dermnet/train/Psoriasis pictures Lichen Planus and related diseases/Psoriasis-Hand-10.jpg,건선,0,dermnet,train
/Users/kyoe/skin_ai/data/dermnet/train/Psoriasis pictures Lichen Planus and related diseases/psoriasis-palms-soles-194.jpg,건선,0,dermnet,train
/Users/kyoe/skin_ai/data/dermnet/train/Atopic Dermatitis Photos/05Atopic12014.jpg,아토피피부염,1,dermnet,train
/Users/kyoe/skin_ai/data/dermnet/train/Psoriasis pictures Lichen Planus and related diseases/Psoriasis-Chronic-Plaque-104.jpg,건선,0,dermnet,train
/Users/kyoe/skin_ai/data/dermnet/train/Eczema Photos/eczema-hand-14.jpg,아토피피부염,1,dermnet,train
/Users/kyoe/skin_ai/data/dermnet/train/Psoriasis pictures Lichen Planus and related diseases/Lichen-Sclerosus-Skin-104.jpg,건선,0,dermnet,train
/Users/kyoe/skin_ai/data/dermnet/train/Acne and Rosacea Photos/rosacea-112.jpg,여드름,2,dermnet,train
/Users/kyoe/skin_ai/data/dermnet/train/Atopic Dermatitis Photos/7IMG003.jpg,아토피피부염,1,dermnet,train
/Users/kyoe/skin_ai/data/dermnet/train/Atopic Dermatitis Photos/05atopicDerm032805.jpg,아토피피부염,1,dermnet,train
/Users/kyoe/skin_ai/data/dermnet/train/Eczema Photos/stasis-dermatitis-118.jpg,아토피피부염,1,dermnet,train
/Users/kyoe/skin_ai/data/dermnet/train/Psoriasis pictures Lichen Planus and related diseases/Lichen-Sclerosus-Skin-65.jpg,건선,0,dermnet,train
/Users/kyoe/skin_ai/data/dermnet/train/Atopic Dermatitis Photos/05KeratosisPilaris051004.jpg,아토피피부염,1,dermnet,train
/Users/kyoe/skin_ai/data/dermnet/train/Psoriasis pictures Lichen Planus and related diseases/Psoriasis-inversus-19.jpg,건선,0,dermnet,train
/Users/kyoe/skin_ai/data/dermnet/train/Eczema Photos/eczema-fingertips-126.jpg,아토피피부염,1,dermnet,train
/Users/kyoe/skin_ai/data/dermnet/train/Acne and Rosacea Photos/milia-6.jpg,여드름,2,dermnet,train
/Users/kyoe/skin_ai/data/dermnet/train/Psoriasis pictures Lichen Planus and related diseases/Lichen-Sclerosus-Skin-38.jpg,건선,0,dermnet,train
/Users/kyoe/skin_ai/data/dermnet/train/Eczema Photos/eczema-nummular-2.jpg,아토피피부염,1,dermnet,train
/Users/kyoe/skin_ai/data/dermnet/train/Acne and Rosacea Photos/hidradenitis-suppurativa-6.jpg,여드름,2,dermnet,train
/Users/kyoe/skin_ai/data/dermnet/train/Eczema Photos/eczema-subacute-82.jpg,아토피피부염,1,dermnet,train
/Users/kyoe/skin_ai/data/dermnet/train/Eczema Photos/eczema-impetiginized-7.jpg,아토피피부염,1,dermnet,train
/Users/kyoe/skin_ai/data/dermnet/train/Psoriasis pictures Lichen Planus and related diseases/psoriasis-pustular-generalized-65.jpg,건선,0,dermnet,train
/Users/kyoe/skin_ai/data/dermnet/train/Eczema Photos/lichen-simplex-chronicus-127.jpg,아토피피부염,1,dermnet,train
/Users/kyoe/skin_ai/data/dermnet/train/Atopic Dermatitis Photos/05AtopicHand.jpg,아토피피부염,1,dermnet,train
/Users/kyoe/skin_ai/data/dermnet/train/Psoriasis pictures Lichen Planus and related diseases/psoriasis-palms-soles-112.jpg,건선,0,dermnet,train
/Users/kyoe/skin_ai/data/dermnet/train/Atopic Dermatitis Photos/5T-0023.jpg,아토피피부염,1,dermnet,train
/Users/kyoe/skin_ai/data/dermnet/train/Psoriasis pictures Lichen Planus and related diseases/Psoriasis-Chronic-Plaque-18.jpg,건선,0,dermnet,train
/Users/kyoe/skin_ai/data/dermnet/train/Eczema Photos/eczema-subacute-22.jpg,아토피피부염,1,dermnet,train
/Users/kyoe/skin_ai/data/dermnet/train/Eczema Photos/lichen-simplex-chronicus-136.jpg,아토피피부염,1,dermnet,train
/Users/kyoe/skin_ai/data/dermnet/train/Eczema Photos/eczema-chronic-24.jpg,아토피피부염,1,dermnet,train
/Users/kyoe/skin_ai/data/dermnet/train/Psoriasis pictures Lichen Planus and related diseases/pityriasis-rosea-20.jpg,건선,0,dermnet,train
/Users/kyoe/skin_ai/data/dermnet/train/Eczema Photos/lichen-simplex-chronicus-82.jpg,아토피피부염,1,dermnet,train
/Users/kyoe/skin_ai/data/dermnet/train/Acne and Rosacea Photos/acne-open-comedo-67.jpg,여드름,2,dermnet,train
/Users/kyoe/skin_ai/data/dermnet/train/Psoriasis pictures Lichen Planus and related diseases/psoriasis-pustular-generalized-48.jpg,건선,0,dermnet,train
/Users/kyoe/skin_ai/data/dermnet/train/Eczema Photos/eczema-hand-185.jpg,아토피피부염,1,dermnet,train
/Users/kyoe/skin_ai/data/dermnet/train/Atopic Dermatitis Photos/5T-0005.jpg,아토피피부염,1,dermnet,train
/Users/kyoe/skin_ai/data/dermnet/train/Psoriasis pictures Lichen Planus and related diseases/Psoriasis-Light-Sensative-1.jpg,건선,0,dermnet,train
/Users/kyoe/skin_ai/data/dermnet/train/Acne and Rosacea Photos/hidradenitis-suppurativa-26.jpg,여드름,2,dermnet,train
/Users/kyoe/skin_ai/data/dermnet/train/Acne and Rosacea Photos/acne-infantile-13.jpg,여드름,2,dermnet,train
/Users/kyoe/skin_ai/data/dermnet/train/Eczema Photos/stasis-dermatitis-131.jpg,아토피피부염,1,dermnet,train
/Users/kyoe/skin_ai/data/dermnet/train/Psoriasis pictures Lichen Planus and related diseases/Psoriasis-Hand-12.jpg,건선,0,dermnet,train
/Users/kyoe/skin_ai/data/dermnet/train/Eczema Photos/fiberglass-dermatitis-4.jpg,아토피피부염,1,dermnet,train
/Users/kyoe/skin_ai/data/dermnet/train/Psoriasis pictures Lichen Planus and related diseases/Lichen-Sclerosus-Skin-59.jpg,건선,0,dermnet,train
/Users/kyoe/skin_ai/data/dermnet/train/Atopic Dermatitis Photos/05PityriasisAlba0105041.jpg,아토피피부염,1,dermnet,train
/Users/kyoe/skin_ai/data/dermnet/train/Eczema Photos/eczema-ears-3.jpg,아토피피부염,1,dermnet,train
/Users/kyoe/skin_ai/data/dermnet/train/Eczema Photos/eczema-hand-162.jpg,아토피피부염,1,dermnet,train
/Users/kyoe/skin_ai/data/dermnet/train/Psoriasis pictures Lichen Planus and related diseases/psoriasis-palms-soles-143.jpg,건선,0,dermnet,train
/Users/kyoe/skin_ai/data/dermnet/train/Psoriasis pictures Lichen Planus and related diseases/Psoriasis-Hand-20.jpg,건선,0,dermnet,train
/Users/kyoe/skin_ai/data/dermnet/train/Psoriasis pictures Lichen Planus and related diseases/Psoriasis-nails-26.jpg,건선,0,dermnet,train
/Users/kyoe/skin_ai/data/dermnet/train/Atopic Dermatitis Photos/12IMG001.jpg,아토피피부염,1,dermnet,train
/Users/kyoe/skin_ai/data/dermnet/train/Psoriasis pictures Lichen Planus and related diseases/Psoriasis-Chronic-Plaque-177.jpg,건선,0,dermnet,train
/Users/kyoe/skin_ai/data/dermnet/train/Atopic Dermatitis Photos/05atopicFeet0823041.jpg,아토피피부염,1,dermnet,train
/Users/kyoe/skin_ai/data/dermnet/train/Acne and Rosacea Photos/rosacea-113.jpg,여드름,2,dermnet,train
/Users/kyoe/skin_ai/data/dermnet/train/Psoriasis pictures Lichen Planus and related diseases/Lichen-Sclerosus-Penis-25.jpg,건선,0,dermnet,train
/Users/kyoe/skin_ai/data/dermnet/train/Atopic Dermatitis Photos/9IMG007.jpg,아토피피부염,1,dermnet,train
/Users/kyoe/skin_ai/data/dermnet/train/Eczema Photos/stasis-dermatitis-84.jpg,아토피피부염,1,dermnet,train
/Users/kyoe/skin_ai/data/dermnet/train/Acne and Rosacea Photos/acne-open-comedo-3.jpg,여드름,2,dermnet,train
/Users/kyoe/skin_ai/data/dermnet/train/Acne and Rosacea Photos/07SteroidPerioral.jpg,여드름,2,dermnet,train
/Users/kyoe/skin_ai/data/dermnet/train/Eczema Photos/Dyshidrosis-55.jpg,아토피피부염,1,dermnet,train
/Users/kyoe/skin_ai/data/dermnet/train/Psoriasis pictures Lichen Planus and related diseases/Psoriasis-Guttate-12.jpg,건선,0,dermnet,train
/Users/kyoe/skin_ai/data/dermnet/train/Eczema Photos/eczema-lids-6.jpg,아토피피부염,1,dermnet,train
/Users/kyoe/skin_ai/data/dermnet/train/Eczema Photos/eczema-subacute-33.jpg,아토피피부염,1,dermnet,train
/Users/kyoe/skin_ai/data/dermnet/train/Psoriasis pictures Lichen Planus and related diseases/psoriasis-palms-soles-145.jpg,건선,0,dermnet,train
/Users/kyoe/skin_ai/data/dermnet/train/Eczema Photos/neurotic-excoriations-2.jpg,아토피피부염,1,dermnet,train
/Users/kyoe/skin_ai/data/dermnet/train/Psoriasis pictures Lichen Planus and related diseases/Lichen-Sclerosus-Skin-98.jpg,건선,0,dermnet,train
/Users/kyoe/skin_ai/data/dermnet/train/Eczema Photos/eczema-nummular-172.jpg,아토피피부염,1,dermnet,train
/Users/kyoe/skin_ai/data/dermnet/train/Atopic Dermatitis Photos/12IMG011.jpg,아토피피부염,1,dermnet,train
/Users/kyoe/skin_ai/data/dermnet/train/Eczema Photos/eczema-foot-72.jpg,아토피피부염,1,dermnet,train
/Users/kyoe/skin_ai/data/dermnet/train/Eczema Photos/eczema-fingertips-59.jpg,아토피피부염,1,dermnet,train
/Users/kyoe/skin_ai/data/dermnet/train/Psoriasis pictures Lichen Planus and related diseases/pityriasis-rosea-93.jpg,건선,0,dermnet,train
/Users/kyoe/skin_ai/data/dermnet/train/Psoriasis pictures Lichen Planus and related diseases/psoriasis-erythrodermic-39.jpg,건선,0,dermnet,train
/Users/kyoe/skin_ai/data/dermnet/train/Psoriasis pictures Lichen Planus and related diseases/psoriasis-scalp-22.jpg,건선,0,dermnet,train
/Users/kyoe/skin_ai/data/dermnet/train/Eczema Photos/fiberglass-dermatitis-5.jpg,아토피피부염,1,dermnet,train
/Users/kyoe/skin_ai/data/dermnet/train/Eczema Photos/id-reaction-6.jpg,아토피피부염,1,dermnet,train
/Users/kyoe/skin_ai/data/dermnet/train/Acne and Rosacea Photos/rosacea-37.jpg,여드름,2,dermnet,train
/Users/kyoe/skin_ai/data/dermnet/train/Psoriasis pictures Lichen Planus and related diseases/Lichen-Sclerosus-Skin-128.jpg,건선,0,dermnet,train
/Users/kyoe/skin_ai/data/dermnet/train/Eczema Photos/stasis-dermatitis-143.jpg,아토피피부염,1,dermnet,train
/Users/kyoe/skin_ai/data/dermnet/train/Acne and Rosacea Photos/acne-open-comedo-4.jpg,여드름,2,dermnet,train
/Users/kyoe/skin_ai/data/dermnet/train/Acne and Rosacea Photos/rosacea-nose-57.jpg,여드름,2,dermnet,train
/Users/kyoe/skin_ai/data/dermnet/train/Psoriasis pictures Lichen Planus and related diseases/pityriasis-rubra-pilaris-19.jpg,건선,0,dermnet,train
/Users/kyoe/skin_ai/data/dermnet/train/Psoriasis pictures Lichen Planus and related diseases/Psoriasis-Hand-42.jpg,건선,0,dermnet,train
/Users/kyoe/skin_ai/data/dermnet/train/Acne and Rosacea Photos/hidradenitis-suppurativa-85.jpg,여드름,2,dermnet,train
/Users/kyoe/skin_ai/data/dermnet/train/Psoriasis pictures Lichen Planus and related diseases/pityriasis-rosea-165.jpg,건선,0,dermnet,train
/Users/kyoe/skin_ai/data/dermnet/train/Eczema Photos/lichen-simplex-chronicus-156.jpg,아토피피부염,1,dermnet,train
/Users/kyoe/skin_ai/data/dermnet/train/Psoriasis pictures Lichen Planus and related diseases/Psoriasis-inversus-20.jpg,건선,0,dermnet,train
/Users/kyoe/skin_ai/data/dermnet/train/Eczema Photos/eczema-nummular-150.jpg,아토피피부염,1,dermnet,train
/Users/kyoe/skin_ai/data/dermnet/train/Atopic Dermatitis Photos/05KeratosisPilaris0510043.jpg,아토피피부염,1,dermnet,train
/Users/kyoe/skin_ai/data/dermnet/train/Acne and Rosacea Photos/rosacea-83.jpg,여드름,2,dermnet,train
/Users/kyoe/skin_ai/data/dermnet/train/Acne and Rosacea Photos/acne-infantile-15.jpg,여드름,2,dermnet,train
/Users/kyoe/skin_ai/data/dermnet/train/Eczema Photos/eczema-chronic-27.jpg,아토피피부염,1,dermnet,train
/Users/kyoe/skin_ai/data/dermnet/train/Eczema Photos/eczema-hand-118.jpg,아토피피부염,1,dermnet,train
/Users/kyoe/skin_ai/data/dermnet/train/Psoriasis pictures Lichen Planus and related diseases/Psoriasis-infant-2.jpg,건선,0,dermnet,train
/Users/kyoe/skin_ai/data/dermnet/train/Psoriasis pictures Lichen Planus and related diseases/psoriasis-erythrodermic-32.jpg,건선,0,dermnet,train
/Users/kyoe/skin_ai/data/dermnet/train/Psoriasis pictures Lichen Planus and related diseases/Psoriasis-Chronic-Plaque-10.jpg,건선,0,dermnet,train
/Users/kyoe/skin_ai/data/dermnet/train/Acne and Rosacea Photos/fordyce-spots-1.jpg,여드름,2,dermnet,train
/Users/kyoe/skin_ai/data/dermnet/train/Eczema Photos/eczema-chronic-26.jpg,아토피피부염,1,dermnet,train
/Users/kyoe/skin_ai/data/dermnet/train/Psoriasis pictures Lichen Planus and related diseases/Psoriasis-Guttate-123.jpg,건선,0,dermnet,train
/Users/kyoe/skin_ai/data/dermnet/train/Psoriasis pictures Lichen Planus and related diseases/psoriasis-palms-soles-186.jpg,건선,0,dermnet,train
/Users/kyoe/skin_ai/data/dermnet/train/Psoriasis pictures Lichen Planus and related diseases/Pityriasis-Lichenoides-29.jpg,건선,0,dermnet,train
/Users/kyoe/skin_ai/data/dermnet/train/Psoriasis pictures Lichen Planus and related diseases/lichen-planus-204.jpg,건선,0,dermnet,train
/Users/kyoe/skin_ai/data/dermnet/train/Eczema Photos/eczema-subacute-7.jpg,아토피피부염,1,dermnet,train
/Users/kyoe/skin_ai/data/dermnet/train/Acne and Rosacea Photos/milia-8.jpg,여드름,2,dermnet,train
/Users/kyoe/skin_ai/data/dermnet/train/Eczema Photos/eczema-foot-29.jpg,아토피피부염,1,dermnet,train
/Users/kyoe/skin_ai/data/dermnet/train/Psoriasis pictures Lichen Planus and related diseases/Psoriasis-Chronic-Plaque-114.jpg,건선,0,dermnet,train
/Users/kyoe/skin_ai/data/dermnet/train/Atopic Dermatitis Photos/05atopicFeet0801055.jpg,아토피피부염,1,dermnet,train
/Users/kyoe/skin_ai/data/dermnet/train/Eczema Photos/eczema-foot-94.jpg,아토피피부염,1,dermnet,train
/Users/kyoe/skin_ai/data/dermnet/train/Eczema Photos/eczema-fingertips-39.jpg,아토피피부염,1,dermnet,train
/Users/kyoe/skin_ai/data/dermnet/train/Psoriasis pictures Lichen Planus and related diseases/Lichen-Sclerosus-Skin-131.jpg,건선,0,dermnet,train
/Users/kyoe/skin_ai/data/dermnet/train/Eczema Photos/eczema-lids-14.jpg,아토피피부염,1,dermnet,train
/Users/kyoe/skin_ai/data/dermnet/train/Psoriasis pictures Lichen Planus and related diseases/pityriasis-rosea-82.jpg,건선,0,dermnet,train
/Users/kyoe/skin_ai/data/dermnet/train/Psoriasis pictures Lichen Planus and related diseases/psoriasis-palms-soles-175.jpg,건선,0,dermnet,train
/Users/kyoe/skin_ai/data/dermnet/train/Eczema Photos/eczema-hand-121.jpg,아토피피부염,1,dermnet,train
/Users/kyoe/skin_ai/data/dermnet/train/Acne and Rosacea Photos/acne-open-comedo-37.jpg,여드름,2,dermnet,train
/Users/kyoe/skin_ai/data/dermnet/train/Atopic Dermatitis Photos/AtopicIMG010-GP3.jpg,아토피피부염,1,dermnet,train
/Users/kyoe/skin_ai/data/dermnet/train/Psoriasis pictures Lichen Planus and related diseases/seborrheic-dermatitis-150.jpg,건선,0,dermnet,train
/Users/kyoe/skin_ai/data/dermnet/train/Acne and Rosacea Photos/acne-infantile-9.jpg,여드름,2,dermnet,train
/Users/kyoe/skin_ai/data/dermnet/train/Acne and Rosacea Photos/acne-excoriated-5.jpg,여드름,2,dermnet,train
/Users/kyoe/skin_ai/data/dermnet/train/Eczema Photos/pompholyx-16.jpg,아토피피부염,1,dermnet,train
/Users/kyoe/skin_ai/data/dermnet/train/Acne and Rosacea Photos/perioral-dermatitis-21.jpg,여드름,2,dermnet,train
/Users/kyoe/skin_ai/data/dermnet/train/Acne and Rosacea Photos/perioral-dermatitis-124.jpg,여드름,2,dermnet,train
/Users/kyoe/skin_ai/data/dermnet/train/Psoriasis pictures Lichen Planus and related diseases/Lichen-Planus-Drug-21.jpg,건선,0,dermnet,train
/Users/kyoe/skin_ai/data/dermnet/train/Psoriasis pictures Lichen Planus and related diseases/pityriasis-rubra-pilaris-71.jpg,건선,0,dermnet,train
/Users/kyoe/skin_ai/data/dermnet/train/Acne and Rosacea Photos/acne-pustular-8.jpg,여드름,2,dermnet,train
/Users/kyoe/skin_ai/data/dermnet/train/Psoriasis pictures Lichen Planus and related diseases/lichen-planus-170.jpg,건선,0,dermnet,train
/Users/kyoe/skin_ai/data/dermnet/train/Eczema Photos/stasis-dermatitis-112.jpg,아토피피부염,1,dermnet,train
/Users/kyoe/skin_ai/data/dermnet/train/Atopic Dermatitis Photos/05AtopicFace14.jpg,아토피피부염,1,dermnet,train
/Users/kyoe/skin_ai/data/dermnet/train/Eczema Photos/eczema-subacute-108.jpg,아토피피부염,1,dermnet,train
/Users/kyoe/skin_ai/data/dermnet/train/Eczema Photos/keratolysis-exfoliativa-41.jpg,아토피피부염,1,dermnet,train
/Users/kyoe/skin_ai/data/dermnet/train/Psoriasis pictures Lichen Planus and related diseases/psoriasis-scalp-26.jpg,건선,0,dermnet,train
/Users/kyoe/skin_ai/data/dermnet/train/Eczema Photos/03DermatitisArm.jpg,아토피피부염,1,dermnet,train
/Users/kyoe/skin_ai/data/dermnet/train/Psoriasis pictures Lichen Planus and related diseases/lichen-planus-148.jpg,건선,0,dermnet,train
/Users/kyoe/skin_ai/data/dermnet/train/Acne and Rosacea Photos/acne-primary-lesion-7.jpg,여드름,2,dermnet,train
/Users/kyoe/skin_ai/data/dermnet/train/Eczema Photos/eczema-impetiginized-10.jpg,아토피피부염,1,dermnet,train
/Users/kyoe/skin_ai/data/dermnet/train/Psoriasis pictures Lichen Planus and related diseases/Lichen-Planus-Drug-11.jpg,건선,0,dermnet,train
/Users/kyoe/skin_ai/data/dermnet/train/Eczema Photos/eczema-hand-158.jpg,아토피피부염,1,dermnet,train
/Users/kyoe/skin_ai/data/dermnet/train/Acne and Rosacea Photos/minocycline-pigmentation-8.jpg,여드름,2,dermnet,train
/Users/kyoe/skin_ai/data/dermnet/train/Psoriasis pictures Lichen Planus and related diseases/Psoriasis-Guttate-23.jpg,건선,0,dermnet,train
/Users/kyoe/skin_ai/data/dermnet/train/Eczema Photos/eczema-asteatotic-50.jpg,아토피피부염,1,dermnet,train
/Users/kyoe/skin_ai/data/dermnet/train/Psoriasis pictures Lichen Planus and related diseases/Lichen-Sclerosus-Penis-18.jpg,건선,0,dermnet,train
/Users/kyoe/skin_ai/data/dermnet/train/Atopic Dermatitis Photos/11IMG014.jpg,아토피피부염,1,dermnet,train
/Users/kyoe/skin_ai/data/dermnet/train/Atopic Dermatitis Photos/KeratosisIMG003-GP3.jpg,아토피피부염,1,dermnet,train
/Users/kyoe/skin_ai/data/dermnet/train/Atopic Dermatitis Photos/05Atopic042801.jpg,아토피피부염,1,dermnet,train
/Users/kyoe/skin_ai/data/dermnet/train/Atopic Dermatitis Photos/05Atopic03290446.jpg,아토피피부염,1,dermnet,train
/Users/kyoe/skin_ai/data/dermnet/train/Acne and Rosacea Photos/acne-pustular-31.jpg,여드름,2,dermnet,train
/Users/kyoe/skin_ai/data/dermnet/train/Psoriasis pictures Lichen Planus and related diseases/psoriasis-pustular-generalized-33.jpg,건선,0,dermnet,train
/Users/kyoe/skin_ai/data/dermnet/train/Psoriasis pictures Lichen Planus and related diseases/Psoriasis-Histology-14.jpg,건선,0,dermnet,train
/Users/kyoe/skin_ai/data/dermnet/train/Eczema Photos/eczema-hand-97.jpg,아토피피부염,1,dermnet,train
/Users/kyoe/skin_ai/data/dermnet/train/Psoriasis pictures Lichen Planus and related diseases/pityriasis-rosea-84.jpg,건선,0,dermnet,train
/Users/kyoe/skin_ai/data/dermnet/train/Eczema Photos/03eczema091205.jpg,아토피피부염,1,dermnet,train
/Users/kyoe/skin_ai/data/dermnet/train/Eczema Photos/eczema-nummular-148.jpg,아토피피부염,1,dermnet,train
/Users/kyoe/skin_ai/data/dermnet/train/Psoriasis pictures Lichen Planus and related diseases/psoriasis-pustular-generalized-14.jpg,건선,0,dermnet,train
/Users/kyoe/skin_ai/data/dermnet/train/Eczema Photos/eczema-anal-4.jpg,아토피피부염,1,dermnet,train
/Users/kyoe/skin_ai/data/dermnet/train/Psoriasis pictures Lichen Planus and related diseases/psoriasis-erythrodermic-4.jpg,건선,0,dermnet,train
/Users/kyoe/skin_ai/data/dermnet/train/Eczema Photos/Dyshidrosis-30.jpg,아토피피부염,1,dermnet,train
/Users/kyoe/skin_ai/data/dermnet/train/Psoriasis pictures Lichen Planus and related diseases/Lichen-Planus-Palm-Soles-4.jpg,건선,0,dermnet,train
/Users/kyoe/skin_ai/data/dermnet/train/Eczema Photos/eczema-subacute-92.jpg,아토피피부염,1,dermnet,train
/Users/kyoe/skin_ai/data/dermnet/train/Eczema Photos/neurotic-excoriations-18.jpg,아토피피부염,1,dermnet,train
/Users/kyoe/skin_ai/data/dermnet/train/Acne and Rosacea Photos/acne-excoriated-16.jpg,여드름,2,dermnet,train
/Users/kyoe/skin_ai/data/dermnet/train/Atopic Dermatitis Photos/1IMG016.jpg,아토피피부염,1,dermnet,train
/Users/kyoe/skin_ai/data/dermnet/train/Eczema Photos/prurigo-nodularis-38.jpg,아토피피부염,1,dermnet,train
/Users/kyoe/skin_ai/data/dermnet/train/Eczema Photos/eczema-nummular-107.jpg,아토피피부염,1,dermnet,train
/Users/kyoe/skin_ai/data/dermnet/train/Psoriasis pictures Lichen Planus and related diseases/psoriasis-palms-soles-15.jpg,건선,0,dermnet,train
/Users/kyoe/skin_ai/data/dermnet/train/Psoriasis pictures Lichen Planus and related diseases/psoriasis-pustular-generalized-17.jpg,건선,0,dermnet,train
/Users/kyoe/skin_ai/data/dermnet/train/Eczema Photos/eczema-fingertips-111.jpg,아토피피부염,1,dermnet,train
/Users/kyoe/skin_ai/data/dermnet/train/Psoriasis pictures Lichen Planus and related diseases/psoriasis-scalp-20.jpg,건선,0,dermnet,train
/Users/kyoe/skin_ai/data/dermnet/train/Psoriasis pictures Lichen Planus and related diseases/psoriasis-scalp-85.jpg,건선,0,dermnet,train
/Users/kyoe/skin_ai/data/dermnet/train/Eczema Photos/stasis-dermatitis-87.jpg,아토피피부염,1,dermnet,train
/Users/kyoe/skin_ai/data/dermnet/train/Eczema Photos/lichen-simplex-chronicus-1.jpg,아토피피부염,1,dermnet,train
/Users/kyoe/skin_ai/data/dermnet/train/Psoriasis pictures Lichen Planus and related diseases/Lichen-Sclerosus-Penis-42.jpg,건선,0,dermnet,train
/Users/kyoe/skin_ai/data/dermnet/train/Atopic Dermatitis Photos/05keratosisPilaris23.jpg,아토피피부염,1,dermnet,train
/Users/kyoe/skin_ai/data/dermnet/train/Eczema Photos/eczema-face-11.jpg,아토피피부염,1,dermnet,train
/Users/kyoe/skin_ai/data/dermnet/train/Atopic Dermatitis Photos/26-0006.jpg,아토피피부염,1,dermnet,train
/Users/kyoe/skin_ai/data/dermnet/train/Psoriasis pictures Lichen Planus and related diseases/Psoriasis-Guttate-107.jpg,건선,0,dermnet,train
/Users/kyoe/skin_ai/data/dermnet/train/Psoriasis pictures Lichen Planus and related diseases/pityriasis-rubra-pilaris-36.jpg,건선,0,dermnet,train
/Users/kyoe/skin_ai/data/dermnet/train/Atopic Dermatitis Photos/36IMG008.jpg,아토피피부염,1,dermnet,train
/Users/kyoe/skin_ai/data/dermnet/train/Acne and Rosacea Photos/acne-cystic-60.jpg,여드름,2,dermnet,train
/Users/kyoe/skin_ai/data/dermnet/train/Acne and Rosacea Photos/acne-closed-comedo-2.jpg,여드름,2,dermnet,train
/Users/kyoe/skin_ai/data/dermnet/train/Atopic Dermatitis Photos/03ichthyosis020127.jpg,아토피피부염,1,dermnet,train
/Users/kyoe/skin_ai/data/dermnet/train/Acne and Rosacea Photos/acne-cystic-126.jpg,여드름,2,dermnet,train
/Users/kyoe/skin_ai/data/dermnet/train/Atopic Dermatitis Photos/4th1IMG006.jpg,아토피피부염,1,dermnet,train
/Users/kyoe/skin_ai/data/dermnet/train/Eczema Photos/eczema-fingertips-9.jpg,아토피피부염,1,dermnet,train
/Users/kyoe/skin_ai/data/dermnet/train/Psoriasis pictures Lichen Planus and related diseases/lichen-planus-vaginal-1.jpg,건선,0,dermnet,train
/Users/kyoe/skin_ai/data/dermnet/train/Acne and Rosacea Photos/acne-pustular-9.jpg,여드름,2,dermnet,train
/Users/kyoe/skin_ai/data/dermnet/train/Acne and Rosacea Photos/hidradenitis-suppurativa-63.jpg,여드름,2,dermnet,train
/Users/kyoe/skin_ai/data/dermnet/train/Acne and Rosacea Photos/milia-12.jpg,여드름,2,dermnet,train
/Users/kyoe/skin_ai/data/dermnet/train/Psoriasis pictures Lichen Planus and related diseases/Psoriasis-Hand-60.jpg,건선,0,dermnet,train
/Users/kyoe/skin_ai/data/dermnet/train/Atopic Dermatitis Photos/05atopicFoot050806.jpg,아토피피부염,1,dermnet,train
/Users/kyoe/skin_ai/data/dermnet/train/Eczema Photos/prurigo-nodularis-35.jpg,아토피피부염,1,dermnet,train
/Users/kyoe/skin_ai/data/dermnet/train/Eczema Photos/eczema-trunk-generalized-20.jpg,아토피피부염,1,dermnet,train
/Users/kyoe/skin_ai/data/dermnet/train/Psoriasis pictures Lichen Planus and related diseases/Lichen-Sclerosis-Vulva-37.jpg,건선,0,dermnet,train
/Users/kyoe/skin_ai/data/dermnet/train/Psoriasis pictures Lichen Planus and related diseases/seborrheic-dermatitis-83.jpg,건선,0,dermnet,train
/Users/kyoe/skin_ai/data/dermnet/train/Atopic Dermatitis Photos/05atopicFeet0801054.jpg,아토피피부염,1,dermnet,train
/Users/kyoe/skin_ai/data/dermnet/train/Psoriasis pictures Lichen Planus and related diseases/Lichen-Sclerosus-Skin-101.jpg,건선,0,dermnet,train
/Users/kyoe/skin_ai/data/dermnet/train/Eczema Photos/eczema-foot-63.jpg,아토피피부염,1,dermnet,train
/Users/kyoe/skin_ai/data/dermnet/train/Atopic Dermatitis Photos/5IMG004.jpg,아토피피부염,1,dermnet,train
/Users/kyoe/skin_ai/data/dermnet/train/Eczema Photos/eczema-hyperkeratotic-1.jpg,아토피피부염,1,dermnet,train
/Users/kyoe/skin_ai/data/dermnet/train/Psoriasis pictures Lichen Planus and related diseases/Psoriasis-Guttate-72.jpg,건선,0,dermnet,train
/Users/kyoe/skin_ai/data/dermnet/train/Psoriasis pictures Lichen Planus and related diseases/pityriasis-rubra-pilaris-6.jpg,건선,0,dermnet,train
/Users/kyoe/skin_ai/data/dermnet/train/Eczema Photos/eczema-subacute-69.jpg,아토피피부염,1,dermnet,train
/Users/kyoe/skin_ai/data/dermnet/train/Psoriasis pictures Lichen Planus and related diseases/reiter-syndrome-9.jpg,건선,0,dermnet,train
/Users/kyoe/skin_ai/data/dermnet/train/Eczema Photos/eczema-nummular-122.jpg,아토피피부염,1,dermnet,train
/Users/kyoe/skin_ai/data/dermnet/train/Atopic Dermatitis Photos/7IMG001.jpg,아토피피부염,1,dermnet,train
/Users/kyoe/skin_ai/data/dermnet/train/Eczema Photos/desquamation-7.jpg,아토피피부염,1,dermnet,train
/Users/kyoe/skin_ai/data/dermnet/train/Acne and Rosacea Photos/acne-closed-comedo-38.jpg,여드름,2,dermnet,train
/Users/kyoe/skin_ai/data/dermnet/train/Eczema Photos/eczema-nummular-17.jpg,아토피피부염,1,dermnet,train
/Users/kyoe/skin_ai/data/dermnet/train/Eczema Photos/eczema-foot-60.jpg,아토피피부염,1,dermnet,train
/Users/kyoe/skin_ai/data/dermnet/train/Psoriasis pictures Lichen Planus and related diseases/Lichen-Planus-Oral-16.jpg,건선,0,dermnet,train
/Users/kyoe/skin_ai/data/dermnet/train/Acne and Rosacea Photos/rhinophyma-4.jpg,여드름,2,dermnet,train
/Users/kyoe/skin_ai/data/dermnet/train/Acne and Rosacea Photos/rosacea-110.jpg,여드름,2,dermnet,train
/Users/kyoe/skin_ai/data/dermnet/train/Eczema Photos/eczema-acute-8.jpg,아토피피부염,1,dermnet,train
/Users/kyoe/skin_ai/data/dermnet/train/Acne and Rosacea Photos/perioral-dermatitis-10.jpg,여드름,2,dermnet,train
/Users/kyoe/skin_ai/data/dermnet/train/Eczema Photos/eczema-areola-11.jpg,아토피피부염,1,dermnet,train
/Users/kyoe/skin_ai/data/dermnet/train/Eczema Photos/eczema-chronic-37.jpg,아토피피부염,1,dermnet,train
/Users/kyoe/skin_ai/data/dermnet/train/Psoriasis pictures Lichen Planus and related diseases/Pityriasis-Lichenoides-46.jpg,건선,0,dermnet,train
/Users/kyoe/skin_ai/data/dermnet/train/Psoriasis pictures Lichen Planus and related diseases/08SebDermOK1021.jpg,건선,0,dermnet,train
/Users/kyoe/skin_ai/data/dermnet/train/Psoriasis pictures Lichen Planus and related diseases/Lichen-Planus-Penis-12.jpg,건선,0,dermnet,train
/Users/kyoe/skin_ai/data/dermnet/train/Psoriasis pictures Lichen Planus and related diseases/lichen-planus-139.jpg,건선,0,dermnet,train
/Users/kyoe/skin_ai/data/dermnet/train/Psoriasis pictures Lichen Planus and related diseases/seborrheic-dermatitis-114.jpg,건선,0,dermnet,train
/Users/kyoe/skin_ai/data/dermnet/train/Acne and Rosacea Photos/hidradenitis-suppurativa-49.jpg,여드름,2,dermnet,train
/Users/kyoe/skin_ai/data/dermnet/train/Psoriasis pictures Lichen Planus and related diseases/seborrheic-dermatitis-13.jpg,건선,0,dermnet,train
/Users/kyoe/skin_ai/data/dermnet/train/Psoriasis pictures Lichen Planus and related diseases/Lichen-Planus-Oral-34.jpg,건선,0,dermnet,train
/Users/kyoe/skin_ai/data/dermnet/train/Atopic Dermatitis Photos/12IMG005.jpg,아토피피부염,1,dermnet,train
/Users/kyoe/skin_ai/data/dermnet/train/Acne and Rosacea Photos/acne-excoriated-12.jpg,여드름,2,dermnet,train
/Users/kyoe/skin_ai/data/dermnet/train/Eczema Photos/eczema-nummular-143.jpg,아토피피부염,1,dermnet,train
/Users/kyoe/skin_ai/data/dermnet/train/Eczema Photos/milroy-disease-2.jpg,아토피피부염,1,dermnet,train
/Users/kyoe/skin_ai/data/dermnet/train/Acne and Rosacea Photos/acne-open-comedo-18.jpg,여드름,2,dermnet,train
/Users/kyoe/skin_ai/data/dermnet/train/Eczema Photos/eczema-fingertips-118.jpg,아토피피부염,1,dermnet,train
/Users/kyoe/skin_ai/data/dermnet/train/Eczema Photos/eczema-nummular-203.jpg,아토피피부염,1,dermnet,train
/Users/kyoe/skin_ai/data/dermnet/train/Psoriasis pictures Lichen Planus and related diseases/Lichen-Planus-Oral-28.jpg,건선,0,dermnet,train
/Users/kyoe/skin_ai/data/dermnet/train/Eczema Photos/eczema-foot-67.jpg,아토피피부염,1,dermnet,train
/Users/kyoe/skin_ai/data/dermnet/train/Acne and Rosacea Photos/nevus-comedonicus-4.jpg,여드름,2,dermnet,train
/Users/kyoe/skin_ai/data/dermnet/train/Psoriasis pictures Lichen Planus and related diseases/Psoriasis-penis-23.jpg,건선,0,dermnet,train
/Users/kyoe/skin_ai/data/dermnet/train/Acne and Rosacea Photos/hidradenitis-suppurativa-99.jpg,여드름,2,dermnet,train
/Users/kyoe/skin_ai/data/dermnet/train/Eczema Photos/eczema-hand-90.jpg,아토피피부염,1,dermnet,train
/Users/kyoe/skin_ai/data/dermnet/train/Psoriasis pictures Lichen Planus and related diseases/Lichen-Planus-Drug-3.jpg,건선,0,dermnet,train
/Users/kyoe/skin_ai/data/dermnet/train/Eczema Photos/eczema-fingertips-14.jpg,아토피피부염,1,dermnet,train
/Users/kyoe/skin_ai/data/dermnet/train/Acne and Rosacea Photos/perioral-dermatitis-122.jpg,여드름,2,dermnet,train
/Users/kyoe/skin_ai/data/dermnet/train/Eczema Photos/eczema-nummular-13.jpg,아토피피부염,1,dermnet,train
/Users/kyoe/skin_ai/data/dermnet/train/Eczema Photos/eczema-fingertips-49.jpg,아토피피부염,1,dermnet,train
/Users/kyoe/skin_ai/data/dermnet/train/Atopic Dermatitis Photos/05AtopicFace0105042ok.jpg,아토피피부염,1,dermnet,train
/Users/kyoe/skin_ai/data/dermnet/train/Psoriasis pictures Lichen Planus and related diseases/Lichen-Sclerosus-Skin-21.jpg,건선,0,dermnet,train
/Users/kyoe/skin_ai/data/dermnet/train/Eczema Photos/eczema-hand-187.jpg,아토피피부염,1,dermnet,train
/Users/kyoe/skin_ai/data/dermnet/train/Psoriasis pictures Lichen Planus and related diseases/lichen-planus-200.jpg,건선,0,dermnet,train
/Users/kyoe/skin_ai/data/dermnet/train/Atopic Dermatitis Photos/3IMG009.jpg,아토피피부염,1,dermnet,train
/Users/kyoe/skin_ai/data/dermnet/train/Psoriasis pictures Lichen Planus and related diseases/psoriasis-scalp-25.jpg,건선,0,dermnet,train
/Users/kyoe/skin_ai/data/dermnet/train/Acne and Rosacea Photos/rosacea-44.jpg,여드름,2,dermnet,train
/Users/kyoe/skin_ai/data/dermnet/train/Psoriasis pictures Lichen Planus and related diseases/Lichen-Planus-Oral-47.jpg,건선,0,dermnet,train
/Users/kyoe/skin_ai/data/dermnet/train/Acne and Rosacea Photos/acne-infantile-12.jpg,여드름,2,dermnet,train
/Users/kyoe/skin_ai/data/dermnet/train/Acne and Rosacea Photos/hidradenitis-suppurativa-55.jpg,여드름,2,dermnet,train
/Users/kyoe/skin_ai/data/dermnet/train/Acne and Rosacea Photos/acne-closed-comedo-34.jpg,여드름,2,dermnet,train
/Users/kyoe/skin_ai/data/dermnet/train/Psoriasis pictures Lichen Planus and related diseases/pityriasis-rubra-pilaris-62.jpg,건선,0,dermnet,train
/Users/kyoe/skin_ai/data/dermnet/train/Acne and Rosacea Photos/perioral-dermatitis-141.jpg,여드름,2,dermnet,train
/Users/kyoe/skin_ai/data/dermnet/train/Eczema Photos/stasis-dermatitis-12.jpg,아토피피부염,1,dermnet,train
/Users/kyoe/skin_ai/data/dermnet/train/Psoriasis pictures Lichen Planus and related diseases/pityriasis-rosea-85.jpg,건선,0,dermnet,train
/Users/kyoe/skin_ai/data/dermnet/train/Acne and Rosacea Photos/acne-open-comedo-73.jpg,여드름,2,dermnet,train
/Users/kyoe/skin_ai/data/dermnet/train/Psoriasis pictures Lichen Planus and related diseases/Psoriasis-Guttate-82.jpg,건선,0,dermnet,train
/Users/kyoe/skin_ai/data/dermnet/train/Acne and Rosacea Photos/rosacea-nose-13.jpg,여드름,2,dermnet,train
/Users/kyoe/skin_ai/data/dermnet/train/Acne and Rosacea Photos/acne-scar-1.jpg,여드름,2,dermnet,train
/Users/kyoe/skin_ai/data/dermnet/train/Psoriasis pictures Lichen Planus and related diseases/pityriasis-rosea-160.jpg,건선,0,dermnet,train
/Users/kyoe/skin_ai/data/dermnet/train/Psoriasis pictures Lichen Planus and related diseases/Lichen-Sclerosus-Skin-129.jpg,건선,0,dermnet,train
/Users/kyoe/skin_ai/data/dermnet/train/Eczema Photos/eczema-fingertips-86.jpg,아토피피부염,1,dermnet,train
/Users/kyoe/skin_ai/data/dermnet/train/Eczema Photos/eczema-hand-196.jpg,아토피피부염,1,dermnet,train
/Users/kyoe/skin_ai/data/dermnet/train/Psoriasis pictures Lichen Planus and related diseases/lichen-planus-211.jpg,건선,0,dermnet,train
/Users/kyoe/skin_ai/data/dermnet/train/Psoriasis pictures Lichen Planus and related diseases/psoriasis-scalp-77.jpg,건선,0,dermnet,train
/Users/kyoe/skin_ai/data/dermnet/train/Psoriasis pictures Lichen Planus and related diseases/seborrheic-dermatitis-88.jpg,건선,0,dermnet,train
/Users/kyoe/skin_ai/data/dermnet/train/Acne and Rosacea Photos/acne-cystic-2.jpg,여드름,2,dermnet,train
/Users/kyoe/skin_ai/data/dermnet/train/Acne and Rosacea Photos/rosacea-45.jpg,여드름,2,dermnet,train
/Users/kyoe/skin_ai/data/dermnet/train/Psoriasis pictures Lichen Planus and related diseases/psoriasis-palms-soles-163.jpg,건선,0,dermnet,train
/Users/kyoe/skin_ai/data/dermnet/train/Atopic Dermatitis Photos/05KeratosisPilaris32.jpg,아토피피부염,1,dermnet,train
/Users/kyoe/skin_ai/data/dermnet/train/Eczema Photos/fiberglass-dermatitis-1.jpg,아토피피부염,1,dermnet,train
/Users/kyoe/skin_ai/data/dermnet/train/Acne and Rosacea Photos/acne-cystic-101.jpg,여드름,2,dermnet,train
/Users/kyoe/skin_ai/data/dermnet/train/Atopic Dermatitis Photos/05Atopic020204.jpg,아토피피부염,1,dermnet,train
/Users/kyoe/skin_ai/data/dermnet/train/Psoriasis pictures Lichen Planus and related diseases/Psoriasis-Cellulitis-1.jpg,건선,0,dermnet,train
/Users/kyoe/skin_ai/data/dermnet/train/Psoriasis pictures Lichen Planus and related diseases/seborrheic-dermatitis-86.jpg,건선,0,dermnet,train
/Users/kyoe/skin_ai/data/dermnet/train/Atopic Dermatitis Photos/11IMG012.jpg,아토피피부염,1,dermnet,train
/Users/kyoe/skin_ai/data/dermnet/train/Eczema Photos/eczema-fingertips-23.jpg,아토피피부염,1,dermnet,train
/Users/kyoe/skin_ai/data/dermnet/train/Eczema Photos/eczema-asteatotic-47.jpg,아토피피부염,1,dermnet,train
/Users/kyoe/skin_ai/data/dermnet/train/Atopic Dermatitis Photos/Img0057.jpg,아토피피부염,1,dermnet,train
/Users/kyoe/skin_ai/data/dermnet/train/Acne and Rosacea Photos/perioral-dermatitis-86.jpg,여드름,2,dermnet,train
/Users/kyoe/skin_ai/data/dermnet/train/Acne and Rosacea Photos/rosacea-15.jpg,여드름,2,dermnet,train
/Users/kyoe/skin_ai/data/dermnet/train/Eczema Photos/eczema-fingertips-128.jpg,아토피피부염,1,dermnet,train
/Users/kyoe/skin_ai/data/dermnet/train/Eczema Photos/stasis-dermatitis-121.jpg,아토피피부염,1,dermnet,train
/Users/kyoe/skin_ai/data/dermnet/train/Eczema Photos/pompholyx-8.jpg,아토피피부염,1,dermnet,train
/Users/kyoe/skin_ai/data/dermnet/train/Psoriasis pictures Lichen Planus and related diseases/Psoriasis-penis-7.jpg,건선,0,dermnet,train
/Users/kyoe/skin_ai/data/dermnet/train/Acne and Rosacea Photos/acne-open-comedo-45.jpg,여드름,2,dermnet,train
/Users/kyoe/skin_ai/data/dermnet/train/Psoriasis pictures Lichen Planus and related diseases/psoriasis-pustular-generalized-39.jpg,건선,0,dermnet,train
/Users/kyoe/skin_ai/data/dermnet/train/Acne and Rosacea Photos/rosacea-nose-32.jpg,여드름,2,dermnet,train
/Users/kyoe/skin_ai/data/dermnet/train/Eczema Photos/stasis-dermatitis-185.jpg,아토피피부염,1,dermnet,train
/Users/kyoe/skin_ai/data/dermnet/train/Eczema Photos/eczema-foot-22.jpg,아토피피부염,1,dermnet,train
/Users/kyoe/skin_ai/data/dermnet/train/Atopic Dermatitis Photos/05atopicFace1003052.jpg,아토피피부염,1,dermnet,train
/Users/kyoe/skin_ai/data/dermnet/train/Eczema Photos/Dyshidrosis-50.jpg,아토피피부염,1,dermnet,train
/Users/kyoe/skin_ai/data/dermnet/train/Acne and Rosacea Photos/acne-infantile-2.jpg,여드름,2,dermnet,train
/Users/kyoe/skin_ai/data/dermnet/train/Psoriasis pictures Lichen Planus and related diseases/Pityriasis-Lichenoides-34.jpg,건선,0,dermnet,train
/Users/kyoe/skin_ai/data/dermnet/train/Eczema Photos/stasis-dermatitis-116.jpg,아토피피부염,1,dermnet,train
/Users/kyoe/skin_ai/data/dermnet/train/Acne and Rosacea Photos/perioral-dermatitis-36.jpg,여드름,2,dermnet,train
/Users/kyoe/skin_ai/data/dermnet/train/Psoriasis pictures Lichen Planus and related diseases/lichen-planus-123.jpg,건선,0,dermnet,train
/Users/kyoe/skin_ai/data/dermnet/train/Psoriasis pictures Lichen Planus and related diseases/psoriasis-palms-soles-196.jpg,건선,0,dermnet,train
/Users/kyoe/skin_ai/data/dermnet/train/Atopic Dermatitis Photos/05AtopicFossa1.jpg,아토피피부염,1,dermnet,train
/Users/kyoe/skin_ai/data/dermnet/train/Eczema Photos/eczema-asteatotic-48.jpg,아토피피부염,1,dermnet,train
/Users/kyoe/skin_ai/data/dermnet/train/Psoriasis pictures Lichen Planus and related diseases/Psoriasis-Guttate-36.jpg,건선,0,dermnet,train
/Users/kyoe/skin_ai/data/dermnet/train/Psoriasis pictures Lichen Planus and related diseases/Lichen-Planus-Hypertrophic-21.jpg,건선,0,dermnet,train
/Users/kyoe/skin_ai/data/dermnet/train/Psoriasis pictures Lichen Planus and related diseases/pityriasis-rosea-184.jpg,건선,0,dermnet,train
/Users/kyoe/skin_ai/data/dermnet/train/Psoriasis pictures Lichen Planus and related diseases/reiter-syndrome-14.jpg,건선,0,dermnet,train
/Users/kyoe/skin_ai/data/dermnet/train/Acne and Rosacea Photos/rosacea-40.jpg,여드름,2,dermnet,train
/Users/kyoe/skin_ai/data/dermnet/train/Acne and Rosacea Photos/acne-open-comedo-50.jpg,여드름,2,dermnet,train
/Users/kyoe/skin_ai/data/dermnet/train/Acne and Rosacea Photos/rosacea-nose-30.jpg,여드름,2,dermnet,train
/Users/kyoe/skin_ai/data/dermnet/train/Psoriasis pictures Lichen Planus and related diseases/Lichen-Nitidus-16.jpg,건선,0,dermnet,train
/Users/kyoe/skin_ai/data/dermnet/train/Psoriasis pictures Lichen Planus and related diseases/Psoriasis-Hand-54.jpg,건선,0,dermnet,train
/Users/kyoe/skin_ai/data/dermnet/train/Psoriasis pictures Lichen Planus and related diseases/psoriasis-digits-1.jpg,건선,0,dermnet,train
/Users/kyoe/skin_ai/data/dermnet/train/Psoriasis pictures Lichen Planus and related diseases/Psoriasis-Guttate-67.jpg,건선,0,dermnet,train
/Users/kyoe/skin_ai/data/dermnet/train/Acne and Rosacea Photos/rosacea-21.jpg,여드름,2,dermnet,train
/Users/kyoe/skin_ai/data/dermnet/train/Psoriasis pictures Lichen Planus and related diseases/Psoriasis-Chronic-Plaque-143.jpg,건선,0,dermnet,train
/Users/kyoe/skin_ai/data/dermnet/train/Eczema Photos/lichen-simplex-chronicus-11.jpg,아토피피부염,1,dermnet,train
/Users/kyoe/skin_ai/data/dermnet/train/Eczema Photos/eczema-nummular-139.jpg,아토피피부염,1,dermnet,train
/Users/kyoe/skin_ai/data/dermnet/train/Psoriasis pictures Lichen Planus and related diseases/Pityriasis-Lichenoides-25.jpg,건선,0,dermnet,train
/Users/kyoe/skin_ai/data/dermnet/train/Acne and Rosacea Photos/acne-open-comedo-30.jpg,여드름,2,dermnet,train
/Users/kyoe/skin_ai/data/dermnet/train/Acne and Rosacea Photos/rhinophyma.jpg,여드름,2,dermnet,train
/Users/kyoe/skin_ai/data/dermnet/train/Eczema Photos/eczema-nummular-98.jpg,아토피피부염,1,dermnet,train
/Users/kyoe/skin_ai/data/dermnet/train/Eczema Photos/eczema-nummular-83.jpg,아토피피부염,1,dermnet,train
/Users/kyoe/skin_ai/data/dermnet/train/Eczema Photos/eczema-foot-4.jpg,아토피피부염,1,dermnet,train
/Users/kyoe/skin_ai/data/dermnet/train/Acne and Rosacea Photos/hidradenitis-suppurativa-3.jpg,여드름,2,dermnet,train
/Users/kyoe/skin_ai/data/dermnet/train/Acne and Rosacea Photos/acne-open-comedo-39.jpg,여드름,2,dermnet,train
/Users/kyoe/skin_ai/data/dermnet/train/Acne and Rosacea Photos/acne-pustular-17.jpg,여드름,2,dermnet,train
/Users/kyoe/skin_ai/data/dermnet/train/Eczema Photos/lichen-simplex-chronicus-104.jpg,아토피피부염,1,dermnet,train
/Users/kyoe/skin_ai/data/dermnet/train/Eczema Photos/Dyshidrosis-56.jpg,아토피피부염,1,dermnet,train
/Users/kyoe/skin_ai/data/dermnet/train/Atopic Dermatitis Photos/12IMG004.jpg,아토피피부염,1,dermnet,train
/Users/kyoe/skin_ai/data/dermnet/train/Psoriasis pictures Lichen Planus and related diseases/psoriasis-scalp-107.jpg,건선,0,dermnet,train
/Users/kyoe/skin_ai/data/dermnet/train/Eczema Photos/03Desquamation-035.jpg,아토피피부염,1,dermnet,train
/Users/kyoe/skin_ai/data/dermnet/train/Acne and Rosacea Photos/07AcnePittedScars.jpg,여드름,2,dermnet,train
/Users/kyoe/skin_ai/data/dermnet/train/Atopic Dermatitis Photos/05atopic050806.jpg,아토피피부염,1,dermnet,train
/Users/kyoe/skin_ai/data/dermnet/train/Acne and Rosacea Photos/perioral-dermatitis-22.jpg,여드름,2,dermnet,train
/Users/kyoe/skin_ai/data/dermnet/train/Eczema Photos/stasis-dermatitis-142.jpg,아토피피부염,1,dermnet,train
/Users/kyoe/skin_ai/data/dermnet/train/Acne and Rosacea Photos/hidradenitis-suppurativa-67.jpg,여드름,2,dermnet,train
/Users/kyoe/skin_ai/data/dermnet/train/Psoriasis pictures Lichen Planus and related diseases/pityriasis-rubra-pilaris-26.jpg,건선,0,dermnet,train
/Users/kyoe/skin_ai/data/dermnet/train/Psoriasis pictures Lichen Planus and related diseases/Pityriasis-Lichenoides-47.jpg,건선,0,dermnet,train
/Users/kyoe/skin_ai/data/dermnet/train/Acne and Rosacea Photos/hidradenitis-suppurativa-23.jpg,여드름,2,dermnet,train
/Users/kyoe/skin_ai/data/dermnet/train/Eczema Photos/eczema-subacute-35.jpg,아토피피부염,1,dermnet,train
/Users/kyoe/skin_ai/data/dermnet/train/Atopic Dermatitis Photos/05pitAlba012306.jpg,아토피피부염,1,dermnet,train
/Users/kyoe/skin_ai/data/dermnet/train/Acne and Rosacea Photos/acne-cystic-137.jpg,여드름,2,dermnet,train
/Users/kyoe/skin_ai/data/dermnet/train/Acne and Rosacea Photos/hidradenitis-suppurativa-66.jpg,여드름,2,dermnet,train
/Users/kyoe/skin_ai/data/dermnet/train/Psoriasis pictures Lichen Planus and related diseases/Psoriasis-treatment-9.jpg,건선,0,dermnet,train
/Users/kyoe/skin_ai/data/dermnet/train/Atopic Dermatitis Photos/10IMG005.jpg,아토피피부염,1,dermnet,train
/Users/kyoe/skin_ai/data/dermnet/train/Atopic Dermatitis Photos/AtopicIMG004-GP3.jpg,아토피피부염,1,dermnet,train
/Users/kyoe/skin_ai/data/dermnet/train/Psoriasis pictures Lichen Planus and related diseases/08sebKerm11220467.jpg,건선,0,dermnet,train
/Users/kyoe/skin_ai/data/dermnet/train/Eczema Photos/eczema-nummular-16.jpg,아토피피부염,1,dermnet,train
/Users/kyoe/skin_ai/data/dermnet/train/Psoriasis pictures Lichen Planus and related diseases/Lichen-Nitidus-21.jpg,건선,0,dermnet,train
/Users/kyoe/skin_ai/data/dermnet/train/Eczema Photos/stasis-dermatitis-159.jpg,아토피피부염,1,dermnet,train
/Users/kyoe/skin_ai/data/dermnet/train/Eczema Photos/eczema-fingertips-57.jpg,아토피피부염,1,dermnet,train
/Users/kyoe/skin_ai/data/dermnet/train/Eczema Photos/knuckle-pads-1.jpg,아토피피부염,1,dermnet,train
/Users/kyoe/skin_ai/data/dermnet/train/Eczema Photos/neurotic-excoriations-35.jpg,아토피피부염,1,dermnet,train
/Users/kyoe/skin_ai/data/dermnet/train/Eczema Photos/eczema-asteatotic-12.jpg,아토피피부염,1,dermnet,train
/Users/kyoe/skin_ai/data/dermnet/train/Eczema Photos/eczema-nummular-178.jpg,아토피피부염,1,dermnet,train
/Users/kyoe/skin_ai/data/dermnet/train/Atopic Dermatitis Photos/05Eczema10061.jpg,아토피피부염,1,dermnet,train
/Users/kyoe/skin_ai/data/dermnet/train/Acne and Rosacea Photos/hidradenitis-suppurativa-50.jpg,여드름,2,dermnet,train
/Users/kyoe/skin_ai/data/dermnet/train/Psoriasis pictures Lichen Planus and related diseases/psoriasis-pustular-generalized-8.jpg,건선,0,dermnet,train
/Users/kyoe/skin_ai/data/dermnet/train/Eczema Photos/lichen-simplex-chronicus-120.jpg,아토피피부염,1,dermnet,train
/Users/kyoe/skin_ai/data/dermnet/train/Psoriasis pictures Lichen Planus and related diseases/seborrheic-dermatitis-12.jpg,건선,0,dermnet,train
/Users/kyoe/skin_ai/data/dermnet/train/Atopic Dermatitis Photos/3Eczema3-290.jpg,아토피피부염,1,dermnet,train
/Users/kyoe/skin_ai/data/dermnet/train/Acne and Rosacea Photos/acne-cystic-109.jpg,여드름,2,dermnet,train
/Users/kyoe/skin_ai/data/dermnet/train/Eczema Photos/neurotic-excoriations-54.jpg,아토피피부염,1,dermnet,train
/Users/kyoe/skin_ai/data/dermnet/train/Psoriasis pictures Lichen Planus and related diseases/Lichen-Nitidus-17.jpg,건선,0,dermnet,train
/Users/kyoe/skin_ai/data/dermnet/train/Psoriasis pictures Lichen Planus and related diseases/psoriasis-pustular-generalized-47.jpg,건선,0,dermnet,train
/Users/kyoe/skin_ai/data/dermnet/train/Acne and Rosacea Photos/perioral-dermatitis-41.jpg,여드름,2,dermnet,train
/Users/kyoe/skin_ai/data/dermnet/train/Psoriasis pictures Lichen Planus and related diseases/psoriasis-palms-soles-138.jpg,건선,0,dermnet,train
/Users/kyoe/skin_ai/data/dermnet/train/Psoriasis pictures Lichen Planus and related diseases/Psoriasis-Chronic-Plaque-174.jpg,건선,0,dermnet,train
/Users/kyoe/skin_ai/data/dermnet/train/Atopic Dermatitis Photos/16IMG008.jpg,아토피피부염,1,dermnet,train
/Users/kyoe/skin_ai/data/dermnet/train/Atopic Dermatitis Photos/KeratosisIMG007-GP3.jpg,아토피피부염,1,dermnet,train
/Users/kyoe/skin_ai/data/dermnet/train/Acne and Rosacea Photos/hidradenitis-suppurativa-24.jpg,여드름,2,dermnet,train
/Users/kyoe/skin_ai/data/dermnet/train/Eczema Photos/eczema-hand-1.jpg,아토피피부염,1,dermnet,train
/Users/kyoe/skin_ai/data/dermnet/train/Psoriasis pictures Lichen Planus and related diseases/psoriasis-pustular-generalized-24.jpg,건선,0,dermnet,train
/Users/kyoe/skin_ai/data/dermnet/train/Eczema Photos/eczema-foot-95.jpg,아토피피부염,1,dermnet,train
/Users/kyoe/skin_ai/data/dermnet/train/Acne and Rosacea Photos/acne-pustular-15.jpg,여드름,2,dermnet,train
/Users/kyoe/skin_ai/data/dermnet/train/Acne and Rosacea Photos/hidradenitis-suppurativa-97.jpg,여드름,2,dermnet,train
/Users/kyoe/skin_ai/data/dermnet/train/Eczema Photos/eczema-trunk-generalized-32.jpg,아토피피부염,1,dermnet,train
/Users/kyoe/skin_ai/data/dermnet/train/Psoriasis pictures Lichen Planus and related diseases/psoriasis-pustular-generalized-25.jpg,건선,0,dermnet,train
/Users/kyoe/skin_ai/data/dermnet/train/Psoriasis pictures Lichen Planus and related diseases/Psoriasis-Guttate-39.jpg,건선,0,dermnet,train
/Users/kyoe/skin_ai/data/dermnet/train/Psoriasis pictures Lichen Planus and related diseases/pityriasis-rubra-pilaris-63.jpg,건선,0,dermnet,train
/Users/kyoe/skin_ai/data/dermnet/train/Acne and Rosacea Photos/hidradenitis-suppurativa-46.jpg,여드름,2,dermnet,train
/Users/kyoe/skin_ai/data/dermnet/train/Eczema Photos/lichen-simplex-chronicus-134.jpg,아토피피부염,1,dermnet,train
/Users/kyoe/skin_ai/data/dermnet/train/Psoriasis pictures Lichen Planus and related diseases/seborrheic-dermatitis-126.jpg,건선,0,dermnet,train
/Users/kyoe/skin_ai/data/dermnet/train/Atopic Dermatitis Photos/05AtopicHandq.jpg,아토피피부염,1,dermnet,train
/Users/kyoe/skin_ai/data/dermnet/train/Psoriasis pictures Lichen Planus and related diseases/lichen-planus-156.jpg,건선,0,dermnet,train
/Users/kyoe/skin_ai/data/dermnet/train/Psoriasis pictures Lichen Planus and related diseases/Axillary-Granular-Parakeratosis-4.jpg,건선,0,dermnet,train
/Users/kyoe/skin_ai/data/dermnet/train/Atopic Dermatitis Photos/15IMG005.jpg,아토피피부염,1,dermnet,train
/Users/kyoe/skin_ai/data/dermnet/train/Psoriasis pictures Lichen Planus and related diseases/Lichen-Sclerosus-Skin-110.jpg,건선,0,dermnet,train
/Users/kyoe/skin_ai/data/dermnet/train/Psoriasis pictures Lichen Planus and related diseases/psoriasis-pustular-generalized-13.jpg,건선,0,dermnet,train
/Users/kyoe/skin_ai/data/dermnet/train/Psoriasis pictures Lichen Planus and related diseases/Psoriasis-nails-6.jpg,건선,0,dermnet,train
/Users/kyoe/skin_ai/data/dermnet/train/Psoriasis pictures Lichen Planus and related diseases/Psoriasis-Histology-17.jpg,건선,0,dermnet,train
/Users/kyoe/skin_ai/data/dermnet/train/Acne and Rosacea Photos/acne-closed-comedo-25.jpg,여드름,2,dermnet,train
/Users/kyoe/skin_ai/data/dermnet/train/Eczema Photos/eczema-acute-15.jpg,아토피피부염,1,dermnet,train
/Users/kyoe/skin_ai/data/dermnet/train/Psoriasis pictures Lichen Planus and related diseases/Lichen-Planus-Oral-40.jpg,건선,0,dermnet,train
/Users/kyoe/skin_ai/data/dermnet/train/Atopic Dermatitis Photos/05KeratosisPilaris15.jpg,아토피피부염,1,dermnet,train
/Users/kyoe/skin_ai/data/dermnet/train/Psoriasis pictures Lichen Planus and related diseases/psoriasis-palms-soles-19.jpg,건선,0,dermnet,train
/Users/kyoe/skin_ai/data/dermnet/train/Eczema Photos/eczema-nummular-153.jpg,아토피피부염,1,dermnet,train
/Users/kyoe/skin_ai/data/dermnet/train/Eczema Photos/eczema-foot-52.jpg,아토피피부염,1,dermnet,train
/Users/kyoe/skin_ai/data/dermnet/train/Eczema Photos/eczema-asteatotic-11.jpg,아토피피부염,1,dermnet,train
/Users/kyoe/skin_ai/data/dermnet/train/Eczema Photos/lichen-simplex-chronicus-130.jpg,아토피피부염,1,dermnet,train
/Users/kyoe/skin_ai/data/dermnet/train/Eczema Photos/lichen-simplex-chronicus-18.jpg,아토피피부염,1,dermnet,train
/Users/kyoe/skin_ai/data/dermnet/train/Psoriasis pictures Lichen Planus and related diseases/psoriasis-palms-soles-157.jpg,건선,0,dermnet,train
/Users/kyoe/skin_ai/data/dermnet/train/Atopic Dermatitis Photos/Img0056.jpg,아토피피부염,1,dermnet,train
/Users/kyoe/skin_ai/data/dermnet/train/Psoriasis pictures Lichen Planus and related diseases/psoriasis-scalp-70.jpg,건선,0,dermnet,train
/Users/kyoe/skin_ai/data/dermnet/train/Eczema Photos/chapped-fissured-feet-21.jpg,아토피피부염,1,dermnet,train
/Users/kyoe/skin_ai/data/dermnet/train/Eczema Photos/eczema-leg-15.jpg,아토피피부염,1,dermnet,train
/Users/kyoe/skin_ai/data/dermnet/train/Psoriasis pictures Lichen Planus and related diseases/Psoriasis-Chronic-Plaque-179.jpg,건선,0,dermnet,train
/Users/kyoe/skin_ai/data/dermnet/train/Psoriasis pictures Lichen Planus and related diseases/Lichen-Sclerosus-Skin-93.jpg,건선,0,dermnet,train
/Users/kyoe/skin_ai/data/dermnet/train/Acne and Rosacea Photos/perioral-dermatitis-85.jpg,여드름,2,dermnet,train
/Users/kyoe/skin_ai/data/dermnet/train/Acne and Rosacea Photos/07PerioralDermEye.jpg,여드름,2,dermnet,train
/Users/kyoe/skin_ai/data/dermnet/train/Psoriasis pictures Lichen Planus and related diseases/psoriasis-scalp-33.jpg,건선,0,dermnet,train
/Users/kyoe/skin_ai/data/dermnet/train/Eczema Photos/eczema-asteatotic-23.jpg,아토피피부염,1,dermnet,train
/Users/kyoe/skin_ai/data/dermnet/train/Psoriasis pictures Lichen Planus and related diseases/Psoriasis-Guttate-30.jpg,건선,0,dermnet,train
/Users/kyoe/skin_ai/data/dermnet/train/Eczema Photos/id-reaction-5.jpg,아토피피부염,1,dermnet,train
/Users/kyoe/skin_ai/data/dermnet/train/Eczema Photos/eczema-subacute-55.jpg,아토피피부염,1,dermnet,train
/Users/kyoe/skin_ai/data/dermnet/train/Acne and Rosacea Photos/hidradenitis-suppurativa-41.jpg,여드름,2,dermnet,train
/Users/kyoe/skin_ai/data/dermnet/train/Acne and Rosacea Photos/07RosaceaK02161.jpg,여드름,2,dermnet,train
/Users/kyoe/skin_ai/data/dermnet/train/Atopic Dermatitis Photos/05Atopic0712043.jpg,아토피피부염,1,dermnet,train
/Users/kyoe/skin_ai/data/dermnet/train/Psoriasis pictures Lichen Planus and related diseases/psoriasis-palms-soles-79.jpg,건선,0,dermnet,train
/Users/kyoe/skin_ai/data/dermnet/train/Acne and Rosacea Photos/fordyce-spots-lip.jpg,여드름,2,dermnet,train
/Users/kyoe/skin_ai/data/dermnet/train/Eczema Photos/lichen-simplex-chronicus-197.jpg,아토피피부염,1,dermnet,train
/Users/kyoe/skin_ai/data/dermnet/train/Acne and Rosacea Photos/acne-pustular-32.jpg,여드름,2,dermnet,train
/Users/kyoe/skin_ai/data/dermnet/train/Psoriasis pictures Lichen Planus and related diseases/psoriasis-pustular-generalized-56.jpg,건선,0,dermnet,train
/Users/kyoe/skin_ai/data/dermnet/train/Psoriasis pictures Lichen Planus and related diseases/Lichen-Sclerosus-Skin-99.jpg,건선,0,dermnet,train
/Users/kyoe/skin_ai/data/dermnet/train/Psoriasis pictures Lichen Planus and related diseases/pityriasis-rosea-138.jpg,건선,0,dermnet,train
/Users/kyoe/skin_ai/data/dermnet/train/Eczema Photos/eczema-fingertips-70.jpg,아토피피부염,1,dermnet,train
/Users/kyoe/skin_ai/data/dermnet/train/Psoriasis pictures Lichen Planus and related diseases/Lichen-Sclerosis-Vulva-8.jpg,건선,0,dermnet,train
/Users/kyoe/skin_ai/data/dermnet/train/Eczema Photos/eczema-hand-194.jpg,아토피피부염,1,dermnet,train
/Users/kyoe/skin_ai/data/dermnet/train/Psoriasis pictures Lichen Planus and related diseases/Pityriasis-Lichenoides-27.jpg,건선,0,dermnet,train
/Users/kyoe/skin_ai/data/dermnet/train/Acne and Rosacea Photos/acne-cystic-53.jpg,여드름,2,dermnet,train
/Users/kyoe/skin_ai/data/dermnet/train/Psoriasis pictures Lichen Planus and related diseases/Psoriasis-infant-3.jpg,건선,0,dermnet,train
/Users/kyoe/skin_ai/data/dermnet/train/Eczema Photos/eczema-fingertips-137.jpg,아토피피부염,1,dermnet,train
/Users/kyoe/skin_ai/data/dermnet/train/Acne and Rosacea Photos/acne-cystic-125.jpg,여드름,2,dermnet,train
/Users/kyoe/skin_ai/data/dermnet/train/Acne and Rosacea Photos/acne-primary-lesion-2.jpg,여드름,2,dermnet,train
/Users/kyoe/skin_ai/data/dermnet/train/Eczema Photos/lichen-simplex-chronicus-198.jpg,아토피피부염,1,dermnet,train
/Users/kyoe/skin_ai/data/dermnet/train/Eczema Photos/eczema-hand-168.jpg,아토피피부염,1,dermnet,train
/Users/kyoe/skin_ai/data/dermnet/train/Psoriasis pictures Lichen Planus and related diseases/Psoriasis-Hand-29.jpg,건선,0,dermnet,train
/Users/kyoe/skin_ai/data/dermnet/train/Psoriasis pictures Lichen Planus and related diseases/Psoriasis-inversus-5.jpg,건선,0,dermnet,train
/Users/kyoe/skin_ai/data/dermnet/train/Acne and Rosacea Photos/acne-cystic-95.jpg,여드름,2,dermnet,train
/Users/kyoe/skin_ai/data/dermnet/train/Atopic Dermatitis Photos/05IchthyosisSexLinked0308043.jpg,아토피피부염,1,dermnet,train
/Users/kyoe/skin_ai/data/dermnet/train/Atopic Dermatitis Photos/03DermatitisLids.jpg,아토피피부염,1,dermnet,train
/Users/kyoe/skin_ai/data/dermnet/train/Acne and Rosacea Photos/acne-cystic-21.jpg,여드름,2,dermnet,train
/Users/kyoe/skin_ai/data/dermnet/train/Atopic Dermatitis Photos/8IMG015.jpg,아토피피부염,1,dermnet,train
/Users/kyoe/skin_ai/data/dermnet/train/Atopic Dermatitis Photos/9IMG001.jpg,아토피피부염,1,dermnet,train
/Users/kyoe/skin_ai/data/dermnet/train/Eczema Photos/eczema-nummular-132.jpg,아토피피부염,1,dermnet,train
/Users/kyoe/skin_ai/data/dermnet/train/Psoriasis pictures Lichen Planus and related diseases/Psoriasis-Chronic-Plaque-139.jpg,건선,0,dermnet,train
/Users/kyoe/skin_ai/data/dermnet/train/Eczema Photos/id-reaction-9.jpg,아토피피부염,1,dermnet,train
/Users/kyoe/skin_ai/data/dermnet/train/Psoriasis pictures Lichen Planus and related diseases/seborrheic-dermatitis-144.jpg,건선,0,dermnet,train
/Users/kyoe/skin_ai/data/dermnet/train/Psoriasis pictures Lichen Planus and related diseases/psoriasis-pustular-generalized-63.jpg,건선,0,dermnet,train
/Users/kyoe/skin_ai/data/dermnet/train/Eczema Photos/eczema-chronic-3.jpg,아토피피부염,1,dermnet,train
/Users/kyoe/skin_ai/data/dermnet/train/Acne and Rosacea Photos/hidradenitis-suppurativa-95.jpg,여드름,2,dermnet,train
/Users/kyoe/skin_ai/data/dermnet/train/Psoriasis pictures Lichen Planus and related diseases/Lichen-Sclerosis-Vulva-24.jpg,건선,0,dermnet,train
/Users/kyoe/skin_ai/data/dermnet/train/Psoriasis pictures Lichen Planus and related diseases/Pityriasis-Lichenoides-41.jpg,건선,0,dermnet,train
/Users/kyoe/skin_ai/data/dermnet/train/Eczema Photos/Dyshidrosis-36.jpg,아토피피부염,1,dermnet,train
/Users/kyoe/skin_ai/data/dermnet/train/Eczema Photos/eczema-foot-15.jpg,아토피피부염,1,dermnet,train
/Users/kyoe/skin_ai/data/dermnet/train/Psoriasis pictures Lichen Planus and related diseases/reiter-syndrome-13.jpg,건선,0,dermnet,train
/Users/kyoe/skin_ai/data/dermnet/train/Psoriasis pictures Lichen Planus and related diseases/Psoriasis-Chronic-Plaque-92.jpg,건선,0,dermnet,train
/Users/kyoe/skin_ai/data/dermnet/train/Atopic Dermatitis Photos/05Atopic0322041.jpg,아토피피부염,1,dermnet,train
/Users/kyoe/skin_ai/data/dermnet/train/Psoriasis pictures Lichen Planus and related diseases/Lichen-Nitidus-14.jpg,건선,0,dermnet,train
/Users/kyoe/skin_ai/data/dermnet/train/Atopic Dermatitis Photos/05atopicFace041706.jpg,아토피피부염,1,dermnet,train
/Users/kyoe/skin_ai/data/dermnet/train/Atopic Dermatitis Photos/5T-0001.jpg,아토피피부염,1,dermnet,train
/Users/kyoe/skin_ai/data/dermnet/train/Acne and Rosacea Photos/08PerioralDerm1.jpg,여드름,2,dermnet,train
/Users/kyoe/skin_ai/data/dermnet/train/Eczema Photos/eczema-subacute-66.jpg,아토피피부염,1,dermnet,train
/Users/kyoe/skin_ai/data/dermnet/train/Psoriasis pictures Lichen Planus and related diseases/Lichen-Sclerosus-Penis-16.jpg,건선,0,dermnet,train
/Users/kyoe/skin_ai/data/dermnet/train/Psoriasis pictures Lichen Planus and related diseases/lichen-planus-162.jpg,건선,0,dermnet,train
/Users/kyoe/skin_ai/data/dermnet/train/Eczema Photos/eczema-acute-14.jpg,아토피피부염,1,dermnet,train
/Users/kyoe/skin_ai/data/dermnet/train/Eczema Photos/eczema-chronic-12.jpg,아토피피부염,1,dermnet,train
/Users/kyoe/skin_ai/data/dermnet/train/Acne and Rosacea Photos/acne-infantile-16.jpg,여드름,2,dermnet,train
/Users/kyoe/skin_ai/data/dermnet/train/Psoriasis pictures Lichen Planus and related diseases/pityriasis-rubra-pilaris-5.jpg,건선,0,dermnet,train
/Users/kyoe/skin_ai/data/dermnet/train/Acne and Rosacea Photos/anal-Comedones-1.jpg,여드름,2,dermnet,train
/Users/kyoe/skin_ai/data/dermnet/train/Acne and Rosacea Photos/acne-open-comedo-38.jpg,여드름,2,dermnet,train
/Users/kyoe/skin_ai/data/dermnet/train/Atopic Dermatitis Photos/05Atopic10065.jpg,아토피피부염,1,dermnet,train
/Users/kyoe/skin_ai/data/dermnet/train/Atopic Dermatitis Photos/05Atopic12060425.jpg,아토피피부염,1,dermnet,train
/Users/kyoe/skin_ai/data/dermnet/train/Eczema Photos/prurigo-nodularis-34.jpg,아토피피부염,1,dermnet,train
/Users/kyoe/skin_ai/data/dermnet/train/Eczema Photos/eczema-nummular-105.jpg,아토피피부염,1,dermnet,train
/Users/kyoe/skin_ai/data/dermnet/train/Psoriasis pictures Lichen Planus and related diseases/pityriasis-rubra-pilaris-21.jpg,건선,0,dermnet,train
/Users/kyoe/skin_ai/data/dermnet/train/Atopic Dermatitis Photos/13IMG008.jpg,아토피피부염,1,dermnet,train
/Users/kyoe/skin_ai/data/dermnet/train/Acne and Rosacea Photos/acne-cystic-30.jpg,여드름,2,dermnet,train
/Users/kyoe/skin_ai/data/dermnet/train/Psoriasis pictures Lichen Planus and related diseases/Lichen-Sclerosus-Penis-40.jpg,건선,0,dermnet,train
/Users/kyoe/skin_ai/data/dermnet/train/Acne and Rosacea Photos/07RosaceaForehead.jpg,여드름,2,dermnet,train
/Users/kyoe/skin_ai/data/dermnet/train/Acne and Rosacea Photos/hidradenitis-suppurativa-8.jpg,여드름,2,dermnet,train
/Users/kyoe/skin_ai/data/dermnet/train/Acne and Rosacea Photos/07Rhinophyma1a.jpg,여드름,2,dermnet,train
/Users/kyoe/skin_ai/data/dermnet/train/Eczema Photos/eczema-hand-153.jpg,아토피피부염,1,dermnet,train
/Users/kyoe/skin_ai/data/dermnet/train/Psoriasis pictures Lichen Planus and related diseases/Lichen-Planus-Oral-26.jpg,건선,0,dermnet,train
/Users/kyoe/skin_ai/data/dermnet/train/Psoriasis pictures Lichen Planus and related diseases/pityriasis-rubra-pilaris-44.jpg,건선,0,dermnet,train
/Users/kyoe/skin_ai/data/dermnet/train/Atopic Dermatitis Photos/16IMG003.jpg,아토피피부염,1,dermnet,train
/Users/kyoe/skin_ai/data/dermnet/train/Eczema Photos/eczema-nummular-124.jpg,아토피피부염,1,dermnet,train
/Users/kyoe/skin_ai/data/dermnet/train/Atopic Dermatitis Photos/6IMG016.jpg,아토피피부염,1,dermnet,train
/Users/kyoe/skin_ai/data/dermnet/train/Psoriasis pictures Lichen Planus and related diseases/lichen-planus-107.jpg,건선,0,dermnet,train
/Users/kyoe/skin_ai/data/dermnet/train/Atopic Dermatitis Photos/05atopic1107057.jpg,아토피피부염,1,dermnet,train
/Users/kyoe/skin_ai/data/dermnet/train/Eczema Photos/eczema-subacute-28.jpg,아토피피부염,1,dermnet,train
/Users/kyoe/skin_ai/data/dermnet/train/Psoriasis pictures Lichen Planus and related diseases/Lichen-Planus-Oral-24.jpg,건선,0,dermnet,train
/Users/kyoe/skin_ai/data/dermnet/train/Psoriasis pictures Lichen Planus and related diseases/Lichen-Sclerosis-Vulva-21.jpg,건선,0,dermnet,train
/Users/kyoe/skin_ai/data/dermnet/train/Acne and Rosacea Photos/rosacea-105.jpg,여드름,2,dermnet,train
/Users/kyoe/skin_ai/data/dermnet/train/Psoriasis pictures Lichen Planus and related diseases/psoriasis-pustular-generalized-38.jpg,건선,0,dermnet,train
/Users/kyoe/skin_ai/data/dermnet/train/Psoriasis pictures Lichen Planus and related diseases/psoriasis-scalp-15.jpg,건선,0,dermnet,train
/Users/kyoe/skin_ai/data/dermnet/train/Atopic Dermatitis Photos/26-0005.jpg,아토피피부염,1,dermnet,train
/Users/kyoe/skin_ai/data/dermnet/train/Acne and Rosacea Photos/hidradenitis-suppurativa-29.jpg,여드름,2,dermnet,train
/Users/kyoe/skin_ai/data/dermnet/train/Psoriasis pictures Lichen Planus and related diseases/Psoriasis-Chronic-Plaque-165.jpg,건선,0,dermnet,train
/Users/kyoe/skin_ai/data/dermnet/train/Atopic Dermatitis Photos/14IMG002.jpg,아토피피부염,1,dermnet,train
/Users/kyoe/skin_ai/data/dermnet/train/Eczema Photos/keratolysis-exfoliativa-5.jpg,아토피피부염,1,dermnet,train
/Users/kyoe/skin_ai/data/dermnet/train/Psoriasis pictures Lichen Planus and related diseases/Psoriasis-Guttate-16.jpg,건선,0,dermnet,train
/Users/kyoe/skin_ai/data/dermnet/train/Psoriasis pictures Lichen Planus and related diseases/seborrheic-dermatitis-124.jpg,건선,0,dermnet,train
/Users/kyoe/skin_ai/data/dermnet/train/Psoriasis pictures Lichen Planus and related diseases/Psoriasis-inversus-1.jpg,건선,0,dermnet,train
/Users/kyoe/skin_ai/data/dermnet/train/Psoriasis pictures Lichen Planus and related diseases/lichen-planus-143.jpg,건선,0,dermnet,train
/Users/kyoe/skin_ai/data/dermnet/train/Psoriasis pictures Lichen Planus and related diseases/seborrheic-dermatitis-130.jpg,건선,0,dermnet,train
/Users/kyoe/skin_ai/data/dermnet/train/Acne and Rosacea Photos/hidradenitis-suppurativa-83.jpg,여드름,2,dermnet,train
/Users/kyoe/skin_ai/data/dermnet/train/Eczema Photos/neurotic-excoriations-25.jpg,아토피피부염,1,dermnet,train
/Users/kyoe/skin_ai/data/dermnet/train/Psoriasis pictures Lichen Planus and related diseases/08lichenPlanusTongue1122052.jpg,건선,0,dermnet,train
/Users/kyoe/skin_ai/data/dermnet/train/Eczema Photos/eczema-trunk-generalized-4.jpg,아토피피부염,1,dermnet,train
/Users/kyoe/skin_ai/data/dermnet/train/Psoriasis pictures Lichen Planus and related diseases/Psoriasis-Hand-21.jpg,건선,0,dermnet,train
/Users/kyoe/skin_ai/data/dermnet/train/Atopic Dermatitis Photos/Img0052.jpg,아토피피부염,1,dermnet,train
/Users/kyoe/skin_ai/data/dermnet/train/Psoriasis pictures Lichen Planus and related diseases/08biteLine1101052.jpg,건선,0,dermnet,train
/Users/kyoe/skin_ai/data/dermnet/train/Acne and Rosacea Photos/acne-cystic-136.jpg,여드름,2,dermnet,train
/Users/kyoe/skin_ai/data/dermnet/train/Eczema Photos/lichen-simplex-chronicus-199.jpg,아토피피부염,1,dermnet,train
/Users/kyoe/skin_ai/data/dermnet/train/Eczema Photos/eczema-fingertips-116.jpg,아토피피부염,1,dermnet,train
/Users/kyoe/skin_ai/data/dermnet/train/Acne and Rosacea Photos/perioral-dermatitis-136.jpg,여드름,2,dermnet,train
/Users/kyoe/skin_ai/data/dermnet/train/Acne and Rosacea Photos/acne-cystic-127.jpg,여드름,2,dermnet,train
/Users/kyoe/skin_ai/data/dermnet/train/Acne and Rosacea Photos/acne-closed-comedo-10.jpg,여드름,2,dermnet,train
/Users/kyoe/skin_ai/data/dermnet/train/Acne and Rosacea Photos/minocycline-pigmentation-1.jpg,여드름,2,dermnet,train
/Users/kyoe/skin_ai/data/dermnet/train/Psoriasis pictures Lichen Planus and related diseases/Psoriasis-Chronic-Plaque-133.jpg,건선,0,dermnet,train
/Users/kyoe/skin_ai/data/dermnet/train/Psoriasis pictures Lichen Planus and related diseases/Psoriasis-Chronic-Plaque-107.jpg,건선,0,dermnet,train
/Users/kyoe/skin_ai/data/dermnet/train/Eczema Photos/prurigo-nodularis-31.jpg,아토피피부염,1,dermnet,train
/Users/kyoe/skin_ai/data/dermnet/train/Eczema Photos/stasis-dermatitis-117.jpg,아토피피부염,1,dermnet,train
/Users/kyoe/skin_ai/data/dermnet/train/Psoriasis pictures Lichen Planus and related diseases/psoriasis-palms-soles-146.jpg,건선,0,dermnet,train
/Users/kyoe/skin_ai/data/dermnet/train/Eczema Photos/eczema-hand-109.jpg,아토피피부염,1,dermnet,train
/Users/kyoe/skin_ai/data/dermnet/train/Psoriasis pictures Lichen Planus and related diseases/Psoriasis-Light-Sensative-8.jpg,건선,0,dermnet,train
/Users/kyoe/skin_ai/data/dermnet/train/Psoriasis pictures Lichen Planus and related diseases/Psoriasis-inversus-3.jpg,건선,0,dermnet,train
/Users/kyoe/skin_ai/data/dermnet/train/Eczema Photos/eczema-scrotum-4.jpg,아토피피부염,1,dermnet,train
/Users/kyoe/skin_ai/data/dermnet/train/Atopic Dermatitis Photos/8IMG012.jpg,아토피피부염,1,dermnet,train
/Users/kyoe/skin_ai/data/dermnet/train/Psoriasis pictures Lichen Planus and related diseases/pityriasis-rosea-190.jpg,건선,0,dermnet,train
/Users/kyoe/skin_ai/data/dermnet/train/Psoriasis pictures Lichen Planus and related diseases/psoriasis-palms-soles-183.jpg,건선,0,dermnet,train
/Users/kyoe/skin_ai/data/dermnet/train/Eczema Photos/milroy-disease-3.jpg,아토피피부염,1,dermnet,train
/Users/kyoe/skin_ai/data/dermnet/train/Psoriasis pictures Lichen Planus and related diseases/Lichen-Planus-Penis-13.jpg,건선,0,dermnet,train
/Users/kyoe/skin_ai/data/dermnet/train/Psoriasis pictures Lichen Planus and related diseases/psoriasis-palms-soles-190.jpg,건선,0,dermnet,train
/Users/kyoe/skin_ai/data/dermnet/train/Psoriasis pictures Lichen Planus and related diseases/lichen-planus-172.jpg,건선,0,dermnet,train
/Users/kyoe/skin_ai/data/dermnet/train/Psoriasis pictures Lichen Planus and related diseases/psoriasis-palms-soles-156.jpg,건선,0,dermnet,train
/Users/kyoe/skin_ai/data/dermnet/train/Atopic Dermatitis Photos/4th1IMG009.jpg,아토피피부염,1,dermnet,train
/Users/kyoe/skin_ai/data/dermnet/train/Atopic Dermatitis Photos/05Atopic0322042.jpg,아토피피부염,1,dermnet,train
/Users/kyoe/skin_ai/data/dermnet/train/Psoriasis pictures Lichen Planus and related diseases/pityriasis-rosea-174.jpg,건선,0,dermnet,train
/Users/kyoe/skin_ai/data/dermnet/train/Acne and Rosacea Photos/rosacea-70.jpg,여드름,2,dermnet,train
/Users/kyoe/skin_ai/data/dermnet/train/Acne and Rosacea Photos/rosacea-92.jpg,여드름,2,dermnet,train
/Users/kyoe/skin_ai/data/dermnet/train/Eczema Photos/keratolysis-exfoliativa-20.jpg,아토피피부염,1,dermnet,train
/Users/kyoe/skin_ai/data/dermnet/train/Eczema Photos/eczema-vulva-3.jpg,아토피피부염,1,dermnet,train
/Users/kyoe/skin_ai/data/dermnet/train/Psoriasis pictures Lichen Planus and related diseases/Palmoplantar-Keratoderma-2.jpg,건선,0,dermnet,train
/Users/kyoe/skin_ai/data/dermnet/train/Psoriasis pictures Lichen Planus and related diseases/pityriasis-rubra-pilaris-55.jpg,건선,0,dermnet,train
/Users/kyoe/skin_ai/data/dermnet/train/Eczema Photos/stasis-dermatitis-9.jpg,아토피피부염,1,dermnet,train
/Users/kyoe/skin_ai/data/dermnet/train/Psoriasis pictures Lichen Planus and related diseases/Psoriasis-Chronic-Plaque-110.jpg,건선,0,dermnet,train
/Users/kyoe/skin_ai/data/dermnet/train/Eczema Photos/eczema-nummular-121.jpg,아토피피부염,1,dermnet,train
/Users/kyoe/skin_ai/data/dermnet/train/Eczema Photos/eczema-lids-11.jpg,아토피피부염,1,dermnet,train
/Users/kyoe/skin_ai/data/dermnet/train/Atopic Dermatitis Photos/36IMG010.jpg,아토피피부염,1,dermnet,train
/Users/kyoe/skin_ai/data/dermnet/train/Eczema Photos/Dyshidrosis-17.jpg,아토피피부염,1,dermnet,train
/Users/kyoe/skin_ai/data/dermnet/train/Psoriasis pictures Lichen Planus and related diseases/psoriasis-scalp-81.jpg,건선,0,dermnet,train
/Users/kyoe/skin_ai/data/dermnet/train/Psoriasis pictures Lichen Planus and related diseases/Psoriasis-Hand-31.jpg,건선,0,dermnet,train
/Users/kyoe/skin_ai/data/dermnet/train/Eczema Photos/Dyshidrosis-11.jpg,아토피피부염,1,dermnet,train
/Users/kyoe/skin_ai/data/dermnet/train/Psoriasis pictures Lichen Planus and related diseases/psoriasis-palms-soles-139.jpg,건선,0,dermnet,train
/Users/kyoe/skin_ai/data/dermnet/train/Psoriasis pictures Lichen Planus and related diseases/psoriasis-palms-soles-162.jpg,건선,0,dermnet,train
/Users/kyoe/skin_ai/data/dermnet/train/Eczema Photos/eczema-asteatotic-57.jpg,아토피피부염,1,dermnet,train
/Users/kyoe/skin_ai/data/dermnet/train/Eczema Photos/eczema-nummular-116.jpg,아토피피부염,1,dermnet,train
/Users/kyoe/skin_ai/data/dermnet/train/Eczema Photos/lichen-simplex-chronicus-8.jpg,아토피피부염,1,dermnet,train
/Users/kyoe/skin_ai/data/dermnet/train/Acne and Rosacea Photos/acne-pustular-16.jpg,여드름,2,dermnet,train
/Users/kyoe/skin_ai/data/dermnet/train/Psoriasis pictures Lichen Planus and related diseases/psoriasis-erythrodermic-38.jpg,건선,0,dermnet,train
/Users/kyoe/skin_ai/data/dermnet/train/Atopic Dermatitis Photos/5T-0022.jpg,아토피피부염,1,dermnet,train
/Users/kyoe/skin_ai/data/dermnet/train/Atopic Dermatitis Photos/05atopicKnee0801052.jpg,아토피피부염,1,dermnet,train
/Users/kyoe/skin_ai/data/dermnet/train/Psoriasis pictures Lichen Planus and related diseases/pityriasis-rosea-144.jpg,건선,0,dermnet,train
/Users/kyoe/skin_ai/data/dermnet/train/Atopic Dermatitis Photos/05xlinkedIcthyosis0823043.jpg,아토피피부염,1,dermnet,train
/Users/kyoe/skin_ai/data/dermnet/train/Acne and Rosacea Photos/acne-cystic-24.jpg,여드름,2,dermnet,train
/Users/kyoe/skin_ai/data/dermnet/train/Eczema Photos/pompholyx-17.jpg,아토피피부염,1,dermnet,train
/Users/kyoe/skin_ai/data/dermnet/train/Eczema Photos/eczema-hand-170.jpg,아토피피부염,1,dermnet,train
/Users/kyoe/skin_ai/data/dermnet/train/Psoriasis pictures Lichen Planus and related diseases/Psoriasis-Chronic-Plaque-120.jpg,건선,0,dermnet,train
/Users/kyoe/skin_ai/data/dermnet/train/Eczema Photos/eczema-fingertips-89.jpg,아토피피부염,1,dermnet,train
/Users/kyoe/skin_ai/data/dermnet/train/Acne and Rosacea Photos/perioral-dermatitis-118.jpg,여드름,2,dermnet,train
/Users/kyoe/skin_ai/data/dermnet/train/Acne and Rosacea Photos/fordyce-spots-6.jpg,여드름,2,dermnet,train
/Users/kyoe/skin_ai/data/dermnet/train/Acne and Rosacea Photos/rosacea-43.jpg,여드름,2,dermnet,train
/Users/kyoe/skin_ai/data/dermnet/train/Eczema Photos/eczema-fingertips-54.jpg,아토피피부염,1,dermnet,train
/Users/kyoe/skin_ai/data/dermnet/train/Atopic Dermatitis Photos/3IMG017.jpg,아토피피부염,1,dermnet,train
/Users/kyoe/skin_ai/data/dermnet/train/Psoriasis pictures Lichen Planus and related diseases/Psoriasis-Guttate-90.jpg,건선,0,dermnet,train
/Users/kyoe/skin_ai/data/dermnet/train/Eczema Photos/lichen-simplex-chronicus-175.jpg,아토피피부염,1,dermnet,train
/Users/kyoe/skin_ai/data/dermnet/train/Eczema Photos/lichen-simplex-chronicus-13.jpg,아토피피부염,1,dermnet,train
/Users/kyoe/skin_ai/data/dermnet/train/Psoriasis pictures Lichen Planus and related diseases/Lichen-Planus-Hypertrophic-10.jpg,건선,0,dermnet,train
/Users/kyoe/skin_ai/data/dermnet/train/Eczema Photos/lichen-simplex-chronicus-81.jpg,아토피피부염,1,dermnet,train
/Users/kyoe/skin_ai/data/dermnet/train/Eczema Photos/eczema-lids-12.jpg,아토피피부염,1,dermnet,train
/Users/kyoe/skin_ai/data/dermnet/train/Eczema Photos/lichen-simplex-chronicus-194.jpg,아토피피부염,1,dermnet,train
/Users/kyoe/skin_ai/data/dermnet/train/Eczema Photos/keratolysis-exfoliativa-2.jpg,아토피피부염,1,dermnet,train
/Users/kyoe/skin_ai/data/dermnet/train/Psoriasis pictures Lichen Planus and related diseases/pityriasis-rosea-110.jpg,건선,0,dermnet,train
/Users/kyoe/skin_ai/data/dermnet/train/Psoriasis pictures Lichen Planus and related diseases/pityriasis-rosea-164.jpg,건선,0,dermnet,train
/Users/kyoe/skin_ai/data/dermnet/train/Acne and Rosacea Photos/hidradenitis-suppurativa-96.jpg,여드름,2,dermnet,train
/Users/kyoe/skin_ai/data/dermnet/train/Acne and Rosacea Photos/milia-9.jpg,여드름,2,dermnet,train
/Users/kyoe/skin_ai/data/dermnet/train/Atopic Dermatitis Photos/5IMG001.jpg,아토피피부염,1,dermnet,train
/Users/kyoe/skin_ai/data/dermnet/train/Eczema Photos/Dyshidrosis-49.jpg,아토피피부염,1,dermnet,train
/Users/kyoe/skin_ai/data/dermnet/train/Acne and Rosacea Photos/acne-cystic-6.jpg,여드름,2,dermnet,train
/Users/kyoe/skin_ai/data/dermnet/train/Eczema Photos/prurigo-nodularis-13.jpg,아토피피부염,1,dermnet,train
/Users/kyoe/skin_ai/data/dermnet/train/Psoriasis pictures Lichen Planus and related diseases/pityriasis-rosea-182.jpg,건선,0,dermnet,train
/Users/kyoe/skin_ai/data/dermnet/train/Eczema Photos/eczema-impetiginized-5.jpg,아토피피부염,1,dermnet,train
/Users/kyoe/skin_ai/data/dermnet/train/Psoriasis pictures Lichen Planus and related diseases/Lichen-Sclerosus-Penis-6.jpg,건선,0,dermnet,train
/Users/kyoe/skin_ai/data/dermnet/train/Eczema Photos/eczema-leg-2.jpg,아토피피부염,1,dermnet,train
/Users/kyoe/skin_ai/data/dermnet/train/Eczema Photos/pompholyx-33.jpg,아토피피부염,1,dermnet,train
/Users/kyoe/skin_ai/data/dermnet/train/Psoriasis pictures Lichen Planus and related diseases/seborrheic-dermatitis-121.jpg,건선,0,dermnet,train
/Users/kyoe/skin_ai/data/dermnet/train/Acne and Rosacea Photos/rosacea-94.jpg,여드름,2,dermnet,train
/Users/kyoe/skin_ai/data/dermnet/train/Psoriasis pictures Lichen Planus and related diseases/seborrheic-dermatitis-10.jpg,건선,0,dermnet,train
/Users/kyoe/skin_ai/data/dermnet/train/Acne and Rosacea Photos/hidradenitis-suppurativa-81.jpg,여드름,2,dermnet,train
/Users/kyoe/skin_ai/data/dermnet/train/Eczema Photos/keratolysis-exfoliativa-3.jpg,아토피피부염,1,dermnet,train
/Users/kyoe/skin_ai/data/dermnet/train/Acne and Rosacea Photos/acne-primary-lesion-6.jpg,여드름,2,dermnet,train
/Users/kyoe/skin_ai/data/dermnet/train/Eczema Photos/03Eczema0915.jpg,아토피피부염,1,dermnet,train
/Users/kyoe/skin_ai/data/dermnet/train/Eczema Photos/lichen-simplex-chronicus-112.jpg,아토피피부염,1,dermnet,train
/Users/kyoe/skin_ai/data/dermnet/train/Eczema Photos/chapped-fissured-feet-6.jpg,아토피피부염,1,dermnet,train
/Users/kyoe/skin_ai/data/dermnet/train/Psoriasis pictures Lichen Planus and related diseases/Psoriasis-Chronic-Plaque-149.jpg,건선,0,dermnet,train
/Users/kyoe/skin_ai/data/dermnet/train/Psoriasis pictures Lichen Planus and related diseases/Psoriasis-Chronic-Plaque-128.jpg,건선,0,dermnet,train
/Users/kyoe/skin_ai/data/dermnet/train/Psoriasis pictures Lichen Planus and related diseases/Lichen-Sclerosus-Penis-9.jpg,건선,0,dermnet,train
/Users/kyoe/skin_ai/data/dermnet/train/Atopic Dermatitis Photos/05atopicFeet0801051.jpg,아토피피부염,1,dermnet,train
/Users/kyoe/skin_ai/data/dermnet/train/Acne and Rosacea Photos/rosacea-56.jpg,여드름,2,dermnet,train
/Users/kyoe/skin_ai/data/dermnet/train/Acne and Rosacea Photos/07RosaceaMilia0120.jpg,여드름,2,dermnet,train
/Users/kyoe/skin_ai/data/dermnet/train/Psoriasis pictures Lichen Planus and related diseases/Pityriasis-Lichenoides-53.jpg,건선,0,dermnet,train
/Users/kyoe/skin_ai/data/dermnet/train/Eczema Photos/eczema-foot-1.jpg,아토피피부염,1,dermnet,train
/Users/kyoe/skin_ai/data/dermnet/train/Acne and Rosacea Photos/acne-excoriated-20.jpg,여드름,2,dermnet,train
/Users/kyoe/skin_ai/data/dermnet/train/Acne and Rosacea Photos/rosacea-5.jpg,여드름,2,dermnet,train
/Users/kyoe/skin_ai/data/dermnet/train/Atopic Dermatitis Photos/05atopicFace100305.jpg,아토피피부염,1,dermnet,train
/Users/kyoe/skin_ai/data/dermnet/train/Eczema Photos/eczema-fingertips-100.jpg,아토피피부염,1,dermnet,train
/Users/kyoe/skin_ai/data/dermnet/train/Psoriasis pictures Lichen Planus and related diseases/psoriasis-scalp-88.jpg,건선,0,dermnet,train
/Users/kyoe/skin_ai/data/dermnet/train/Acne and Rosacea Photos/acne-closed-comedo-21.jpg,여드름,2,dermnet,train
/Users/kyoe/skin_ai/data/dermnet/train/Acne and Rosacea Photos/acne-open-comedo-26.jpg,여드름,2,dermnet,train
/Users/kyoe/skin_ai/data/dermnet/train/Eczema Photos/lichen-simplex-chronicus-108.jpg,아토피피부염,1,dermnet,train
/Users/kyoe/skin_ai/data/dermnet/train/Psoriasis pictures Lichen Planus and related diseases/pityriasis-rosea-196.jpg,건선,0,dermnet,train
/Users/kyoe/skin_ai/data/dermnet/train/Atopic Dermatitis Photos/05atopicFeet082304933.jpg,아토피피부염,1,dermnet,train
/Users/kyoe/skin_ai/data/dermnet/train/Eczema Photos/eczema-hand-197.jpg,아토피피부염,1,dermnet,train
/Users/kyoe/skin_ai/data/dermnet/train/Acne and Rosacea Photos/rosacea-granulomatous-1.jpg,여드름,2,dermnet,train
/Users/kyoe/skin_ai/data/dermnet/train/Psoriasis pictures Lichen Planus and related diseases/erythrokeratodermia-variabilis-3.jpg,건선,0,dermnet,train
/Users/kyoe/skin_ai/data/dermnet/train/Psoriasis pictures Lichen Planus and related diseases/psoriasis-palms-soles-173.jpg,건선,0,dermnet,train
/Users/kyoe/skin_ai/data/dermnet/train/Acne and Rosacea Photos/acne-primary-lesion-4.jpg,여드름,2,dermnet,train
/Users/kyoe/skin_ai/data/dermnet/train/Psoriasis pictures Lichen Planus and related diseases/Psoriasis-Hand-49.jpg,건선,0,dermnet,train
/Users/kyoe/skin_ai/data/dermnet/train/Psoriasis pictures Lichen Planus and related diseases/psoriasis-palms-soles-131.jpg,건선,0,dermnet,train
/Users/kyoe/skin_ai/data/dermnet/train/Atopic Dermatitis Photos/05KeratosisPilaris1013.jpg,아토피피부염,1,dermnet,train
/Users/kyoe/skin_ai/data/dermnet/train/Psoriasis pictures Lichen Planus and related diseases/08SebDermEyelashes.jpg,건선,0,dermnet,train
/Users/kyoe/skin_ai/data/dermnet/train/Acne and Rosacea Photos/minocycline-pigmentation-10.jpg,여드름,2,dermnet,train
/Users/kyoe/skin_ai/data/dermnet/train/Psoriasis pictures Lichen Planus and related diseases/reiter-syndrome-1.jpg,건선,0,dermnet,train
/Users/kyoe/skin_ai/data/dermnet/train/Psoriasis pictures Lichen Planus and related diseases/Psoriasis-Guttate-77.jpg,건선,0,dermnet,train
/Users/kyoe/skin_ai/data/dermnet/train/Eczema Photos/neurotic-excoriations-24.jpg,아토피피부염,1,dermnet,train
/Users/kyoe/skin_ai/data/dermnet/train/Psoriasis pictures Lichen Planus and related diseases/08SebDermNLFold.jpg,건선,0,dermnet,train
/Users/kyoe/skin_ai/data/dermnet/train/Psoriasis pictures Lichen Planus and related diseases/Psoriasis-Light-Sensative-3.jpg,건선,0,dermnet,train
/Users/kyoe/skin_ai/data/dermnet/train/Psoriasis pictures Lichen Planus and related diseases/psoriasis-pustular-generalized-10.jpg,건선,0,dermnet,train
/Users/kyoe/skin_ai/data/dermnet/train/Acne and Rosacea Photos/perioral-dermatitis-132.jpg,여드름,2,dermnet,train
/Users/kyoe/skin_ai/data/dermnet/train/Atopic Dermatitis Photos/05atopic031306.jpg,아토피피부염,1,dermnet,train
/Users/kyoe/skin_ai/data/dermnet/train/Eczema Photos/eczema-hand-106.jpg,아토피피부염,1,dermnet,train
/Users/kyoe/skin_ai/data/dermnet/train/Psoriasis pictures Lichen Planus and related diseases/seborrheic-dermatitis-94.jpg,건선,0,dermnet,train
/Users/kyoe/skin_ai/data/dermnet/train/Acne and Rosacea Photos/acne-cystic-148.jpg,여드름,2,dermnet,train
/Users/kyoe/skin_ai/data/dermnet/train/Acne and Rosacea Photos/hidradenitis-suppurativa-98.jpg,여드름,2,dermnet,train
/Users/kyoe/skin_ai/data/dermnet/train/Atopic Dermatitis Photos/3Eczema3-021.jpg,아토피피부염,1,dermnet,train
/Users/kyoe/skin_ai/data/dermnet/train/Psoriasis pictures Lichen Planus and related diseases/psoriasis-scalp-13.jpg,건선,0,dermnet,train
/Users/kyoe/skin_ai/data/dermnet/train/Acne and Rosacea Photos/perioral-dermatitis-45.jpg,여드름,2,dermnet,train
/Users/kyoe/skin_ai/data/dermnet/train/Psoriasis pictures Lichen Planus and related diseases/pityriasis-rubra-pilaris-50.jpg,건선,0,dermnet,train
/Users/kyoe/skin_ai/data/dermnet/train/Atopic Dermatitis Photos/05Atopic21.jpg,아토피피부염,1,dermnet,train
/Users/kyoe/skin_ai/data/dermnet/train/Atopic Dermatitis Photos/3IMG012.jpg,아토피피부염,1,dermnet,train
/Users/kyoe/skin_ai/data/dermnet/train/Psoriasis pictures Lichen Planus and related diseases/psoriasis-pustular-generalized-7.jpg,건선,0,dermnet,train
/Users/kyoe/skin_ai/data/dermnet/train/Psoriasis pictures Lichen Planus and related diseases/Psoriasis-penis-8.jpg,건선,0,dermnet,train
/Users/kyoe/skin_ai/data/dermnet/train/Psoriasis pictures Lichen Planus and related diseases/Psoriasis-Anus-14.jpg,건선,0,dermnet,train
/Users/kyoe/skin_ai/data/dermnet/train/Atopic Dermatitis Photos/10IMG004.jpg,아토피피부염,1,dermnet,train
/Users/kyoe/skin_ai/data/dermnet/train/Eczema Photos/prurigo-nodularis-1.jpg,아토피피부염,1,dermnet,train
/Users/kyoe/skin_ai/data/dermnet/train/Eczema Photos/eczema-areola-9.jpg,아토피피부염,1,dermnet,train
/Users/kyoe/skin_ai/data/dermnet/train/Atopic Dermatitis Photos/05SexLinkIchthosis032805.jpg,아토피피부염,1,dermnet,train
/Users/kyoe/skin_ai/data/dermnet/train/Psoriasis pictures Lichen Planus and related diseases/Lichen-Planus-Oral-39.jpg,건선,0,dermnet,train
/Users/kyoe/skin_ai/data/dermnet/train/Psoriasis pictures Lichen Planus and related diseases/Lichen-Sclerosus-Skin-118.jpg,건선,0,dermnet,train
/Users/kyoe/skin_ai/data/dermnet/train/Acne and Rosacea Photos/acne-cystic-138.jpg,여드름,2,dermnet,train
/Users/kyoe/skin_ai/data/dermnet/train/Psoriasis pictures Lichen Planus and related diseases/pityriasis-rosea-183.jpg,건선,0,dermnet,train
/Users/kyoe/skin_ai/data/dermnet/train/Acne and Rosacea Photos/acne-open-comedo-69.jpg,여드름,2,dermnet,train
/Users/kyoe/skin_ai/data/dermnet/train/Acne and Rosacea Photos/rosacea-73.jpg,여드름,2,dermnet,train
/Users/kyoe/skin_ai/data/dermnet/train/Eczema Photos/eczema-foot-17.jpg,아토피피부염,1,dermnet,train
/Users/kyoe/skin_ai/data/dermnet/train/Psoriasis pictures Lichen Planus and related diseases/Lichen-Sclerosus-Skin-95.jpg,건선,0,dermnet,train
/Users/kyoe/skin_ai/data/dermnet/train/Psoriasis pictures Lichen Planus and related diseases/Psoriasis-Hand-56.jpg,건선,0,dermnet,train
/Users/kyoe/skin_ai/data/dermnet/train/Psoriasis pictures Lichen Planus and related diseases/Lichen-Sclerosus-Skin-64.jpg,건선,0,dermnet,train
/Users/kyoe/skin_ai/data/dermnet/train/Atopic Dermatitis Photos/05atopic1107053.jpg,아토피피부염,1,dermnet,train
/Users/kyoe/skin_ai/data/dermnet/train/Eczema Photos/eczema-asteatotic-13.jpg,아토피피부염,1,dermnet,train
/Users/kyoe/skin_ai/data/dermnet/train/Acne and Rosacea Photos/hidradenitis-suppurativa-13.jpg,여드름,2,dermnet,train
/Users/kyoe/skin_ai/data/dermnet/train/Psoriasis pictures Lichen Planus and related diseases/Psoriasis-Histology-7.jpg,건선,0,dermnet,train
/Users/kyoe/skin_ai/data/dermnet/train/Eczema Photos/lichen-simplex-chronicus-153.jpg,아토피피부염,1,dermnet,train
/Users/kyoe/skin_ai/data/dermnet/train/Eczema Photos/chapped-fissured-feet-12.jpg,아토피피부염,1,dermnet,train
/Users/kyoe/skin_ai/data/dermnet/train/Psoriasis pictures Lichen Planus and related diseases/psoriasis-palms-soles-82.jpg,건선,0,dermnet,train
/Users/kyoe/skin_ai/data/dermnet/train/Psoriasis pictures Lichen Planus and related diseases/psoriasis-palms-soles-167.jpg,건선,0,dermnet,train
/Users/kyoe/skin_ai/data/dermnet/train/Psoriasis pictures Lichen Planus and related diseases/Psoriasis-Chronic-Plaque-187.jpg,건선,0,dermnet,train
/Users/kyoe/skin_ai/data/dermnet/train/Eczema Photos/03Desquamation-02.jpg,아토피피부염,1,dermnet,train
/Users/kyoe/skin_ai/data/dermnet/train/Psoriasis pictures Lichen Planus and related diseases/Psoriasis-Hand-50.jpg,건선,0,dermnet,train
/Users/kyoe/skin_ai/data/dermnet/train/Acne and Rosacea Photos/acne-open-comedo-60.jpg,여드름,2,dermnet,train
/Users/kyoe/skin_ai/data/dermnet/train/Eczema Photos/lichen-simplex-chronicus-143.jpg,아토피피부염,1,dermnet,train
/Users/kyoe/skin_ai/data/dermnet/train/Acne and Rosacea Photos/acne-cystic-128.jpg,여드름,2,dermnet,train
/Users/kyoe/skin_ai/data/dermnet/train/Eczema Photos/eczema-asteatotic-49.jpg,아토피피부염,1,dermnet,train
/Users/kyoe/skin_ai/data/dermnet/train/Acne and Rosacea Photos/acne-excoriated-28.jpg,여드름,2,dermnet,train
/Users/kyoe/skin_ai/data/dermnet/train/Psoriasis pictures Lichen Planus and related diseases/Psoriasis-Chronic-Plaque-102.jpg,건선,0,dermnet,train
/Users/kyoe/skin_ai/data/dermnet/train/Psoriasis pictures Lichen Planus and related diseases/pityriasis-rosea-155.jpg,건선,0,dermnet,train
/Users/kyoe/skin_ai/data/dermnet/train/Atopic Dermatitis Photos/9IMG016.jpg,아토피피부염,1,dermnet,train
/Users/kyoe/skin_ai/data/dermnet/train/Eczema Photos/eczema-arms-11.jpg,아토피피부염,1,dermnet,train
/Users/kyoe/skin_ai/data/dermnet/train/Psoriasis pictures Lichen Planus and related diseases/psoriasis-scalp-84.jpg,건선,0,dermnet,train
/Users/kyoe/skin_ai/data/dermnet/train/Eczema Photos/stasis-dermatitis-133.jpg,아토피피부염,1,dermnet,train
/Users/kyoe/skin_ai/data/dermnet/train/Psoriasis pictures Lichen Planus and related diseases/Psoriasis-vulva-1.jpg,건선,0,dermnet,train
/Users/kyoe/skin_ai/data/dermnet/train/Psoriasis pictures Lichen Planus and related diseases/Lichen-Sclerosis-Vulva-43.jpg,건선,0,dermnet,train
/Users/kyoe/skin_ai/data/dermnet/train/Acne and Rosacea Photos/perioral-dermatitis-109.jpg,여드름,2,dermnet,train
/Users/kyoe/skin_ai/data/dermnet/train/Atopic Dermatitis Photos/05KeratosisPilaris10131.jpg,아토피피부염,1,dermnet,train
/Users/kyoe/skin_ai/data/dermnet/train/Eczema Photos/pompholyx-26.jpg,아토피피부염,1,dermnet,train
/Users/kyoe/skin_ai/data/dermnet/train/Eczema Photos/eczema-hand-193.jpg,아토피피부염,1,dermnet,train
/Users/kyoe/skin_ai/data/dermnet/train/Psoriasis pictures Lichen Planus and related diseases/psoriasis-pustular-generalized-58.jpg,건선,0,dermnet,train
/Users/kyoe/skin_ai/data/dermnet/train/Psoriasis pictures Lichen Planus and related diseases/Psoriasis-Guttate-83.jpg,건선,0,dermnet,train
/Users/kyoe/skin_ai/data/dermnet/train/Psoriasis pictures Lichen Planus and related diseases/Psoriasis-Guttate-104.jpg,건선,0,dermnet,train
/Users/kyoe/skin_ai/data/dermnet/train/Eczema Photos/eczema-impetiginized-3.jpg,아토피피부염,1,dermnet,train
/Users/kyoe/skin_ai/data/dermnet/train/Eczema Photos/eczema-hand-151.jpg,아토피피부염,1,dermnet,train
/Users/kyoe/skin_ai/data/dermnet/train/Psoriasis pictures Lichen Planus and related diseases/Axillary-Granular-Parakeratosis-6.jpg,건선,0,dermnet,train
/Users/kyoe/skin_ai/data/dermnet/train/Psoriasis pictures Lichen Planus and related diseases/Lichen-Sclerosus-Skin-119.jpg,건선,0,dermnet,train
/Users/kyoe/skin_ai/data/dermnet/train/Eczema Photos/eczema-nummular-126.jpg,아토피피부염,1,dermnet,train
/Users/kyoe/skin_ai/data/dermnet/train/Atopic Dermatitis Photos/16IMG005.jpg,아토피피부염,1,dermnet,train
/Users/kyoe/skin_ai/data/dermnet/train/Psoriasis pictures Lichen Planus and related diseases/Psoriasis-Guttate-52.jpg,건선,0,dermnet,train
/Users/kyoe/skin_ai/data/dermnet/train/Psoriasis pictures Lichen Planus and related diseases/lichen-planus-126.jpg,건선,0,dermnet,train
/Users/kyoe/skin_ai/data/dermnet/train/Eczema Photos/pompholyx-18.jpg,아토피피부염,1,dermnet,train
/Users/kyoe/skin_ai/data/dermnet/train/Psoriasis pictures Lichen Planus and related diseases/pityriasis-rosea-15.jpg,건선,0,dermnet,train
/Users/kyoe/skin_ai/data/dermnet/train/Psoriasis pictures Lichen Planus and related diseases/Lichen-Planus-Penis-3.jpg,건선,0,dermnet,train
/Users/kyoe/skin_ai/data/dermnet/train/Acne and Rosacea Photos/acne-open-comedo-59.jpg,여드름,2,dermnet,train
/Users/kyoe/skin_ai/data/dermnet/train/Acne and Rosacea Photos/acne-open-comedo-34.jpg,여드름,2,dermnet,train
/Users/kyoe/skin_ai/data/dermnet/train/Eczema Photos/neurotic-excoriations-9.jpg,아토피피부염,1,dermnet,train
/Users/kyoe/skin_ai/data/dermnet/train/Acne and Rosacea Photos/hidradenitis-suppurativa-102.jpg,여드름,2,dermnet,train
/Users/kyoe/skin_ai/data/dermnet/train/Psoriasis pictures Lichen Planus and related diseases/08SebDermRosacea110104.jpg,건선,0,dermnet,train
/Users/kyoe/skin_ai/data/dermnet/train/Acne and Rosacea Photos/hidradenitis-suppurativa-17.jpg,여드름,2,dermnet,train
/Users/kyoe/skin_ai/data/dermnet/train/Psoriasis pictures Lichen Planus and related diseases/pityriasis-rosea-201.jpg,건선,0,dermnet,train
/Users/kyoe/skin_ai/data/dermnet/train/Psoriasis pictures Lichen Planus and related diseases/Lichen-Sclerosus-Penis-37.jpg,건선,0,dermnet,train
/Users/kyoe/skin_ai/data/dermnet/train/Eczema Photos/neurotic-excoriations-59.jpg,아토피피부염,1,dermnet,train
/Users/kyoe/skin_ai/data/dermnet/train/Psoriasis pictures Lichen Planus and related diseases/Psoriasis-Hand-30.jpg,건선,0,dermnet,train
/Users/kyoe/skin_ai/data/dermnet/train/Eczema Photos/eczema-hand-88.jpg,아토피피부염,1,dermnet,train
/Users/kyoe/skin_ai/data/dermnet/train/Eczema Photos/eczema-chronic-9.jpg,아토피피부염,1,dermnet,train
/Users/kyoe/skin_ai/data/dermnet/train/Atopic Dermatitis Photos/05AtopicHand1.jpg,아토피피부염,1,dermnet,train
/Users/kyoe/skin_ai/data/dermnet/train/Eczema Photos/eczema-areola-2.jpg,아토피피부염,1,dermnet,train
/Users/kyoe/skin_ai/data/dermnet/train/Acne and Rosacea Photos/07rhnophymas032105.jpg,여드름,2,dermnet,train
/Users/kyoe/skin_ai/data/dermnet/train/Acne and Rosacea Photos/Hidradenitis-Suppurativa-Areola-2.jpg,여드름,2,dermnet,train
/Users/kyoe/skin_ai/data/dermnet/train/Acne and Rosacea Photos/hidradenitis-suppurativa-21.jpg,여드름,2,dermnet,train
/Users/kyoe/skin_ai/data/dermnet/train/Acne and Rosacea Photos/rosacea-nose-9.jpg,여드름,2,dermnet,train
/Users/kyoe/skin_ai/data/dermnet/train/Eczema Photos/eczema-subacute-40.jpg,아토피피부염,1,dermnet,train
/Users/kyoe/skin_ai/data/dermnet/train/Psoriasis pictures Lichen Planus and related diseases/Lichen-Sclerosis-Vulva-36.jpg,건선,0,dermnet,train
/Users/kyoe/skin_ai/data/dermnet/train/Psoriasis pictures Lichen Planus and related diseases/pityriasis-rosea-178.jpg,건선,0,dermnet,train
/Users/kyoe/skin_ai/data/dermnet/train/Eczema Photos/lichen-simplex-chronicus-87.jpg,아토피피부염,1,dermnet,train
/Users/kyoe/skin_ai/data/dermnet/train/Eczema Photos/stasis-dermatitis-148.jpg,아토피피부염,1,dermnet,train
/Users/kyoe/skin_ai/data/dermnet/train/Acne and Rosacea Photos/acne-pustular-73.jpg,여드름,2,dermnet,train
/Users/kyoe/skin_ai/data/dermnet/train/Eczema Photos/prurigo-nodularis-54.jpg,아토피피부염,1,dermnet,train
/Users/kyoe/skin_ai/data/dermnet/train/Acne and Rosacea Photos/07sebDerem1101052.jpg,여드름,2,dermnet,train
/Users/kyoe/skin_ai/data/dermnet/train/Psoriasis pictures Lichen Planus and related diseases/Psoriasis-penis-1.jpg,건선,0,dermnet,train
/Users/kyoe/skin_ai/data/dermnet/train/Psoriasis pictures Lichen Planus and related diseases/Psoriasis-Chronic-Plaque-12.jpg,건선,0,dermnet,train
/Users/kyoe/skin_ai/data/dermnet/train/Psoriasis pictures Lichen Planus and related diseases/psoriasis-palms-soles-113.jpg,건선,0,dermnet,train
/Users/kyoe/skin_ai/data/dermnet/train/Psoriasis pictures Lichen Planus and related diseases/Lichen-Sclerosus-Skin-17.jpg,건선,0,dermnet,train
/Users/kyoe/skin_ai/data/dermnet/train/Acne and Rosacea Photos/perioral-dermatitis-19.jpg,여드름,2,dermnet,train
/Users/kyoe/skin_ai/data/dermnet/train/Eczema Photos/eczema-hand-95.jpg,아토피피부염,1,dermnet,train
/Users/kyoe/skin_ai/data/dermnet/train/Psoriasis pictures Lichen Planus and related diseases/psoriasis-palms-soles-180.jpg,건선,0,dermnet,train
/Users/kyoe/skin_ai/data/dermnet/train/Eczema Photos/eczema-nummular-130.jpg,아토피피부염,1,dermnet,train
/Users/kyoe/skin_ai/data/dermnet/train/Acne and Rosacea Photos/acne-pustular-39.jpg,여드름,2,dermnet,train
/Users/kyoe/skin_ai/data/dermnet/train/Acne and Rosacea Photos/acne-pustular-5.jpg,여드름,2,dermnet,train
/Users/kyoe/skin_ai/data/dermnet/train/Eczema Photos/eczema-areola-3.jpg,아토피피부염,1,dermnet,train
/Users/kyoe/skin_ai/data/dermnet/train/Psoriasis pictures Lichen Planus and related diseases/Lichen-Sclerosis-Vulva-42.jpg,건선,0,dermnet,train
/Users/kyoe/skin_ai/data/dermnet/train/Acne and Rosacea Photos/acne-cystic-120.jpg,여드름,2,dermnet,train
/Users/kyoe/skin_ai/data/dermnet/train/Atopic Dermatitis Photos/05keratosisPilaris0321051.jpg,아토피피부염,1,dermnet,train
/Users/kyoe/skin_ai/data/dermnet/train/Acne and Rosacea Photos/acne-pustular-1.jpg,여드름,2,dermnet,train
/Users/kyoe/skin_ai/data/dermnet/train/Psoriasis pictures Lichen Planus and related diseases/psoriasis-palms-soles-170.jpg,건선,0,dermnet,train
/Users/kyoe/skin_ai/data/dermnet/train/Psoriasis pictures Lichen Planus and related diseases/Psoriasis-Guttate-11.jpg,건선,0,dermnet,train
/Users/kyoe/skin_ai/data/dermnet/train/Psoriasis pictures Lichen Planus and related diseases/erythrokeratodermia-variabilis-4.jpg,건선,0,dermnet,train
/Users/kyoe/skin_ai/data/dermnet/train/Atopic Dermatitis Photos/05Atopic.jpg,아토피피부염,1,dermnet,train
/Users/kyoe/skin_ai/data/dermnet/train/Eczema Photos/eczema-fingertips-80.jpg,아토피피부염,1,dermnet,train
/Users/kyoe/skin_ai/data/dermnet/train/Acne and Rosacea Photos/hidradenitis-suppurativa-28.jpg,여드름,2,dermnet,train
/Users/kyoe/skin_ai/data/dermnet/train/Psoriasis pictures Lichen Planus and related diseases/Lichen-Planus-Oral-27.jpg,건선,0,dermnet,train
/Users/kyoe/skin_ai/data/dermnet/train/Acne and Rosacea Photos/hyperhidrosis-4.jpg,여드름,2,dermnet,train
/Users/kyoe/skin_ai/data/dermnet/train/Psoriasis pictures Lichen Planus and related diseases/psoriasis-erythrodermic-9.jpg,건선,0,dermnet,train
/Users/kyoe/skin_ai/data/dermnet/train/Eczema Photos/eczema-nummular-180.jpg,아토피피부염,1,dermnet,train
/Users/kyoe/skin_ai/data/dermnet/train/Psoriasis pictures Lichen Planus and related diseases/psoriasis-scalp-96.jpg,건선,0,dermnet,train
/Users/kyoe/skin_ai/data/dermnet/train/Eczema Photos/eczema-nummular-154.jpg,아토피피부염,1,dermnet,train
/Users/kyoe/skin_ai/data/dermnet/train/Psoriasis pictures Lichen Planus and related diseases/08TineaAmiantacea.jpg,건선,0,dermnet,train
/Users/kyoe/skin_ai/data/dermnet/train/Acne and Rosacea Photos/perioral-dermatitis-113.jpg,여드름,2,dermnet,train
/Users/kyoe/skin_ai/data/dermnet/train/Psoriasis pictures Lichen Planus and related diseases/Lichen-Sclerosus-Skin-102.jpg,건선,0,dermnet,train
/Users/kyoe/skin_ai/data/dermnet/train/Eczema Photos/stasis-dermatitis-164.jpg,아토피피부염,1,dermnet,train
/Users/kyoe/skin_ai/data/dermnet/train/Eczema Photos/eczema-nummular-200.jpg,아토피피부염,1,dermnet,train
/Users/kyoe/skin_ai/data/dermnet/train/Eczema Photos/Dyshidrosis-58.jpg,아토피피부염,1,dermnet,train
/Users/kyoe/skin_ai/data/dermnet/train/Acne and Rosacea Photos/milia-14.jpg,여드름,2,dermnet,train
/Users/kyoe/skin_ai/data/dermnet/train/Acne and Rosacea Photos/rosacea-nose-3.jpg,여드름,2,dermnet,train
/Users/kyoe/skin_ai/data/dermnet/train/Psoriasis pictures Lichen Planus and related diseases/psoriasis-palms-soles-192.jpg,건선,0,dermnet,train
/Users/kyoe/skin_ai/data/dermnet/train/Eczema Photos/eczema-fingertips-60.jpg,아토피피부염,1,dermnet,train
/Users/kyoe/skin_ai/data/dermnet/train/Acne and Rosacea Photos/07RosaceaK0216.jpg,여드름,2,dermnet,train
/Users/kyoe/skin_ai/data/dermnet/train/Psoriasis pictures Lichen Planus and related diseases/psoriasis-scalp-41.jpg,건선,0,dermnet,train
/Users/kyoe/skin_ai/data/dermnet/train/Eczema Photos/eczema-fingertips-32.jpg,아토피피부염,1,dermnet,train
/Users/kyoe/skin_ai/data/dermnet/train/Atopic Dermatitis Photos/3IMG014.jpg,아토피피부염,1,dermnet,train
/Users/kyoe/skin_ai/data/dermnet/train/Psoriasis pictures Lichen Planus and related diseases/psoriasis-palms-soles-124.jpg,건선,0,dermnet,train
/Users/kyoe/skin_ai/data/dermnet/train/Eczema Photos/eczema-nummular-111.jpg,아토피피부염,1,dermnet,train
/Users/kyoe/skin_ai/data/dermnet/train/Psoriasis pictures Lichen Planus and related diseases/seborrheic-dermatitis-125.jpg,건선,0,dermnet,train
/Users/kyoe/skin_ai/data/dermnet/train/Eczema Photos/eczema-hand-163.jpg,아토피피부염,1,dermnet,train
/Users/kyoe/skin_ai/data/dermnet/train/Psoriasis pictures Lichen Planus and related diseases/pityriasis-rosea-157.jpg,건선,0,dermnet,train
/Users/kyoe/skin_ai/data/dermnet/train/Acne and Rosacea Photos/hidradenitis-suppurativa-58.jpg,여드름,2,dermnet,train
/Users/kyoe/skin_ai/data/dermnet/train/Eczema Photos/eczema-foot-45.jpg,아토피피부염,1,dermnet,train
/Users/kyoe/skin_ai/data/dermnet/train/Eczema Photos/eczema-nummular-113.jpg,아토피피부염,1,dermnet,train
/Users/kyoe/skin_ai/data/dermnet/train/Atopic Dermatitis Photos/05keratosisPilaris041904.jpg,아토피피부염,1,dermnet,train
/Users/kyoe/skin_ai/data/dermnet/train/Acne and Rosacea Photos/perioral-dermatitis-14.jpg,여드름,2,dermnet,train
/Users/kyoe/skin_ai/data/dermnet/train/Atopic Dermatitis Photos/05Atopic12016.jpg,아토피피부염,1,dermnet,train
/Users/kyoe/skin_ai/data/dermnet/train/Eczema Photos/eczema-nummular-159.jpg,아토피피부염,1,dermnet,train
/Users/kyoe/skin_ai/data/dermnet/train/Atopic Dermatitis Photos/05icthyosis0124053.jpg,아토피피부염,1,dermnet,train
/Users/kyoe/skin_ai/data/dermnet/train/Eczema Photos/eczema-trunk-generalized-9.jpg,아토피피부염,1,dermnet,train
/Users/kyoe/skin_ai/data/dermnet/train/Psoriasis pictures Lichen Planus and related diseases/Psoriasis-Chronic-Plaque-136.jpg,건선,0,dermnet,train
