image_path,class_name,class_idx,source,split
data/ISIC 2019/BKL/ISIC_0014612_downsampled.jpg,지루각화증,7,isic2019,train
data/ISIC 2019/BCC/ISIC_0027229.jpg,기저세포암,1,isic2019,train
data/ISIC 2019/BKL/ISIC_0030241.jpg,지루각화증,7,isic2019,train
data/ISIC 2019/BKL/ISIC_0062363.jpg,지루각화증,7,isic2019,train
data/ISIC 2019/NV/ISIC_0013096_downsampled.jpg,멜라닌세포모반,2,isic2019,train
data/ISIC 2019/NV/ISIC_0032606.jpg,멜라닌세포모반,2,isic2019,train
data/ISIC 2019/BCC/ISIC_0062645.jpg,기저세포암,1,isic2019,train
data/ISIC 2019/NV/ISIC_0069996.jpg,멜라닌세포모반,2,isic2019,train
data/ISIC 2019/BCC/ISIC_0060551.jpg,기저세포암,1,isic2019,train
data/ISIC 2019/MEL/ISIC_0068303.jpg,악성흑색종,6,isic2019,train
data/ISIC 2019/SCC/ISIC_0069086.jpg,편평세포암,8,isic2019,train
data/ISIC 2019/BKL/ISIC_0068422.jpg,지루각화증,7,isic2019,train
data/ISIC 2019/NV/ISIC_0000383_downsampled.jpg,멜라닌세포모반,2,isic2019,train
data/ISIC 2019/BKL/ISIC_0026539.jpg,지루각화증,7,isic2019,train
data/ISIC 2019/BKL/ISIC_0068263.jpg,지루각화증,7,isic2019,train
data/ISIC 2019/AK/ISIC_0056037.jpg,광선각화증,0,isic2019,train
data/ISIC 2019/NV/ISIC_0015938_downsampled.jpg,멜라닌세포모반,2,isic2019,train
data/ISIC 2019/BCC/ISIC_0060990.jpg,기저세포암,1,isic2019,train
data/ISIC 2019/AK/ISIC_0063287.jpg,광선각화증,0,isic2019,train
data/ISIC 2019/MEL/ISIC_0032875.jpg,악성흑색종,6,isic2019,train
data/ISIC 2019/MEL/ISIC_0067543.jpg,악성흑색종,6,isic2019,train
data/ISIC 2019/BCC/ISIC_0060622.jpg,기저세포암,1,isic2019,train
data/ISIC 2019/NV/ISIC_0032885.jpg,멜라닌세포모반,2,isic2019,train
data/ISIC 2019/BKL/ISIC_0027320.jpg,지루각화증,7,isic2019,train
data/ISIC 2019/BCC/ISIC_0060149.jpg,기저세포암,1,isic2019,train
data/ISIC 2019/MEL/ISIC_0025766.jpg,악성흑색종,6,isic2019,train
data/ISIC 2019/BKL/ISIC_0024909.jpg,지루각화증,7,isic2019,train
data/ISIC 2019/BKL/ISIC_0033770.jpg,지루각화증,7,isic2019,train
data/ISIC 2019/BKL/ISIC_0070917.jpg,지루각화증,7,isic2019,train
data/ISIC 2019/MEL/ISIC_0060558.jpg,악성흑색종,6,isic2019,train
data/ISIC 2019/MEL/ISIC_0069511.jpg,악성흑색종,6,isic2019,train
data/ISIC 2019/BKL/ISIC_0032732.jpg,지루각화증,7,isic2019,train
data/ISIC 2019/BCC/ISIC_0064424.jpg,기저세포암,1,isic2019,train
data/ISIC 2019/MEL/ISIC_0064161.jpg,악성흑색종,6,isic2019,train
data/ISIC 2019/BKL/ISIC_0055679.jpg,지루각화증,7,isic2019,train
data/ISIC 2019/BKL/ISIC_0031196.jpg,지루각화증,7,isic2019,train
data/ISIC 2019/BKL/ISIC_0014648_downsampled.jpg,지루각화증,7,isic2019,train
data/ISIC 2019/BKL/ISIC_0025292.jpg,지루각화증,7,isic2019,train
data/ISIC 2019/MEL/ISIC_0054694.jpg,악성흑색종,6,isic2019,train
data/ISIC 2019/BCC/ISIC_0061512.jpg,기저세포암,1,isic2019,train
data/ISIC 2019/NV/ISIC_0000037_downsampled.jpg,멜라닌세포모반,2,isic2019,train
data/ISIC 2019/BCC/ISIC_0066039.jpg,기저세포암,1,isic2019,train
data/ISIC 2019/NV/ISIC_0068685.jpg,멜라닌세포모반,2,isic2019,train
data/ISIC 2019/BKL/ISIC_0027735.jpg,지루각화증,7,isic2019,train
data/ISIC 2019/NV/ISIC_0001871_downsampled.jpg,멜라닌세포모반,2,isic2019,train
data/ISIC 2019/BCC/ISIC_0066954.jpg,기저세포암,1,isic2019,train
data/ISIC 2019/BCC/ISIC_0064644.jpg,기저세포암,1,isic2019,train
data/ISIC 2019/NV/ISIC_0012216_downsampled.jpg,멜라닌세포모반,2,isic2019,train
data/ISIC 2019/BKL/ISIC_0027996.jpg,지루각화증,7,isic2019,train
data/ISIC 2019/BCC/ISIC_0053771.jpg,기저세포암,1,isic2019,train
data/ISIC 2019/NV/ISIC_0030144.jpg,멜라닌세포모반,2,isic2019,train
data/ISIC 2019/AK/ISIC_0067728.jpg,광선각화증,0,isic2019,train
data/ISIC 2019/BKL/ISIC_0032655.jpg,지루각화증,7,isic2019,train
data/ISIC 2019/BKL/ISIC_0025885.jpg,지루각화증,7,isic2019,train
data/ISIC 2019/NV/ISIC_0055853.jpg,멜라닌세포모반,2,isic2019,train
data/ISIC 2019/BCC/ISIC_0066689.jpg,기저세포암,1,isic2019,train
data/ISIC 2019/DF/ISIC_0033256.jpg,피부섬유종,10,isic2019,train
data/ISIC 2019/SCC/ISIC_0070704.jpg,편평세포암,8,isic2019,train
data/ISIC 2019/NV/ISIC_0061421.jpg,멜라닌세포모반,2,isic2019,train
data/ISIC 2019/MEL/ISIC_0070974.jpg,악성흑색종,6,isic2019,train
data/ISIC 2019/MEL/ISIC_0056981.jpg,악성흑색종,6,isic2019,train
data/ISIC 2019/BCC/ISIC_0068597.jpg,기저세포암,1,isic2019,train
data/ISIC 2019/NV/ISIC_0024604.jpg,멜라닌세포모반,2,isic2019,train
data/ISIC 2019/NV/ISIC_0014834_downsampled.jpg,멜라닌세포모반,2,isic2019,train
data/ISIC 2019/BKL/ISIC_0060173.jpg,지루각화증,7,isic2019,train
data/ISIC 2019/BCC/ISIC_0071438.jpg,기저세포암,1,isic2019,train
data/ISIC 2019/BCC/ISIC_0024885.jpg,기저세포암,1,isic2019,train
data/ISIC 2019/NV/ISIC_0067327.jpg,멜라닌세포모반,2,isic2019,train
data/ISIC 2019/NV/ISIC_0033210.jpg,멜라닌세포모반,2,isic2019,train
data/ISIC 2019/AK/ISIC_0025957.jpg,광선각화증,0,isic2019,train
data/ISIC 2019/NV/ISIC_0071877.jpg,멜라닌세포모반,2,isic2019,train
data/ISIC 2019/MEL/ISIC_0054497.jpg,악성흑색종,6,isic2019,train
data/ISIC 2019/MEL/ISIC_0068700.jpg,악성흑색종,6,isic2019,train
data/ISIC 2019/BKL/ISIC_0031037.jpg,지루각화증,7,isic2019,train
data/ISIC 2019/BCC/ISIC_0071794.jpg,기저세포암,1,isic2019,train
data/ISIC 2019/BKL/ISIC_0059088.jpg,지루각화증,7,isic2019,train
data/ISIC 2019/MEL/ISIC_0068776.jpg,악성흑색종,6,isic2019,train
data/ISIC 2019/NV/ISIC_0031255.jpg,멜라닌세포모반,2,isic2019,train
data/ISIC 2019/BKL/ISIC_0024915.jpg,지루각화증,7,isic2019,train
data/ISIC 2019/NV/ISIC_0032669.jpg,멜라닌세포모반,2,isic2019,train
data/ISIC 2019/AK/ISIC_0054081.jpg,광선각화증,0,isic2019,train
data/ISIC 2019/BKL/ISIC_0069673.jpg,지루각화증,7,isic2019,train
data/ISIC 2019/MEL/ISIC_0032559.jpg,악성흑색종,6,isic2019,train
data/ISIC 2019/AK/ISIC_0068232.jpg,광선각화증,0,isic2019,train
data/ISIC 2019/NV/ISIC_0030139.jpg,멜라닌세포모반,2,isic2019,train
data/ISIC 2019/NV/ISIC_0071874.jpg,멜라닌세포모반,2,isic2019,train
data/ISIC 2019/BKL/ISIC_0055708.jpg,지루각화증,7,isic2019,train
data/ISIC 2019/NV/ISIC_0025736.jpg,멜라닌세포모반,2,isic2019,train
data/ISIC 2019/BKL/ISIC_0025743.jpg,지루각화증,7,isic2019,train
data/ISIC 2019/BKL/ISIC_0032359.jpg,지루각화증,7,isic2019,train
data/ISIC 2019/NV/ISIC_0069160.jpg,멜라닌세포모반,2,isic2019,train
data/ISIC 2019/MEL/ISIC_0070846.jpg,악성흑색종,6,isic2019,train
data/ISIC 2019/MEL/ISIC_0057482.jpg,악성흑색종,6,isic2019,train
data/ISIC 2019/BKL/ISIC_0012134_downsampled.jpg,지루각화증,7,isic2019,train
data/ISIC 2019/BCC/ISIC_0032834.jpg,기저세포암,1,isic2019,train
data/ISIC 2019/BKL/ISIC_0060464.jpg,지루각화증,7,isic2019,train
data/ISIC 2019/NV/ISIC_0032728.jpg,멜라닌세포모반,2,isic2019,train
data/ISIC 2019/NV/ISIC_0029635.jpg,멜라닌세포모반,2,isic2019,train
data/ISIC 2019/BCC/ISIC_0072433.jpg,기저세포암,1,isic2019,train
data/ISIC 2019/BKL/ISIC_0063201.jpg,지루각화증,7,isic2019,train
data/ISIC 2019/BKL/ISIC_0072451.jpg,지루각화증,7,isic2019,train
data/ISIC 2019/SCC/ISIC_0056212.jpg,편평세포암,8,isic2019,train
data/ISIC 2019/VASC/ISIC_0072430.jpg,혈관종,12,isic2019,train
data/ISIC 2019/MEL/ISIC_0057771.jpg,악성흑색종,6,isic2019,train
data/ISIC 2019/NV/ISIC_0067172.jpg,멜라닌세포모반,2,isic2019,train
data/ISIC 2019/BCC/ISIC_0056206.jpg,기저세포암,1,isic2019,train
data/ISIC 2019/NV/ISIC_0028601.jpg,멜라닌세포모반,2,isic2019,train
data/ISIC 2019/BCC/ISIC_0069804.jpg,기저세포암,1,isic2019,train
data/ISIC 2019/NV/ISIC_0069896.jpg,멜라닌세포모반,2,isic2019,train
data/ISIC 2019/BCC/ISIC_0054322.jpg,기저세포암,1,isic2019,train
data/ISIC 2019/BKL/ISIC_0033401.jpg,지루각화증,7,isic2019,train
data/ISIC 2019/BKL/ISIC_0033262.jpg,지루각화증,7,isic2019,train
data/ISIC 2019/BCC/ISIC_0054873.jpg,기저세포암,1,isic2019,train
data/ISIC 2019/MEL/ISIC_0027060.jpg,악성흑색종,6,isic2019,train
data/ISIC 2019/BCC/ISIC_0071308.jpg,기저세포암,1,isic2019,train
data/ISIC 2019/MEL/ISIC_0026909.jpg,악성흑색종,6,isic2019,train
data/ISIC 2019/MEL/ISIC_0026996.jpg,악성흑색종,6,isic2019,train
data/ISIC 2019/MEL/ISIC_0056819.jpg,악성흑색종,6,isic2019,train
data/ISIC 2019/NV/ISIC_0058531.jpg,멜라닌세포모반,2,isic2019,train
data/ISIC 2019/MEL/ISIC_0063324.jpg,악성흑색종,6,isic2019,train
data/ISIC 2019/NV/ISIC_0063239.jpg,멜라닌세포모반,2,isic2019,train
data/ISIC 2019/BKL/ISIC_0012704_downsampled.jpg,지루각화증,7,isic2019,train
data/ISIC 2019/BKL/ISIC_0056445.jpg,지루각화증,7,isic2019,train
data/ISIC 2019/MEL/ISIC_0055264.jpg,악성흑색종,6,isic2019,train
data/ISIC 2019/BKL/ISIC_0072484.jpg,지루각화증,7,isic2019,train
data/ISIC 2019/MEL/ISIC_0070551.jpg,악성흑색종,6,isic2019,train
data/ISIC 2019/NV/ISIC_0058430.jpg,멜라닌세포모반,2,isic2019,train
data/ISIC 2019/MEL/ISIC_0064575.jpg,악성흑색종,6,isic2019,train
data/ISIC 2019/BCC/ISIC_0059559.jpg,기저세포암,1,isic2019,train
data/ISIC 2019/NV/ISIC_0025442.jpg,멜라닌세포모반,2,isic2019,train
data/ISIC 2019/BCC/ISIC_0025940.jpg,기저세포암,1,isic2019,train
data/ISIC 2019/BCC/ISIC_0059394.jpg,기저세포암,1,isic2019,train
data/ISIC 2019/BKL/ISIC_0064815.jpg,지루각화증,7,isic2019,train
data/ISIC 2019/AK/ISIC_0032135.jpg,광선각화증,0,isic2019,train
data/ISIC 2019/BKL/ISIC_0025040.jpg,지루각화증,7,isic2019,train
data/ISIC 2019/MEL/ISIC_0061355.jpg,악성흑색종,6,isic2019,train
data/ISIC 2019/NV/ISIC_0031794.jpg,멜라닌세포모반,2,isic2019,train
data/ISIC 2019/VASC/ISIC_0032614.jpg,혈관종,12,isic2019,train
data/ISIC 2019/VASC/ISIC_0030606.jpg,혈관종,12,isic2019,train
data/ISIC 2019/AK/ISIC_0059588.jpg,광선각화증,0,isic2019,train
data/ISIC 2019/BCC/ISIC_0070472.jpg,기저세포암,1,isic2019,train
data/ISIC 2019/BCC/ISIC_0067605.jpg,기저세포암,1,isic2019,train
data/ISIC 2019/BCC/ISIC_0029919.jpg,기저세포암,1,isic2019,train
data/ISIC 2019/MEL/ISIC_0032192.jpg,악성흑색종,6,isic2019,train
data/ISIC 2019/NV/ISIC_0026866.jpg,멜라닌세포모반,2,isic2019,train
data/ISIC 2019/MEL/ISIC_0031795.jpg,악성흑색종,6,isic2019,train
data/ISIC 2019/BCC/ISIC_0057400.jpg,기저세포암,1,isic2019,train
data/ISIC 2019/NV/ISIC_0033798.jpg,멜라닌세포모반,2,isic2019,train
data/ISIC 2019/BKL/ISIC_0034057.jpg,지루각화증,7,isic2019,train
data/ISIC 2019/MEL/ISIC_0063362.jpg,악성흑색종,6,isic2019,train
data/ISIC 2019/MEL/ISIC_0028086.jpg,악성흑색종,6,isic2019,train
data/ISIC 2019/NV/ISIC_0064794.jpg,멜라닌세포모반,2,isic2019,train
data/ISIC 2019/BKL/ISIC_0033539.jpg,지루각화증,7,isic2019,train
data/ISIC 2019/BKL/ISIC_0068226.jpg,지루각화증,7,isic2019,train
data/ISIC 2019/NV/ISIC_0065773.jpg,멜라닌세포모반,2,isic2019,train
data/ISIC 2019/MEL/ISIC_0070956.jpg,악성흑색종,6,isic2019,train
data/ISIC 2019/BKL/ISIC_0032303.jpg,지루각화증,7,isic2019,train
data/ISIC 2019/MEL/ISIC_0064507.jpg,악성흑색종,6,isic2019,train
data/ISIC 2019/SCC/ISIC_0069914.jpg,편평세포암,8,isic2019,train
data/ISIC 2019/BCC/ISIC_0056887.jpg,기저세포암,1,isic2019,train
data/ISIC 2019/NV/ISIC_0033751.jpg,멜라닌세포모반,2,isic2019,train
data/ISIC 2019/VASC/ISIC_0070616.jpg,혈관종,12,isic2019,train
data/ISIC 2019/BKL/ISIC_0014618_downsampled.jpg,지루각화증,7,isic2019,train
data/ISIC 2019/MEL/ISIC_0066426.jpg,악성흑색종,6,isic2019,train
data/ISIC 2019/BKL/ISIC_0033528.jpg,지루각화증,7,isic2019,train
data/ISIC 2019/BCC/ISIC_0054607.jpg,기저세포암,1,isic2019,train
data/ISIC 2019/MEL/ISIC_0057324.jpg,악성흑색종,6,isic2019,train
data/ISIC 2019/NV/ISIC_0057260.jpg,멜라닌세포모반,2,isic2019,train
data/ISIC 2019/NV/ISIC_0059379.jpg,멜라닌세포모반,2,isic2019,train
data/ISIC 2019/MEL/ISIC_0058391.jpg,악성흑색종,6,isic2019,train
data/ISIC 2019/NV/ISIC_0060709.jpg,멜라닌세포모반,2,isic2019,train
data/ISIC 2019/NV/ISIC_0030237.jpg,멜라닌세포모반,2,isic2019,train
data/ISIC 2019/MEL/ISIC_0057257.jpg,악성흑색종,6,isic2019,train
data/ISIC 2019/NV/ISIC_0030520.jpg,멜라닌세포모반,2,isic2019,train
data/ISIC 2019/DF/ISIC_0031443.jpg,피부섬유종,10,isic2019,train
data/ISIC 2019/MEL/ISIC_0062364.jpg,악성흑색종,6,isic2019,train
data/ISIC 2019/DF/ISIC_0054247.jpg,피부섬유종,10,isic2019,train
data/ISIC 2019/SCC/ISIC_0059700.jpg,편평세포암,8,isic2019,train
data/ISIC 2019/BKL/ISIC_0059620.jpg,지루각화증,7,isic2019,train
data/ISIC 2019/BKL/ISIC_0028876.jpg,지루각화증,7,isic2019,train
data/ISIC 2019/BCC/ISIC_0057104.jpg,기저세포암,1,isic2019,train
data/ISIC 2019/NV/ISIC_0000015.jpg,멜라닌세포모반,2,isic2019,train
data/ISIC 2019/SCC/ISIC_0029541.jpg,편평세포암,8,isic2019,train
data/ISIC 2019/MEL/ISIC_0071568.jpg,악성흑색종,6,isic2019,train
data/ISIC 2019/BCC/ISIC_0066511.jpg,기저세포암,1,isic2019,train
data/ISIC 2019/BCC/ISIC_0058698.jpg,기저세포암,1,isic2019,train
data/ISIC 2019/MEL/ISIC_0028582.jpg,악성흑색종,6,isic2019,train
data/ISIC 2019/SCC/ISIC_0031044.jpg,편평세포암,8,isic2019,train
data/ISIC 2019/MEL/ISIC_0033175.jpg,악성흑색종,6,isic2019,train
data/ISIC 2019/NV/ISIC_0000058_downsampled.jpg,멜라닌세포모반,2,isic2019,train
data/ISIC 2019/NV/ISIC_0027358.jpg,멜라닌세포모반,2,isic2019,train
data/ISIC 2019/NV/ISIC_0030063.jpg,멜라닌세포모반,2,isic2019,train
data/ISIC 2019/NV/ISIC_0071896.jpg,멜라닌세포모반,2,isic2019,train
data/ISIC 2019/BKL/ISIC_0068681.jpg,지루각화증,7,isic2019,train
data/ISIC 2019/BCC/ISIC_0070911.jpg,기저세포암,1,isic2019,train
data/ISIC 2019/BKL/ISIC_0024850.jpg,지루각화증,7,isic2019,train
data/ISIC 2019/MEL/ISIC_0013844_downsampled.jpg,악성흑색종,6,isic2019,train
data/ISIC 2019/NV/ISIC_0029467.jpg,멜라닌세포모반,2,isic2019,train
data/ISIC 2019/AK/ISIC_0058769.jpg,광선각화증,0,isic2019,train
data/ISIC 2019/BKL/ISIC_0025777.jpg,지루각화증,7,isic2019,train
data/ISIC 2019/MEL/ISIC_0056938.jpg,악성흑색종,6,isic2019,train
data/ISIC 2019/MEL/ISIC_0067689.jpg,악성흑색종,6,isic2019,train
data/ISIC 2019/BCC/ISIC_0024582.jpg,기저세포암,1,isic2019,train
data/ISIC 2019/BCC/ISIC_0069467.jpg,기저세포암,1,isic2019,train
data/ISIC 2019/BKL/ISIC_0027083.jpg,지루각화증,7,isic2019,train
data/ISIC 2019/NV/ISIC_0028835.jpg,멜라닌세포모반,2,isic2019,train
data/ISIC 2019/BKL/ISIC_0056650.jpg,지루각화증,7,isic2019,train
data/ISIC 2019/BKL/ISIC_0069982.jpg,지루각화증,7,isic2019,train
data/ISIC 2019/BCC/ISIC_0054190.jpg,기저세포암,1,isic2019,train
data/ISIC 2019/BCC/ISIC_0062789.jpg,기저세포암,1,isic2019,train
data/ISIC 2019/BCC/ISIC_0059977.jpg,기저세포암,1,isic2019,train
data/ISIC 2019/BCC/ISIC_0060007.jpg,기저세포암,1,isic2019,train
data/ISIC 2019/BKL/ISIC_0027335.jpg,지루각화증,7,isic2019,train
data/ISIC 2019/AK/ISIC_0072854.jpg,광선각화증,0,isic2019,train
data/ISIC 2019/NV/ISIC_0063644.jpg,멜라닌세포모반,2,isic2019,train
data/ISIC 2019/MEL/ISIC_0010860.jpg,악성흑색종,6,isic2019,train
data/ISIC 2019/AK/ISIC_0069942.jpg,광선각화증,0,isic2019,train
data/ISIC 2019/BCC/ISIC_0065771.jpg,기저세포암,1,isic2019,train
data/ISIC 2019/DF/ISIC_0028735.jpg,피부섬유종,10,isic2019,train
data/ISIC 2019/BCC/ISIC_0070901.jpg,기저세포암,1,isic2019,train
data/ISIC 2019/NV/ISIC_0033128.jpg,멜라닌세포모반,2,isic2019,train
data/ISIC 2019/MEL/ISIC_0030818.jpg,악성흑색종,6,isic2019,train
data/ISIC 2019/NV/ISIC_0013222_downsampled.jpg,멜라닌세포모반,2,isic2019,train
data/ISIC 2019/MEL/ISIC_0033287.jpg,악성흑색종,6,isic2019,train
data/ISIC 2019/BKL/ISIC_0057497.jpg,지루각화증,7,isic2019,train
data/ISIC 2019/BCC/ISIC_0066062.jpg,기저세포암,1,isic2019,train
data/ISIC 2019/MEL/ISIC_0065858.jpg,악성흑색종,6,isic2019,train
data/ISIC 2019/MEL/ISIC_0057048.jpg,악성흑색종,6,isic2019,train
data/ISIC 2019/BKL/ISIC_0066679.jpg,지루각화증,7,isic2019,train
data/ISIC 2019/NV/ISIC_0025307.jpg,멜라닌세포모반,2,isic2019,train
data/ISIC 2019/MEL/ISIC_0012715_downsampled.jpg,악성흑색종,6,isic2019,train
data/ISIC 2019/NV/ISIC_0034274.jpg,멜라닌세포모반,2,isic2019,train
data/ISIC 2019/BCC/ISIC_0068083.jpg,기저세포암,1,isic2019,train
data/ISIC 2019/BKL/ISIC_0013319_downsampled.jpg,지루각화증,7,isic2019,train
data/ISIC 2019/NV/ISIC_0032448.jpg,멜라닌세포모반,2,isic2019,train
data/ISIC 2019/MEL/ISIC_0031494.jpg,악성흑색종,6,isic2019,train
data/ISIC 2019/NV/ISIC_0067684.jpg,멜라닌세포모반,2,isic2019,train
data/ISIC 2019/MEL/ISIC_0062908.jpg,악성흑색종,6,isic2019,train
data/ISIC 2019/MEL/ISIC_0057397.jpg,악성흑색종,6,isic2019,train
data/ISIC 2019/NV/ISIC_0012787_downsampled.jpg,멜라닌세포모반,2,isic2019,train
data/ISIC 2019/MEL/ISIC_0068528.jpg,악성흑색종,6,isic2019,train
data/ISIC 2019/BCC/ISIC_0061700.jpg,기저세포암,1,isic2019,train
data/ISIC 2019/AK/ISIC_0065203.jpg,광선각화증,0,isic2019,train
data/ISIC 2019/BKL/ISIC_0014581_downsampled.jpg,지루각화증,7,isic2019,train
data/ISIC 2019/MEL/ISIC_0071239.jpg,악성흑색종,6,isic2019,train
data/ISIC 2019/AK/ISIC_0055977.jpg,광선각화증,0,isic2019,train
data/ISIC 2019/BCC/ISIC_0063285.jpg,기저세포암,1,isic2019,train
data/ISIC 2019/BKL/ISIC_0033865.jpg,지루각화증,7,isic2019,train
data/ISIC 2019/BCC/ISIC_0068330.jpg,기저세포암,1,isic2019,train
data/ISIC 2019/BKL/ISIC_0012265_downsampled.jpg,지루각화증,7,isic2019,train
data/ISIC 2019/VASC/ISIC_0032057.jpg,혈관종,12,isic2019,train
data/ISIC 2019/MEL/ISIC_0031844.jpg,악성흑색종,6,isic2019,train
data/ISIC 2019/NV/ISIC_0068935.jpg,멜라닌세포모반,2,isic2019,train
data/ISIC 2019/BKL/ISIC_0067856.jpg,지루각화증,7,isic2019,train
data/ISIC 2019/NV/ISIC_0068170.jpg,멜라닌세포모반,2,isic2019,train
data/ISIC 2019/NV/ISIC_0026189.jpg,멜라닌세포모반,2,isic2019,train
data/ISIC 2019/BCC/ISIC_0026117.jpg,기저세포암,1,isic2019,train
data/ISIC 2019/BCC/ISIC_0064998.jpg,기저세포암,1,isic2019,train
data/ISIC 2019/MEL/ISIC_0032722.jpg,악성흑색종,6,isic2019,train
data/ISIC 2019/BKL/ISIC_0031424.jpg,지루각화증,7,isic2019,train
data/ISIC 2019/MEL/ISIC_0060703.jpg,악성흑색종,6,isic2019,train
data/ISIC 2019/BKL/ISIC_0066256.jpg,지루각화증,7,isic2019,train
data/ISIC 2019/MEL/ISIC_0064667.jpg,악성흑색종,6,isic2019,train
data/ISIC 2019/BKL/ISIC_0057958.jpg,지루각화증,7,isic2019,train
data/ISIC 2019/AK/ISIC_0063250.jpg,광선각화증,0,isic2019,train
data/ISIC 2019/SCC/ISIC_0061322.jpg,편평세포암,8,isic2019,train
data/ISIC 2019/BCC/ISIC_0060896.jpg,기저세포암,1,isic2019,train
data/ISIC 2019/VASC/ISIC_0054463.jpg,혈관종,12,isic2019,train
data/ISIC 2019/BCC/ISIC_0054396.jpg,기저세포암,1,isic2019,train
data/ISIC 2019/MEL/ISIC_0058368.jpg,악성흑색종,6,isic2019,train
data/ISIC 2019/SCC/ISIC_0057730.jpg,편평세포암,8,isic2019,train
data/ISIC 2019/SCC/ISIC_0030785.jpg,편평세포암,8,isic2019,train
data/ISIC 2019/NV/ISIC_0029045.jpg,멜라닌세포모반,2,isic2019,train
data/ISIC 2019/NV/ISIC_0031463.jpg,멜라닌세포모반,2,isic2019,train
data/ISIC 2019/MEL/ISIC_0065853.jpg,악성흑색종,6,isic2019,train
data/ISIC 2019/BCC/ISIC_0069049.jpg,기저세포암,1,isic2019,train
data/ISIC 2019/SCC/ISIC_0069428.jpg,편평세포암,8,isic2019,train
data/ISIC 2019/BCC/ISIC_0029951.jpg,기저세포암,1,isic2019,train
data/ISIC 2019/BKL/ISIC_0031770.jpg,지루각화증,7,isic2019,train
data/ISIC 2019/MEL/ISIC_0071950.jpg,악성흑색종,6,isic2019,train
data/ISIC 2019/BCC/ISIC_0030145.jpg,기저세포암,1,isic2019,train
data/ISIC 2019/NV/ISIC_0026218.jpg,멜라닌세포모반,2,isic2019,train
data/ISIC 2019/BCC/ISIC_0065231.jpg,기저세포암,1,isic2019,train
data/ISIC 2019/DF/ISIC_0030427.jpg,피부섬유종,10,isic2019,train
data/ISIC 2019/MEL/ISIC_0067128.jpg,악성흑색종,6,isic2019,train
data/ISIC 2019/AK/ISIC_0062305.jpg,광선각화증,0,isic2019,train
data/ISIC 2019/NV/ISIC_0057790.jpg,멜라닌세포모반,2,isic2019,train
data/ISIC 2019/NV/ISIC_0009949.jpg,멜라닌세포모반,2,isic2019,train
data/ISIC 2019/BKL/ISIC_0067584.jpg,지루각화증,7,isic2019,train
data/ISIC 2019/SCC/ISIC_0029462.jpg,편평세포암,8,isic2019,train
data/ISIC 2019/NV/ISIC_0058712.jpg,멜라닌세포모반,2,isic2019,train
data/ISIC 2019/MEL/ISIC_0056860.jpg,악성흑색종,6,isic2019,train
data/ISIC 2019/NV/ISIC_0059862.jpg,멜라닌세포모반,2,isic2019,train
data/ISIC 2019/NV/ISIC_0056155.jpg,멜라닌세포모반,2,isic2019,train
data/ISIC 2019/NV/ISIC_0016016_downsampled.jpg,멜라닌세포모반,2,isic2019,train
data/ISIC 2019/MEL/ISIC_0061127.jpg,악성흑색종,6,isic2019,train
data/ISIC 2019/AK/ISIC_0062646.jpg,광선각화증,0,isic2019,train
data/ISIC 2019/AK/ISIC_0055809.jpg,광선각화증,0,isic2019,train
data/ISIC 2019/BCC/ISIC_0069319.jpg,기저세포암,1,isic2019,train
data/ISIC 2019/MEL/ISIC_0070285.jpg,악성흑색종,6,isic2019,train
data/ISIC 2019/NV/ISIC_0014195_downsampled.jpg,멜라닌세포모반,2,isic2019,train
data/ISIC 2019/NV/ISIC_0027589.jpg,멜라닌세포모반,2,isic2019,train
data/ISIC 2019/BCC/ISIC_0031712.jpg,기저세포암,1,isic2019,train
data/ISIC 2019/NV/ISIC_0066871.jpg,멜라닌세포모반,2,isic2019,train
data/ISIC 2019/NV/ISIC_0071752.jpg,멜라닌세포모반,2,isic2019,train
data/ISIC 2019/NV/ISIC_0027817.jpg,멜라닌세포모반,2,isic2019,train
data/ISIC 2019/BCC/ISIC_0069703.jpg,기저세포암,1,isic2019,train
data/ISIC 2019/MEL/ISIC_0062099.jpg,악성흑색종,6,isic2019,train
data/ISIC 2019/MEL/ISIC_0033630.jpg,악성흑색종,6,isic2019,train
data/ISIC 2019/BCC/ISIC_0064864.jpg,기저세포암,1,isic2019,train
data/ISIC 2019/BKL/ISIC_0068687.jpg,지루각화증,7,isic2019,train
data/ISIC 2019/NV/ISIC_0067562.jpg,멜라닌세포모반,2,isic2019,train
data/ISIC 2019/BKL/ISIC_0071104.jpg,지루각화증,7,isic2019,train
data/ISIC 2019/AK/ISIC_0054594.jpg,광선각화증,0,isic2019,train
data/ISIC 2019/MEL/ISIC_0059473.jpg,악성흑색종,6,isic2019,train
data/ISIC 2019/MEL/ISIC_0034050.jpg,악성흑색종,6,isic2019,train
data/ISIC 2019/BCC/ISIC_0062874.jpg,기저세포암,1,isic2019,train
data/ISIC 2019/NV/ISIC_0061219.jpg,멜라닌세포모반,2,isic2019,train
data/ISIC 2019/AK/ISIC_0061947.jpg,광선각화증,0,isic2019,train
data/ISIC 2019/AK/ISIC_0056613.jpg,광선각화증,0,isic2019,train
data/ISIC 2019/MEL/ISIC_0025413.jpg,악성흑색종,6,isic2019,train
data/ISIC 2019/NV/ISIC_0060388.jpg,멜라닌세포모반,2,isic2019,train
data/ISIC 2019/NV/ISIC_0034072.jpg,멜라닌세포모반,2,isic2019,train
data/ISIC 2019/VASC/ISIC_0033349.jpg,혈관종,12,isic2019,train
data/ISIC 2019/SCC/ISIC_0061896.jpg,편평세포암,8,isic2019,train
data/ISIC 2019/DF/ISIC_0069490.jpg,피부섬유종,10,isic2019,train
data/ISIC 2019/BCC/ISIC_0067954.jpg,기저세포암,1,isic2019,train
data/ISIC 2019/BCC/ISIC_0057937.jpg,기저세포암,1,isic2019,train
data/ISIC 2019/MEL/ISIC_0033678.jpg,악성흑색종,6,isic2019,train
data/ISIC 2019/NV/ISIC_0016000_downsampled.jpg,멜라닌세포모반,2,isic2019,train
data/ISIC 2019/BKL/ISIC_0032099.jpg,지루각화증,7,isic2019,train
data/ISIC 2019/MEL/ISIC_0058022.jpg,악성흑색종,6,isic2019,train
data/ISIC 2019/MEL/ISIC_0065278.jpg,악성흑색종,6,isic2019,train
data/ISIC 2019/SCC/ISIC_0063206.jpg,편평세포암,8,isic2019,train
data/ISIC 2019/NV/ISIC_0015485_downsampled.jpg,멜라닌세포모반,2,isic2019,train
data/ISIC 2019/BCC/ISIC_0069299.jpg,기저세포암,1,isic2019,train
data/ISIC 2019/MEL/ISIC_0063992.jpg,악성흑색종,6,isic2019,train
data/ISIC 2019/BKL/ISIC_0029472.jpg,지루각화증,7,isic2019,train
data/ISIC 2019/AK/ISIC_0054178.jpg,광선각화증,0,isic2019,train
data/ISIC 2019/NV/ISIC_0014958_downsampled.jpg,멜라닌세포모반,2,isic2019,train
data/ISIC 2019/NV/ISIC_0026098.jpg,멜라닌세포모반,2,isic2019,train
data/ISIC 2019/DF/ISIC_0054915.jpg,피부섬유종,10,isic2019,train
data/ISIC 2019/BCC/ISIC_0070748.jpg,기저세포암,1,isic2019,train
data/ISIC 2019/BKL/ISIC_0025510.jpg,지루각화증,7,isic2019,train
data/ISIC 2019/BCC/ISIC_0029856.jpg,기저세포암,1,isic2019,train
data/ISIC 2019/SCC/ISIC_0062661.jpg,편평세포암,8,isic2019,train
data/ISIC 2019/NV/ISIC_0029875.jpg,멜라닌세포모반,2,isic2019,train
data/ISIC 2019/MEL/ISIC_0061770.jpg,악성흑색종,6,isic2019,train
data/ISIC 2019/BKL/ISIC_0025583.jpg,지루각화증,7,isic2019,train
data/ISIC 2019/BCC/ISIC_0068920.jpg,기저세포암,1,isic2019,train
data/ISIC 2019/BCC/ISIC_0066206.jpg,기저세포암,1,isic2019,train
data/ISIC 2019/AK/ISIC_0067783.jpg,광선각화증,0,isic2019,train
data/ISIC 2019/NV/ISIC_0031997.jpg,멜라닌세포모반,2,isic2019,train
data/ISIC 2019/MEL/ISIC_0054409.jpg,악성흑색종,6,isic2019,train
data/ISIC 2019/BCC/ISIC_0066725.jpg,기저세포암,1,isic2019,train
data/ISIC 2019/SCC/ISIC_0067212.jpg,편평세포암,8,isic2019,train
data/ISIC 2019/MEL/ISIC_0027030.jpg,악성흑색종,6,isic2019,train
data/ISIC 2019/BKL/ISIC_0055234.jpg,지루각화증,7,isic2019,train
data/ISIC 2019/MEL/ISIC_0072299.jpg,악성흑색종,6,isic2019,train
data/ISIC 2019/BCC/ISIC_0030403.jpg,기저세포암,1,isic2019,train
data/ISIC 2019/VASC/ISIC_0066645.jpg,혈관종,12,isic2019,train
data/ISIC 2019/BCC/ISIC_0059317.jpg,기저세포암,1,isic2019,train
data/ISIC 2019/VASC/ISIC_0025250.jpg,혈관종,12,isic2019,train
data/ISIC 2019/NV/ISIC_0012496_downsampled.jpg,멜라닌세포모반,2,isic2019,train
data/ISIC 2019/AK/ISIC_0055159.jpg,광선각화증,0,isic2019,train
data/ISIC 2019/AK/ISIC_0030826.jpg,광선각화증,0,isic2019,train
data/ISIC 2019/BKL/ISIC_0064228.jpg,지루각화증,7,isic2019,train
data/ISIC 2019/BCC/ISIC_0065797.jpg,기저세포암,1,isic2019,train
data/ISIC 2019/MEL/ISIC_0058118.jpg,악성흑색종,6,isic2019,train
data/ISIC 2019/BKL/ISIC_0062368.jpg,지루각화증,7,isic2019,train
data/ISIC 2019/NV/ISIC_0032377.jpg,멜라닌세포모반,2,isic2019,train
data/ISIC 2019/SCC/ISIC_0029860.jpg,편평세포암,8,isic2019,train
data/ISIC 2019/AK/ISIC_0062036.jpg,광선각화증,0,isic2019,train
data/ISIC 2019/BKL/ISIC_0055537.jpg,지루각화증,7,isic2019,train
data/ISIC 2019/NV/ISIC_0056171.jpg,멜라닌세포모반,2,isic2019,train
data/ISIC 2019/NV/ISIC_0028914.jpg,멜라닌세포모반,2,isic2019,train
data/ISIC 2019/MEL/ISIC_0011166.jpg,악성흑색종,6,isic2019,train
data/ISIC 2019/SCC/ISIC_0024710.jpg,편평세포암,8,isic2019,train
data/ISIC 2019/AK/ISIC_0061365.jpg,광선각화증,0,isic2019,train
data/ISIC 2019/NV/ISIC_0028985.jpg,멜라닌세포모반,2,isic2019,train
data/ISIC 2019/BCC/ISIC_0026192.jpg,기저세포암,1,isic2019,train
data/ISIC 2019/NV/ISIC_0068837.jpg,멜라닌세포모반,2,isic2019,train
data/ISIC 2019/SCC/ISIC_0068067.jpg,편평세포암,8,isic2019,train
data/ISIC 2019/BKL/ISIC_0013088_downsampled.jpg,지루각화증,7,isic2019,train
data/ISIC 2019/BKL/ISIC_0068426.jpg,지루각화증,7,isic2019,train
data/ISIC 2019/BCC/ISIC_0056995.jpg,기저세포암,1,isic2019,train
data/ISIC 2019/DF/ISIC_0071418.jpg,피부섬유종,10,isic2019,train
data/ISIC 2019/BKL/ISIC_0066680.jpg,지루각화증,7,isic2019,train
data/ISIC 2019/NV/ISIC_0028488.jpg,멜라닌세포모반,2,isic2019,train
data/ISIC 2019/MEL/ISIC_0034211.jpg,악성흑색종,6,isic2019,train
data/ISIC 2019/SCC/ISIC_0067935.jpg,편평세포암,8,isic2019,train
data/ISIC 2019/MEL/ISIC_0060979.jpg,악성흑색종,6,isic2019,train
data/ISIC 2019/NV/ISIC_0027761.jpg,멜라닌세포모반,2,isic2019,train
data/ISIC 2019/SCC/ISIC_0062494.jpg,편평세포암,8,isic2019,train
data/ISIC 2019/MEL/ISIC_0000482.jpg,악성흑색종,6,isic2019,train
data/ISIC 2019/BCC/ISIC_0056941.jpg,기저세포암,1,isic2019,train
data/ISIC 2019/BCC/ISIC_0065047.jpg,기저세포암,1,isic2019,train
data/ISIC 2019/NV/ISIC_0001213_downsampled.jpg,멜라닌세포모반,2,isic2019,train
data/ISIC 2019/BKL/ISIC_0031853.jpg,지루각화증,7,isic2019,train
data/ISIC 2019/BCC/ISIC_0057175.jpg,기저세포암,1,isic2019,train
data/ISIC 2019/BCC/ISIC_0056843.jpg,기저세포암,1,isic2019,train
data/ISIC 2019/BCC/ISIC_0062637.jpg,기저세포암,1,isic2019,train
data/ISIC 2019/MEL/ISIC_0056440.jpg,악성흑색종,6,isic2019,train
data/ISIC 2019/NV/ISIC_0024682.jpg,멜라닌세포모반,2,isic2019,train
data/ISIC 2019/BKL/ISIC_0014652_downsampled.jpg,지루각화증,7,isic2019,train
data/ISIC 2019/NV/ISIC_0027086.jpg,멜라닌세포모반,2,isic2019,train
data/ISIC 2019/MEL/ISIC_0059433.jpg,악성흑색종,6,isic2019,train
data/ISIC 2019/MEL/ISIC_0064549.jpg,악성흑색종,6,isic2019,train
data/ISIC 2019/NV/ISIC_0029935.jpg,멜라닌세포모반,2,isic2019,train
data/ISIC 2019/MEL/ISIC_0059089.jpg,악성흑색종,6,isic2019,train
data/ISIC 2019/BKL/ISIC_0014273_downsampled.jpg,지루각화증,7,isic2019,train
data/ISIC 2019/BKL/ISIC_0025830.jpg,지루각화증,7,isic2019,train
data/ISIC 2019/NV/ISIC_0027132.jpg,멜라닌세포모반,2,isic2019,train
data/ISIC 2019/MEL/ISIC_0055747.jpg,악성흑색종,6,isic2019,train
data/ISIC 2019/NV/ISIC_0032058.jpg,멜라닌세포모반,2,isic2019,train
data/ISIC 2019/MEL/ISIC_0065427.jpg,악성흑색종,6,isic2019,train
data/ISIC 2019/MEL/ISIC_0030970.jpg,악성흑색종,6,isic2019,train
data/ISIC 2019/NV/ISIC_0031710.jpg,멜라닌세포모반,2,isic2019,train
data/ISIC 2019/MEL/ISIC_0009898.jpg,악성흑색종,6,isic2019,train
data/ISIC 2019/SCC/ISIC_0063730.jpg,편평세포암,8,isic2019,train
data/ISIC 2019/NV/ISIC_0054525.jpg,멜라닌세포모반,2,isic2019,train
data/ISIC 2019/BKL/ISIC_0014574_downsampled.jpg,지루각화증,7,isic2019,train
data/ISIC 2019/DF/ISIC_0065502.jpg,피부섬유종,10,isic2019,train
data/ISIC 2019/NV/ISIC_0062872.jpg,멜라닌세포모반,2,isic2019,train
data/ISIC 2019/NV/ISIC_0030461.jpg,멜라닌세포모반,2,isic2019,train
data/ISIC 2019/BKL/ISIC_0028496.jpg,지루각화증,7,isic2019,train
data/ISIC 2019/BKL/ISIC_0064188.jpg,지루각화증,7,isic2019,train
data/ISIC 2019/MEL/ISIC_0059866.jpg,악성흑색종,6,isic2019,train
data/ISIC 2019/BKL/ISIC_0014576_downsampled.jpg,지루각화증,7,isic2019,train
data/ISIC 2019/BKL/ISIC_0028386.jpg,지루각화증,7,isic2019,train
data/ISIC 2019/BKL/ISIC_0059638.jpg,지루각화증,7,isic2019,train
data/ISIC 2019/NV/ISIC_0033058.jpg,멜라닌세포모반,2,isic2019,train
data/ISIC 2019/MEL/ISIC_0000314.jpg,악성흑색종,6,isic2019,train
data/ISIC 2019/BCC/ISIC_0053762.jpg,기저세포암,1,isic2019,train
data/ISIC 2019/NV/ISIC_0031786.jpg,멜라닌세포모반,2,isic2019,train
data/ISIC 2019/NV/ISIC_0033253.jpg,멜라닌세포모반,2,isic2019,train
data/ISIC 2019/MEL/ISIC_0067614.jpg,악성흑색종,6,isic2019,train
data/ISIC 2019/SCC/ISIC_0065326.jpg,편평세포암,8,isic2019,train
data/ISIC 2019/BKL/ISIC_0065087.jpg,지루각화증,7,isic2019,train
data/ISIC 2019/NV/ISIC_0026953.jpg,멜라닌세포모반,2,isic2019,train
data/ISIC 2019/NV/ISIC_0068945.jpg,멜라닌세포모반,2,isic2019,train
data/ISIC 2019/MEL/ISIC_0000277.jpg,악성흑색종,6,isic2019,train
data/ISIC 2019/VASC/ISIC_0033450.jpg,혈관종,12,isic2019,train
data/ISIC 2019/NV/ISIC_0063473.jpg,멜라닌세포모반,2,isic2019,train
data/ISIC 2019/NV/ISIC_0029848.jpg,멜라닌세포모반,2,isic2019,train
data/ISIC 2019/BKL/ISIC_0066946.jpg,지루각화증,7,isic2019,train
data/ISIC 2019/BKL/ISIC_0073108.jpg,지루각화증,7,isic2019,train
data/ISIC 2019/MEL/ISIC_0059766.jpg,악성흑색종,6,isic2019,train
data/ISIC 2019/NV/ISIC_0025658.jpg,멜라닌세포모반,2,isic2019,train
data/ISIC 2019/NV/ISIC_0071655.jpg,멜라닌세포모반,2,isic2019,train
data/ISIC 2019/NV/ISIC_0027049.jpg,멜라닌세포모반,2,isic2019,train
data/ISIC 2019/NV/ISIC_0010472.jpg,멜라닌세포모반,2,isic2019,train
data/ISIC 2019/BKL/ISIC_0014638_downsampled.jpg,지루각화증,7,isic2019,train
data/ISIC 2019/MEL/ISIC_0055556.jpg,악성흑색종,6,isic2019,train
data/ISIC 2019/NV/ISIC_0027596.jpg,멜라닌세포모반,2,isic2019,train
data/ISIC 2019/SCC/ISIC_0059953.jpg,편평세포암,8,isic2019,train
data/ISIC 2019/BCC/ISIC_0027786.jpg,기저세포암,1,isic2019,train
data/ISIC 2019/BKL/ISIC_0026444.jpg,지루각화증,7,isic2019,train
data/ISIC 2019/BKL/ISIC_0032688.jpg,지루각화증,7,isic2019,train
data/ISIC 2019/MEL/ISIC_0000533.jpg,악성흑색종,6,isic2019,train
data/ISIC 2019/NV/ISIC_0028782.jpg,멜라닌세포모반,2,isic2019,train
data/ISIC 2019/NV/ISIC_0065898.jpg,멜라닌세포모반,2,isic2019,train
data/ISIC 2019/BKL/ISIC_0028611.jpg,지루각화증,7,isic2019,train
data/ISIC 2019/MEL/ISIC_0064521.jpg,악성흑색종,6,isic2019,train
data/ISIC 2019/AK/ISIC_0053736.jpg,광선각화증,0,isic2019,train
data/ISIC 2019/MEL/ISIC_0014099_downsampled.jpg,악성흑색종,6,isic2019,train
data/ISIC 2019/NV/ISIC_0028216.jpg,멜라닌세포모반,2,isic2019,train
data/ISIC 2019/AK/ISIC_0063037.jpg,광선각화증,0,isic2019,train
data/ISIC 2019/BKL/ISIC_0072999.jpg,지루각화증,7,isic2019,train
data/ISIC 2019/MEL/ISIC_0024496.jpg,악성흑색종,6,isic2019,train
data/ISIC 2019/AK/ISIC_0028854.jpg,광선각화증,0,isic2019,train
data/ISIC 2019/NV/ISIC_0060550.jpg,멜라닌세포모반,2,isic2019,train
data/ISIC 2019/NV/ISIC_0015279_downsampled.jpg,멜라닌세포모반,2,isic2019,train
data/ISIC 2019/MEL/ISIC_0069098.jpg,악성흑색종,6,isic2019,train
data/ISIC 2019/NV/ISIC_0033381.jpg,멜라닌세포모반,2,isic2019,train
data/ISIC 2019/BCC/ISIC_0068292.jpg,기저세포암,1,isic2019,train
data/ISIC 2019/BCC/ISIC_0057977.jpg,기저세포암,1,isic2019,train
data/ISIC 2019/BKL/ISIC_0033592.jpg,지루각화증,7,isic2019,train
data/ISIC 2019/VASC/ISIC_0058302.jpg,혈관종,12,isic2019,train
data/ISIC 2019/BCC/ISIC_0029263.jpg,기저세포암,1,isic2019,train
data/ISIC 2019/BKL/ISIC_0029596.jpg,지루각화증,7,isic2019,train
data/ISIC 2019/BCC/ISIC_0056291.jpg,기저세포암,1,isic2019,train
data/ISIC 2019/BCC/ISIC_0061891.jpg,기저세포암,1,isic2019,train
data/ISIC 2019/MEL/ISIC_0066379.jpg,악성흑색종,6,isic2019,train
data/ISIC 2019/NV/ISIC_0015244_downsampled.jpg,멜라닌세포모반,2,isic2019,train
data/ISIC 2019/MEL/ISIC_0013499_downsampled.jpg,악성흑색종,6,isic2019,train
data/ISIC 2019/BKL/ISIC_0060565.jpg,지루각화증,7,isic2019,train
data/ISIC 2019/AK/ISIC_0064262.jpg,광선각화증,0,isic2019,train
data/ISIC 2019/BCC/ISIC_0032164.jpg,기저세포암,1,isic2019,train
data/ISIC 2019/BCC/ISIC_0028815.jpg,기저세포암,1,isic2019,train
data/ISIC 2019/MEL/ISIC_0033643.jpg,악성흑색종,6,isic2019,train
data/ISIC 2019/BKL/ISIC_0058289.jpg,지루각화증,7,isic2019,train
data/ISIC 2019/BCC/ISIC_0060576.jpg,기저세포암,1,isic2019,train
data/ISIC 2019/MEL/ISIC_0014249_downsampled.jpg,악성흑색종,6,isic2019,train
data/ISIC 2019/NV/ISIC_0000538.jpg,멜라닌세포모반,2,isic2019,train
data/ISIC 2019/DF/ISIC_0065239.jpg,피부섬유종,10,isic2019,train
data/ISIC 2019/BCC/ISIC_0066623.jpg,기저세포암,1,isic2019,train
data/ISIC 2019/BCC/ISIC_0059236.jpg,기저세포암,1,isic2019,train
data/ISIC 2019/BKL/ISIC_0012204_downsampled.jpg,지루각화증,7,isic2019,train
data/ISIC 2019/MEL/ISIC_0026745.jpg,악성흑색종,6,isic2019,train
data/ISIC 2019/AK/ISIC_0056905.jpg,광선각화증,0,isic2019,train
data/ISIC 2019/AK/ISIC_0030655.jpg,광선각화증,0,isic2019,train
data/ISIC 2019/MEL/ISIC_0011095.jpg,악성흑색종,6,isic2019,train
data/ISIC 2019/BCC/ISIC_0060119.jpg,기저세포암,1,isic2019,train
data/ISIC 2019/BKL/ISIC_0072075.jpg,지루각화증,7,isic2019,train
data/ISIC 2019/BCC/ISIC_0027846.jpg,기저세포암,1,isic2019,train
data/ISIC 2019/BKL/ISIC_0054724.jpg,지루각화증,7,isic2019,train
data/ISIC 2019/BKL/ISIC_0066474.jpg,지루각화증,7,isic2019,train
data/ISIC 2019/NV/ISIC_0032789.jpg,멜라닌세포모반,2,isic2019,train
data/ISIC 2019/NV/ISIC_0033243.jpg,멜라닌세포모반,2,isic2019,train
data/ISIC 2019/BCC/ISIC_0060981.jpg,기저세포암,1,isic2019,train
data/ISIC 2019/MEL/ISIC_0013678_downsampled.jpg,악성흑색종,6,isic2019,train
data/ISIC 2019/AK/ISIC_0071830.jpg,광선각화증,0,isic2019,train
data/ISIC 2019/NV/ISIC_0026348.jpg,멜라닌세포모반,2,isic2019,train
data/ISIC 2019/SCC/ISIC_0061817.jpg,편평세포암,8,isic2019,train
data/ISIC 2019/NV/ISIC_0026200.jpg,멜라닌세포모반,2,isic2019,train
data/ISIC 2019/SCC/ISIC_0057770.jpg,편평세포암,8,isic2019,train
data/ISIC 2019/MEL/ISIC_0065026.jpg,악성흑색종,6,isic2019,train
data/ISIC 2019/MEL/ISIC_0032730.jpg,악성흑색종,6,isic2019,train
data/ISIC 2019/BKL/ISIC_0028995.jpg,지루각화증,7,isic2019,train
data/ISIC 2019/BKL/ISIC_0058942.jpg,지루각화증,7,isic2019,train
data/ISIC 2019/SCC/ISIC_0025089.jpg,편평세포암,8,isic2019,train
data/ISIC 2019/NV/ISIC_0064889.jpg,멜라닌세포모반,2,isic2019,train
data/ISIC 2019/BCC/ISIC_0033366.jpg,기저세포암,1,isic2019,train
data/ISIC 2019/NV/ISIC_0026841.jpg,멜라닌세포모반,2,isic2019,train
data/ISIC 2019/MEL/ISIC_0059486.jpg,악성흑색종,6,isic2019,train
data/ISIC 2019/BKL/ISIC_0026016.jpg,지루각화증,7,isic2019,train
data/ISIC 2019/BCC/ISIC_0055693.jpg,기저세포암,1,isic2019,train
data/ISIC 2019/BKL/ISIC_0030118.jpg,지루각화증,7,isic2019,train
data/ISIC 2019/BKL/ISIC_0030806.jpg,지루각화증,7,isic2019,train
data/ISIC 2019/BKL/ISIC_0072098.jpg,지루각화증,7,isic2019,train
data/ISIC 2019/MEL/ISIC_0012435_downsampled.jpg,악성흑색종,6,isic2019,train
data/ISIC 2019/BKL/ISIC_0068087.jpg,지루각화증,7,isic2019,train
data/ISIC 2019/BKL/ISIC_0014535_downsampled.jpg,지루각화증,7,isic2019,train
data/ISIC 2019/BKL/ISIC_0031394.jpg,지루각화증,7,isic2019,train
data/ISIC 2019/BKL/ISIC_0024708.jpg,지루각화증,7,isic2019,train
data/ISIC 2019/BCC/ISIC_0071603.jpg,기저세포암,1,isic2019,train
data/ISIC 2019/MEL/ISIC_0062721.jpg,악성흑색종,6,isic2019,train
data/ISIC 2019/BCC/ISIC_0055180.jpg,기저세포암,1,isic2019,train
data/ISIC 2019/BCC/ISIC_0055753.jpg,기저세포암,1,isic2019,train
data/ISIC 2019/BCC/ISIC_0070406.jpg,기저세포암,1,isic2019,train
data/ISIC 2019/MEL/ISIC_0000434_downsampled.jpg,악성흑색종,6,isic2019,train
data/ISIC 2019/SCC/ISIC_0068229.jpg,편평세포암,8,isic2019,train
data/ISIC 2019/MEL/ISIC_0031310.jpg,악성흑색종,6,isic2019,train
data/ISIC 2019/BKL/ISIC_0031633.jpg,지루각화증,7,isic2019,train
data/ISIC 2019/NV/ISIC_0010169.jpg,멜라닌세포모반,2,isic2019,train
data/ISIC 2019/BCC/ISIC_0059727.jpg,기저세포암,1,isic2019,train
data/ISIC 2019/BKL/ISIC_0032230.jpg,지루각화증,7,isic2019,train
data/ISIC 2019/NV/ISIC_0029985.jpg,멜라닌세포모반,2,isic2019,train
data/ISIC 2019/BCC/ISIC_0058555.jpg,기저세포암,1,isic2019,train
data/ISIC 2019/MEL/ISIC_0061183.jpg,악성흑색종,6,isic2019,train
data/ISIC 2019/NV/ISIC_0071650.jpg,멜라닌세포모반,2,isic2019,train
data/ISIC 2019/BKL/ISIC_0024709.jpg,지루각화증,7,isic2019,train
data/ISIC 2019/DF/ISIC_0029052.jpg,피부섬유종,10,isic2019,train
data/ISIC 2019/NV/ISIC_0055248.jpg,멜라닌세포모반,2,isic2019,train
data/ISIC 2019/NV/ISIC_0027299.jpg,멜라닌세포모반,2,isic2019,train
data/ISIC 2019/BCC/ISIC_0059802.jpg,기저세포암,1,isic2019,train
data/ISIC 2019/MEL/ISIC_0025317.jpg,악성흑색종,6,isic2019,train
data/ISIC 2019/NV/ISIC_0003559_downsampled.jpg,멜라닌세포모반,2,isic2019,train
data/ISIC 2019/MEL/ISIC_0061079.jpg,악성흑색종,6,isic2019,train
data/ISIC 2019/MEL/ISIC_0067549.jpg,악성흑색종,6,isic2019,train
data/ISIC 2019/BKL/ISIC_0033379.jpg,지루각화증,7,isic2019,train
data/ISIC 2019/NV/ISIC_0069661.jpg,멜라닌세포모반,2,isic2019,train
data/ISIC 2019/MEL/ISIC_0072087.jpg,악성흑색종,6,isic2019,train
data/ISIC 2019/NV/ISIC_0029754.jpg,멜라닌세포모반,2,isic2019,train
data/ISIC 2019/DF/ISIC_0058673.jpg,피부섬유종,10,isic2019,train
data/ISIC 2019/BKL/ISIC_0012273_downsampled.jpg,지루각화증,7,isic2019,train
data/ISIC 2019/BKL/ISIC_0064378.jpg,지루각화증,7,isic2019,train
data/ISIC 2019/BKL/ISIC_0032395.jpg,지루각화증,7,isic2019,train
data/ISIC 2019/MEL/ISIC_0010265.jpg,악성흑색종,6,isic2019,train
data/ISIC 2019/BKL/ISIC_0027826.jpg,지루각화증,7,isic2019,train
data/ISIC 2019/MEL/ISIC_0062628.jpg,악성흑색종,6,isic2019,train
data/ISIC 2019/NV/ISIC_0009928.jpg,멜라닌세포모반,2,isic2019,train
data/ISIC 2019/VASC/ISIC_0033254.jpg,혈관종,12,isic2019,train
data/ISIC 2019/SCC/ISIC_0054394.jpg,편평세포암,8,isic2019,train
data/ISIC 2019/BCC/ISIC_0067345.jpg,기저세포암,1,isic2019,train
data/ISIC 2019/BKL/ISIC_0014602_downsampled.jpg,지루각화증,7,isic2019,train
data/ISIC 2019/MEL/ISIC_0072522.jpg,악성흑색종,6,isic2019,train
data/ISIC 2019/BCC/ISIC_0066676.jpg,기저세포암,1,isic2019,train
data/ISIC 2019/BKL/ISIC_0057062.jpg,지루각화증,7,isic2019,train
data/ISIC 2019/NV/ISIC_0031323.jpg,멜라닌세포모반,2,isic2019,train
data/ISIC 2019/NV/ISIC_0063607.jpg,멜라닌세포모반,2,isic2019,train
data/ISIC 2019/MEL/ISIC_0000313.jpg,악성흑색종,6,isic2019,train
data/ISIC 2019/MEL/ISIC_0032532.jpg,악성흑색종,6,isic2019,train
data/ISIC 2019/NV/ISIC_0026747.jpg,멜라닌세포모반,2,isic2019,train
data/ISIC 2019/BKL/ISIC_0030583.jpg,지루각화증,7,isic2019,train
data/ISIC 2019/NV/ISIC_0058747.jpg,멜라닌세포모반,2,isic2019,train
data/ISIC 2019/MEL/ISIC_0024586.jpg,악성흑색종,6,isic2019,train
data/ISIC 2019/BCC/ISIC_0026656.jpg,기저세포암,1,isic2019,train
data/ISIC 2019/BKL/ISIC_0060490.jpg,지루각화증,7,isic2019,train
data/ISIC 2019/NV/ISIC_0026055.jpg,멜라닌세포모반,2,isic2019,train
data/ISIC 2019/BCC/ISIC_0067051.jpg,기저세포암,1,isic2019,train
data/ISIC 2019/MEL/ISIC_0030512.jpg,악성흑색종,6,isic2019,train
data/ISIC 2019/NV/ISIC_0031564.jpg,멜라닌세포모반,2,isic2019,train
data/ISIC 2019/DF/ISIC_0024318.jpg,피부섬유종,10,isic2019,train
data/ISIC 2019/MEL/ISIC_0061960.jpg,악성흑색종,6,isic2019,train
data/ISIC 2019/BKL/ISIC_0026606.jpg,지루각화증,7,isic2019,train
data/ISIC 2019/MEL/ISIC_0031941.jpg,악성흑색종,6,isic2019,train
data/ISIC 2019/BKL/ISIC_0030783.jpg,지루각화증,7,isic2019,train
data/ISIC 2019/MEL/ISIC_0067235.jpg,악성흑색종,6,isic2019,train
data/ISIC 2019/BKL/ISIC_0069276.jpg,지루각화증,7,isic2019,train
data/ISIC 2019/NV/ISIC_0027493.jpg,멜라닌세포모반,2,isic2019,train
data/ISIC 2019/BKL/ISIC_0034175.jpg,지루각화증,7,isic2019,train
data/ISIC 2019/NV/ISIC_0028400.jpg,멜라닌세포모반,2,isic2019,train
data/ISIC 2019/NV/ISIC_0027633.jpg,멜라닌세포모반,2,isic2019,train
data/ISIC 2019/NV/ISIC_0027777.jpg,멜라닌세포모반,2,isic2019,train
data/ISIC 2019/SCC/ISIC_0026319.jpg,편평세포암,8,isic2019,train
data/ISIC 2019/NV/ISIC_0058830.jpg,멜라닌세포모반,2,isic2019,train
data/ISIC 2019/AK/ISIC_0061687.jpg,광선각화증,0,isic2019,train
data/ISIC 2019/BCC/ISIC_0058735.jpg,기저세포암,1,isic2019,train
data/ISIC 2019/SCC/ISIC_0025712.jpg,편평세포암,8,isic2019,train
data/ISIC 2019/AK/ISIC_0072152.jpg,광선각화증,0,isic2019,train
data/ISIC 2019/MEL/ISIC_0061624.jpg,악성흑색종,6,isic2019,train
data/ISIC 2019/MEL/ISIC_0067565.jpg,악성흑색종,6,isic2019,train
data/ISIC 2019/NV/ISIC_0010104.jpg,멜라닌세포모반,2,isic2019,train
data/ISIC 2019/AK/ISIC_0056529.jpg,광선각화증,0,isic2019,train
data/ISIC 2019/BCC/ISIC_0060109.jpg,기저세포암,1,isic2019,train
data/ISIC 2019/BCC/ISIC_0065334.jpg,기저세포암,1,isic2019,train
data/ISIC 2019/MEL/ISIC_0071245.jpg,악성흑색종,6,isic2019,train
data/ISIC 2019/NV/ISIC_0033028.jpg,멜라닌세포모반,2,isic2019,train
data/ISIC 2019/NV/ISIC_0012487_downsampled.jpg,멜라닌세포모반,2,isic2019,train
data/ISIC 2019/BKL/ISIC_0032681.jpg,지루각화증,7,isic2019,train
data/ISIC 2019/BCC/ISIC_0064753.jpg,기저세포암,1,isic2019,train
data/ISIC 2019/NV/ISIC_0015270_downsampled.jpg,멜라닌세포모반,2,isic2019,train
data/ISIC 2019/NV/ISIC_0056878.jpg,멜라닌세포모반,2,isic2019,train
data/ISIC 2019/BCC/ISIC_0024411.jpg,기저세포암,1,isic2019,train
data/ISIC 2019/NV/ISIC_0028290.jpg,멜라닌세포모반,2,isic2019,train
data/ISIC 2019/BCC/ISIC_0059329.jpg,기저세포암,1,isic2019,train
data/ISIC 2019/BKL/ISIC_0054804.jpg,지루각화증,7,isic2019,train
data/ISIC 2019/MEL/ISIC_0025121.jpg,악성흑색종,6,isic2019,train
data/ISIC 2019/BCC/ISIC_0058797.jpg,기저세포암,1,isic2019,train
data/ISIC 2019/BCC/ISIC_0059050.jpg,기저세포암,1,isic2019,train
data/ISIC 2019/SCC/ISIC_0066482.jpg,편평세포암,8,isic2019,train
data/ISIC 2019/MEL/ISIC_0013490_downsampled.jpg,악성흑색종,6,isic2019,train
data/ISIC 2019/VASC/ISIC_0031648.jpg,혈관종,12,isic2019,train
data/ISIC 2019/BCC/ISIC_0054836.jpg,기저세포암,1,isic2019,train
data/ISIC 2019/AK/ISIC_0067377.jpg,광선각화증,0,isic2019,train
data/ISIC 2019/NV/ISIC_0029445.jpg,멜라닌세포모반,2,isic2019,train
data/ISIC 2019/BCC/ISIC_0072549.jpg,기저세포암,1,isic2019,train
data/ISIC 2019/BKL/ISIC_0058815.jpg,지루각화증,7,isic2019,train
data/ISIC 2019/NV/ISIC_0012657_downsampled.jpg,멜라닌세포모반,2,isic2019,train
data/ISIC 2019/NV/ISIC_0063582.jpg,멜라닌세포모반,2,isic2019,train
data/ISIC 2019/NV/ISIC_0069121.jpg,멜라닌세포모반,2,isic2019,train
data/ISIC 2019/NV/ISIC_0004337_downsampled.jpg,멜라닌세포모반,2,isic2019,train
data/ISIC 2019/BCC/ISIC_0060214.jpg,기저세포암,1,isic2019,train
data/ISIC 2019/NV/ISIC_0069236.jpg,멜라닌세포모반,2,isic2019,train
data/ISIC 2019/BCC/ISIC_0057399.jpg,기저세포암,1,isic2019,train
data/ISIC 2019/BCC/ISIC_0058038.jpg,기저세포암,1,isic2019,train
data/ISIC 2019/NV/ISIC_0031229.jpg,멜라닌세포모반,2,isic2019,train
data/ISIC 2019/BCC/ISIC_0070529.jpg,기저세포암,1,isic2019,train
data/ISIC 2019/NV/ISIC_0000315.jpg,멜라닌세포모반,2,isic2019,train
data/ISIC 2019/BCC/ISIC_0065432.jpg,기저세포암,1,isic2019,train
data/ISIC 2019/NV/ISIC_0067930.jpg,멜라닌세포모반,2,isic2019,train
data/ISIC 2019/BKL/ISIC_0031511.jpg,지루각화증,7,isic2019,train
data/ISIC 2019/MEL/ISIC_0015229_downsampled.jpg,악성흑색종,6,isic2019,train
data/ISIC 2019/NV/ISIC_0026418.jpg,멜라닌세포모반,2,isic2019,train
data/ISIC 2019/BCC/ISIC_0067721.jpg,기저세포암,1,isic2019,train
data/ISIC 2019/MEL/ISIC_0032476.jpg,악성흑색종,6,isic2019,train
data/ISIC 2019/NV/ISIC_0033138.jpg,멜라닌세포모반,2,isic2019,train
data/ISIC 2019/NV/ISIC_0062906.jpg,멜라닌세포모반,2,isic2019,train
data/ISIC 2019/BKL/ISIC_0066089.jpg,지루각화증,7,isic2019,train
data/ISIC 2019/MEL/ISIC_0029281.jpg,악성흑색종,6,isic2019,train
data/ISIC 2019/SCC/ISIC_0061988.jpg,편평세포암,8,isic2019,train
data/ISIC 2019/BKL/ISIC_0072262.jpg,지루각화증,7,isic2019,train
data/ISIC 2019/MEL/ISIC_0070061.jpg,악성흑색종,6,isic2019,train
data/ISIC 2019/NV/ISIC_0013796_downsampled.jpg,멜라닌세포모반,2,isic2019,train
data/ISIC 2019/BCC/ISIC_0056310.jpg,기저세포암,1,isic2019,train
data/ISIC 2019/AK/ISIC_0054878.jpg,광선각화증,0,isic2019,train
data/ISIC 2019/MEL/ISIC_0060376.jpg,악성흑색종,6,isic2019,train
data/ISIC 2019/BKL/ISIC_0058778.jpg,지루각화증,7,isic2019,train
data/ISIC 2019/NV/ISIC_0024556.jpg,멜라닌세포모반,2,isic2019,train
data/ISIC 2019/BKL/ISIC_0055645.jpg,지루각화증,7,isic2019,train
data/ISIC 2019/BKL/ISIC_0064817.jpg,지루각화증,7,isic2019,train
data/ISIC 2019/BKL/ISIC_0012143_downsampled.jpg,지루각화증,7,isic2019,train
data/ISIC 2019/AK/ISIC_0057145.jpg,광선각화증,0,isic2019,train
data/ISIC 2019/NV/ISIC_0063869.jpg,멜라닌세포모반,2,isic2019,train
data/ISIC 2019/AK/ISIC_0066556.jpg,광선각화증,0,isic2019,train
data/ISIC 2019/BCC/ISIC_0055409.jpg,기저세포암,1,isic2019,train
data/ISIC 2019/BKL/ISIC_0014569_downsampled.jpg,지루각화증,7,isic2019,train
data/ISIC 2019/BCC/ISIC_0030094.jpg,기저세포암,1,isic2019,train
data/ISIC 2019/DF/ISIC_0025903.jpg,피부섬유종,10,isic2019,train
data/ISIC 2019/AK/ISIC_0066861.jpg,광선각화증,0,isic2019,train
data/ISIC 2019/AK/ISIC_0071093.jpg,광선각화증,0,isic2019,train
data/ISIC 2019/BCC/ISIC_0030528.jpg,기저세포암,1,isic2019,train
data/ISIC 2019/MEL/ISIC_0056436.jpg,악성흑색종,6,isic2019,train
data/ISIC 2019/NV/ISIC_0029074.jpg,멜라닌세포모반,2,isic2019,train
data/ISIC 2019/BKL/ISIC_0071978.jpg,지루각화증,7,isic2019,train
data/ISIC 2019/BKL/ISIC_0026844.jpg,지루각화증,7,isic2019,train
data/ISIC 2019/BCC/ISIC_0066051.jpg,기저세포암,1,isic2019,train
data/ISIC 2019/BCC/ISIC_0054722.jpg,기저세포암,1,isic2019,train
data/ISIC 2019/AK/ISIC_0056920.jpg,광선각화증,0,isic2019,train
data/ISIC 2019/BCC/ISIC_0064460.jpg,기저세포암,1,isic2019,train
data/ISIC 2019/BKL/ISIC_0012833_downsampled.jpg,지루각화증,7,isic2019,train
data/ISIC 2019/AK/ISIC_0028393.jpg,광선각화증,0,isic2019,train
data/ISIC 2019/BKL/ISIC_0013927_downsampled.jpg,지루각화증,7,isic2019,train
data/ISIC 2019/VASC/ISIC_0031276.jpg,혈관종,12,isic2019,train
data/ISIC 2019/AK/ISIC_0067500.jpg,광선각화증,0,isic2019,train
data/ISIC 2019/MEL/ISIC_0034071.jpg,악성흑색종,6,isic2019,train
data/ISIC 2019/MEL/ISIC_0061664.jpg,악성흑색종,6,isic2019,train
data/ISIC 2019/BKL/ISIC_0027831.jpg,지루각화증,7,isic2019,train
data/ISIC 2019/MEL/ISIC_0056185.jpg,악성흑색종,6,isic2019,train
data/ISIC 2019/MEL/ISIC_0061257.jpg,악성흑색종,6,isic2019,train
data/ISIC 2019/MEL/ISIC_0013500_downsampled.jpg,악성흑색종,6,isic2019,train
data/ISIC 2019/BKL/ISIC_0056818.jpg,지루각화증,7,isic2019,train
data/ISIC 2019/AK/ISIC_0062238.jpg,광선각화증,0,isic2019,train
data/ISIC 2019/NV/ISIC_0058423.jpg,멜라닌세포모반,2,isic2019,train
data/ISIC 2019/BCC/ISIC_0058868.jpg,기저세포암,1,isic2019,train
data/ISIC 2019/MEL/ISIC_0061134.jpg,악성흑색종,6,isic2019,train
data/ISIC 2019/AK/ISIC_0069043.jpg,광선각화증,0,isic2019,train
data/ISIC 2019/BCC/ISIC_0069828.jpg,기저세포암,1,isic2019,train
data/ISIC 2019/MEL/ISIC_0014156_downsampled.jpg,악성흑색종,6,isic2019,train
data/ISIC 2019/BKL/ISIC_0028925.jpg,지루각화증,7,isic2019,train
data/ISIC 2019/MEL/ISIC_0070933.jpg,악성흑색종,6,isic2019,train
data/ISIC 2019/BKL/ISIC_0033446.jpg,지루각화증,7,isic2019,train
data/ISIC 2019/VASC/ISIC_0032692.jpg,혈관종,12,isic2019,train
data/ISIC 2019/VASC/ISIC_0066097.jpg,혈관종,12,isic2019,train
data/ISIC 2019/BKL/ISIC_0031716.jpg,지루각화증,7,isic2019,train
data/ISIC 2019/MEL/ISIC_0013775_downsampled.jpg,악성흑색종,6,isic2019,train
data/ISIC 2019/SCC/ISIC_0029360.jpg,편평세포암,8,isic2019,train
data/ISIC 2019/NV/ISIC_0026548.jpg,멜라닌세포모반,2,isic2019,train
data/ISIC 2019/BKL/ISIC_0065291.jpg,지루각화증,7,isic2019,train
data/ISIC 2019/MEL/ISIC_0062389.jpg,악성흑색종,6,isic2019,train
data/ISIC 2019/MEL/ISIC_0053765.jpg,악성흑색종,6,isic2019,train
data/ISIC 2019/NV/ISIC_0060835.jpg,멜라닌세포모반,2,isic2019,train
data/ISIC 2019/AK/ISIC_0030242.jpg,광선각화증,0,isic2019,train
data/ISIC 2019/SCC/ISIC_0056150.jpg,편평세포암,8,isic2019,train
data/ISIC 2019/SCC/ISIC_0066263.jpg,편평세포암,8,isic2019,train
data/ISIC 2019/NV/ISIC_0066718.jpg,멜라닌세포모반,2,isic2019,train
data/ISIC 2019/BKL/ISIC_0033910.jpg,지루각화증,7,isic2019,train
data/ISIC 2019/AK/ISIC_0071339.jpg,광선각화증,0,isic2019,train
data/ISIC 2019/NV/ISIC_0033214.jpg,멜라닌세포모반,2,isic2019,train
data/ISIC 2019/NV/ISIC_0031969.jpg,멜라닌세포모반,2,isic2019,train
data/ISIC 2019/BCC/ISIC_0057551.jpg,기저세포암,1,isic2019,train
data/ISIC 2019/BCC/ISIC_0032022.jpg,기저세포암,1,isic2019,train
data/ISIC 2019/MEL/ISIC_0033593.jpg,악성흑색종,6,isic2019,train
data/ISIC 2019/BCC/ISIC_0065490.jpg,기저세포암,1,isic2019,train
data/ISIC 2019/BKL/ISIC_0033270.jpg,지루각화증,7,isic2019,train
data/ISIC 2019/MEL/ISIC_0014946_downsampled.jpg,악성흑색종,6,isic2019,train
data/ISIC 2019/MEL/ISIC_0068979.jpg,악성흑색종,6,isic2019,train
data/ISIC 2019/MEL/ISIC_0057180.jpg,악성흑색종,6,isic2019,train
data/ISIC 2019/NV/ISIC_0033864.jpg,멜라닌세포모반,2,isic2019,train
data/ISIC 2019/BKL/ISIC_0024880.jpg,지루각화증,7,isic2019,train
data/ISIC 2019/MEL/ISIC_0062816.jpg,악성흑색종,6,isic2019,train
data/ISIC 2019/AK/ISIC_0056630.jpg,광선각화증,0,isic2019,train
data/ISIC 2019/BCC/ISIC_0066257.jpg,기저세포암,1,isic2019,train
data/ISIC 2019/MEL/ISIC_0032960.jpg,악성흑색종,6,isic2019,train
data/ISIC 2019/NV/ISIC_0015040_downsampled.jpg,멜라닌세포모반,2,isic2019,train
data/ISIC 2019/BCC/ISIC_0065151.jpg,기저세포암,1,isic2019,train
data/ISIC 2019/NV/ISIC_0061651.jpg,멜라닌세포모반,2,isic2019,train
data/ISIC 2019/BKL/ISIC_0073126.jpg,지루각화증,7,isic2019,train
data/ISIC 2019/NV/ISIC_0058035.jpg,멜라닌세포모반,2,isic2019,train
data/ISIC 2019/BCC/ISIC_0059268.jpg,기저세포암,1,isic2019,train
data/ISIC 2019/BCC/ISIC_0066233.jpg,기저세포암,1,isic2019,train
data/ISIC 2019/BCC/ISIC_0059917.jpg,기저세포암,1,isic2019,train
data/ISIC 2019/BCC/ISIC_0065699.jpg,기저세포암,1,isic2019,train
data/ISIC 2019/BKL/ISIC_0058080.jpg,지루각화증,7,isic2019,train
data/ISIC 2019/MEL/ISIC_0000151_downsampled.jpg,악성흑색종,6,isic2019,train
data/ISIC 2019/BCC/ISIC_0072318.jpg,기저세포암,1,isic2019,train
data/ISIC 2019/NV/ISIC_0029700.jpg,멜라닌세포모반,2,isic2019,train
data/ISIC 2019/BCC/ISIC_0069843.jpg,기저세포암,1,isic2019,train
data/ISIC 2019/NV/ISIC_0024978.jpg,멜라닌세포모반,2,isic2019,train
data/ISIC 2019/MEL/ISIC_0033619.jpg,악성흑색종,6,isic2019,train
data/ISIC 2019/MEL/ISIC_0000278.jpg,악성흑색종,6,isic2019,train
data/ISIC 2019/NV/ISIC_0029151.jpg,멜라닌세포모반,2,isic2019,train
data/ISIC 2019/BKL/ISIC_0012417_downsampled.jpg,지루각화증,7,isic2019,train
data/ISIC 2019/BKL/ISIC_0060639.jpg,지루각화증,7,isic2019,train
data/ISIC 2019/NV/ISIC_0058533.jpg,멜라닌세포모반,2,isic2019,train
data/ISIC 2019/SCC/ISIC_0066274.jpg,편평세포암,8,isic2019,train
data/ISIC 2019/MEL/ISIC_0009910.jpg,악성흑색종,6,isic2019,train
data/ISIC 2019/NV/ISIC_0031136.jpg,멜라닌세포모반,2,isic2019,train
data/ISIC 2019/MEL/ISIC_0026420.jpg,악성흑색종,6,isic2019,train
data/ISIC 2019/MEL/ISIC_0027616.jpg,악성흑색종,6,isic2019,train
data/ISIC 2019/BCC/ISIC_0069424.jpg,기저세포암,1,isic2019,train
data/ISIC 2019/SCC/ISIC_0058949.jpg,편평세포암,8,isic2019,train
data/ISIC 2019/NV/ISIC_0012335_downsampled.jpg,멜라닌세포모반,2,isic2019,train
data/ISIC 2019/BKL/ISIC_0033280.jpg,지루각화증,7,isic2019,train
data/ISIC 2019/BKL/ISIC_0033391.jpg,지루각화증,7,isic2019,train
data/ISIC 2019/BKL/ISIC_0054325.jpg,지루각화증,7,isic2019,train
data/ISIC 2019/NV/ISIC_0058674.jpg,멜라닌세포모반,2,isic2019,train
data/ISIC 2019/VASC/ISIC_0064283.jpg,혈관종,12,isic2019,train
data/ISIC 2019/BKL/ISIC_0024981.jpg,지루각화증,7,isic2019,train
data/ISIC 2019/BKL/ISIC_0014504_downsampled.jpg,지루각화증,7,isic2019,train
data/ISIC 2019/BCC/ISIC_0067456.jpg,기저세포암,1,isic2019,train
data/ISIC 2019/VASC/ISIC_0031706.jpg,혈관종,12,isic2019,train
data/ISIC 2019/MEL/ISIC_0057196.jpg,악성흑색종,6,isic2019,train
data/ISIC 2019/MEL/ISIC_0057369.jpg,악성흑색종,6,isic2019,train
data/ISIC 2019/MEL/ISIC_0062525.jpg,악성흑색종,6,isic2019,train
data/ISIC 2019/SCC/ISIC_0056058.jpg,편평세포암,8,isic2019,train
data/ISIC 2019/AK/ISIC_0069629.jpg,광선각화증,0,isic2019,train
data/ISIC 2019/MEL/ISIC_0071089.jpg,악성흑색종,6,isic2019,train
data/ISIC 2019/NV/ISIC_0057014.jpg,멜라닌세포모반,2,isic2019,train
data/ISIC 2019/NV/ISIC_0060243.jpg,멜라닌세포모반,2,isic2019,train
data/ISIC 2019/BKL/ISIC_0025699.jpg,지루각화증,7,isic2019,train
data/ISIC 2019/AK/ISIC_0054634.jpg,광선각화증,0,isic2019,train
data/ISIC 2019/MEL/ISIC_0069475.jpg,악성흑색종,6,isic2019,train
data/ISIC 2019/SCC/ISIC_0071905.jpg,편평세포암,8,isic2019,train
data/ISIC 2019/MEL/ISIC_0062827.jpg,악성흑색종,6,isic2019,train
data/ISIC 2019/BCC/ISIC_0071397.jpg,기저세포암,1,isic2019,train
data/ISIC 2019/MEL/ISIC_0032214.jpg,악성흑색종,6,isic2019,train
data/ISIC 2019/BKL/ISIC_0014619_downsampled.jpg,지루각화증,7,isic2019,train
data/ISIC 2019/BKL/ISIC_0059109.jpg,지루각화증,7,isic2019,train
data/ISIC 2019/BCC/ISIC_0067135.jpg,기저세포암,1,isic2019,train
data/ISIC 2019/BKL/ISIC_0013056_downsampled.jpg,지루각화증,7,isic2019,train
data/ISIC 2019/BKL/ISIC_0061844.jpg,지루각화증,7,isic2019,train
data/ISIC 2019/NV/ISIC_0000206_downsampled.jpg,멜라닌세포모반,2,isic2019,train
data/ISIC 2019/NV/ISIC_0032571.jpg,멜라닌세포모반,2,isic2019,train
data/ISIC 2019/NV/ISIC_0028571.jpg,멜라닌세포모반,2,isic2019,train
data/ISIC 2019/DF/ISIC_0054142.jpg,피부섬유종,10,isic2019,train
data/ISIC 2019/VASC/ISIC_0026456.jpg,혈관종,12,isic2019,train
data/ISIC 2019/MEL/ISIC_0069970.jpg,악성흑색종,6,isic2019,train
data/ISIC 2019/BCC/ISIC_0031063.jpg,기저세포암,1,isic2019,train
data/ISIC 2019/BCC/ISIC_0068904.jpg,기저세포암,1,isic2019,train
data/ISIC 2019/BKL/ISIC_0013684_downsampled.jpg,지루각화증,7,isic2019,train
data/ISIC 2019/NV/ISIC_0072164.jpg,멜라닌세포모반,2,isic2019,train
data/ISIC 2019/MEL/ISIC_0070614.jpg,악성흑색종,6,isic2019,train
data/ISIC 2019/BCC/ISIC_0060825.jpg,기저세포암,1,isic2019,train
data/ISIC 2019/BCC/ISIC_0057757.jpg,기저세포암,1,isic2019,train
data/ISIC 2019/BKL/ISIC_0026704.jpg,지루각화증,7,isic2019,train
data/ISIC 2019/NV/ISIC_0064961.jpg,멜라닌세포모반,2,isic2019,train
data/ISIC 2019/BCC/ISIC_0061119.jpg,기저세포암,1,isic2019,train
data/ISIC 2019/BCC/ISIC_0054306.jpg,기저세포암,1,isic2019,train
data/ISIC 2019/AK/ISIC_0071889.jpg,광선각화증,0,isic2019,train
data/ISIC 2019/BCC/ISIC_0065856.jpg,기저세포암,1,isic2019,train
data/ISIC 2019/BKL/ISIC_0027454.jpg,지루각화증,7,isic2019,train
data/ISIC 2019/BKL/ISIC_0031639.jpg,지루각화증,7,isic2019,train
data/ISIC 2019/MEL/ISIC_0032968.jpg,악성흑색종,6,isic2019,train
data/ISIC 2019/BKL/ISIC_0066668.jpg,지루각화증,7,isic2019,train
data/ISIC 2019/AK/ISIC_0061814.jpg,광선각화증,0,isic2019,train
data/ISIC 2019/BCC/ISIC_0062096.jpg,기저세포암,1,isic2019,train
data/ISIC 2019/BKL/ISIC_0032842.jpg,지루각화증,7,isic2019,train
data/ISIC 2019/NV/ISIC_0030212.jpg,멜라닌세포모반,2,isic2019,train
data/ISIC 2019/MEL/ISIC_0057823.jpg,악성흑색종,6,isic2019,train
data/ISIC 2019/MEL/ISIC_0058380.jpg,악성흑색종,6,isic2019,train
data/ISIC 2019/BCC/ISIC_0067492.jpg,기저세포암,1,isic2019,train
data/ISIC 2019/BCC/ISIC_0069773.jpg,기저세포암,1,isic2019,train
data/ISIC 2019/NV/ISIC_0026448.jpg,멜라닌세포모반,2,isic2019,train
data/ISIC 2019/BKL/ISIC_0027463.jpg,지루각화증,7,isic2019,train
data/ISIC 2019/BKL/ISIC_0072726.jpg,지루각화증,7,isic2019,train
data/ISIC 2019/BCC/ISIC_0072189.jpg,기저세포암,1,isic2019,train
data/ISIC 2019/NV/ISIC_0029733.jpg,멜라닌세포모반,2,isic2019,train
data/ISIC 2019/BCC/ISIC_0070355.jpg,기저세포암,1,isic2019,train
data/ISIC 2019/NV/ISIC_0029098.jpg,멜라닌세포모반,2,isic2019,train
data/ISIC 2019/NV/ISIC_0068158.jpg,멜라닌세포모반,2,isic2019,train
data/ISIC 2019/BCC/ISIC_0058680.jpg,기저세포암,1,isic2019,train
data/ISIC 2019/NV/ISIC_0054933.jpg,멜라닌세포모반,2,isic2019,train
data/ISIC 2019/NV/ISIC_0062660.jpg,멜라닌세포모반,2,isic2019,train
data/ISIC 2019/SCC/ISIC_0055102.jpg,편평세포암,8,isic2019,train
data/ISIC 2019/AK/ISIC_0062351.jpg,광선각화증,0,isic2019,train
data/ISIC 2019/BCC/ISIC_0069032.jpg,기저세포암,1,isic2019,train
data/ISIC 2019/SCC/ISIC_0070157.jpg,편평세포암,8,isic2019,train
data/ISIC 2019/MEL/ISIC_0058298.jpg,악성흑색종,6,isic2019,train
data/ISIC 2019/NV/ISIC_0025949.jpg,멜라닌세포모반,2,isic2019,train
data/ISIC 2019/BCC/ISIC_0061819.jpg,기저세포암,1,isic2019,train
data/ISIC 2019/AK/ISIC_0063573.jpg,광선각화증,0,isic2019,train
data/ISIC 2019/BKL/ISIC_0033410.jpg,지루각화증,7,isic2019,train
data/ISIC 2019/MEL/ISIC_0069669.jpg,악성흑색종,6,isic2019,train
data/ISIC 2019/BKL/ISIC_0012314_downsampled.jpg,지루각화증,7,isic2019,train
data/ISIC 2019/AK/ISIC_0060989.jpg,광선각화증,0,isic2019,train
data/ISIC 2019/BCC/ISIC_0061088.jpg,기저세포암,1,isic2019,train
data/ISIC 2019/AK/ISIC_0068607.jpg,광선각화증,0,isic2019,train
data/ISIC 2019/BCC/ISIC_0057474.jpg,기저세포암,1,isic2019,train
data/ISIC 2019/NV/ISIC_0028967.jpg,멜라닌세포모반,2,isic2019,train
data/ISIC 2019/MEL/ISIC_0033320.jpg,악성흑색종,6,isic2019,train
data/ISIC 2019/BCC/ISIC_0055539.jpg,기저세포암,1,isic2019,train
data/ISIC 2019/MEL/ISIC_0066061.jpg,악성흑색종,6,isic2019,train
data/ISIC 2019/BKL/ISIC_0013065_downsampled.jpg,지루각화증,7,isic2019,train
data/ISIC 2019/MEL/ISIC_0025414.jpg,악성흑색종,6,isic2019,train
data/ISIC 2019/BKL/ISIC_0028347.jpg,지루각화증,7,isic2019,train
data/ISIC 2019/BCC/ISIC_0055444.jpg,기저세포암,1,isic2019,train
data/ISIC 2019/NV/ISIC_0027670.jpg,멜라닌세포모반,2,isic2019,train
data/ISIC 2019/NV/ISIC_0000100_downsampled.jpg,멜라닌세포모반,2,isic2019,train
data/ISIC 2019/NV/ISIC_0060325.jpg,멜라닌세포모반,2,isic2019,train
data/ISIC 2019/NV/ISIC_0062352.jpg,멜라닌세포모반,2,isic2019,train
data/ISIC 2019/MEL/ISIC_0028022.jpg,악성흑색종,6,isic2019,train
data/ISIC 2019/BKL/ISIC_0031133.jpg,지루각화증,7,isic2019,train
data/ISIC 2019/NV/ISIC_0014835_downsampled.jpg,멜라닌세포모반,2,isic2019,train
data/ISIC 2019/MEL/ISIC_0057406.jpg,악성흑색종,6,isic2019,train
data/ISIC 2019/BCC/ISIC_0071960.jpg,기저세포암,1,isic2019,train
data/ISIC 2019/BCC/ISIC_0029745.jpg,기저세포암,1,isic2019,train
data/ISIC 2019/AK/ISIC_0064151.jpg,광선각화증,0,isic2019,train
data/ISIC 2019/NV/ISIC_0028177.jpg,멜라닌세포모반,2,isic2019,train
data/ISIC 2019/AK/ISIC_0065538.jpg,광선각화증,0,isic2019,train
data/ISIC 2019/BKL/ISIC_0028701.jpg,지루각화증,7,isic2019,train
data/ISIC 2019/AK/ISIC_0072992.jpg,광선각화증,0,isic2019,train
data/ISIC 2019/BKL/ISIC_0063849.jpg,지루각화증,7,isic2019,train
data/ISIC 2019/BKL/ISIC_0014278_downsampled.jpg,지루각화증,7,isic2019,train
data/ISIC 2019/DF/ISIC_0071233.jpg,피부섬유종,10,isic2019,train
data/ISIC 2019/BKL/ISIC_0027295.jpg,지루각화증,7,isic2019,train
data/ISIC 2019/BCC/ISIC_0064711.jpg,기저세포암,1,isic2019,train
data/ISIC 2019/NV/ISIC_0067179.jpg,멜라닌세포모반,2,isic2019,train
data/ISIC 2019/BKL/ISIC_0032456.jpg,지루각화증,7,isic2019,train
data/ISIC 2019/MEL/ISIC_0015189_downsampled.jpg,악성흑색종,6,isic2019,train
data/ISIC 2019/MEL/ISIC_0072001.jpg,악성흑색종,6,isic2019,train
data/ISIC 2019/BKL/ISIC_0028354.jpg,지루각화증,7,isic2019,train
data/ISIC 2019/BKL/ISIC_0026532.jpg,지루각화증,7,isic2019,train
data/ISIC 2019/MEL/ISIC_0063109.jpg,악성흑색종,6,isic2019,train
data/ISIC 2019/MEL/ISIC_0064646.jpg,악성흑색종,6,isic2019,train
data/ISIC 2019/MEL/ISIC_0068950.jpg,악성흑색종,6,isic2019,train
data/ISIC 2019/NV/ISIC_0028032.jpg,멜라닌세포모반,2,isic2019,train
data/ISIC 2019/NV/ISIC_0026859.jpg,멜라닌세포모반,2,isic2019,train
data/ISIC 2019/NV/ISIC_0026356.jpg,멜라닌세포모반,2,isic2019,train
data/ISIC 2019/NV/ISIC_0033367.jpg,멜라닌세포모반,2,isic2019,train
data/ISIC 2019/BKL/ISIC_0033855.jpg,지루각화증,7,isic2019,train
data/ISIC 2019/BKL/ISIC_0014608_downsampled.jpg,지루각화증,7,isic2019,train
data/ISIC 2019/AK/ISIC_0029309.jpg,광선각화증,0,isic2019,train
data/ISIC 2019/BKL/ISIC_0059678.jpg,지루각화증,7,isic2019,train
data/ISIC 2019/MEL/ISIC_0062155.jpg,악성흑색종,6,isic2019,train
data/ISIC 2019/BCC/ISIC_0053524.jpg,기저세포암,1,isic2019,train
data/ISIC 2019/MEL/ISIC_0067054.jpg,악성흑색종,6,isic2019,train
data/ISIC 2019/MEL/ISIC_0064321.jpg,악성흑색종,6,isic2019,train
data/ISIC 2019/BKL/ISIC_0027760.jpg,지루각화증,7,isic2019,train
data/ISIC 2019/NV/ISIC_0059699.jpg,멜라닌세포모반,2,isic2019,train
data/ISIC 2019/NV/ISIC_0062787.jpg,멜라닌세포모반,2,isic2019,train
data/ISIC 2019/BCC/ISIC_0071864.jpg,기저세포암,1,isic2019,train
data/ISIC 2019/BKL/ISIC_0029227.jpg,지루각화증,7,isic2019,train
data/ISIC 2019/DF/ISIC_0071844.jpg,피부섬유종,10,isic2019,train
data/ISIC 2019/BKL/ISIC_0060523.jpg,지루각화증,7,isic2019,train
data/ISIC 2019/BKL/ISIC_0028236.jpg,지루각화증,7,isic2019,train
data/ISIC 2019/SCC/ISIC_0065484.jpg,편평세포암,8,isic2019,train
data/ISIC 2019/MEL/ISIC_0063182.jpg,악성흑색종,6,isic2019,train
data/ISIC 2019/MEL/ISIC_0059830.jpg,악성흑색종,6,isic2019,train
data/ISIC 2019/BCC/ISIC_0032611.jpg,기저세포암,1,isic2019,train
data/ISIC 2019/AK/ISIC_0069211.jpg,광선각화증,0,isic2019,train
data/ISIC 2019/BCC/ISIC_0064754.jpg,기저세포암,1,isic2019,train
data/ISIC 2019/BCC/ISIC_0059585.jpg,기저세포암,1,isic2019,train
data/ISIC 2019/SCC/ISIC_0066951.jpg,편평세포암,8,isic2019,train
data/ISIC 2019/BKL/ISIC_0033722.jpg,지루각화증,7,isic2019,train
data/ISIC 2019/BKL/ISIC_0057289.jpg,지루각화증,7,isic2019,train
data/ISIC 2019/SCC/ISIC_0064386.jpg,편평세포암,8,isic2019,train
data/ISIC 2019/BCC/ISIC_0059821.jpg,기저세포암,1,isic2019,train
data/ISIC 2019/MEL/ISIC_0056710.jpg,악성흑색종,6,isic2019,train
data/ISIC 2019/AK/ISIC_0072652.jpg,광선각화증,0,isic2019,train
data/ISIC 2019/MEL/ISIC_0070207.jpg,악성흑색종,6,isic2019,train
data/ISIC 2019/AK/ISIC_0062609.jpg,광선각화증,0,isic2019,train
data/ISIC 2019/NV/ISIC_0053694.jpg,멜라닌세포모반,2,isic2019,train
data/ISIC 2019/AK/ISIC_0072169.jpg,광선각화증,0,isic2019,train
data/ISIC 2019/BCC/ISIC_0027038.jpg,기저세포암,1,isic2019,train
data/ISIC 2019/MEL/ISIC_0033578.jpg,악성흑색종,6,isic2019,train
data/ISIC 2019/BCC/ISIC_0071604.jpg,기저세포암,1,isic2019,train
data/ISIC 2019/BCC/ISIC_0058782.jpg,기저세포암,1,isic2019,train
data/ISIC 2019/SCC/ISIC_0057182.jpg,편평세포암,8,isic2019,train
data/ISIC 2019/NV/ISIC_0060263.jpg,멜라닌세포모반,2,isic2019,train
data/ISIC 2019/VASC/ISIC_0067285.jpg,혈관종,12,isic2019,train
data/ISIC 2019/BCC/ISIC_0061290.jpg,기저세포암,1,isic2019,train
data/ISIC 2019/NV/ISIC_0025855.jpg,멜라닌세포모반,2,isic2019,train
data/ISIC 2019/MEL/ISIC_0065315.jpg,악성흑색종,6,isic2019,train
data/ISIC 2019/BKL/ISIC_0069118.jpg,지루각화증,7,isic2019,train
data/ISIC 2019/AK/ISIC_0070175.jpg,광선각화증,0,isic2019,train
data/ISIC 2019/SCC/ISIC_0073030.jpg,편평세포암,8,isic2019,train
data/ISIC 2019/AK/ISIC_0072788.jpg,광선각화증,0,isic2019,train
data/ISIC 2019/BCC/ISIC_0071147.jpg,기저세포암,1,isic2019,train
data/ISIC 2019/MEL/ISIC_0064114.jpg,악성흑색종,6,isic2019,train
data/ISIC 2019/NV/ISIC_0025410.jpg,멜라닌세포모반,2,isic2019,train
data/ISIC 2019/BCC/ISIC_0059581.jpg,기저세포암,1,isic2019,train
data/ISIC 2019/BKL/ISIC_0070241.jpg,지루각화증,7,isic2019,train
data/ISIC 2019/BCC/ISIC_0031789.jpg,기저세포암,1,isic2019,train
data/ISIC 2019/BKL/ISIC_0025465.jpg,지루각화증,7,isic2019,train
data/ISIC 2019/BCC/ISIC_0069109.jpg,기저세포암,1,isic2019,train
data/ISIC 2019/NV/ISIC_0012741_downsampled.jpg,멜라닌세포모반,2,isic2019,train
data/ISIC 2019/BKL/ISIC_0072928.jpg,지루각화증,7,isic2019,train
data/ISIC 2019/MEL/ISIC_0029740.jpg,악성흑색종,6,isic2019,train
data/ISIC 2019/MEL/ISIC_0063233.jpg,악성흑색종,6,isic2019,train
data/ISIC 2019/DF/ISIC_0070875.jpg,피부섬유종,10,isic2019,train
data/ISIC 2019/NV/ISIC_0030727.jpg,멜라닌세포모반,2,isic2019,train
data/ISIC 2019/BCC/ISIC_0057680.jpg,기저세포암,1,isic2019,train
data/ISIC 2019/MEL/ISIC_0026622.jpg,악성흑색종,6,isic2019,train
data/ISIC 2019/BCC/ISIC_0060254.jpg,기저세포암,1,isic2019,train
data/ISIC 2019/MEL/ISIC_0057534.jpg,악성흑색종,6,isic2019,train
data/ISIC 2019/AK/ISIC_0069120.jpg,광선각화증,0,isic2019,train
data/ISIC 2019/VASC/ISIC_0031217.jpg,혈관종,12,isic2019,train
data/ISIC 2019/BCC/ISIC_0055773.jpg,기저세포암,1,isic2019,train
data/ISIC 2019/BCC/ISIC_0054055.jpg,기저세포암,1,isic2019,train
data/ISIC 2019/SCC/ISIC_0072599.jpg,편평세포암,8,isic2019,train
data/ISIC 2019/BCC/ISIC_0072761.jpg,기저세포암,1,isic2019,train
data/ISIC 2019/NV/ISIC_0029757.jpg,멜라닌세포모반,2,isic2019,train
data/ISIC 2019/BKL/ISIC_0024705.jpg,지루각화증,7,isic2019,train
data/ISIC 2019/SCC/ISIC_0027529.jpg,편평세포암,8,isic2019,train
data/ISIC 2019/BKL/ISIC_0059155.jpg,지루각화증,7,isic2019,train
data/ISIC 2019/NV/ISIC_0073135.jpg,멜라닌세포모반,2,isic2019,train
data/ISIC 2019/BCC/ISIC_0062270.jpg,기저세포암,1,isic2019,train
data/ISIC 2019/NV/ISIC_0024599.jpg,멜라닌세포모반,2,isic2019,train
data/ISIC 2019/BKL/ISIC_0068691.jpg,지루각화증,7,isic2019,train
data/ISIC 2019/NV/ISIC_0032973.jpg,멜라닌세포모반,2,isic2019,train
data/ISIC 2019/SCC/ISIC_0059871.jpg,편평세포암,8,isic2019,train
data/ISIC 2019/BCC/ISIC_0073082.jpg,기저세포암,1,isic2019,train
data/ISIC 2019/BKL/ISIC_0054911.jpg,지루각화증,7,isic2019,train
data/ISIC 2019/BCC/ISIC_0058088.jpg,기저세포암,1,isic2019,train
data/ISIC 2019/MEL/ISIC_0062515.jpg,악성흑색종,6,isic2019,train
data/ISIC 2019/MEL/ISIC_0028465.jpg,악성흑색종,6,isic2019,train
data/ISIC 2019/BKL/ISIC_0072410.jpg,지루각화증,7,isic2019,train
data/ISIC 2019/BCC/ISIC_0030446.jpg,기저세포암,1,isic2019,train
data/ISIC 2019/MEL/ISIC_0072280.jpg,악성흑색종,6,isic2019,train
data/ISIC 2019/BKL/ISIC_0063513.jpg,지루각화증,7,isic2019,train
data/ISIC 2019/BKL/ISIC_0029778.jpg,지루각화증,7,isic2019,train
data/ISIC 2019/BKL/ISIC_0072042.jpg,지루각화증,7,isic2019,train
data/ISIC 2019/BKL/ISIC_0029032.jpg,지루각화증,7,isic2019,train
data/ISIC 2019/DF/ISIC_0061493.jpg,피부섬유종,10,isic2019,train
data/ISIC 2019/BCC/ISIC_0054435.jpg,기저세포암,1,isic2019,train
data/ISIC 2019/VASC/ISIC_0027385.jpg,혈관종,12,isic2019,train
data/ISIC 2019/BKL/ISIC_0033744.jpg,지루각화증,7,isic2019,train
data/ISIC 2019/BCC/ISIC_0028085.jpg,기저세포암,1,isic2019,train
data/ISIC 2019/BKL/ISIC_0014831_downsampled.jpg,지루각화증,7,isic2019,train
data/ISIC 2019/NV/ISIC_0027088.jpg,멜라닌세포모반,2,isic2019,train
data/ISIC 2019/BKL/ISIC_0056769.jpg,지루각화증,7,isic2019,train
data/ISIC 2019/MEL/ISIC_0029558.jpg,악성흑색종,6,isic2019,train
data/ISIC 2019/BKL/ISIC_0014397_downsampled.jpg,지루각화증,7,isic2019,train
data/ISIC 2019/NV/ISIC_0013970_downsampled.jpg,멜라닌세포모반,2,isic2019,train
data/ISIC 2019/BCC/ISIC_0072140.jpg,기저세포암,1,isic2019,train
data/ISIC 2019/NV/ISIC_0069603.jpg,멜라닌세포모반,2,isic2019,train
data/ISIC 2019/MEL/ISIC_0011163.jpg,악성흑색종,6,isic2019,train
data/ISIC 2019/NV/ISIC_0031375.jpg,멜라닌세포모반,2,isic2019,train
data/ISIC 2019/BKL/ISIC_0068479.jpg,지루각화증,7,isic2019,train
data/ISIC 2019/MEL/ISIC_0062339.jpg,악성흑색종,6,isic2019,train
data/ISIC 2019/NV/ISIC_0062822.jpg,멜라닌세포모반,2,isic2019,train
data/ISIC 2019/MEL/ISIC_0000303.jpg,악성흑색종,6,isic2019,train
data/ISIC 2019/NV/ISIC_0028951.jpg,멜라닌세포모반,2,isic2019,train
data/ISIC 2019/NV/ISIC_0011382.jpg,멜라닌세포모반,2,isic2019,train
data/ISIC 2019/NV/ISIC_0001385_downsampled.jpg,멜라닌세포모반,2,isic2019,train
data/ISIC 2019/BCC/ISIC_0027819.jpg,기저세포암,1,isic2019,train
data/ISIC 2019/NV/ISIC_0068861.jpg,멜라닌세포모반,2,isic2019,train
data/ISIC 2019/BKL/ISIC_0071753.jpg,지루각화증,7,isic2019,train
data/ISIC 2019/BKL/ISIC_0027279.jpg,지루각화증,7,isic2019,train
data/ISIC 2019/BCC/ISIC_0068177.jpg,기저세포암,1,isic2019,train
data/ISIC 2019/BKL/ISIC_0062119.jpg,지루각화증,7,isic2019,train
data/ISIC 2019/NV/ISIC_0001185_downsampled.jpg,멜라닌세포모반,2,isic2019,train
data/ISIC 2019/BCC/ISIC_0066598.jpg,기저세포암,1,isic2019,train
data/ISIC 2019/NV/ISIC_0025138.jpg,멜라닌세포모반,2,isic2019,train
data/ISIC 2019/NV/ISIC_0027486.jpg,멜라닌세포모반,2,isic2019,train
data/ISIC 2019/MEL/ISIC_0029028.jpg,악성흑색종,6,isic2019,train
data/ISIC 2019/SCC/ISIC_0070213.jpg,편평세포암,8,isic2019,train
data/ISIC 2019/BCC/ISIC_0059599.jpg,기저세포암,1,isic2019,train
data/ISIC 2019/BCC/ISIC_0063610.jpg,기저세포암,1,isic2019,train
data/ISIC 2019/NV/ISIC_0025367.jpg,멜라닌세포모반,2,isic2019,train
data/ISIC 2019/BKL/ISIC_0027957.jpg,지루각화증,7,isic2019,train
data/ISIC 2019/NV/ISIC_0024791.jpg,멜라닌세포모반,2,isic2019,train
data/ISIC 2019/MEL/ISIC_0072889.jpg,악성흑색종,6,isic2019,train
data/ISIC 2019/NV/ISIC_0028327.jpg,멜라닌세포모반,2,isic2019,train
data/ISIC 2019/NV/ISIC_0056782.jpg,멜라닌세포모반,2,isic2019,train
data/ISIC 2019/BCC/ISIC_0060193.jpg,기저세포암,1,isic2019,train
data/ISIC 2019/NV/ISIC_0027726.jpg,멜라닌세포모반,2,isic2019,train
data/ISIC 2019/BCC/ISIC_0066558.jpg,기저세포암,1,isic2019,train
data/ISIC 2019/AK/ISIC_0073198.jpg,광선각화증,0,isic2019,train
data/ISIC 2019/NV/ISIC_0007344_downsampled.jpg,멜라닌세포모반,2,isic2019,train
data/ISIC 2019/NV/ISIC_0032957.jpg,멜라닌세포모반,2,isic2019,train
data/ISIC 2019/BKL/ISIC_0059460.jpg,지루각화증,7,isic2019,train
data/ISIC 2019/NV/ISIC_0032066.jpg,멜라닌세포모반,2,isic2019,train
data/ISIC 2019/BKL/ISIC_0053990.jpg,지루각화증,7,isic2019,train
data/ISIC 2019/MEL/ISIC_0063952.jpg,악성흑색종,6,isic2019,train
data/ISIC 2019/BKL/ISIC_0054882.jpg,지루각화증,7,isic2019,train
data/ISIC 2019/NV/ISIC_0032657.jpg,멜라닌세포모반,2,isic2019,train
data/ISIC 2019/NV/ISIC_0032772.jpg,멜라닌세포모반,2,isic2019,train
data/ISIC 2019/NV/ISIC_0072068.jpg,멜라닌세포모반,2,isic2019,train
data/ISIC 2019/BKL/ISIC_0067423.jpg,지루각화증,7,isic2019,train
data/ISIC 2019/NV/ISIC_0031806.jpg,멜라닌세포모반,2,isic2019,train
data/ISIC 2019/BKL/ISIC_0054879.jpg,지루각화증,7,isic2019,train
data/ISIC 2019/BCC/ISIC_0055775.jpg,기저세포암,1,isic2019,train
data/ISIC 2019/BCC/ISIC_0055014.jpg,기저세포암,1,isic2019,train
data/ISIC 2019/MEL/ISIC_0054976.jpg,악성흑색종,6,isic2019,train
data/ISIC 2019/BCC/ISIC_0027146.jpg,기저세포암,1,isic2019,train
data/ISIC 2019/NV/ISIC_0025534.jpg,멜라닌세포모반,2,isic2019,train
data/ISIC 2019/BKL/ISIC_0033284.jpg,지루각화증,7,isic2019,train
data/ISIC 2019/MEL/ISIC_0072171.jpg,악성흑색종,6,isic2019,train
data/ISIC 2019/NV/ISIC_0014158_downsampled.jpg,멜라닌세포모반,2,isic2019,train
data/ISIC 2019/MEL/ISIC_0054506.jpg,악성흑색종,6,isic2019,train
data/ISIC 2019/DF/ISIC_0066400.jpg,피부섬유종,10,isic2019,train
data/ISIC 2019/MEL/ISIC_0032152.jpg,악성흑색종,6,isic2019,train
data/ISIC 2019/NV/ISIC_0028078.jpg,멜라닌세포모반,2,isic2019,train
data/ISIC 2019/NV/ISIC_0063705.jpg,멜라닌세포모반,2,isic2019,train
data/ISIC 2019/MEL/ISIC_0058807.jpg,악성흑색종,6,isic2019,train
data/ISIC 2019/SCC/ISIC_0031421.jpg,편평세포암,8,isic2019,train
data/ISIC 2019/SCC/ISIC_0065491.jpg,편평세포암,8,isic2019,train
data/ISIC 2019/MEL/ISIC_0063732.jpg,악성흑색종,6,isic2019,train
data/ISIC 2019/BCC/ISIC_0066747.jpg,기저세포암,1,isic2019,train
data/ISIC 2019/SCC/ISIC_0067944.jpg,편평세포암,8,isic2019,train
data/ISIC 2019/BCC/ISIC_0060133.jpg,기저세포암,1,isic2019,train
data/ISIC 2019/BKL/ISIC_0025387.jpg,지루각화증,7,isic2019,train
data/ISIC 2019/BCC/ISIC_0054031.jpg,기저세포암,1,isic2019,train
data/ISIC 2019/NV/ISIC_0014821_downsampled.jpg,멜라닌세포모반,2,isic2019,train
data/ISIC 2019/NV/ISIC_0024444.jpg,멜라닌세포모반,2,isic2019,train
data/ISIC 2019/NV/ISIC_0025179.jpg,멜라닌세포모반,2,isic2019,train
data/ISIC 2019/BKL/ISIC_0055569.jpg,지루각화증,7,isic2019,train
data/ISIC 2019/MEL/ISIC_0060829.jpg,악성흑색종,6,isic2019,train
data/ISIC 2019/BCC/ISIC_0073009.jpg,기저세포암,1,isic2019,train
data/ISIC 2019/NV/ISIC_0033907.jpg,멜라닌세포모반,2,isic2019,train
data/ISIC 2019/NV/ISIC_0073069.jpg,멜라닌세포모반,2,isic2019,train
data/ISIC 2019/DF/ISIC_0066484.jpg,피부섬유종,10,isic2019,train
data/ISIC 2019/AK/ISIC_0056662.jpg,광선각화증,0,isic2019,train
data/ISIC 2019/NV/ISIC_0034105.jpg,멜라닌세포모반,2,isic2019,train
data/ISIC 2019/BKL/ISIC_0055292.jpg,지루각화증,7,isic2019,train
data/ISIC 2019/SCC/ISIC_0055478.jpg,편평세포암,8,isic2019,train
data/ISIC 2019/BKL/ISIC_0069316.jpg,지루각화증,7,isic2019,train
data/ISIC 2019/BKL/ISIC_0069885.jpg,지루각화증,7,isic2019,train
data/ISIC 2019/MEL/ISIC_0059538.jpg,악성흑색종,6,isic2019,train
data/ISIC 2019/MEL/ISIC_0011158.jpg,악성흑색종,6,isic2019,train
data/ISIC 2019/MEL/ISIC_0067333.jpg,악성흑색종,6,isic2019,train
data/ISIC 2019/NV/ISIC_0058587.jpg,멜라닌세포모반,2,isic2019,train
data/ISIC 2019/BCC/ISIC_0057170.jpg,기저세포암,1,isic2019,train
data/ISIC 2019/NV/ISIC_0072467.jpg,멜라닌세포모반,2,isic2019,train
data/ISIC 2019/SCC/ISIC_0064977.jpg,편평세포암,8,isic2019,train
data/ISIC 2019/BKL/ISIC_0069159.jpg,지루각화증,7,isic2019,train
data/ISIC 2019/MEL/ISIC_0058713.jpg,악성흑색종,6,isic2019,train
data/ISIC 2019/BKL/ISIC_0025157.jpg,지루각화증,7,isic2019,train
data/ISIC 2019/MEL/ISIC_0014891_downsampled.jpg,악성흑색종,6,isic2019,train
data/ISIC 2019/BKL/ISIC_0055447.jpg,지루각화증,7,isic2019,train
data/ISIC 2019/BKL/ISIC_0030812.jpg,지루각화증,7,isic2019,train
data/ISIC 2019/NV/ISIC_0073008.jpg,멜라닌세포모반,2,isic2019,train
data/ISIC 2019/MEL/ISIC_0055783.jpg,악성흑색종,6,isic2019,train
data/ISIC 2019/MEL/ISIC_0033942.jpg,악성흑색종,6,isic2019,train
data/ISIC 2019/AK/ISIC_0056073.jpg,광선각화증,0,isic2019,train
data/ISIC 2019/NV/ISIC_0000498.jpg,멜라닌세포모반,2,isic2019,train
data/ISIC 2019/NV/ISIC_0028097.jpg,멜라닌세포모반,2,isic2019,train
data/ISIC 2019/BKL/ISIC_0033060.jpg,지루각화증,7,isic2019,train
data/ISIC 2019/MEL/ISIC_0071666.jpg,악성흑색종,6,isic2019,train
data/ISIC 2019/MEL/ISIC_0027669.jpg,악성흑색종,6,isic2019,train
data/ISIC 2019/BCC/ISIC_0025102.jpg,기저세포암,1,isic2019,train
data/ISIC 2019/NV/ISIC_0011079.jpg,멜라닌세포모반,2,isic2019,train
data/ISIC 2019/NV/ISIC_0010256.jpg,멜라닌세포모반,2,isic2019,train
data/ISIC 2019/BCC/ISIC_0024431.jpg,기저세포암,1,isic2019,train
data/ISIC 2019/NV/ISIC_0055995.jpg,멜라닌세포모반,2,isic2019,train
data/ISIC 2019/BCC/ISIC_0063499.jpg,기저세포암,1,isic2019,train
data/ISIC 2019/NV/ISIC_0057444.jpg,멜라닌세포모반,2,isic2019,train
data/ISIC 2019/NV/ISIC_0030000.jpg,멜라닌세포모반,2,isic2019,train
data/ISIC 2019/BCC/ISIC_0066198.jpg,기저세포암,1,isic2019,train
data/ISIC 2019/BCC/ISIC_0026687.jpg,기저세포암,1,isic2019,train
data/ISIC 2019/BCC/ISIC_0053934.jpg,기저세포암,1,isic2019,train
data/ISIC 2019/MEL/ISIC_0064925.jpg,악성흑색종,6,isic2019,train
data/ISIC 2019/AK/ISIC_0070260.jpg,광선각화증,0,isic2019,train
data/ISIC 2019/NV/ISIC_0029395.jpg,멜라닌세포모반,2,isic2019,train
data/ISIC 2019/BKL/ISIC_0066345.jpg,지루각화증,7,isic2019,train
data/ISIC 2019/BCC/ISIC_0060166.jpg,기저세포암,1,isic2019,train
data/ISIC 2019/MEL/ISIC_0053816.jpg,악성흑색종,6,isic2019,train
data/ISIC 2019/NV/ISIC_0063402.jpg,멜라닌세포모반,2,isic2019,train
data/ISIC 2019/BCC/ISIC_0054436.jpg,기저세포암,1,isic2019,train
data/ISIC 2019/BCC/ISIC_0058883.jpg,기저세포암,1,isic2019,train
data/ISIC 2019/MEL/ISIC_0066907.jpg,악성흑색종,6,isic2019,train
data/ISIC 2019/BKL/ISIC_0053528.jpg,지루각화증,7,isic2019,train
data/ISIC 2019/NV/ISIC_0013275_downsampled.jpg,멜라닌세포모반,2,isic2019,train
data/ISIC 2019/SCC/ISIC_0061599.jpg,편평세포암,8,isic2019,train
data/ISIC 2019/BCC/ISIC_0033666.jpg,기저세포암,1,isic2019,train
data/ISIC 2019/NV/ISIC_0013191_downsampled.jpg,멜라닌세포모반,2,isic2019,train
data/ISIC 2019/BCC/ISIC_0056671.jpg,기저세포암,1,isic2019,train
data/ISIC 2019/BKL/ISIC_0026286.jpg,지루각화증,7,isic2019,train
data/ISIC 2019/NV/ISIC_0066527.jpg,멜라닌세포모반,2,isic2019,train
data/ISIC 2019/BCC/ISIC_0053648.jpg,기저세포암,1,isic2019,train
data/ISIC 2019/NV/ISIC_0031128.jpg,멜라닌세포모반,2,isic2019,train
data/ISIC 2019/MEL/ISIC_0025744.jpg,악성흑색종,6,isic2019,train
data/ISIC 2019/SCC/ISIC_0029533.jpg,편평세포암,8,isic2019,train
data/ISIC 2019/BKL/ISIC_0067657.jpg,지루각화증,7,isic2019,train
data/ISIC 2019/NV/ISIC_0033427.jpg,멜라닌세포모반,2,isic2019,train
data/ISIC 2019/MEL/ISIC_0060893.jpg,악성흑색종,6,isic2019,train
data/ISIC 2019/BKL/ISIC_0013637_downsampled.jpg,지루각화증,7,isic2019,train
data/ISIC 2019/MEL/ISIC_0014809_downsampled.jpg,악성흑색종,6,isic2019,train
data/ISIC 2019/BCC/ISIC_0053733.jpg,기저세포암,1,isic2019,train
data/ISIC 2019/DF/ISIC_0054555.jpg,피부섬유종,10,isic2019,train
data/ISIC 2019/MEL/ISIC_0069620.jpg,악성흑색종,6,isic2019,train
data/ISIC 2019/BKL/ISIC_0071076.jpg,지루각화증,7,isic2019,train
data/ISIC 2019/BKL/ISIC_0014653_downsampled.jpg,지루각화증,7,isic2019,train
data/ISIC 2019/SCC/ISIC_0071164.jpg,편평세포암,8,isic2019,train
data/ISIC 2019/MEL/ISIC_0066041.jpg,악성흑색종,6,isic2019,train
data/ISIC 2019/MEL/ISIC_0032716.jpg,악성흑색종,6,isic2019,train
data/ISIC 2019/NV/ISIC_0030404.jpg,멜라닌세포모반,2,isic2019,train
data/ISIC 2019/BCC/ISIC_0054542.jpg,기저세포암,1,isic2019,train
data/ISIC 2019/MEL/ISIC_0055492.jpg,악성흑색종,6,isic2019,train
data/ISIC 2019/BCC/ISIC_0063458.jpg,기저세포암,1,isic2019,train
data/ISIC 2019/BKL/ISIC_0055755.jpg,지루각화증,7,isic2019,train
data/ISIC 2019/NV/ISIC_0029485.jpg,멜라닌세포모반,2,isic2019,train
data/ISIC 2019/BCC/ISIC_0024665.jpg,기저세포암,1,isic2019,train
data/ISIC 2019/BKL/ISIC_0063993.jpg,지루각화증,7,isic2019,train
data/ISIC 2019/DF/ISIC_0025594.jpg,피부섬유종,10,isic2019,train
data/ISIC 2019/NV/ISIC_0030613.jpg,멜라닌세포모반,2,isic2019,train
data/ISIC 2019/BKL/ISIC_0032113.jpg,지루각화증,7,isic2019,train
data/ISIC 2019/NV/ISIC_0069462.jpg,멜라닌세포모반,2,isic2019,train
data/ISIC 2019/MEL/ISIC_0029547.jpg,악성흑색종,6,isic2019,train
data/ISIC 2019/BCC/ISIC_0031640.jpg,기저세포암,1,isic2019,train
data/ISIC 2019/AK/ISIC_0057051.jpg,광선각화증,0,isic2019,train
data/ISIC 2019/NV/ISIC_0029245.jpg,멜라닌세포모반,2,isic2019,train
data/ISIC 2019/BKL/ISIC_0032343.jpg,지루각화증,7,isic2019,train
data/ISIC 2019/BCC/ISIC_0060008.jpg,기저세포암,1,isic2019,train
data/ISIC 2019/NV/ISIC_0033489.jpg,멜라닌세포모반,2,isic2019,train
data/ISIC 2019/MEL/ISIC_0063742.jpg,악성흑색종,6,isic2019,train
data/ISIC 2019/BKL/ISIC_0029195.jpg,지루각화증,7,isic2019,train
data/ISIC 2019/NV/ISIC_0009884.jpg,멜라닌세포모반,2,isic2019,train
data/ISIC 2019/MEL/ISIC_0055876.jpg,악성흑색종,6,isic2019,train
data/ISIC 2019/NV/ISIC_0027411.jpg,멜라닌세포모반,2,isic2019,train
data/ISIC 2019/MEL/ISIC_0059092.jpg,악성흑색종,6,isic2019,train
data/ISIC 2019/BKL/ISIC_0069252.jpg,지루각화증,7,isic2019,train
data/ISIC 2019/SCC/ISIC_0066664.jpg,편평세포암,8,isic2019,train
data/ISIC 2019/BCC/ISIC_0053537.jpg,기저세포암,1,isic2019,train
data/ISIC 2019/NV/ISIC_0066574.jpg,멜라닌세포모반,2,isic2019,train
data/ISIC 2019/BKL/ISIC_0013393_downsampled.jpg,지루각화증,7,isic2019,train
data/ISIC 2019/BKL/ISIC_0054234.jpg,지루각화증,7,isic2019,train
data/ISIC 2019/MEL/ISIC_0065843.jpg,악성흑색종,6,isic2019,train
data/ISIC 2019/NV/ISIC_0014869_downsampled.jpg,멜라닌세포모반,2,isic2019,train
data/ISIC 2019/BKL/ISIC_0056903.jpg,지루각화증,7,isic2019,train
data/ISIC 2019/MEL/ISIC_0067821.jpg,악성흑색종,6,isic2019,train
data/ISIC 2019/NV/ISIC_0071042.jpg,멜라닌세포모반,2,isic2019,train
data/ISIC 2019/NV/ISIC_0030111.jpg,멜라닌세포모반,2,isic2019,train
data/ISIC 2019/BKL/ISIC_0072895.jpg,지루각화증,7,isic2019,train
data/ISIC 2019/NV/ISIC_0000328.jpg,멜라닌세포모반,2,isic2019,train
data/ISIC 2019/BCC/ISIC_0066799.jpg,기저세포암,1,isic2019,train
data/ISIC 2019/NV/ISIC_0028289.jpg,멜라닌세포모반,2,isic2019,train
data/ISIC 2019/NV/ISIC_0071343.jpg,멜라닌세포모반,2,isic2019,train
data/ISIC 2019/NV/ISIC_0065982.jpg,멜라닌세포모반,2,isic2019,train
data/ISIC 2019/BCC/ISIC_0029805.jpg,기저세포암,1,isic2019,train
data/ISIC 2019/BKL/ISIC_0014526_downsampled.jpg,지루각화증,7,isic2019,train
data/ISIC 2019/NV/ISIC_0029782.jpg,멜라닌세포모반,2,isic2019,train
data/ISIC 2019/BCC/ISIC_0068363.jpg,기저세포암,1,isic2019,train
data/ISIC 2019/BKL/ISIC_0012459_downsampled.jpg,지루각화증,7,isic2019,train
data/ISIC 2019/MEL/ISIC_0027797.jpg,악성흑색종,6,isic2019,train
data/ISIC 2019/BCC/ISIC_0056714.jpg,기저세포암,1,isic2019,train
data/ISIC 2019/BKL/ISIC_0025986.jpg,지루각화증,7,isic2019,train
data/ISIC 2019/BCC/ISIC_0053935.jpg,기저세포암,1,isic2019,train
data/ISIC 2019/AK/ISIC_0066306.jpg,광선각화증,0,isic2019,train
data/ISIC 2019/BCC/ISIC_0064101.jpg,기저세포암,1,isic2019,train
data/ISIC 2019/NV/ISIC_0030788.jpg,멜라닌세포모반,2,isic2019,train
data/ISIC 2019/BKL/ISIC_0013177_downsampled.jpg,지루각화증,7,isic2019,train
data/ISIC 2019/NV/ISIC_0024671.jpg,멜라닌세포모반,2,isic2019,train
data/ISIC 2019/NV/ISIC_0032651.jpg,멜라닌세포모반,2,isic2019,train
data/ISIC 2019/MEL/ISIC_0063300.jpg,악성흑색종,6,isic2019,train
data/ISIC 2019/BCC/ISIC_0070376.jpg,기저세포암,1,isic2019,train
data/ISIC 2019/BCC/ISIC_0063159.jpg,기저세포암,1,isic2019,train
data/ISIC 2019/AK/ISIC_0027588.jpg,광선각화증,0,isic2019,train
data/ISIC 2019/MEL/ISIC_0034205.jpg,악성흑색종,6,isic2019,train
data/ISIC 2019/NV/ISIC_0007235_downsampled.jpg,멜라닌세포모반,2,isic2019,train
data/ISIC 2019/BCC/ISIC_0068240.jpg,기저세포암,1,isic2019,train
data/ISIC 2019/MEL/ISIC_0033068.jpg,악성흑색종,6,isic2019,train
data/ISIC 2019/AK/ISIC_0067604.jpg,광선각화증,0,isic2019,train
data/ISIC 2019/NV/ISIC_0025361.jpg,멜라닌세포모반,2,isic2019,train
data/ISIC 2019/DF/ISIC_0054425.jpg,피부섬유종,10,isic2019,train
data/ISIC 2019/NV/ISIC_0013809_downsampled.jpg,멜라닌세포모반,2,isic2019,train
data/ISIC 2019/BKL/ISIC_0032460.jpg,지루각화증,7,isic2019,train
data/ISIC 2019/NV/ISIC_0066330.jpg,멜라닌세포모반,2,isic2019,train
data/ISIC 2019/BCC/ISIC_0056963.jpg,기저세포암,1,isic2019,train
data/ISIC 2019/BCC/ISIC_0066717.jpg,기저세포암,1,isic2019,train
data/ISIC 2019/NV/ISIC_0069471.jpg,멜라닌세포모반,2,isic2019,train
data/ISIC 2019/MEL/ISIC_0057997.jpg,악성흑색종,6,isic2019,train
data/ISIC 2019/MEL/ISIC_0033279.jpg,악성흑색종,6,isic2019,train
data/ISIC 2019/AK/ISIC_0069282.jpg,광선각화증,0,isic2019,train
data/ISIC 2019/BKL/ISIC_0061652.jpg,지루각화증,7,isic2019,train
data/ISIC 2019/MEL/ISIC_0032938.jpg,악성흑색종,6,isic2019,train
data/ISIC 2019/BKL/ISIC_0014570_downsampled.jpg,지루각화증,7,isic2019,train
data/ISIC 2019/MEL/ISIC_0055367.jpg,악성흑색종,6,isic2019,train
data/ISIC 2019/AK/ISIC_0057616.jpg,광선각화증,0,isic2019,train
data/ISIC 2019/SCC/ISIC_0058074.jpg,편평세포암,8,isic2019,train
data/ISIC 2019/BCC/ISIC_0032132.jpg,기저세포암,1,isic2019,train
data/ISIC 2019/BCC/ISIC_0055604.jpg,기저세포암,1,isic2019,train
data/ISIC 2019/BKL/ISIC_0065011.jpg,지루각화증,7,isic2019,train
data/ISIC 2019/BKL/ISIC_0027680.jpg,지루각화증,7,isic2019,train
data/ISIC 2019/NV/ISIC_0072659.jpg,멜라닌세포모반,2,isic2019,train
data/ISIC 2019/NV/ISIC_0029662.jpg,멜라닌세포모반,2,isic2019,train
data/ISIC 2019/BKL/ISIC_0012386_downsampled.jpg,지루각화증,7,isic2019,train
data/ISIC 2019/BKL/ISIC_0067117.jpg,지루각화증,7,isic2019,train
data/ISIC 2019/BKL/ISIC_0069682.jpg,지루각화증,7,isic2019,train
data/ISIC 2019/MEL/ISIC_0067893.jpg,악성흑색종,6,isic2019,train
data/ISIC 2019/BCC/ISIC_0056463.jpg,기저세포암,1,isic2019,train
data/ISIC 2019/AK/ISIC_0057739.jpg,광선각화증,0,isic2019,train
data/ISIC 2019/BCC/ISIC_0055940.jpg,기저세포암,1,isic2019,train
data/ISIC 2019/MEL/ISIC_0055208.jpg,악성흑색종,6,isic2019,train
data/ISIC 2019/MEL/ISIC_0063872.jpg,악성흑색종,6,isic2019,train
data/ISIC 2019/BKL/ISIC_0061171.jpg,지루각화증,7,isic2019,train
data/ISIC 2019/NV/ISIC_0012406_downsampled.jpg,멜라닌세포모반,2,isic2019,train
data/ISIC 2019/MEL/ISIC_0032695.jpg,악성흑색종,6,isic2019,train
data/ISIC 2019/MEL/ISIC_0060654.jpg,악성흑색종,6,isic2019,train
data/ISIC 2019/BKL/ISIC_0072815.jpg,지루각화증,7,isic2019,train
data/ISIC 2019/BKL/ISIC_0031522.jpg,지루각화증,7,isic2019,train
data/ISIC 2019/BKL/ISIC_0012889_downsampled.jpg,지루각화증,7,isic2019,train
data/ISIC 2019/SCC/ISIC_0060077.jpg,편평세포암,8,isic2019,train
data/ISIC 2019/SCC/ISIC_0054515.jpg,편평세포암,8,isic2019,train
data/ISIC 2019/BCC/ISIC_0026439.jpg,기저세포암,1,isic2019,train
data/ISIC 2019/BKL/ISIC_0053522.jpg,지루각화증,7,isic2019,train
data/ISIC 2019/AK/ISIC_0067100.jpg,광선각화증,0,isic2019,train
data/ISIC 2019/AK/ISIC_0058506.jpg,광선각화증,0,isic2019,train
data/ISIC 2019/MEL/ISIC_0015243_downsampled.jpg,악성흑색종,6,isic2019,train
data/ISIC 2019/BKL/ISIC_0057446.jpg,지루각화증,7,isic2019,train
data/ISIC 2019/MEL/ISIC_0053947.jpg,악성흑색종,6,isic2019,train
data/ISIC 2019/NV/ISIC_0059933.jpg,멜라닌세포모반,2,isic2019,train
data/ISIC 2019/BCC/ISIC_0064899.jpg,기저세포암,1,isic2019,train
data/ISIC 2019/MEL/ISIC_0061509.jpg,악성흑색종,6,isic2019,train
data/ISIC 2019/NV/ISIC_0015445_downsampled.jpg,멜라닌세포모반,2,isic2019,train
data/ISIC 2019/NV/ISIC_0066048.jpg,멜라닌세포모반,2,isic2019,train
data/ISIC 2019/NV/ISIC_0059797.jpg,멜라닌세포모반,2,isic2019,train
data/ISIC 2019/NV/ISIC_0033313.jpg,멜라닌세포모반,2,isic2019,train
data/ISIC 2019/BKL/ISIC_0062835.jpg,지루각화증,7,isic2019,train
data/ISIC 2019/BKL/ISIC_0065678.jpg,지루각화증,7,isic2019,train
data/ISIC 2019/MEL/ISIC_0062296.jpg,악성흑색종,6,isic2019,train
data/ISIC 2019/BCC/ISIC_0065848.jpg,기저세포암,1,isic2019,train
data/ISIC 2019/MEL/ISIC_0067843.jpg,악성흑색종,6,isic2019,train
data/ISIC 2019/MEL/ISIC_0033240.jpg,악성흑색종,6,isic2019,train
data/ISIC 2019/MEL/ISIC_0062734.jpg,악성흑색종,6,isic2019,train
data/ISIC 2019/NV/ISIC_0056359.jpg,멜라닌세포모반,2,isic2019,train
data/ISIC 2019/AK/ISIC_0062814.jpg,광선각화증,0,isic2019,train
data/ISIC 2019/MEL/ISIC_0033546.jpg,악성흑색종,6,isic2019,train
data/ISIC 2019/MEL/ISIC_0059840.jpg,악성흑색종,6,isic2019,train
data/ISIC 2019/BCC/ISIC_0060906.jpg,기저세포암,1,isic2019,train
data/ISIC 2019/BCC/ISIC_0061207.jpg,기저세포암,1,isic2019,train
data/ISIC 2019/MEL/ISIC_0058285.jpg,악성흑색종,6,isic2019,train
data/ISIC 2019/BCC/ISIC_0071295.jpg,기저세포암,1,isic2019,train
data/ISIC 2019/BKL/ISIC_0058810.jpg,지루각화증,7,isic2019,train
data/ISIC 2019/BCC/ISIC_0060093.jpg,기저세포암,1,isic2019,train
data/ISIC 2019/BCC/ISIC_0065649.jpg,기저세포암,1,isic2019,train
data/ISIC 2019/BCC/ISIC_0031539.jpg,기저세포암,1,isic2019,train
data/ISIC 2019/BCC/ISIC_0068957.jpg,기저세포암,1,isic2019,train
data/ISIC 2019/NV/ISIC_0063948.jpg,멜라닌세포모반,2,isic2019,train
data/ISIC 2019/MEL/ISIC_0057870.jpg,악성흑색종,6,isic2019,train
data/ISIC 2019/MEL/ISIC_0056817.jpg,악성흑색종,6,isic2019,train
data/ISIC 2019/AK/ISIC_0061582.jpg,광선각화증,0,isic2019,train
data/ISIC 2019/BCC/ISIC_0061719.jpg,기저세포암,1,isic2019,train
data/ISIC 2019/BKL/ISIC_0032179.jpg,지루각화증,7,isic2019,train
data/ISIC 2019/NV/ISIC_0032465.jpg,멜라닌세포모반,2,isic2019,train
data/ISIC 2019/BKL/ISIC_0025851.jpg,지루각화증,7,isic2019,train
data/ISIC 2019/BCC/ISIC_0027057.jpg,기저세포암,1,isic2019,train
data/ISIC 2019/AK/ISIC_0057547.jpg,광선각화증,0,isic2019,train
data/ISIC 2019/MEL/ISIC_0026352.jpg,악성흑색종,6,isic2019,train
data/ISIC 2019/MEL/ISIC_0056448.jpg,악성흑색종,6,isic2019,train
data/ISIC 2019/MEL/ISIC_0059987.jpg,악성흑색종,6,isic2019,train
data/ISIC 2019/BKL/ISIC_0069478.jpg,지루각화증,7,isic2019,train
data/ISIC 2019/MEL/ISIC_0061261.jpg,악성흑색종,6,isic2019,train
data/ISIC 2019/MEL/ISIC_0029698.jpg,악성흑색종,6,isic2019,train
data/ISIC 2019/BKL/ISIC_0029396.jpg,지루각화증,7,isic2019,train
data/ISIC 2019/NV/ISIC_0030585.jpg,멜라닌세포모반,2,isic2019,train
data/ISIC 2019/BCC/ISIC_0072270.jpg,기저세포암,1,isic2019,train
data/ISIC 2019/NV/ISIC_0034086.jpg,멜라닌세포모반,2,isic2019,train
data/ISIC 2019/NV/ISIC_0033097.jpg,멜라닌세포모반,2,isic2019,train
data/ISIC 2019/BKL/ISIC_0062753.jpg,지루각화증,7,isic2019,train
data/ISIC 2019/BCC/ISIC_0059627.jpg,기저세포암,1,isic2019,train
data/ISIC 2019/BCC/ISIC_0056571.jpg,기저세포암,1,isic2019,train
data/ISIC 2019/NV/ISIC_0024715.jpg,멜라닌세포모반,2,isic2019,train
data/ISIC 2019/DF/ISIC_0070730.jpg,피부섬유종,10,isic2019,train
data/ISIC 2019/NV/ISIC_0030006.jpg,멜라닌세포모반,2,isic2019,train
data/ISIC 2019/BCC/ISIC_0072345.jpg,기저세포암,1,isic2019,train
data/ISIC 2019/NV/ISIC_0013302_downsampled.jpg,멜라닌세포모반,2,isic2019,train
data/ISIC 2019/NV/ISIC_0029105.jpg,멜라닌세포모반,2,isic2019,train
data/ISIC 2019/NV/ISIC_0025280.jpg,멜라닌세포모반,2,isic2019,train
data/ISIC 2019/MEL/ISIC_0063958.jpg,악성흑색종,6,isic2019,train
data/ISIC 2019/BCC/ISIC_0062588.jpg,기저세포암,1,isic2019,train
data/ISIC 2019/NV/ISIC_0070679.jpg,멜라닌세포모반,2,isic2019,train
data/ISIC 2019/BCC/ISIC_0071347.jpg,기저세포암,1,isic2019,train
data/ISIC 2019/BKL/ISIC_0030849.jpg,지루각화증,7,isic2019,train
data/ISIC 2019/BKL/ISIC_0031138.jpg,지루각화증,7,isic2019,train
data/ISIC 2019/NV/ISIC_0000242.jpg,멜라닌세포모반,2,isic2019,train
data/ISIC 2019/NV/ISIC_0058505.jpg,멜라닌세포모반,2,isic2019,train
data/ISIC 2019/MEL/ISIC_0030107.jpg,악성흑색종,6,isic2019,train
data/ISIC 2019/SCC/ISIC_0064371.jpg,편평세포암,8,isic2019,train
data/ISIC 2019/NV/ISIC_0031308.jpg,멜라닌세포모반,2,isic2019,train
data/ISIC 2019/MEL/ISIC_0054226.jpg,악성흑색종,6,isic2019,train
data/ISIC 2019/BCC/ISIC_0055368.jpg,기저세포암,1,isic2019,train
data/ISIC 2019/NV/ISIC_0012489_downsampled.jpg,멜라닌세포모반,2,isic2019,train
data/ISIC 2019/BKL/ISIC_0029929.jpg,지루각화증,7,isic2019,train
data/ISIC 2019/BCC/ISIC_0065999.jpg,기저세포암,1,isic2019,train
data/ISIC 2019/NV/ISIC_0024478.jpg,멜라닌세포모반,2,isic2019,train
data/ISIC 2019/NV/ISIC_0028324.jpg,멜라닌세포모반,2,isic2019,train
data/ISIC 2019/BKL/ISIC_0066594.jpg,지루각화증,7,isic2019,train
data/ISIC 2019/BKL/ISIC_0025842.jpg,지루각화증,7,isic2019,train
data/ISIC 2019/NV/ISIC_0012659_downsampled.jpg,멜라닌세포모반,2,isic2019,train
data/ISIC 2019/BKL/ISIC_0033079.jpg,지루각화증,7,isic2019,train
data/ISIC 2019/BCC/ISIC_0024984.jpg,기저세포암,1,isic2019,train
data/ISIC 2019/DF/ISIC_0055308.jpg,피부섬유종,10,isic2019,train
data/ISIC 2019/AK/ISIC_0057225.jpg,광선각화증,0,isic2019,train
data/ISIC 2019/BCC/ISIC_0053868.jpg,기저세포암,1,isic2019,train
data/ISIC 2019/NV/ISIC_0056698.jpg,멜라닌세포모반,2,isic2019,train
data/ISIC 2019/AK/ISIC_0062212.jpg,광선각화증,0,isic2019,train
data/ISIC 2019/NV/ISIC_0027466.jpg,멜라닌세포모반,2,isic2019,train
data/ISIC 2019/BKL/ISIC_0066587.jpg,지루각화증,7,isic2019,train
data/ISIC 2019/BCC/ISIC_0059548.jpg,기저세포암,1,isic2019,train
data/ISIC 2019/BKL/ISIC_0025016.jpg,지루각화증,7,isic2019,train
data/ISIC 2019/AK/ISIC_0073035.jpg,광선각화증,0,isic2019,train
data/ISIC 2019/NV/ISIC_0013600_downsampled.jpg,멜라닌세포모반,2,isic2019,train
data/ISIC 2019/NV/ISIC_0025545.jpg,멜라닌세포모반,2,isic2019,train
data/ISIC 2019/MEL/ISIC_0069951.jpg,악성흑색종,6,isic2019,train
data/ISIC 2019/BCC/ISIC_0072789.jpg,기저세포암,1,isic2019,train
data/ISIC 2019/BKL/ISIC_0065935.jpg,지루각화증,7,isic2019,train
data/ISIC 2019/BKL/ISIC_0028840.jpg,지루각화증,7,isic2019,train
data/ISIC 2019/SCC/ISIC_0027343.jpg,편평세포암,8,isic2019,train
data/ISIC 2019/BKL/ISIC_0030926.jpg,지루각화증,7,isic2019,train
data/ISIC 2019/BKL/ISIC_0062309.jpg,지루각화증,7,isic2019,train
data/ISIC 2019/MEL/ISIC_0033804.jpg,악성흑색종,6,isic2019,train
data/ISIC 2019/BCC/ISIC_0068949.jpg,기저세포암,1,isic2019,train
data/ISIC 2019/AK/ISIC_0026709.jpg,광선각화증,0,isic2019,train
data/ISIC 2019/BKL/ISIC_0013864_downsampled.jpg,지루각화증,7,isic2019,train
data/ISIC 2019/BCC/ISIC_0026213.jpg,기저세포암,1,isic2019,train
data/ISIC 2019/BCC/ISIC_0064340.jpg,기저세포암,1,isic2019,train
data/ISIC 2019/BCC/ISIC_0055291.jpg,기저세포암,1,isic2019,train
data/ISIC 2019/SCC/ISIC_0066936.jpg,편평세포암,8,isic2019,train
data/ISIC 2019/NV/ISIC_0071850.jpg,멜라닌세포모반,2,isic2019,train
data/ISIC 2019/MEL/ISIC_0026796.jpg,악성흑색종,6,isic2019,train
data/ISIC 2019/MEL/ISIC_0027190.jpg,악성흑색종,6,isic2019,train
data/ISIC 2019/NV/ISIC_0030473.jpg,멜라닌세포모반,2,isic2019,train
data/ISIC 2019/NV/ISIC_0025788.jpg,멜라닌세포모반,2,isic2019,train
data/ISIC 2019/AK/ISIC_0062641.jpg,광선각화증,0,isic2019,train
data/ISIC 2019/NV/ISIC_0024697.jpg,멜라닌세포모반,2,isic2019,train
data/ISIC 2019/NV/ISIC_0029354.jpg,멜라닌세포모반,2,isic2019,train
data/ISIC 2019/SCC/ISIC_0053653.jpg,편평세포암,8,isic2019,train
data/ISIC 2019/MEL/ISIC_0028460.jpg,악성흑색종,6,isic2019,train
data/ISIC 2019/BCC/ISIC_0058472.jpg,기저세포암,1,isic2019,train
data/ISIC 2019/SCC/ISIC_0057610.jpg,편평세포암,8,isic2019,train
data/ISIC 2019/AK/ISIC_0072847.jpg,광선각화증,0,isic2019,train
data/ISIC 2019/BCC/ISIC_0067329.jpg,기저세포암,1,isic2019,train
data/ISIC 2019/BCC/ISIC_0058760.jpg,기저세포암,1,isic2019,train
data/ISIC 2019/MEL/ISIC_0014325_downsampled.jpg,악성흑색종,6,isic2019,train
data/ISIC 2019/BCC/ISIC_0055032.jpg,기저세포암,1,isic2019,train
data/ISIC 2019/SCC/ISIC_0059952.jpg,편평세포암,8,isic2019,train
data/ISIC 2019/BKL/ISIC_0061149.jpg,지루각화증,7,isic2019,train
data/ISIC 2019/BKL/ISIC_0034007.jpg,지루각화증,7,isic2019,train
data/ISIC 2019/MEL/ISIC_0029216.jpg,악성흑색종,6,isic2019,train
data/ISIC 2019/NV/ISIC_0000366.jpg,멜라닌세포모반,2,isic2019,train
data/ISIC 2019/VASC/ISIC_0068870.jpg,혈관종,12,isic2019,train
data/ISIC 2019/NV/ISIC_0032041.jpg,멜라닌세포모반,2,isic2019,train
data/ISIC 2019/AK/ISIC_0053506.jpg,광선각화증,0,isic2019,train
data/ISIC 2019/BCC/ISIC_0054776.jpg,기저세포암,1,isic2019,train
data/ISIC 2019/BKL/ISIC_0012785_downsampled.jpg,지루각화증,7,isic2019,train
data/ISIC 2019/BKL/ISIC_0057222.jpg,지루각화증,7,isic2019,train
data/ISIC 2019/NV/ISIC_0034314.jpg,멜라닌세포모반,2,isic2019,train
data/ISIC 2019/BCC/ISIC_0030868.jpg,기저세포암,1,isic2019,train
data/ISIC 2019/AK/ISIC_0031040.jpg,광선각화증,0,isic2019,train
data/ISIC 2019/AK/ISIC_0060810.jpg,광선각화증,0,isic2019,train
data/ISIC 2019/BCC/ISIC_0061481.jpg,기저세포암,1,isic2019,train
data/ISIC 2019/NV/ISIC_0067727.jpg,멜라닌세포모반,2,isic2019,train
data/ISIC 2019/BKL/ISIC_0059011.jpg,지루각화증,7,isic2019,train
data/ISIC 2019/MEL/ISIC_0065181.jpg,악성흑색종,6,isic2019,train
data/ISIC 2019/BCC/ISIC_0064714.jpg,기저세포암,1,isic2019,train
data/ISIC 2019/VASC/ISIC_0032076.jpg,혈관종,12,isic2019,train
data/ISIC 2019/NV/ISIC_0032678.jpg,멜라닌세포모반,2,isic2019,train
data/ISIC 2019/BCC/ISIC_0068339.jpg,기저세포암,1,isic2019,train
data/ISIC 2019/BKL/ISIC_0027275.jpg,지루각화증,7,isic2019,train
data/ISIC 2019/MEL/ISIC_0066666.jpg,악성흑색종,6,isic2019,train
data/ISIC 2019/BKL/ISIC_0028615.jpg,지루각화증,7,isic2019,train
data/ISIC 2019/NV/ISIC_0055184.jpg,멜라닌세포모반,2,isic2019,train
data/ISIC 2019/NV/ISIC_0031587.jpg,멜라닌세포모반,2,isic2019,train
data/ISIC 2019/BCC/ISIC_0057910.jpg,기저세포암,1,isic2019,train
data/ISIC 2019/NV/ISIC_0033702.jpg,멜라닌세포모반,2,isic2019,train
data/ISIC 2019/BCC/ISIC_0055471.jpg,기저세포암,1,isic2019,train
data/ISIC 2019/BKL/ISIC_0033828.jpg,지루각화증,7,isic2019,train
data/ISIC 2019/DF/ISIC_0030442.jpg,피부섬유종,10,isic2019,train
data/ISIC 2019/SCC/ISIC_0070445.jpg,편평세포암,8,isic2019,train
data/ISIC 2019/NV/ISIC_0028074.jpg,멜라닌세포모반,2,isic2019,train
data/ISIC 2019/BKL/ISIC_0065764.jpg,지루각화증,7,isic2019,train
data/ISIC 2019/BCC/ISIC_0028035.jpg,기저세포암,1,isic2019,train
data/ISIC 2019/SCC/ISIC_0069181.jpg,편평세포암,8,isic2019,train
data/ISIC 2019/BCC/ISIC_0056826.jpg,기저세포암,1,isic2019,train
data/ISIC 2019/MEL/ISIC_0024554.jpg,악성흑색종,6,isic2019,train
data/ISIC 2019/MEL/ISIC_0064411.jpg,악성흑색종,6,isic2019,train
data/ISIC 2019/MEL/ISIC_0065360.jpg,악성흑색종,6,isic2019,train
data/ISIC 2019/BCC/ISIC_0068810.jpg,기저세포암,1,isic2019,train
data/ISIC 2019/BKL/ISIC_0070907.jpg,지루각화증,7,isic2019,train
data/ISIC 2019/MEL/ISIC_0031915.jpg,악성흑색종,6,isic2019,train
data/ISIC 2019/SCC/ISIC_0031672.jpg,편평세포암,8,isic2019,train
data/ISIC 2019/BKL/ISIC_0024409.jpg,지루각화증,7,isic2019,train
data/ISIC 2019/MEL/ISIC_0065192.jpg,악성흑색종,6,isic2019,train
data/ISIC 2019/BCC/ISIC_0071715.jpg,기저세포암,1,isic2019,train
data/ISIC 2019/BCC/ISIC_0067264.jpg,기저세포암,1,isic2019,train
data/ISIC 2019/AK/ISIC_0066180.jpg,광선각화증,0,isic2019,train
data/ISIC 2019/BKL/ISIC_0065753.jpg,지루각화증,7,isic2019,train
data/ISIC 2019/BKL/ISIC_0029947.jpg,지루각화증,7,isic2019,train
data/ISIC 2019/BCC/ISIC_0067753.jpg,기저세포암,1,isic2019,train
data/ISIC 2019/BKL/ISIC_0031691.jpg,지루각화증,7,isic2019,train
data/ISIC 2019/MEL/ISIC_0071699.jpg,악성흑색종,6,isic2019,train
data/ISIC 2019/AK/ISIC_0056904.jpg,광선각화증,0,isic2019,train
data/ISIC 2019/NV/ISIC_0027489.jpg,멜라닌세포모반,2,isic2019,train
data/ISIC 2019/SCC/ISIC_0054893.jpg,편평세포암,8,isic2019,train
data/ISIC 2019/MEL/ISIC_0066181.jpg,악성흑색종,6,isic2019,train
data/ISIC 2019/BKL/ISIC_0060674.jpg,지루각화증,7,isic2019,train
data/ISIC 2019/BCC/ISIC_0066197.jpg,기저세포암,1,isic2019,train
data/ISIC 2019/MEL/ISIC_0029013.jpg,악성흑색종,6,isic2019,train
data/ISIC 2019/AK/ISIC_0053688.jpg,광선각화증,0,isic2019,train
data/ISIC 2019/MEL/ISIC_0055405.jpg,악성흑색종,6,isic2019,train
data/ISIC 2019/MEL/ISIC_0063727.jpg,악성흑색종,6,isic2019,train
data/ISIC 2019/BKL/ISIC_0064900.jpg,지루각화증,7,isic2019,train
data/ISIC 2019/BKL/ISIC_0015032_downsampled.jpg,지루각화증,7,isic2019,train
data/ISIC 2019/BKL/ISIC_0069552.jpg,지루각화증,7,isic2019,train
data/ISIC 2019/MEL/ISIC_0065236.jpg,악성흑색종,6,isic2019,train
data/ISIC 2019/BCC/ISIC_0059528.jpg,기저세포암,1,isic2019,train
data/ISIC 2019/BCC/ISIC_0070751.jpg,기저세포암,1,isic2019,train
data/ISIC 2019/MEL/ISIC_0026545.jpg,악성흑색종,6,isic2019,train
data/ISIC 2019/BCC/ISIC_0068169.jpg,기저세포암,1,isic2019,train
data/ISIC 2019/NV/ISIC_0064979.jpg,멜라닌세포모반,2,isic2019,train
data/ISIC 2019/NV/ISIC_0071488.jpg,멜라닌세포모반,2,isic2019,train
data/ISIC 2019/MEL/ISIC_0068515.jpg,악성흑색종,6,isic2019,train
data/ISIC 2019/BKL/ISIC_0024672.jpg,지루각화증,7,isic2019,train
data/ISIC 2019/NV/ISIC_0058679.jpg,멜라닌세포모반,2,isic2019,train
data/ISIC 2019/NV/ISIC_0027830.jpg,멜라닌세포모반,2,isic2019,train
data/ISIC 2019/BCC/ISIC_0067163.jpg,기저세포암,1,isic2019,train
data/ISIC 2019/NV/ISIC_0057254.jpg,멜라닌세포모반,2,isic2019,train
data/ISIC 2019/BKL/ISIC_0024453.jpg,지루각화증,7,isic2019,train
data/ISIC 2019/MEL/ISIC_0053971.jpg,악성흑색종,6,isic2019,train
data/ISIC 2019/BKL/ISIC_0071054.jpg,지루각화증,7,isic2019,train
data/ISIC 2019/MEL/ISIC_0072730.jpg,악성흑색종,6,isic2019,train
data/ISIC 2019/BKL/ISIC_0069251.jpg,지루각화증,7,isic2019,train
data/ISIC 2019/MEL/ISIC_0000029_downsampled.jpg,악성흑색종,6,isic2019,train
data/ISIC 2019/BCC/ISIC_0063677.jpg,기저세포암,1,isic2019,train
data/ISIC 2019/NV/ISIC_0056351.jpg,멜라닌세포모반,2,isic2019,train
data/ISIC 2019/NV/ISIC_0053493.jpg,멜라닌세포모반,2,isic2019,train
data/ISIC 2019/BKL/ISIC_0031352.jpg,지루각화증,7,isic2019,train
data/ISIC 2019/BCC/ISIC_0072813.jpg,기저세포암,1,isic2019,train
data/ISIC 2019/BCC/ISIC_0070761.jpg,기저세포암,1,isic2019,train
data/ISIC 2019/BKL/ISIC_0057085.jpg,지루각화증,7,isic2019,train
data/ISIC 2019/AK/ISIC_0025427.jpg,광선각화증,0,isic2019,train
data/ISIC 2019/BCC/ISIC_0026978.jpg,기저세포암,1,isic2019,train
data/ISIC 2019/MEL/ISIC_0068309.jpg,악성흑색종,6,isic2019,train
data/ISIC 2019/MEL/ISIC_0068769.jpg,악성흑색종,6,isic2019,train
data/ISIC 2019/BKL/ISIC_0033553.jpg,지루각화증,7,isic2019,train
data/ISIC 2019/MEL/ISIC_0063243.jpg,악성흑색종,6,isic2019,train
data/ISIC 2019/BKL/ISIC_0032804.jpg,지루각화증,7,isic2019,train
data/ISIC 2019/NV/ISIC_0069581.jpg,멜라닌세포모반,2,isic2019,train
data/ISIC 2019/NV/ISIC_0026707.jpg,멜라닌세포모반,2,isic2019,train
data/ISIC 2019/MEL/ISIC_0061606.jpg,악성흑색종,6,isic2019,train
data/ISIC 2019/BCC/ISIC_0055762.jpg,기저세포암,1,isic2019,train
data/ISIC 2019/BCC/ISIC_0059689.jpg,기저세포암,1,isic2019,train
data/ISIC 2019/BKL/ISIC_0033582.jpg,지루각화증,7,isic2019,train
data/ISIC 2019/MEL/ISIC_0073147.jpg,악성흑색종,6,isic2019,train
data/ISIC 2019/NV/ISIC_0060034.jpg,멜라닌세포모반,2,isic2019,train
data/ISIC 2019/SCC/ISIC_0029598.jpg,편평세포암,8,isic2019,train
data/ISIC 2019/NV/ISIC_0010849.jpg,멜라닌세포모반,2,isic2019,train
data/ISIC 2019/BCC/ISIC_0072916.jpg,기저세포암,1,isic2019,train
data/ISIC 2019/NV/ISIC_0027992.jpg,멜라닌세포모반,2,isic2019,train
data/ISIC 2019/BCC/ISIC_0069014.jpg,기저세포암,1,isic2019,train
data/ISIC 2019/NV/ISIC_0011168.jpg,멜라닌세포모반,2,isic2019,train
data/ISIC 2019/MEL/ISIC_0060147.jpg,악성흑색종,6,isic2019,train
data/ISIC 2019/MEL/ISIC_0060744.jpg,악성흑색종,6,isic2019,train
data/ISIC 2019/MEL/ISIC_0026268.jpg,악성흑색종,6,isic2019,train
data/ISIC 2019/BKL/ISIC_0029166.jpg,지루각화증,7,isic2019,train
data/ISIC 2019/BCC/ISIC_0061328.jpg,기저세포암,1,isic2019,train
data/ISIC 2019/SCC/ISIC_0054163.jpg,편평세포암,8,isic2019,train
data/ISIC 2019/BKL/ISIC_0024773.jpg,지루각화증,7,isic2019,train
data/ISIC 2019/NV/ISIC_0067842.jpg,멜라닌세포모반,2,isic2019,train
data/ISIC 2019/MEL/ISIC_0033871.jpg,악성흑색종,6,isic2019,train
data/ISIC 2019/AK/ISIC_0069769.jpg,광선각화증,0,isic2019,train
data/ISIC 2019/SCC/ISIC_0027294.jpg,편평세포암,8,isic2019,train
data/ISIC 2019/MEL/ISIC_0070553.jpg,악성흑색종,6,isic2019,train
data/ISIC 2019/BKL/ISIC_0027287.jpg,지루각화증,7,isic2019,train
data/ISIC 2019/MEL/ISIC_0071720.jpg,악성흑색종,6,isic2019,train
data/ISIC 2019/NV/ISIC_0011317.jpg,멜라닌세포모반,2,isic2019,train
data/ISIC 2019/AK/ISIC_0054533.jpg,광선각화증,0,isic2019,train
data/ISIC 2019/AK/ISIC_0029659.jpg,광선각화증,0,isic2019,train
data/ISIC 2019/NV/ISIC_0053629.jpg,멜라닌세포모반,2,isic2019,train
data/ISIC 2019/BCC/ISIC_0058833.jpg,기저세포암,1,isic2019,train
data/ISIC 2019/BCC/ISIC_0059882.jpg,기저세포암,1,isic2019,train
data/ISIC 2019/BCC/ISIC_0073002.jpg,기저세포암,1,isic2019,train
data/ISIC 2019/BKL/ISIC_0030731.jpg,지루각화증,7,isic2019,train
data/ISIC 2019/NV/ISIC_0032130.jpg,멜라닌세포모반,2,isic2019,train
data/ISIC 2019/BCC/ISIC_0059617.jpg,기저세포암,1,isic2019,train
data/ISIC 2019/MEL/ISIC_0034068.jpg,악성흑색종,6,isic2019,train
data/ISIC 2019/NV/ISIC_0065842.jpg,멜라닌세포모반,2,isic2019,train
data/ISIC 2019/NV/ISIC_0029388.jpg,멜라닌세포모반,2,isic2019,train
data/ISIC 2019/BKL/ISIC_0069020.jpg,지루각화증,7,isic2019,train
data/ISIC 2019/MEL/ISIC_0055665.jpg,악성흑색종,6,isic2019,train
data/ISIC 2019/BCC/ISIC_0057190.jpg,기저세포암,1,isic2019,train
data/ISIC 2019/BCC/ISIC_0060903.jpg,기저세포암,1,isic2019,train
data/ISIC 2019/NV/ISIC_0055006.jpg,멜라닌세포모반,2,isic2019,train
data/ISIC 2019/MEL/ISIC_0054599.jpg,악성흑색종,6,isic2019,train
data/ISIC 2019/MEL/ISIC_0030883.jpg,악성흑색종,6,isic2019,train
data/ISIC 2019/NV/ISIC_0032003.jpg,멜라닌세포모반,2,isic2019,train
data/ISIC 2019/NV/ISIC_0033412.jpg,멜라닌세포모반,2,isic2019,train
data/ISIC 2019/MEL/ISIC_0069084.jpg,악성흑색종,6,isic2019,train
data/ISIC 2019/BCC/ISIC_0061143.jpg,기저세포암,1,isic2019,train
data/ISIC 2019/MEL/ISIC_0025520.jpg,악성흑색종,6,isic2019,train
data/ISIC 2019/BCC/ISIC_0065875.jpg,기저세포암,1,isic2019,train
data/ISIC 2019/MEL/ISIC_0000415_downsampled.jpg,악성흑색종,6,isic2019,train
data/ISIC 2019/BKL/ISIC_0067034.jpg,지루각화증,7,isic2019,train
data/ISIC 2019/BCC/ISIC_0067277.jpg,기저세포암,1,isic2019,train
data/ISIC 2019/BCC/ISIC_0069458.jpg,기저세포암,1,isic2019,train
data/ISIC 2019/MEL/ISIC_0058341.jpg,악성흑색종,6,isic2019,train
data/ISIC 2019/NV/ISIC_0009583_downsampled.jpg,멜라닌세포모반,2,isic2019,train
data/ISIC 2019/BKL/ISIC_0033761.jpg,지루각화증,7,isic2019,train
data/ISIC 2019/VASC/ISIC_0067166.jpg,혈관종,12,isic2019,train
data/ISIC 2019/NV/ISIC_0031195.jpg,멜라닌세포모반,2,isic2019,train
data/ISIC 2019/NV/ISIC_0066346.jpg,멜라닌세포모반,2,isic2019,train
data/ISIC 2019/SCC/ISIC_0025350.jpg,편평세포암,8,isic2019,train
data/ISIC 2019/BCC/ISIC_0069792.jpg,기저세포암,1,isic2019,train
data/ISIC 2019/BCC/ISIC_0063640.jpg,기저세포암,1,isic2019,train
data/ISIC 2019/MEL/ISIC_0062102.jpg,악성흑색종,6,isic2019,train
data/ISIC 2019/BCC/ISIC_0056840.jpg,기저세포암,1,isic2019,train
data/ISIC 2019/NV/ISIC_0031202.jpg,멜라닌세포모반,2,isic2019,train
data/ISIC 2019/MEL/ISIC_0013277_downsampled.jpg,악성흑색종,6,isic2019,train
data/ISIC 2019/AK/ISIC_0063577.jpg,광선각화증,0,isic2019,train
data/ISIC 2019/BKL/ISIC_0059118.jpg,지루각화증,7,isic2019,train
data/ISIC 2019/BKL/ISIC_0060594.jpg,지루각화증,7,isic2019,train
data/ISIC 2019/MEL/ISIC_0072041.jpg,악성흑색종,6,isic2019,train
data/ISIC 2019/BKL/ISIC_0024982.jpg,지루각화증,7,isic2019,train
data/ISIC 2019/NV/ISIC_0025886.jpg,멜라닌세포모반,2,isic2019,train
data/ISIC 2019/MEL/ISIC_0071673.jpg,악성흑색종,6,isic2019,train
data/ISIC 2019/AK/ISIC_0071535.jpg,광선각화증,0,isic2019,train
data/ISIC 2019/VASC/ISIC_0031719.jpg,혈관종,12,isic2019,train
data/ISIC 2019/MEL/ISIC_0030060.jpg,악성흑색종,6,isic2019,train
data/ISIC 2019/BKL/ISIC_0056586.jpg,지루각화증,7,isic2019,train
data/ISIC 2019/NV/ISIC_0055369.jpg,멜라닌세포모반,2,isic2019,train
data/ISIC 2019/BKL/ISIC_0013706_downsampled.jpg,지루각화증,7,isic2019,train
data/ISIC 2019/NV/ISIC_0033145.jpg,멜라닌세포모반,2,isic2019,train
data/ISIC 2019/BCC/ISIC_0062342.jpg,기저세포암,1,isic2019,train
data/ISIC 2019/BCC/ISIC_0066759.jpg,기저세포암,1,isic2019,train
data/ISIC 2019/BKL/ISIC_0033195.jpg,지루각화증,7,isic2019,train
data/ISIC 2019/NV/ISIC_0029507.jpg,멜라닌세포모반,2,isic2019,train
data/ISIC 2019/BKL/ISIC_0012172_downsampled.jpg,지루각화증,7,isic2019,train
data/ISIC 2019/BKL/ISIC_0031556.jpg,지루각화증,7,isic2019,train
data/ISIC 2019/NV/ISIC_0067040.jpg,멜라닌세포모반,2,isic2019,train
data/ISIC 2019/MEL/ISIC_0056269.jpg,악성흑색종,6,isic2019,train
data/ISIC 2019/BCC/ISIC_0069524.jpg,기저세포암,1,isic2019,train
data/ISIC 2019/AK/ISIC_0071020.jpg,광선각화증,0,isic2019,train
data/ISIC 2019/BCC/ISIC_0029342.jpg,기저세포암,1,isic2019,train
data/ISIC 2019/AK/ISIC_0053826.jpg,광선각화증,0,isic2019,train
data/ISIC 2019/NV/ISIC_0010480.jpg,멜라닌세포모반,2,isic2019,train
data/ISIC 2019/MEL/ISIC_0014772_downsampled.jpg,악성흑색종,6,isic2019,train
data/ISIC 2019/BKL/ISIC_0057561.jpg,지루각화증,7,isic2019,train
data/ISIC 2019/MEL/ISIC_0025472.jpg,악성흑색종,6,isic2019,train
data/ISIC 2019/SCC/ISIC_0032897.jpg,편평세포암,8,isic2019,train
data/ISIC 2019/BCC/ISIC_0068832.jpg,기저세포암,1,isic2019,train
data/ISIC 2019/NV/ISIC_0031637.jpg,멜라닌세포모반,2,isic2019,train
data/ISIC 2019/BKL/ISIC_0055000.jpg,지루각화증,7,isic2019,train
data/ISIC 2019/NV/ISIC_0032966.jpg,멜라닌세포모반,2,isic2019,train
data/ISIC 2019/BCC/ISIC_0067076.jpg,기저세포암,1,isic2019,train
data/ISIC 2019/BKL/ISIC_0029235.jpg,지루각화증,7,isic2019,train
data/ISIC 2019/MEL/ISIC_0024701.jpg,악성흑색종,6,isic2019,train
data/ISIC 2019/SCC/ISIC_0063994.jpg,편평세포암,8,isic2019,train
data/ISIC 2019/MEL/ISIC_0070092.jpg,악성흑색종,6,isic2019,train
data/ISIC 2019/NV/ISIC_0064249.jpg,멜라닌세포모반,2,isic2019,train
data/ISIC 2019/MEL/ISIC_0057594.jpg,악성흑색종,6,isic2019,train
data/ISIC 2019/AK/ISIC_0059789.jpg,광선각화증,0,isic2019,train
data/ISIC 2019/VASC/ISIC_0072651.jpg,혈관종,12,isic2019,train
data/ISIC 2019/BCC/ISIC_0062929.jpg,기저세포암,1,isic2019,train
data/ISIC 2019/MEL/ISIC_0056537.jpg,악성흑색종,6,isic2019,train
data/ISIC 2019/NV/ISIC_0068205.jpg,멜라닌세포모반,2,isic2019,train
data/ISIC 2019/BCC/ISIC_0071646.jpg,기저세포암,1,isic2019,train
data/ISIC 2019/MEL/ISIC_0029884.jpg,악성흑색종,6,isic2019,train
data/ISIC 2019/SCC/ISIC_0071887.jpg,편평세포암,8,isic2019,train
data/ISIC 2019/NV/ISIC_0065264.jpg,멜라닌세포모반,2,isic2019,train
data/ISIC 2019/MEL/ISIC_0032504.jpg,악성흑색종,6,isic2019,train
data/ISIC 2019/BKL/ISIC_0026351.jpg,지루각화증,7,isic2019,train
data/ISIC 2019/BCC/ISIC_0029539.jpg,기저세포암,1,isic2019,train
data/ISIC 2019/MEL/ISIC_0030047.jpg,악성흑색종,6,isic2019,train
data/ISIC 2019/BCC/ISIC_0059374.jpg,기저세포암,1,isic2019,train
data/ISIC 2019/BKL/ISIC_0063006.jpg,지루각화증,7,isic2019,train
data/ISIC 2019/MEL/ISIC_0072441.jpg,악성흑색종,6,isic2019,train
data/ISIC 2019/BKL/ISIC_0063807.jpg,지루각화증,7,isic2019,train
data/ISIC 2019/MEL/ISIC_0033603.jpg,악성흑색종,6,isic2019,train
data/ISIC 2019/MEL/ISIC_0010596.jpg,악성흑색종,6,isic2019,train
data/ISIC 2019/BCC/ISIC_0071150.jpg,기저세포암,1,isic2019,train
data/ISIC 2019/MEL/ISIC_0034289.jpg,악성흑색종,6,isic2019,train
data/ISIC 2019/BCC/ISIC_0029230.jpg,기저세포암,1,isic2019,train
data/ISIC 2019/MEL/ISIC_0024962.jpg,악성흑색종,6,isic2019,train
data/ISIC 2019/BKL/ISIC_0032826.jpg,지루각화증,7,isic2019,train
data/ISIC 2019/NV/ISIC_0000080_downsampled.jpg,멜라닌세포모반,2,isic2019,train
data/ISIC 2019/VASC/ISIC_0068484.jpg,혈관종,12,isic2019,train
data/ISIC 2019/MEL/ISIC_0066678.jpg,악성흑색종,6,isic2019,train
data/ISIC 2019/MEL/ISIC_0066154.jpg,악성흑색종,6,isic2019,train
data/ISIC 2019/BKL/ISIC_0070230.jpg,지루각화증,7,isic2019,train
data/ISIC 2019/BCC/ISIC_0063200.jpg,기저세포암,1,isic2019,train
data/ISIC 2019/MEL/ISIC_0031779.jpg,악성흑색종,6,isic2019,train
data/ISIC 2019/BCC/ISIC_0054241.jpg,기저세포암,1,isic2019,train
data/ISIC 2019/MEL/ISIC_0063753.jpg,악성흑색종,6,isic2019,train
data/ISIC 2019/BKL/ISIC_0058101.jpg,지루각화증,7,isic2019,train
data/ISIC 2019/VASC/ISIC_0073031.jpg,혈관종,12,isic2019,train
data/ISIC 2019/BCC/ISIC_0070568.jpg,기저세포암,1,isic2019,train
data/ISIC 2019/BCC/ISIC_0069104.jpg,기저세포암,1,isic2019,train
data/ISIC 2019/AK/ISIC_0029460.jpg,광선각화증,0,isic2019,train
data/ISIC 2019/BKL/ISIC_0031819.jpg,지루각화증,7,isic2019,train
data/ISIC 2019/BCC/ISIC_0056255.jpg,기저세포암,1,isic2019,train
data/ISIC 2019/BCC/ISIC_0071416.jpg,기저세포암,1,isic2019,train
data/ISIC 2019/MEL/ISIC_0011329.jpg,악성흑색종,6,isic2019,train
data/ISIC 2019/BCC/ISIC_0072254.jpg,기저세포암,1,isic2019,train
data/ISIC 2019/NV/ISIC_0032488.jpg,멜라닌세포모반,2,isic2019,train
data/ISIC 2019/MEL/ISIC_0069592.jpg,악성흑색종,6,isic2019,train
data/ISIC 2019/NV/ISIC_0028689.jpg,멜라닌세포모반,2,isic2019,train
data/ISIC 2019/NV/ISIC_0056968.jpg,멜라닌세포모반,2,isic2019,train
data/ISIC 2019/SCC/ISIC_0060035.jpg,편평세포암,8,isic2019,train
data/ISIC 2019/BKL/ISIC_0067670.jpg,지루각화증,7,isic2019,train
data/ISIC 2019/BCC/ISIC_0063419.jpg,기저세포암,1,isic2019,train
data/ISIC 2019/MEL/ISIC_0061010.jpg,악성흑색종,6,isic2019,train
data/ISIC 2019/AK/ISIC_0067425.jpg,광선각화증,0,isic2019,train
data/ISIC 2019/BKL/ISIC_0034040.jpg,지루각화증,7,isic2019,train
data/ISIC 2019/MEL/ISIC_0057299.jpg,악성흑색종,6,isic2019,train
data/ISIC 2019/BCC/ISIC_0064300.jpg,기저세포암,1,isic2019,train
data/ISIC 2019/NV/ISIC_0031817.jpg,멜라닌세포모반,2,isic2019,train
data/ISIC 2019/NV/ISIC_0032801.jpg,멜라닌세포모반,2,isic2019,train
data/ISIC 2019/NV/ISIC_0033833.jpg,멜라닌세포모반,2,isic2019,train
data/ISIC 2019/BKL/ISIC_0028555.jpg,지루각화증,7,isic2019,train
data/ISIC 2019/BCC/ISIC_0071236.jpg,기저세포암,1,isic2019,train
data/ISIC 2019/AK/ISIC_0058325.jpg,광선각화증,0,isic2019,train
data/ISIC 2019/MEL/ISIC_0026296.jpg,악성흑색종,6,isic2019,train
data/ISIC 2019/SCC/ISIC_0068496.jpg,편평세포암,8,isic2019,train
data/ISIC 2019/NV/ISIC_0027734.jpg,멜라닌세포모반,2,isic2019,train
data/ISIC 2019/BCC/ISIC_0028980.jpg,기저세포암,1,isic2019,train
data/ISIC 2019/NV/ISIC_0024307.jpg,멜라닌세포모반,2,isic2019,train
data/ISIC 2019/MEL/ISIC_0054767.jpg,악성흑색종,6,isic2019,train
data/ISIC 2019/NV/ISIC_0029697.jpg,멜라닌세포모반,2,isic2019,train
data/ISIC 2019/SCC/ISIC_0068666.jpg,편평세포암,8,isic2019,train
data/ISIC 2019/DF/ISIC_0025954.jpg,피부섬유종,10,isic2019,train
data/ISIC 2019/BKL/ISIC_0056499.jpg,지루각화증,7,isic2019,train
data/ISIC 2019/VASC/ISIC_0031215.jpg,혈관종,12,isic2019,train
data/ISIC 2019/NV/ISIC_0072668.jpg,멜라닌세포모반,2,isic2019,train
data/ISIC 2019/BKL/ISIC_0031050.jpg,지루각화증,7,isic2019,train
data/ISIC 2019/DF/ISIC_0026313.jpg,피부섬유종,10,isic2019,train
data/ISIC 2019/MEL/ISIC_0071712.jpg,악성흑색종,6,isic2019,train
data/ISIC 2019/BKL/ISIC_0025758.jpg,지루각화증,7,isic2019,train
data/ISIC 2019/BCC/ISIC_0028303.jpg,기저세포암,1,isic2019,train
data/ISIC 2019/AK/ISIC_0065547.jpg,광선각화증,0,isic2019,train
data/ISIC 2019/MEL/ISIC_0062318.jpg,악성흑색종,6,isic2019,train
data/ISIC 2019/BKL/ISIC_0027737.jpg,지루각화증,7,isic2019,train
data/ISIC 2019/NV/ISIC_0061212.jpg,멜라닌세포모반,2,isic2019,train
data/ISIC 2019/AK/ISIC_0070507.jpg,광선각화증,0,isic2019,train
data/ISIC 2019/MEL/ISIC_0033947.jpg,악성흑색종,6,isic2019,train
data/ISIC 2019/NV/ISIC_0026633.jpg,멜라닌세포모반,2,isic2019,train
data/ISIC 2019/BCC/ISIC_0067057.jpg,기저세포암,1,isic2019,train
data/ISIC 2019/BKL/ISIC_0073060.jpg,지루각화증,7,isic2019,train
data/ISIC 2019/NV/ISIC_0062304.jpg,멜라닌세포모반,2,isic2019,train
data/ISIC 2019/MEL/ISIC_0063568.jpg,악성흑색종,6,isic2019,train
data/ISIC 2019/BCC/ISIC_0056265.jpg,기저세포암,1,isic2019,train
data/ISIC 2019/BKL/ISIC_0028120.jpg,지루각화증,7,isic2019,train
data/ISIC 2019/BKL/ISIC_0070040.jpg,지루각화증,7,isic2019,train
data/ISIC 2019/BCC/ISIC_0057054.jpg,기저세포암,1,isic2019,train
data/ISIC 2019/MEL/ISIC_0054021.jpg,악성흑색종,6,isic2019,train
data/ISIC 2019/BKL/ISIC_0012428_downsampled.jpg,지루각화증,7,isic2019,train
data/ISIC 2019/MEL/ISIC_0031498.jpg,악성흑색종,6,isic2019,train
data/ISIC 2019/AK/ISIC_0056867.jpg,광선각화증,0,isic2019,train
data/ISIC 2019/BKL/ISIC_0055816.jpg,지루각화증,7,isic2019,train
data/ISIC 2019/BCC/ISIC_0070209.jpg,기저세포암,1,isic2019,train
data/ISIC 2019/NV/ISIC_0032525.jpg,멜라닌세포모반,2,isic2019,train
data/ISIC 2019/BCC/ISIC_0028577.jpg,기저세포암,1,isic2019,train
data/ISIC 2019/BCC/ISIC_0066221.jpg,기저세포암,1,isic2019,train
data/ISIC 2019/MEL/ISIC_0058138.jpg,악성흑색종,6,isic2019,train
data/ISIC 2019/BCC/ISIC_0069052.jpg,기저세포암,1,isic2019,train
data/ISIC 2019/NV/ISIC_0011373.jpg,멜라닌세포모반,2,isic2019,train
data/ISIC 2019/BCC/ISIC_0057292.jpg,기저세포암,1,isic2019,train
data/ISIC 2019/BCC/ISIC_0056306.jpg,기저세포암,1,isic2019,train
data/ISIC 2019/AK/ISIC_0058756.jpg,광선각화증,0,isic2019,train
data/ISIC 2019/NV/ISIC_0027654.jpg,멜라닌세포모반,2,isic2019,train
data/ISIC 2019/BKL/ISIC_0055320.jpg,지루각화증,7,isic2019,train
data/ISIC 2019/NV/ISIC_0067002.jpg,멜라닌세포모반,2,isic2019,train
data/ISIC 2019/MEL/ISIC_0055048.jpg,악성흑색종,6,isic2019,train
data/ISIC 2019/MEL/ISIC_0033696.jpg,악성흑색종,6,isic2019,train
data/ISIC 2019/AK/ISIC_0058939.jpg,광선각화증,0,isic2019,train
data/ISIC 2019/MEL/ISIC_0066613.jpg,악성흑색종,6,isic2019,train
data/ISIC 2019/BCC/ISIC_0029899.jpg,기저세포암,1,isic2019,train
data/ISIC 2019/BKL/ISIC_0032835.jpg,지루각화증,7,isic2019,train
data/ISIC 2019/BKL/ISIC_0054368.jpg,지루각화증,7,isic2019,train
data/ISIC 2019/BKL/ISIC_0013980_downsampled.jpg,지루각화증,7,isic2019,train
data/ISIC 2019/VASC/ISIC_0033135.jpg,혈관종,12,isic2019,train
data/ISIC 2019/BCC/ISIC_0057902.jpg,기저세포암,1,isic2019,train
data/ISIC 2019/BCC/ISIC_0058520.jpg,기저세포암,1,isic2019,train
data/ISIC 2019/BCC/ISIC_0069868.jpg,기저세포암,1,isic2019,train
data/ISIC 2019/MEL/ISIC_0024732.jpg,악성흑색종,6,isic2019,train
data/ISIC 2019/BCC/ISIC_0071170.jpg,기저세포암,1,isic2019,train
data/ISIC 2019/BCC/ISIC_0061864.jpg,기저세포암,1,isic2019,train
data/ISIC 2019/NV/ISIC_0064368.jpg,멜라닌세포모반,2,isic2019,train
data/ISIC 2019/NV/ISIC_0013816_downsampled.jpg,멜라닌세포모반,2,isic2019,train
data/ISIC 2019/MEL/ISIC_0060459.jpg,악성흑색종,6,isic2019,train
data/ISIC 2019/BKL/ISIC_0060704.jpg,지루각화증,7,isic2019,train
data/ISIC 2019/NV/ISIC_0061649.jpg,멜라닌세포모반,2,isic2019,train
data/ISIC 2019/BCC/ISIC_0069215.jpg,기저세포암,1,isic2019,train
data/ISIC 2019/VASC/ISIC_0031346.jpg,혈관종,12,isic2019,train
data/ISIC 2019/BCC/ISIC_0067998.jpg,기저세포암,1,isic2019,train
data/ISIC 2019/MEL/ISIC_0063318.jpg,악성흑색종,6,isic2019,train
data/ISIC 2019/NV/ISIC_0026412.jpg,멜라닌세포모반,2,isic2019,train
data/ISIC 2019/BKL/ISIC_0032553.jpg,지루각화증,7,isic2019,train
data/ISIC 2019/BKL/ISIC_0062590.jpg,지루각화증,7,isic2019,train
data/ISIC 2019/NV/ISIC_0024641.jpg,멜라닌세포모반,2,isic2019,train
data/ISIC 2019/SCC/ISIC_0061830.jpg,편평세포암,8,isic2019,train
data/ISIC 2019/MEL/ISIC_0069210.jpg,악성흑색종,6,isic2019,train
data/ISIC 2019/AK/ISIC_0067304.jpg,광선각화증,0,isic2019,train
data/ISIC 2019/BKL/ISIC_0029776.jpg,지루각화증,7,isic2019,train
data/ISIC 2019/NV/ISIC_0054937.jpg,멜라닌세포모반,2,isic2019,train
data/ISIC 2019/MEL/ISIC_0061709.jpg,악성흑색종,6,isic2019,train
data/ISIC 2019/SCC/ISIC_0053715.jpg,편평세포암,8,isic2019,train
data/ISIC 2019/MEL/ISIC_0025313.jpg,악성흑색종,6,isic2019,train
data/ISIC 2019/BKL/ISIC_0067734.jpg,지루각화증,7,isic2019,train
data/ISIC 2019/BCC/ISIC_0060627.jpg,기저세포암,1,isic2019,train
data/ISIC 2019/BCC/ISIC_0070744.jpg,기저세포암,1,isic2019,train
data/ISIC 2019/AK/ISIC_0066913.jpg,광선각화증,0,isic2019,train
data/ISIC 2019/MEL/ISIC_0033166.jpg,악성흑색종,6,isic2019,train
data/ISIC 2019/NV/ISIC_0001190_downsampled.jpg,멜라닌세포모반,2,isic2019,train
data/ISIC 2019/MEL/ISIC_0072292.jpg,악성흑색종,6,isic2019,train
data/ISIC 2019/AK/ISIC_0066272.jpg,광선각화증,0,isic2019,train
data/ISIC 2019/BKL/ISIC_0070622.jpg,지루각화증,7,isic2019,train
data/ISIC 2019/MEL/ISIC_0033487.jpg,악성흑색종,6,isic2019,train
data/ISIC 2019/MEL/ISIC_0058501.jpg,악성흑색종,6,isic2019,train
data/ISIC 2019/SCC/ISIC_0029932.jpg,편평세포암,8,isic2019,train
data/ISIC 2019/MEL/ISIC_0057980.jpg,악성흑색종,6,isic2019,train
data/ISIC 2019/NV/ISIC_0029800.jpg,멜라닌세포모반,2,isic2019,train
data/ISIC 2019/BCC/ISIC_0068674.jpg,기저세포암,1,isic2019,train
data/ISIC 2019/BCC/ISIC_0065990.jpg,기저세포암,1,isic2019,train
data/ISIC 2019/MEL/ISIC_0032308.jpg,악성흑색종,6,isic2019,train
data/ISIC 2019/BCC/ISIC_0069533.jpg,기저세포암,1,isic2019,train
data/ISIC 2019/BKL/ISIC_0012215_downsampled.jpg,지루각화증,7,isic2019,train
data/ISIC 2019/SCC/ISIC_0056290.jpg,편평세포암,8,isic2019,train
data/ISIC 2019/MEL/ISIC_0028685.jpg,악성흑색종,6,isic2019,train
data/ISIC 2019/NV/ISIC_0025134.jpg,멜라닌세포모반,2,isic2019,train
data/ISIC 2019/SCC/ISIC_0062261.jpg,편평세포암,8,isic2019,train
data/ISIC 2019/AK/ISIC_0063878.jpg,광선각화증,0,isic2019,train
data/ISIC 2019/AK/ISIC_0067061.jpg,광선각화증,0,isic2019,train
data/ISIC 2019/AK/ISIC_0071953.jpg,광선각화증,0,isic2019,train
data/ISIC 2019/BKL/ISIC_0026135.jpg,지루각화증,7,isic2019,train
data/ISIC 2019/BCC/ISIC_0068353.jpg,기저세포암,1,isic2019,train
data/ISIC 2019/NV/ISIC_0024813.jpg,멜라닌세포모반,2,isic2019,train
data/ISIC 2019/BKL/ISIC_0026316.jpg,지루각화증,7,isic2019,train
data/ISIC 2019/MEL/ISIC_0055699.jpg,악성흑색종,6,isic2019,train
data/ISIC 2019/BKL/ISIC_0060606.jpg,지루각화증,7,isic2019,train
data/ISIC 2019/BKL/ISIC_0028952.jpg,지루각화증,7,isic2019,train
data/ISIC 2019/MEL/ISIC_0064656.jpg,악성흑색종,6,isic2019,train
data/ISIC 2019/NV/ISIC_0062246.jpg,멜라닌세포모반,2,isic2019,train
data/ISIC 2019/AK/ISIC_0057431.jpg,광선각화증,0,isic2019,train
data/ISIC 2019/MEL/ISIC_0033968.jpg,악성흑색종,6,isic2019,train
data/ISIC 2019/BCC/ISIC_0055961.jpg,기저세포암,1,isic2019,train
data/ISIC 2019/SCC/ISIC_0030707.jpg,편평세포암,8,isic2019,train
data/ISIC 2019/MEL/ISIC_0068850.jpg,악성흑색종,6,isic2019,train
data/ISIC 2019/BCC/ISIC_0071287.jpg,기저세포암,1,isic2019,train
data/ISIC 2019/MEL/ISIC_0032552.jpg,악성흑색종,6,isic2019,train
data/ISIC 2019/MEL/ISIC_0058569.jpg,악성흑색종,6,isic2019,train
data/ISIC 2019/MEL/ISIC_0055714.jpg,악성흑색종,6,isic2019,train
data/ISIC 2019/BKL/ISIC_0069806.jpg,지루각화증,7,isic2019,train
data/ISIC 2019/BKL/ISIC_0069354.jpg,지루각화증,7,isic2019,train
data/ISIC 2019/BCC/ISIC_0063999.jpg,기저세포암,1,isic2019,train
data/ISIC 2019/DF/ISIC_0054823.jpg,피부섬유종,10,isic2019,train
data/ISIC 2019/BKL/ISIC_0058317.jpg,지루각화증,7,isic2019,train
data/ISIC 2019/BCC/ISIC_0066572.jpg,기저세포암,1,isic2019,train
data/ISIC 2019/BKL/ISIC_0032665.jpg,지루각화증,7,isic2019,train
data/ISIC 2019/BCC/ISIC_0067256.jpg,기저세포암,1,isic2019,train
data/ISIC 2019/NV/ISIC_0055996.jpg,멜라닌세포모반,2,isic2019,train
data/ISIC 2019/BKL/ISIC_0031967.jpg,지루각화증,7,isic2019,train
data/ISIC 2019/NV/ISIC_0030948.jpg,멜라닌세포모반,2,isic2019,train
data/ISIC 2019/BKL/ISIC_0062148.jpg,지루각화증,7,isic2019,train
data/ISIC 2019/NV/ISIC_0030762.jpg,멜라닌세포모반,2,isic2019,train
data/ISIC 2019/SCC/ISIC_0028659.jpg,편평세포암,8,isic2019,train
data/ISIC 2019/MEL/ISIC_0058910.jpg,악성흑색종,6,isic2019,train
data/ISIC 2019/MEL/ISIC_0072887.jpg,악성흑색종,6,isic2019,train
data/ISIC 2019/BKL/ISIC_0061692.jpg,지루각화증,7,isic2019,train
data/ISIC 2019/AK/ISIC_0068805.jpg,광선각화증,0,isic2019,train
data/ISIC 2019/NV/ISIC_0000110_downsampled.jpg,멜라닌세포모반,2,isic2019,train
data/ISIC 2019/BCC/ISIC_0057275.jpg,기저세포암,1,isic2019,train
data/ISIC 2019/BKL/ISIC_0033853.jpg,지루각화증,7,isic2019,train
data/ISIC 2019/BCC/ISIC_0054977.jpg,기저세포암,1,isic2019,train
data/ISIC 2019/NV/ISIC_0013480_downsampled.jpg,멜라닌세포모반,2,isic2019,train
data/ISIC 2019/SCC/ISIC_0027550.jpg,편평세포암,8,isic2019,train
data/ISIC 2019/MEL/ISIC_0067183.jpg,악성흑색종,6,isic2019,train
data/ISIC 2019/NV/ISIC_0031121.jpg,멜라닌세포모반,2,isic2019,train
data/ISIC 2019/BCC/ISIC_0069407.jpg,기저세포암,1,isic2019,train
data/ISIC 2019/BCC/ISIC_0054413.jpg,기저세포암,1,isic2019,train
data/ISIC 2019/AK/ISIC_0031335.jpg,광선각화증,0,isic2019,train
data/ISIC 2019/MEL/ISIC_0070747.jpg,악성흑색종,6,isic2019,train
data/ISIC 2019/BCC/ISIC_0070039.jpg,기저세포암,1,isic2019,train
data/ISIC 2019/MEL/ISIC_0054859.jpg,악성흑색종,6,isic2019,train
data/ISIC 2019/BKL/ISIC_0033778.jpg,지루각화증,7,isic2019,train
data/ISIC 2019/BCC/ISIC_0067110.jpg,기저세포암,1,isic2019,train
data/ISIC 2019/BKL/ISIC_0068063.jpg,지루각화증,7,isic2019,train
data/ISIC 2019/MEL/ISIC_0030255.jpg,악성흑색종,6,isic2019,train
data/ISIC 2019/BCC/ISIC_0065589.jpg,기저세포암,1,isic2019,train
data/ISIC 2019/AK/ISIC_0058192.jpg,광선각화증,0,isic2019,train
data/ISIC 2019/MEL/ISIC_0056113.jpg,악성흑색종,6,isic2019,train
data/ISIC 2019/BKL/ISIC_0014654_downsampled.jpg,지루각화증,7,isic2019,train
data/ISIC 2019/BKL/ISIC_0012266_downsampled.jpg,지루각화증,7,isic2019,train
data/ISIC 2019/MEL/ISIC_0014982_downsampled.jpg,악성흑색종,6,isic2019,train
data/ISIC 2019/MEL/ISIC_0030165.jpg,악성흑색종,6,isic2019,train
data/ISIC 2019/BKL/ISIC_0034003.jpg,지루각화증,7,isic2019,train
data/ISIC 2019/BKL/ISIC_0033583.jpg,지루각화증,7,isic2019,train
data/ISIC 2019/NV/ISIC_0032360.jpg,멜라닌세포모반,2,isic2019,train
data/ISIC 2019/NV/ISIC_0065536.jpg,멜라닌세포모반,2,isic2019,train
data/ISIC 2019/BKL/ISIC_0012851_downsampled.jpg,지루각화증,7,isic2019,train
data/ISIC 2019/BCC/ISIC_0060418.jpg,기저세포암,1,isic2019,train
data/ISIC 2019/NV/ISIC_0054898.jpg,멜라닌세포모반,2,isic2019,train
data/ISIC 2019/BCC/ISIC_0026074.jpg,기저세포암,1,isic2019,train
data/ISIC 2019/BCC/ISIC_0058476.jpg,기저세포암,1,isic2019,train
data/ISIC 2019/MEL/ISIC_0032081.jpg,악성흑색종,6,isic2019,train
data/ISIC 2019/SCC/ISIC_0027767.jpg,편평세포암,8,isic2019,train
data/ISIC 2019/BKL/ISIC_0030369.jpg,지루각화증,7,isic2019,train
data/ISIC 2019/BKL/ISIC_0058421.jpg,지루각화증,7,isic2019,train
data/ISIC 2019/VASC/ISIC_0055342.jpg,혈관종,12,isic2019,train
data/ISIC 2019/BKL/ISIC_0057738.jpg,지루각화증,7,isic2019,train
data/ISIC 2019/VASC/ISIC_0027665.jpg,혈관종,12,isic2019,train
data/ISIC 2019/AK/ISIC_0068419.jpg,광선각화증,0,isic2019,train
data/ISIC 2019/BCC/ISIC_0072356.jpg,기저세포암,1,isic2019,train
data/ISIC 2019/DF/ISIC_0029130.jpg,피부섬유종,10,isic2019,train
data/ISIC 2019/BKL/ISIC_0033438.jpg,지루각화증,7,isic2019,train
data/ISIC 2019/MEL/ISIC_0063813.jpg,악성흑색종,6,isic2019,train
data/ISIC 2019/MEL/ISIC_0032079.jpg,악성흑색종,6,isic2019,train
data/ISIC 2019/MEL/ISIC_0026993.jpg,악성흑색종,6,isic2019,train
data/ISIC 2019/NV/ISIC_0059639.jpg,멜라닌세포모반,2,isic2019,train
data/ISIC 2019/NV/ISIC_0072319.jpg,멜라닌세포모반,2,isic2019,train
data/ISIC 2019/BKL/ISIC_0034115.jpg,지루각화증,7,isic2019,train
data/ISIC 2019/NV/ISIC_0058889.jpg,멜라닌세포모반,2,isic2019,train
data/ISIC 2019/MEL/ISIC_0056940.jpg,악성흑색종,6,isic2019,train
data/ISIC 2019/MEL/ISIC_0057261.jpg,악성흑색종,6,isic2019,train
data/ISIC 2019/SCC/ISIC_0069419.jpg,편평세포암,8,isic2019,train
data/ISIC 2019/NV/ISIC_0012550_downsampled.jpg,멜라닌세포모반,2,isic2019,train
data/ISIC 2019/NV/ISIC_0069357.jpg,멜라닌세포모반,2,isic2019,train
data/ISIC 2019/AK/ISIC_0024948.jpg,광선각화증,0,isic2019,train
data/ISIC 2019/MEL/ISIC_0056041.jpg,악성흑색종,6,isic2019,train
data/ISIC 2019/BCC/ISIC_0070190.jpg,기저세포암,1,isic2019,train
data/ISIC 2019/BCC/ISIC_0057587.jpg,기저세포암,1,isic2019,train
data/ISIC 2019/BCC/ISIC_0073123.jpg,기저세포암,1,isic2019,train
data/ISIC 2019/BCC/ISIC_0059201.jpg,기저세포암,1,isic2019,train
data/ISIC 2019/NV/ISIC_0056949.jpg,멜라닌세포모반,2,isic2019,train
data/ISIC 2019/NV/ISIC_0058764.jpg,멜라닌세포모반,2,isic2019,train
data/ISIC 2019/NV/ISIC_0055740.jpg,멜라닌세포모반,2,isic2019,train
data/ISIC 2019/NV/ISIC_0072207.jpg,멜라닌세포모반,2,isic2019,train
data/ISIC 2019/BCC/ISIC_0063452.jpg,기저세포암,1,isic2019,train
data/ISIC 2019/NV/ISIC_0031790.jpg,멜라닌세포모반,2,isic2019,train
data/ISIC 2019/BKL/ISIC_0013621_downsampled.jpg,지루각화증,7,isic2019,train
data/ISIC 2019/BCC/ISIC_0071873.jpg,기저세포암,1,isic2019,train
data/ISIC 2019/BCC/ISIC_0064456.jpg,기저세포암,1,isic2019,train
data/ISIC 2019/MEL/ISIC_0068936.jpg,악성흑색종,6,isic2019,train
data/ISIC 2019/MEL/ISIC_0063988.jpg,악성흑색종,6,isic2019,train
data/ISIC 2019/MEL/ISIC_0028326.jpg,악성흑색종,6,isic2019,train
data/ISIC 2019/BKL/ISIC_0032103.jpg,지루각화증,7,isic2019,train
data/ISIC 2019/BKL/ISIC_0070187.jpg,지루각화증,7,isic2019,train
data/ISIC 2019/BCC/ISIC_0055957.jpg,기저세포암,1,isic2019,train
data/ISIC 2019/BCC/ISIC_0060599.jpg,기저세포암,1,isic2019,train
data/ISIC 2019/AK/ISIC_0058163.jpg,광선각화증,0,isic2019,train
data/ISIC 2019/BKL/ISIC_0013918_downsampled.jpg,지루각화증,7,isic2019,train
data/ISIC 2019/BKL/ISIC_0029012.jpg,지루각화증,7,isic2019,train
data/ISIC 2019/AK/ISIC_0062738.jpg,광선각화증,0,isic2019,train
data/ISIC 2019/BCC/ISIC_0057075.jpg,기저세포암,1,isic2019,train
data/ISIC 2019/AK/ISIC_0057387.jpg,광선각화증,0,isic2019,train
data/ISIC 2019/BKL/ISIC_0069069.jpg,지루각화증,7,isic2019,train
data/ISIC 2019/BCC/ISIC_0065004.jpg,기저세포암,1,isic2019,train
data/ISIC 2019/SCC/ISIC_0025178.jpg,편평세포암,8,isic2019,train
data/ISIC 2019/BCC/ISIC_0062167.jpg,기저세포암,1,isic2019,train
data/ISIC 2019/BCC/ISIC_0067679.jpg,기저세포암,1,isic2019,train
data/ISIC 2019/MEL/ISIC_0062425.jpg,악성흑색종,6,isic2019,train
data/ISIC 2019/BKL/ISIC_0061550.jpg,지루각화증,7,isic2019,train
data/ISIC 2019/MEL/ISIC_0029538.jpg,악성흑색종,6,isic2019,train
data/ISIC 2019/NV/ISIC_0029120.jpg,멜라닌세포모반,2,isic2019,train
data/ISIC 2019/BKL/ISIC_0014650_downsampled.jpg,지루각화증,7,isic2019,train
data/ISIC 2019/SCC/ISIC_0026132.jpg,편평세포암,8,isic2019,train
data/ISIC 2019/MEL/ISIC_0060968.jpg,악성흑색종,6,isic2019,train
data/ISIC 2019/MEL/ISIC_0060375.jpg,악성흑색종,6,isic2019,train
data/ISIC 2019/BKL/ISIC_0032978.jpg,지루각화증,7,isic2019,train
data/ISIC 2019/NV/ISIC_0068532.jpg,멜라닌세포모반,2,isic2019,train
data/ISIC 2019/BCC/ISIC_0066544.jpg,기저세포암,1,isic2019,train
data/ISIC 2019/MEL/ISIC_0059525.jpg,악성흑색종,6,isic2019,train
data/ISIC 2019/BKL/ISIC_0061287.jpg,지루각화증,7,isic2019,train
data/ISIC 2019/BKL/ISIC_0070176.jpg,지루각화증,7,isic2019,train
data/ISIC 2019/VASC/ISIC_0026693.jpg,혈관종,12,isic2019,train
data/ISIC 2019/BCC/ISIC_0070101.jpg,기저세포암,1,isic2019,train
data/ISIC 2019/NV/ISIC_0056470.jpg,멜라닌세포모반,2,isic2019,train
data/ISIC 2019/BCC/ISIC_0063263.jpg,기저세포암,1,isic2019,train
data/ISIC 2019/BCC/ISIC_0056027.jpg,기저세포암,1,isic2019,train
data/ISIC 2019/BCC/ISIC_0027291.jpg,기저세포암,1,isic2019,train
data/ISIC 2019/NV/ISIC_0000344.jpg,멜라닌세포모반,2,isic2019,train
data/ISIC 2019/NV/ISIC_0030478.jpg,멜라닌세포모반,2,isic2019,train
data/ISIC 2019/MEL/ISIC_0062162.jpg,악성흑색종,6,isic2019,train
data/ISIC 2019/NV/ISIC_0028674.jpg,멜라닌세포모반,2,isic2019,train
data/ISIC 2019/NV/ISIC_0057150.jpg,멜라닌세포모반,2,isic2019,train
data/ISIC 2019/MEL/ISIC_0061554.jpg,악성흑색종,6,isic2019,train
data/ISIC 2019/MEL/ISIC_0033061.jpg,악성흑색종,6,isic2019,train
data/ISIC 2019/BCC/ISIC_0066290.jpg,기저세포암,1,isic2019,train
data/ISIC 2019/AK/ISIC_0070981.jpg,광선각화증,0,isic2019,train
data/ISIC 2019/MEL/ISIC_0072865.jpg,악성흑색종,6,isic2019,train
data/ISIC 2019/MEL/ISIC_0000531.jpg,악성흑색종,6,isic2019,train
data/ISIC 2019/BKL/ISIC_0029311.jpg,지루각화증,7,isic2019,train
data/ISIC 2019/MEL/ISIC_0055563.jpg,악성흑색종,6,isic2019,train
data/ISIC 2019/VASC/ISIC_0030104.jpg,혈관종,12,isic2019,train
data/ISIC 2019/BCC/ISIC_0071607.jpg,기저세포암,1,isic2019,train
data/ISIC 2019/NV/ISIC_0025662.jpg,멜라닌세포모반,2,isic2019,train
data/ISIC 2019/MEL/ISIC_0033209.jpg,악성흑색종,6,isic2019,train
data/ISIC 2019/BKL/ISIC_0029464.jpg,지루각화증,7,isic2019,train
data/ISIC 2019/BKL/ISIC_0031485.jpg,지루각화증,7,isic2019,train
data/ISIC 2019/DF/ISIC_0058401.jpg,피부섬유종,10,isic2019,train
data/ISIC 2019/BKL/ISIC_0014651_downsampled.jpg,지루각화증,7,isic2019,train
data/ISIC 2019/BCC/ISIC_0027297.jpg,기저세포암,1,isic2019,train
data/ISIC 2019/BCC/ISIC_0027117.jpg,기저세포암,1,isic2019,train
data/ISIC 2019/MEL/ISIC_0068527.jpg,악성흑색종,6,isic2019,train
data/ISIC 2019/VASC/ISIC_0055280.jpg,혈관종,12,isic2019,train
data/ISIC 2019/BKL/ISIC_0028414.jpg,지루각화증,7,isic2019,train
data/ISIC 2019/DF/ISIC_0033891.jpg,피부섬유종,10,isic2019,train
data/ISIC 2019/BKL/ISIC_0060620.jpg,지루각화증,7,isic2019,train
data/ISIC 2019/BKL/ISIC_0062361.jpg,지루각화증,7,isic2019,train
data/ISIC 2019/NV/ISIC_0030548.jpg,멜라닌세포모반,2,isic2019,train
data/ISIC 2019/BCC/ISIC_0065221.jpg,기저세포암,1,isic2019,train
data/ISIC 2019/DF/ISIC_0061232.jpg,피부섬유종,10,isic2019,train
data/ISIC 2019/BKL/ISIC_0026378.jpg,지루각화증,7,isic2019,train
data/ISIC 2019/MEL/ISIC_0028584.jpg,악성흑색종,6,isic2019,train
data/ISIC 2019/MEL/ISIC_0063601.jpg,악성흑색종,6,isic2019,train
data/ISIC 2019/MEL/ISIC_0014369_downsampled.jpg,악성흑색종,6,isic2019,train
data/ISIC 2019/BCC/ISIC_0063928.jpg,기저세포암,1,isic2019,train
data/ISIC 2019/BKL/ISIC_0028749.jpg,지루각화증,7,isic2019,train
data/ISIC 2019/BCC/ISIC_0056964.jpg,기저세포암,1,isic2019,train
data/ISIC 2019/BCC/ISIC_0068969.jpg,기저세포암,1,isic2019,train
data/ISIC 2019/MEL/ISIC_0033440.jpg,악성흑색종,6,isic2019,train
data/ISIC 2019/NV/ISIC_0028956.jpg,멜라닌세포모반,2,isic2019,train
data/ISIC 2019/BKL/ISIC_0058212.jpg,지루각화증,7,isic2019,train
data/ISIC 2019/BCC/ISIC_0070309.jpg,기저세포암,1,isic2019,train
data/ISIC 2019/MEL/ISIC_0069929.jpg,악성흑색종,6,isic2019,train
data/ISIC 2019/NV/ISIC_0032800.jpg,멜라닌세포모반,2,isic2019,train
data/ISIC 2019/VASC/ISIC_0032866.jpg,혈관종,12,isic2019,train
data/ISIC 2019/BKL/ISIC_0061708.jpg,지루각화증,7,isic2019,train
data/ISIC 2019/BCC/ISIC_0064830.jpg,기저세포암,1,isic2019,train
data/ISIC 2019/NV/ISIC_0026116.jpg,멜라닌세포모반,2,isic2019,train
data/ISIC 2019/NV/ISIC_0072331.jpg,멜라닌세포모반,2,isic2019,train
data/ISIC 2019/BKL/ISIC_0026769.jpg,지루각화증,7,isic2019,train
data/ISIC 2019/BKL/ISIC_0030124.jpg,지루각화증,7,isic2019,train
data/ISIC 2019/MEL/ISIC_0033470.jpg,악성흑색종,6,isic2019,train
data/ISIC 2019/NV/ISIC_0014792_downsampled.jpg,멜라닌세포모반,2,isic2019,train
data/ISIC 2019/MEL/ISIC_0014525_downsampled.jpg,악성흑색종,6,isic2019,train
data/ISIC 2019/MEL/ISIC_0014219_downsampled.jpg,악성흑색종,6,isic2019,train
data/ISIC 2019/BKL/ISIC_0061405.jpg,지루각화증,7,isic2019,train
data/ISIC 2019/MEL/ISIC_0061848.jpg,악성흑색종,6,isic2019,train
data/ISIC 2019/NV/ISIC_0059648.jpg,멜라닌세포모반,2,isic2019,train
data/ISIC 2019/AK/ISIC_0063045.jpg,광선각화증,0,isic2019,train
data/ISIC 2019/AK/ISIC_0027254.jpg,광선각화증,0,isic2019,train
data/ISIC 2019/NV/ISIC_0033006.jpg,멜라닌세포모반,2,isic2019,train
data/ISIC 2019/BKL/ISIC_0024696.jpg,지루각화증,7,isic2019,train
data/ISIC 2019/MEL/ISIC_0056969.jpg,악성흑색종,6,isic2019,train
data/ISIC 2019/BCC/ISIC_0032799.jpg,기저세포암,1,isic2019,train
data/ISIC 2019/BKL/ISIC_0029991.jpg,지루각화증,7,isic2019,train
data/ISIC 2019/BKL/ISIC_0065359.jpg,지루각화증,7,isic2019,train
data/ISIC 2019/MEL/ISIC_0034118.jpg,악성흑색종,6,isic2019,train
data/ISIC 2019/BCC/ISIC_0024634.jpg,기저세포암,1,isic2019,train
data/ISIC 2019/BCC/ISIC_0063209.jpg,기저세포암,1,isic2019,train
data/ISIC 2019/NV/ISIC_0030384.jpg,멜라닌세포모반,2,isic2019,train
data/ISIC 2019/NV/ISIC_0024433.jpg,멜라닌세포모반,2,isic2019,train
data/ISIC 2019/BCC/ISIC_0065084.jpg,기저세포암,1,isic2019,train
data/ISIC 2019/BCC/ISIC_0055356.jpg,기저세포암,1,isic2019,train
data/ISIC 2019/BCC/ISIC_0055765.jpg,기저세포암,1,isic2019,train
data/ISIC 2019/NV/ISIC_0029767.jpg,멜라닌세포모반,2,isic2019,train
data/ISIC 2019/MEL/ISIC_0053671.jpg,악성흑색종,6,isic2019,train
data/ISIC 2019/BCC/ISIC_0072662.jpg,기저세포암,1,isic2019,train
data/ISIC 2019/BCC/ISIC_0063754.jpg,기저세포암,1,isic2019,train
data/ISIC 2019/NV/ISIC_0028150.jpg,멜라닌세포모반,2,isic2019,train
data/ISIC 2019/BCC/ISIC_0063923.jpg,기저세포암,1,isic2019,train
data/ISIC 2019/BCC/ISIC_0072406.jpg,기저세포암,1,isic2019,train
data/ISIC 2019/MEL/ISIC_0058658.jpg,악성흑색종,6,isic2019,train
data/ISIC 2019/MEL/ISIC_0000554.jpg,악성흑색종,6,isic2019,train
data/ISIC 2019/MEL/ISIC_0000281.jpg,악성흑색종,6,isic2019,train
data/ISIC 2019/NV/ISIC_0034195.jpg,멜라닌세포모반,2,isic2019,train
data/ISIC 2019/MEL/ISIC_0013198_downsampled.jpg,악성흑색종,6,isic2019,train
data/ISIC 2019/NV/ISIC_0031693.jpg,멜라닌세포모반,2,isic2019,train
data/ISIC 2019/MEL/ISIC_0055039.jpg,악성흑색종,6,isic2019,train
data/ISIC 2019/BCC/ISIC_0060662.jpg,기저세포암,1,isic2019,train
data/ISIC 2019/NV/ISIC_0034102.jpg,멜라닌세포모반,2,isic2019,train
data/ISIC 2019/BKL/ISIC_0057248.jpg,지루각화증,7,isic2019,train
data/ISIC 2019/BCC/ISIC_0070150.jpg,기저세포암,1,isic2019,train
data/ISIC 2019/BKL/ISIC_0059049.jpg,지루각화증,7,isic2019,train
data/ISIC 2019/BCC/ISIC_0071223.jpg,기저세포암,1,isic2019,train
data/ISIC 2019/BCC/ISIC_0064605.jpg,기저세포암,1,isic2019,train
data/ISIC 2019/BCC/ISIC_0059563.jpg,기저세포암,1,isic2019,train
data/ISIC 2019/MEL/ISIC_0056546.jpg,악성흑색종,6,isic2019,train
data/ISIC 2019/MEL/ISIC_0015180_downsampled.jpg,악성흑색종,6,isic2019,train
data/ISIC 2019/NV/ISIC_0065572.jpg,멜라닌세포모반,2,isic2019,train
data/ISIC 2019/BCC/ISIC_0073079.jpg,기저세포암,1,isic2019,train
data/ISIC 2019/SCC/ISIC_0063297.jpg,편평세포암,8,isic2019,train
data/ISIC 2019/BCC/ISIC_0067633.jpg,기저세포암,1,isic2019,train
data/ISIC 2019/BCC/ISIC_0061270.jpg,기저세포암,1,isic2019,train
data/ISIC 2019/VASC/ISIC_0061280.jpg,혈관종,12,isic2019,train
data/ISIC 2019/BKL/ISIC_0030608.jpg,지루각화증,7,isic2019,train
data/ISIC 2019/NV/ISIC_0032601.jpg,멜라닌세포모반,2,isic2019,train
data/ISIC 2019/BKL/ISIC_0013146_downsampled.jpg,지루각화증,7,isic2019,train
data/ISIC 2019/BKL/ISIC_0057904.jpg,지루각화증,7,isic2019,train
data/ISIC 2019/MEL/ISIC_0000293.jpg,악성흑색종,6,isic2019,train
data/ISIC 2019/NV/ISIC_0024876.jpg,멜라닌세포모반,2,isic2019,train
data/ISIC 2019/AK/ISIC_0063038.jpg,광선각화증,0,isic2019,train
data/ISIC 2019/NV/ISIC_0015994_downsampled.jpg,멜라닌세포모반,2,isic2019,train
data/ISIC 2019/BCC/ISIC_0055913.jpg,기저세포암,1,isic2019,train
data/ISIC 2019/BKL/ISIC_0062055.jpg,지루각화증,7,isic2019,train
data/ISIC 2019/BCC/ISIC_0054905.jpg,기저세포암,1,isic2019,train
data/ISIC 2019/DF/ISIC_0062226.jpg,피부섬유종,10,isic2019,train
data/ISIC 2019/BCC/ISIC_0071030.jpg,기저세포암,1,isic2019,train
data/ISIC 2019/MEL/ISIC_0061915.jpg,악성흑색종,6,isic2019,train
data/ISIC 2019/NV/ISIC_0053833.jpg,멜라닌세포모반,2,isic2019,train
data/ISIC 2019/BCC/ISIC_0070086.jpg,기저세포암,1,isic2019,train
data/ISIC 2019/BCC/ISIC_0062007.jpg,기저세포암,1,isic2019,train
data/ISIC 2019/BCC/ISIC_0070798.jpg,기저세포암,1,isic2019,train
data/ISIC 2019/BCC/ISIC_0060687.jpg,기저세포암,1,isic2019,train
data/ISIC 2019/BKL/ISIC_0058113.jpg,지루각화증,7,isic2019,train
data/ISIC 2019/BKL/ISIC_0014625_downsampled.jpg,지루각화증,7,isic2019,train
data/ISIC 2019/VASC/ISIC_0071024.jpg,혈관종,12,isic2019,train
data/ISIC 2019/MEL/ISIC_0013995_downsampled.jpg,악성흑색종,6,isic2019,train
data/ISIC 2019/MEL/ISIC_0063926.jpg,악성흑색종,6,isic2019,train
data/ISIC 2019/BCC/ISIC_0060107.jpg,기저세포암,1,isic2019,train
data/ISIC 2019/BCC/ISIC_0057300.jpg,기저세포암,1,isic2019,train
data/ISIC 2019/MEL/ISIC_0065813.jpg,악성흑색종,6,isic2019,train
data/ISIC 2019/SCC/ISIC_0061016.jpg,편평세포암,8,isic2019,train
data/ISIC 2019/NV/ISIC_0028870.jpg,멜라닌세포모반,2,isic2019,train
data/ISIC 2019/BKL/ISIC_0014616_downsampled.jpg,지루각화증,7,isic2019,train
data/ISIC 2019/BKL/ISIC_0031132.jpg,지루각화증,7,isic2019,train
data/ISIC 2019/SCC/ISIC_0064347.jpg,편평세포암,8,isic2019,train
data/ISIC 2019/BKL/ISIC_0054128.jpg,지루각화증,7,isic2019,train
data/ISIC 2019/BCC/ISIC_0070718.jpg,기저세포암,1,isic2019,train
data/ISIC 2019/MEL/ISIC_0064180.jpg,악성흑색종,6,isic2019,train
data/ISIC 2019/BCC/ISIC_0060320.jpg,기저세포암,1,isic2019,train
data/ISIC 2019/BKL/ISIC_0060856.jpg,지루각화증,7,isic2019,train
data/ISIC 2019/AK/ISIC_0055609.jpg,광선각화증,0,isic2019,train
data/ISIC 2019/NV/ISIC_0009505_downsampled.jpg,멜라닌세포모반,2,isic2019,train
data/ISIC 2019/BCC/ISIC_0066044.jpg,기저세포암,1,isic2019,train
data/ISIC 2019/NV/ISIC_0015971_downsampled.jpg,멜라닌세포모반,2,isic2019,train
data/ISIC 2019/BCC/ISIC_0063668.jpg,기저세포암,1,isic2019,train
data/ISIC 2019/NV/ISIC_0012187_downsampled.jpg,멜라닌세포모반,2,isic2019,train
data/ISIC 2019/BKL/ISIC_0068216.jpg,지루각화증,7,isic2019,train
data/ISIC 2019/BKL/ISIC_0072658.jpg,지루각화증,7,isic2019,train
data/ISIC 2019/NV/ISIC_0026873.jpg,멜라닌세포모반,2,isic2019,train
data/ISIC 2019/MEL/ISIC_0054061.jpg,악성흑색종,6,isic2019,train
data/ISIC 2019/SCC/ISIC_0028372.jpg,편평세포암,8,isic2019,train
data/ISIC 2019/BCC/ISIC_0054518.jpg,기저세포암,1,isic2019,train
data/ISIC 2019/BKL/ISIC_0029233.jpg,지루각화증,7,isic2019,train
data/ISIC 2019/MEL/ISIC_0070051.jpg,악성흑색종,6,isic2019,train
data/ISIC 2019/MEL/ISIC_0068581.jpg,악성흑색종,6,isic2019,train
data/ISIC 2019/BCC/ISIC_0059989.jpg,기저세포암,1,isic2019,train
data/ISIC 2019/BKL/ISIC_0070647.jpg,지루각화증,7,isic2019,train
data/ISIC 2019/AK/ISIC_0070650.jpg,광선각화증,0,isic2019,train
data/ISIC 2019/MEL/ISIC_0026131.jpg,악성흑색종,6,isic2019,train
data/ISIC 2019/NV/ISIC_0071066.jpg,멜라닌세포모반,2,isic2019,train
data/ISIC 2019/BCC/ISIC_0063546.jpg,기저세포암,1,isic2019,train
data/ISIC 2019/BCC/ISIC_0064183.jpg,기저세포암,1,isic2019,train
data/ISIC 2019/BCC/ISIC_0056951.jpg,기저세포암,1,isic2019,train
data/ISIC 2019/BCC/ISIC_0071419.jpg,기저세포암,1,isic2019,train
data/ISIC 2019/DF/ISIC_0064029.jpg,피부섬유종,10,isic2019,train
data/ISIC 2019/BCC/ISIC_0069907.jpg,기저세포암,1,isic2019,train
data/ISIC 2019/BKL/ISIC_0054981.jpg,지루각화증,7,isic2019,train
data/ISIC 2019/MEL/ISIC_0032583.jpg,악성흑색종,6,isic2019,train
data/ISIC 2019/AK/ISIC_0072180.jpg,광선각화증,0,isic2019,train
data/ISIC 2019/BCC/ISIC_0067766.jpg,기저세포암,1,isic2019,train
data/ISIC 2019/DF/ISIC_0060129.jpg,피부섬유종,10,isic2019,train
data/ISIC 2019/NV/ISIC_0027431.jpg,멜라닌세포모반,2,isic2019,train
data/ISIC 2019/NV/ISIC_0062698.jpg,멜라닌세포모반,2,isic2019,train
data/ISIC 2019/BKL/ISIC_0012342_downsampled.jpg,지루각화증,7,isic2019,train
data/ISIC 2019/BCC/ISIC_0060073.jpg,기저세포암,1,isic2019,train
data/ISIC 2019/AK/ISIC_0029827.jpg,광선각화증,0,isic2019,train
data/ISIC 2019/BCC/ISIC_0025144.jpg,기저세포암,1,isic2019,train
data/ISIC 2019/SCC/ISIC_0068369.jpg,편평세포암,8,isic2019,train
data/ISIC 2019/MEL/ISIC_0025573.jpg,악성흑색종,6,isic2019,train
data/ISIC 2019/AK/ISIC_0070014.jpg,광선각화증,0,isic2019,train
data/ISIC 2019/NV/ISIC_0056855.jpg,멜라닌세포모반,2,isic2019,train
data/ISIC 2019/BCC/ISIC_0054674.jpg,기저세포암,1,isic2019,train
data/ISIC 2019/NV/ISIC_0032000.jpg,멜라닌세포모반,2,isic2019,train
data/ISIC 2019/NV/ISIC_0026551.jpg,멜라닌세포모반,2,isic2019,train
data/ISIC 2019/NV/ISIC_0030761.jpg,멜라닌세포모반,2,isic2019,train
data/ISIC 2019/MEL/ISIC_0026247.jpg,악성흑색종,6,isic2019,train
data/ISIC 2019/BKL/ISIC_0053968.jpg,지루각화증,7,isic2019,train
data/ISIC 2019/VASC/ISIC_0064861.jpg,혈관종,12,isic2019,train
data/ISIC 2019/DF/ISIC_0029967.jpg,피부섬유종,10,isic2019,train
data/ISIC 2019/SCC/ISIC_0028132.jpg,편평세포암,8,isic2019,train
data/ISIC 2019/BKL/ISIC_0065569.jpg,지루각화증,7,isic2019,train
data/ISIC 2019/BKL/ISIC_0061069.jpg,지루각화증,7,isic2019,train
data/ISIC 2019/AK/ISIC_0057072.jpg,광선각화증,0,isic2019,train
data/ISIC 2019/BCC/ISIC_0055303.jpg,기저세포암,1,isic2019,train
data/ISIC 2019/BCC/ISIC_0032030.jpg,기저세포암,1,isic2019,train
data/ISIC 2019/BKL/ISIC_0030203.jpg,지루각화증,7,isic2019,train
data/ISIC 2019/BKL/ISIC_0028842.jpg,지루각화증,7,isic2019,train
data/ISIC 2019/BKL/ISIC_0013708_downsampled.jpg,지루각화증,7,isic2019,train
data/ISIC 2019/NV/ISIC_0016051_downsampled.jpg,멜라닌세포모반,2,isic2019,train
data/ISIC 2019/BCC/ISIC_0057523.jpg,기저세포암,1,isic2019,train
data/ISIC 2019/MEL/ISIC_0069864.jpg,악성흑색종,6,isic2019,train
data/ISIC 2019/NV/ISIC_0010060.jpg,멜라닌세포모반,2,isic2019,train
data/ISIC 2019/AK/ISIC_0029830.jpg,광선각화증,0,isic2019,train
data/ISIC 2019/BCC/ISIC_0072666.jpg,기저세포암,1,isic2019,train
data/ISIC 2019/BKL/ISIC_0068398.jpg,지루각화증,7,isic2019,train
data/ISIC 2019/BCC/ISIC_0065141.jpg,기저세포암,1,isic2019,train
data/ISIC 2019/SCC/ISIC_0058690.jpg,편평세포암,8,isic2019,train
data/ISIC 2019/AK/ISIC_0062123.jpg,광선각화증,0,isic2019,train
data/ISIC 2019/BKL/ISIC_0028264.jpg,지루각화증,7,isic2019,train
data/ISIC 2019/AK/ISIC_0055908.jpg,광선각화증,0,isic2019,train
data/ISIC 2019/BKL/ISIC_0029260.jpg,지루각화증,7,isic2019,train
data/ISIC 2019/BCC/ISIC_0063290.jpg,기저세포암,1,isic2019,train
data/ISIC 2019/NV/ISIC_0028159.jpg,멜라닌세포모반,2,isic2019,train
data/ISIC 2019/BKL/ISIC_0065399.jpg,지루각화증,7,isic2019,train
data/ISIC 2019/BCC/ISIC_0055399.jpg,기저세포암,1,isic2019,train
data/ISIC 2019/BCC/ISIC_0058169.jpg,기저세포암,1,isic2019,train
data/ISIC 2019/MEL/ISIC_0024516.jpg,악성흑색종,6,isic2019,train
data/ISIC 2019/BKL/ISIC_0071225.jpg,지루각화증,7,isic2019,train
data/ISIC 2019/NV/ISIC_0033727.jpg,멜라닌세포모반,2,isic2019,train
data/ISIC 2019/NV/ISIC_0030397.jpg,멜라닌세포모반,2,isic2019,train
data/ISIC 2019/BCC/ISIC_0024573.jpg,기저세포암,1,isic2019,train
data/ISIC 2019/BCC/ISIC_0026091.jpg,기저세포암,1,isic2019,train
data/ISIC 2019/NV/ISIC_0054357.jpg,멜라닌세포모반,2,isic2019,train
data/ISIC 2019/SCC/ISIC_0069322.jpg,편평세포암,8,isic2019,train
data/ISIC 2019/MEL/ISIC_0033452.jpg,악성흑색종,6,isic2019,train
data/ISIC 2019/AK/ISIC_0061331.jpg,광선각화증,0,isic2019,train
data/ISIC 2019/MEL/ISIC_0033216.jpg,악성흑색종,6,isic2019,train
data/ISIC 2019/NV/ISIC_0055774.jpg,멜라닌세포모반,2,isic2019,train
data/ISIC 2019/BCC/ISIC_0061135.jpg,기저세포암,1,isic2019,train
data/ISIC 2019/VASC/ISIC_0031090.jpg,혈관종,12,isic2019,train
data/ISIC 2019/MEL/ISIC_0014238_downsampled.jpg,악성흑색종,6,isic2019,train
data/ISIC 2019/VASC/ISIC_0060499.jpg,혈관종,12,isic2019,train
data/ISIC 2019/BKL/ISIC_0071545.jpg,지루각화증,7,isic2019,train
data/ISIC 2019/BCC/ISIC_0057424.jpg,기저세포암,1,isic2019,train
data/ISIC 2019/NV/ISIC_0027156.jpg,멜라닌세포모반,2,isic2019,train
data/ISIC 2019/MEL/ISIC_0058763.jpg,악성흑색종,6,isic2019,train
data/ISIC 2019/NV/ISIC_0012803_downsampled.jpg,멜라닌세포모반,2,isic2019,train
data/ISIC 2019/MEL/ISIC_0032220.jpg,악성흑색종,6,isic2019,train
data/ISIC 2019/BCC/ISIC_0059491.jpg,기저세포암,1,isic2019,train
data/ISIC 2019/BCC/ISIC_0030249.jpg,기저세포암,1,isic2019,train
data/ISIC 2019/VASC/ISIC_0054903.jpg,혈관종,12,isic2019,train
data/ISIC 2019/MEL/ISIC_0000518.jpg,악성흑색종,6,isic2019,train
data/ISIC 2019/BKL/ISIC_0057068.jpg,지루각화증,7,isic2019,train
data/ISIC 2019/MEL/ISIC_0062350.jpg,악성흑색종,6,isic2019,train
data/ISIC 2019/MEL/ISIC_0013984_downsampled.jpg,악성흑색종,6,isic2019,train
data/ISIC 2019/MEL/ISIC_0027590.jpg,악성흑색종,6,isic2019,train
data/ISIC 2019/NV/ISIC_0012360_downsampled.jpg,멜라닌세포모반,2,isic2019,train
data/ISIC 2019/NV/ISIC_0033277.jpg,멜라닌세포모반,2,isic2019,train
data/ISIC 2019/NV/ISIC_0030540.jpg,멜라닌세포모반,2,isic2019,train
data/ISIC 2019/BCC/ISIC_0071448.jpg,기저세포암,1,isic2019,train
data/ISIC 2019/NV/ISIC_0026436.jpg,멜라닌세포모반,2,isic2019,train
data/ISIC 2019/BKL/ISIC_0071075.jpg,지루각화증,7,isic2019,train
data/ISIC 2019/NV/ISIC_0069793.jpg,멜라닌세포모반,2,isic2019,train
data/ISIC 2019/BCC/ISIC_0065548.jpg,기저세포암,1,isic2019,train
data/ISIC 2019/BKL/ISIC_0032365.jpg,지루각화증,7,isic2019,train
data/ISIC 2019/NV/ISIC_0031492.jpg,멜라닌세포모반,2,isic2019,train
data/ISIC 2019/BKL/ISIC_0030744.jpg,지루각화증,7,isic2019,train
data/ISIC 2019/MEL/ISIC_0072966.jpg,악성흑색종,6,isic2019,train
data/ISIC 2019/NV/ISIC_0072850.jpg,멜라닌세포모반,2,isic2019,train
data/ISIC 2019/BKL/ISIC_0053484.jpg,지루각화증,7,isic2019,train
data/ISIC 2019/NV/ISIC_0055507.jpg,멜라닌세포모반,2,isic2019,train
data/ISIC 2019/NV/ISIC_0025634.jpg,멜라닌세포모반,2,isic2019,train
data/ISIC 2019/MEL/ISIC_0066319.jpg,악성흑색종,6,isic2019,train
data/ISIC 2019/AK/ISIC_0065811.jpg,광선각화증,0,isic2019,train
data/ISIC 2019/NV/ISIC_0028645.jpg,멜라닌세포모반,2,isic2019,train
data/ISIC 2019/MEL/ISIC_0054434.jpg,악성흑색종,6,isic2019,train
data/ISIC 2019/BKL/ISIC_0026422.jpg,지루각화증,7,isic2019,train
data/ISIC 2019/MEL/ISIC_0055327.jpg,악성흑색종,6,isic2019,train
data/ISIC 2019/BKL/ISIC_0070540.jpg,지루각화증,7,isic2019,train
data/ISIC 2019/BKL/ISIC_0033482.jpg,지루각화증,7,isic2019,train
data/ISIC 2019/BCC/ISIC_0067313.jpg,기저세포암,1,isic2019,train
data/ISIC 2019/MEL/ISIC_0029591.jpg,악성흑색종,6,isic2019,train
data/ISIC 2019/NV/ISIC_0029743.jpg,멜라닌세포모반,2,isic2019,train
data/ISIC 2019/MEL/ISIC_0031087.jpg,악성흑색종,6,isic2019,train
data/ISIC 2019/MEL/ISIC_0054748.jpg,악성흑색종,6,isic2019,train
data/ISIC 2019/MEL/ISIC_0029632.jpg,악성흑색종,6,isic2019,train
data/ISIC 2019/NV/ISIC_0055868.jpg,멜라닌세포모반,2,isic2019,train
data/ISIC 2019/MEL/ISIC_0061092.jpg,악성흑색종,6,isic2019,train
data/ISIC 2019/SCC/ISIC_0053903.jpg,편평세포암,8,isic2019,train
data/ISIC 2019/BCC/ISIC_0053813.jpg,기저세포암,1,isic2019,train
data/ISIC 2019/AK/ISIC_0060404.jpg,광선각화증,0,isic2019,train
data/ISIC 2019/SCC/ISIC_0056665.jpg,편평세포암,8,isic2019,train
data/ISIC 2019/MEL/ISIC_0014327_downsampled.jpg,악성흑색종,6,isic2019,train
data/ISIC 2019/NV/ISIC_0031188.jpg,멜라닌세포모반,2,isic2019,train
data/ISIC 2019/MEL/ISIC_0060937.jpg,악성흑색종,6,isic2019,train
data/ISIC 2019/SCC/ISIC_0057890.jpg,편평세포암,8,isic2019,train
data/ISIC 2019/MEL/ISIC_0057938.jpg,악성흑색종,6,isic2019,train
data/ISIC 2019/NV/ISIC_0000396_downsampled.jpg,멜라닌세포모반,2,isic2019,train
data/ISIC 2019/BKL/ISIC_0028100.jpg,지루각화증,7,isic2019,train
data/ISIC 2019/NV/ISIC_0065458.jpg,멜라닌세포모반,2,isic2019,train
data/ISIC 2019/MEL/ISIC_0025927.jpg,악성흑색종,6,isic2019,train
data/ISIC 2019/NV/ISIC_0053845.jpg,멜라닌세포모반,2,isic2019,train
data/ISIC 2019/MEL/ISIC_0067697.jpg,악성흑색종,6,isic2019,train
data/ISIC 2019/BCC/ISIC_0056691.jpg,기저세포암,1,isic2019,train
data/ISIC 2019/NV/ISIC_0032821.jpg,멜라닌세포모반,2,isic2019,train
data/ISIC 2019/NV/ISIC_0031960.jpg,멜라닌세포모반,2,isic2019,train
data/ISIC 2019/BCC/ISIC_0031041.jpg,기저세포암,1,isic2019,train
data/ISIC 2019/BCC/ISIC_0068783.jpg,기저세포암,1,isic2019,train
data/ISIC 2019/MEL/ISIC_0063450.jpg,악성흑색종,6,isic2019,train
data/ISIC 2019/NV/ISIC_0072284.jpg,멜라닌세포모반,2,isic2019,train
data/ISIC 2019/NV/ISIC_0072005.jpg,멜라닌세포모반,2,isic2019,train
data/ISIC 2019/MEL/ISIC_0055403.jpg,악성흑색종,6,isic2019,train
data/ISIC 2019/BKL/ISIC_0025136.jpg,지루각화증,7,isic2019,train
data/ISIC 2019/SCC/ISIC_0026203.jpg,편평세포암,8,isic2019,train
data/ISIC 2019/NV/ISIC_0027644.jpg,멜라닌세포모반,2,isic2019,train
data/ISIC 2019/BCC/ISIC_0069975.jpg,기저세포암,1,isic2019,train
data/ISIC 2019/MEL/ISIC_0027552.jpg,악성흑색종,6,isic2019,train
data/ISIC 2019/BKL/ISIC_0025654.jpg,지루각화증,7,isic2019,train
data/ISIC 2019/BCC/ISIC_0064649.jpg,기저세포암,1,isic2019,train
data/ISIC 2019/BKL/ISIC_0056053.jpg,지루각화증,7,isic2019,train
data/ISIC 2019/BCC/ISIC_0057117.jpg,기저세포암,1,isic2019,train
data/ISIC 2019/AK/ISIC_0055374.jpg,광선각화증,0,isic2019,train
data/ISIC 2019/NV/ISIC_0062483.jpg,멜라닌세포모반,2,isic2019,train
data/ISIC 2019/BKL/ISIC_0056909.jpg,지루각화증,7,isic2019,train
data/ISIC 2019/BCC/ISIC_0073061.jpg,기저세포암,1,isic2019,train
data/ISIC 2019/MEL/ISIC_0062239.jpg,악성흑색종,6,isic2019,train
data/ISIC 2019/MEL/ISIC_0069250.jpg,악성흑색종,6,isic2019,train
data/ISIC 2019/BCC/ISIC_0069378.jpg,기저세포암,1,isic2019,train
data/ISIC 2019/MEL/ISIC_0056614.jpg,악성흑색종,6,isic2019,train
data/ISIC 2019/SCC/ISIC_0069746.jpg,편평세포암,8,isic2019,train
data/ISIC 2019/MEL/ISIC_0054159.jpg,악성흑색종,6,isic2019,train
data/ISIC 2019/MEL/ISIC_0063143.jpg,악성흑색종,6,isic2019,train
data/ISIC 2019/MEL/ISIC_0014872_downsampled.jpg,악성흑색종,6,isic2019,train
data/ISIC 2019/BCC/ISIC_0058025.jpg,기저세포암,1,isic2019,train
data/ISIC 2019/SCC/ISIC_0024463.jpg,편평세포암,8,isic2019,train
data/ISIC 2019/BCC/ISIC_0056473.jpg,기저세포암,1,isic2019,train
data/ISIC 2019/BKL/ISIC_0024446.jpg,지루각화증,7,isic2019,train
data/ISIC 2019/MEL/ISIC_0060934.jpg,악성흑색종,6,isic2019,train
data/ISIC 2019/AK/ISIC_0073157.jpg,광선각화증,0,isic2019,train
data/ISIC 2019/BKL/ISIC_0062964.jpg,지루각화증,7,isic2019,train
data/ISIC 2019/MEL/ISIC_0014027_downsampled.jpg,악성흑색종,6,isic2019,train
data/ISIC 2019/BCC/ISIC_0060885.jpg,기저세포암,1,isic2019,train
data/ISIC 2019/BCC/ISIC_0060267.jpg,기저세포암,1,isic2019,train
data/ISIC 2019/NV/ISIC_0008998_downsampled.jpg,멜라닌세포모반,2,isic2019,train
data/ISIC 2019/BCC/ISIC_0055895.jpg,기저세포암,1,isic2019,train
data/ISIC 2019/NV/ISIC_0031158.jpg,멜라닌세포모반,2,isic2019,train
data/ISIC 2019/MEL/ISIC_0055105.jpg,악성흑색종,6,isic2019,train
data/ISIC 2019/MEL/ISIC_0056136.jpg,악성흑색종,6,isic2019,train
data/ISIC 2019/MEL/ISIC_0033496.jpg,악성흑색종,6,isic2019,train
data/ISIC 2019/NV/ISIC_0032127.jpg,멜라닌세포모반,2,isic2019,train
data/ISIC 2019/BCC/ISIC_0066115.jpg,기저세포암,1,isic2019,train
data/ISIC 2019/NV/ISIC_0054256.jpg,멜라닌세포모반,2,isic2019,train
data/ISIC 2019/MEL/ISIC_0054756.jpg,악성흑색종,6,isic2019,train
data/ISIC 2019/MEL/ISIC_0056063.jpg,악성흑색종,6,isic2019,train
data/ISIC 2019/BKL/ISIC_0069472.jpg,지루각화증,7,isic2019,train
data/ISIC 2019/BCC/ISIC_0062217.jpg,기저세포암,1,isic2019,train
data/ISIC 2019/NV/ISIC_0033935.jpg,멜라닌세포모반,2,isic2019,train
data/ISIC 2019/NV/ISIC_0032346.jpg,멜라닌세포모반,2,isic2019,train
data/ISIC 2019/NV/ISIC_0028581.jpg,멜라닌세포모반,2,isic2019,train
data/ISIC 2019/BCC/ISIC_0071116.jpg,기저세포암,1,isic2019,train
data/ISIC 2019/BKL/ISIC_0072343.jpg,지루각화증,7,isic2019,train
data/ISIC 2019/NV/ISIC_0031322.jpg,멜라닌세포모반,2,isic2019,train
data/ISIC 2019/NV/ISIC_0011145.jpg,멜라닌세포모반,2,isic2019,train
data/ISIC 2019/BKL/ISIC_0026249.jpg,지루각화증,7,isic2019,train
data/ISIC 2019/BCC/ISIC_0057069.jpg,기저세포암,1,isic2019,train
data/ISIC 2019/AK/ISIC_0065306.jpg,광선각화증,0,isic2019,train
data/ISIC 2019/MEL/ISIC_0013733_downsampled.jpg,악성흑색종,6,isic2019,train
data/ISIC 2019/NV/ISIC_0068105.jpg,멜라닌세포모반,2,isic2019,train
data/ISIC 2019/NV/ISIC_0024836.jpg,멜라닌세포모반,2,isic2019,train
data/ISIC 2019/MEL/ISIC_0032389.jpg,악성흑색종,6,isic2019,train
data/ISIC 2019/NV/ISIC_0028933.jpg,멜라닌세포모반,2,isic2019,train
data/ISIC 2019/BKL/ISIC_0013089_downsampled.jpg,지루각화증,7,isic2019,train
data/ISIC 2019/BCC/ISIC_0060372.jpg,기저세포암,1,isic2019,train
data/ISIC 2019/NV/ISIC_0000217.jpg,멜라닌세포모반,2,isic2019,train
data/ISIC 2019/SCC/ISIC_0057899.jpg,편평세포암,8,isic2019,train
data/ISIC 2019/NV/ISIC_0057498.jpg,멜라닌세포모반,2,isic2019,train
data/ISIC 2019/BKL/ISIC_0012986_downsampled.jpg,지루각화증,7,isic2019,train
data/ISIC 2019/BKL/ISIC_0054237.jpg,지루각화증,7,isic2019,train
data/ISIC 2019/NV/ISIC_0013559_downsampled.jpg,멜라닌세포모반,2,isic2019,train
data/ISIC 2019/NV/ISIC_0027434.jpg,멜라닌세포모반,2,isic2019,train
data/ISIC 2019/BCC/ISIC_0060684.jpg,기저세포암,1,isic2019,train
data/ISIC 2019/BKL/ISIC_0063911.jpg,지루각화증,7,isic2019,train
data/ISIC 2019/BCC/ISIC_0060880.jpg,기저세포암,1,isic2019,train
data/ISIC 2019/AK/ISIC_0062346.jpg,광선각화증,0,isic2019,train
data/ISIC 2019/BKL/ISIC_0030607.jpg,지루각화증,7,isic2019,train
data/ISIC 2019/BKL/ISIC_0068312.jpg,지루각화증,7,isic2019,train
data/ISIC 2019/BKL/ISIC_0069057.jpg,지루각화증,7,isic2019,train
data/ISIC 2019/BCC/ISIC_0059961.jpg,기저세포암,1,isic2019,train
data/ISIC 2019/BKL/ISIC_0032024.jpg,지루각화증,7,isic2019,train
data/ISIC 2019/MEL/ISIC_0058346.jpg,악성흑색종,6,isic2019,train
data/ISIC 2019/BKL/ISIC_0026311.jpg,지루각화증,7,isic2019,train
data/ISIC 2019/MEL/ISIC_0061057.jpg,악성흑색종,6,isic2019,train
data/ISIC 2019/BCC/ISIC_0053976.jpg,기저세포암,1,isic2019,train
data/ISIC 2019/NV/ISIC_0057106.jpg,멜라닌세포모반,2,isic2019,train
data/ISIC 2019/MEL/ISIC_0032984.jpg,악성흑색종,6,isic2019,train
data/ISIC 2019/AK/ISIC_0055452.jpg,광선각화증,0,isic2019,train
data/ISIC 2019/DF/ISIC_0028790.jpg,피부섬유종,10,isic2019,train
data/ISIC 2019/BCC/ISIC_0066020.jpg,기저세포암,1,isic2019,train
data/ISIC 2019/MEL/ISIC_0015005_downsampled.jpg,악성흑색종,6,isic2019,train
data/ISIC 2019/NV/ISIC_0030807.jpg,멜라닌세포모반,2,isic2019,train
data/ISIC 2019/NV/ISIC_0014961_downsampled.jpg,멜라닌세포모반,2,isic2019,train
data/ISIC 2019/BKL/ISIC_0056175.jpg,지루각화증,7,isic2019,train
data/ISIC 2019/MEL/ISIC_0013501_downsampled.jpg,악성흑색종,6,isic2019,train
data/ISIC 2019/MEL/ISIC_0056799.jpg,악성흑색종,6,isic2019,train
data/ISIC 2019/MEL/ISIC_0066756.jpg,악성흑색종,6,isic2019,train
data/ISIC 2019/NV/ISIC_0028260.jpg,멜라닌세포모반,2,isic2019,train
data/ISIC 2019/MEL/ISIC_0058003.jpg,악성흑색종,6,isic2019,train
data/ISIC 2019/AK/ISIC_0026457.jpg,광선각화증,0,isic2019,train
data/ISIC 2019/BCC/ISIC_0059776.jpg,기저세포암,1,isic2019,train
data/ISIC 2019/BKL/ISIC_0014264_downsampled.jpg,지루각화증,7,isic2019,train
data/ISIC 2019/BCC/ISIC_0060640.jpg,기저세포암,1,isic2019,train
data/ISIC 2019/NV/ISIC_0029701.jpg,멜라닌세포모반,2,isic2019,train
data/ISIC 2019/BKL/ISIC_0025140.jpg,지루각화증,7,isic2019,train
data/ISIC 2019/DF/ISIC_0033860.jpg,피부섬유종,10,isic2019,train
data/ISIC 2019/SCC/ISIC_0067044.jpg,편평세포암,8,isic2019,train
data/ISIC 2019/NV/ISIC_0025446.jpg,멜라닌세포모반,2,isic2019,train
data/ISIC 2019/NV/ISIC_0027375.jpg,멜라닌세포모반,2,isic2019,train
data/ISIC 2019/BCC/ISIC_0063747.jpg,기저세포암,1,isic2019,train
data/ISIC 2019/BCC/ISIC_0054338.jpg,기저세포암,1,isic2019,train
data/ISIC 2019/BCC/ISIC_0063809.jpg,기저세포암,1,isic2019,train
data/ISIC 2019/NV/ISIC_0024638.jpg,멜라닌세포모반,2,isic2019,train
data/ISIC 2019/BKL/ISIC_0013316_downsampled.jpg,지루각화증,7,isic2019,train
data/ISIC 2019/BCC/ISIC_0065429.jpg,기저세포암,1,isic2019,train
data/ISIC 2019/MEL/ISIC_0053513.jpg,악성흑색종,6,isic2019,train
data/ISIC 2019/NV/ISIC_0071622.jpg,멜라닌세포모반,2,isic2019,train
data/ISIC 2019/BKL/ISIC_0030005.jpg,지루각화증,7,isic2019,train
data/ISIC 2019/BCC/ISIC_0072251.jpg,기저세포암,1,isic2019,train
data/ISIC 2019/NV/ISIC_0057059.jpg,멜라닌세포모반,2,isic2019,train
data/ISIC 2019/AK/ISIC_0070311.jpg,광선각화증,0,isic2019,train
data/ISIC 2019/MEL/ISIC_0014920_downsampled.jpg,악성흑색종,6,isic2019,train
data/ISIC 2019/NV/ISIC_0064471.jpg,멜라닌세포모반,2,isic2019,train
data/ISIC 2019/BCC/ISIC_0059006.jpg,기저세포암,1,isic2019,train
data/ISIC 2019/MEL/ISIC_0064907.jpg,악성흑색종,6,isic2019,train
data/ISIC 2019/BCC/ISIC_0072640.jpg,기저세포암,1,isic2019,train
data/ISIC 2019/NV/ISIC_0067705.jpg,멜라닌세포모반,2,isic2019,train
data/ISIC 2019/MEL/ISIC_0032841.jpg,악성흑색종,6,isic2019,train
data/ISIC 2019/MEL/ISIC_0032922.jpg,악성흑색종,6,isic2019,train
data/ISIC 2019/NV/ISIC_0013664_downsampled.jpg,멜라닌세포모반,2,isic2019,train
data/ISIC 2019/BKL/ISIC_0058020.jpg,지루각화증,7,isic2019,train
data/ISIC 2019/DF/ISIC_0025668.jpg,피부섬유종,10,isic2019,train
data/ISIC 2019/BKL/ISIC_0029139.jpg,지루각화증,7,isic2019,train
data/ISIC 2019/BCC/ISIC_0029220.jpg,기저세포암,1,isic2019,train
data/ISIC 2019/BCC/ISIC_0070367.jpg,기저세포암,1,isic2019,train
data/ISIC 2019/SCC/ISIC_0066688.jpg,편평세포암,8,isic2019,train
data/ISIC 2019/NV/ISIC_0029338.jpg,멜라닌세포모반,2,isic2019,train
data/ISIC 2019/NV/ISIC_0029258.jpg,멜라닌세포모반,2,isic2019,train
data/ISIC 2019/SCC/ISIC_0067971.jpg,편평세포암,8,isic2019,train
data/ISIC 2019/AK/ISIC_0066786.jpg,광선각화증,0,isic2019,train
data/ISIC 2019/SCC/ISIC_0062233.jpg,편평세포암,8,isic2019,train
data/ISIC 2019/MEL/ISIC_0032662.jpg,악성흑색종,6,isic2019,train
data/ISIC 2019/NV/ISIC_0071611.jpg,멜라닌세포모반,2,isic2019,train
data/ISIC 2019/MEL/ISIC_0054670.jpg,악성흑색종,6,isic2019,train
data/ISIC 2019/MEL/ISIC_0063937.jpg,악성흑색종,6,isic2019,train
data/ISIC 2019/NV/ISIC_0024606.jpg,멜라닌세포모반,2,isic2019,train
data/ISIC 2019/MEL/ISIC_0068918.jpg,악성흑색종,6,isic2019,train
data/ISIC 2019/BKL/ISIC_0028750.jpg,지루각화증,7,isic2019,train
data/ISIC 2019/SCC/ISIC_0063474.jpg,편평세포암,8,isic2019,train
data/ISIC 2019/NV/ISIC_0060279.jpg,멜라닌세포모반,2,isic2019,train
data/ISIC 2019/BCC/ISIC_0064238.jpg,기저세포암,1,isic2019,train
data/ISIC 2019/MEL/ISIC_0060936.jpg,악성흑색종,6,isic2019,train
data/ISIC 2019/BKL/ISIC_0057210.jpg,지루각화증,7,isic2019,train
data/ISIC 2019/NV/ISIC_0063211.jpg,멜라닌세포모반,2,isic2019,train
data/ISIC 2019/NV/ISIC_0053758.jpg,멜라닌세포모반,2,isic2019,train
data/ISIC 2019/MEL/ISIC_0014337_downsampled.jpg,악성흑색종,6,isic2019,train
data/ISIC 2019/NV/ISIC_0031302.jpg,멜라닌세포모반,2,isic2019,train
data/ISIC 2019/BCC/ISIC_0067357.jpg,기저세포암,1,isic2019,train
data/ISIC 2019/NV/ISIC_0032815.jpg,멜라닌세포모반,2,isic2019,train
data/ISIC 2019/BKL/ISIC_0060479.jpg,지루각화증,7,isic2019,train
data/ISIC 2019/MEL/ISIC_0063133.jpg,악성흑색종,6,isic2019,train
data/ISIC 2019/NV/ISIC_0034063.jpg,멜라닌세포모반,2,isic2019,train
data/ISIC 2019/MEL/ISIC_0072985.jpg,악성흑색종,6,isic2019,train
data/ISIC 2019/MEL/ISIC_0057518.jpg,악성흑색종,6,isic2019,train
data/ISIC 2019/BCC/ISIC_0032225.jpg,기저세포암,1,isic2019,train
data/ISIC 2019/SCC/ISIC_0030341.jpg,편평세포암,8,isic2019,train
data/ISIC 2019/BCC/ISIC_0058387.jpg,기저세포암,1,isic2019,train
data/ISIC 2019/BCC/ISIC_0066697.jpg,기저세포암,1,isic2019,train
data/ISIC 2019/NV/ISIC_0060986.jpg,멜라닌세포모반,2,isic2019,train
data/ISIC 2019/NV/ISIC_0064882.jpg,멜라닌세포모반,2,isic2019,train
data/ISIC 2019/BKL/ISIC_0014583_downsampled.jpg,지루각화증,7,isic2019,train
data/ISIC 2019/BKL/ISIC_0069658.jpg,지루각화증,7,isic2019,train
data/ISIC 2019/AK/ISIC_0065070.jpg,광선각화증,0,isic2019,train
data/ISIC 2019/BCC/ISIC_0029391.jpg,기저세포암,1,isic2019,train
data/ISIC 2019/MEL/ISIC_0029660.jpg,악성흑색종,6,isic2019,train
data/ISIC 2019/BCC/ISIC_0055243.jpg,기저세포암,1,isic2019,train
data/ISIC 2019/BKL/ISIC_0028080.jpg,지루각화증,7,isic2019,train
data/ISIC 2019/AK/ISIC_0067759.jpg,광선각화증,0,isic2019,train
data/ISIC 2019/SCC/ISIC_0060280.jpg,편평세포암,8,isic2019,train
data/ISIC 2019/NV/ISIC_0061147.jpg,멜라닌세포모반,2,isic2019,train
data/ISIC 2019/BKL/ISIC_0032006.jpg,지루각화증,7,isic2019,train
data/ISIC 2019/NV/ISIC_0029498.jpg,멜라닌세포모반,2,isic2019,train
data/ISIC 2019/MEL/ISIC_0073249.jpg,악성흑색종,6,isic2019,train
data/ISIC 2019/BCC/ISIC_0062108.jpg,기저세포암,1,isic2019,train
data/ISIC 2019/MEL/ISIC_0028051.jpg,악성흑색종,6,isic2019,train
data/ISIC 2019/MEL/ISIC_0067960.jpg,악성흑색종,6,isic2019,train
data/ISIC 2019/DF/ISIC_0027107.jpg,피부섬유종,10,isic2019,train
data/ISIC 2019/BCC/ISIC_0029372.jpg,기저세포암,1,isic2019,train
data/ISIC 2019/MEL/ISIC_0061956.jpg,악성흑색종,6,isic2019,train
data/ISIC 2019/MEL/ISIC_0030106.jpg,악성흑색종,6,isic2019,train
data/ISIC 2019/MEL/ISIC_0011344.jpg,악성흑색종,6,isic2019,train
data/ISIC 2019/BCC/ISIC_0065785.jpg,기저세포암,1,isic2019,train
data/ISIC 2019/BKL/ISIC_0013166_downsampled.jpg,지루각화증,7,isic2019,train
data/ISIC 2019/BKL/ISIC_0030172.jpg,지루각화증,7,isic2019,train
data/ISIC 2019/BCC/ISIC_0032652.jpg,기저세포암,1,isic2019,train
data/ISIC 2019/NV/ISIC_0062456.jpg,멜라닌세포모반,2,isic2019,train
data/ISIC 2019/MEL/ISIC_0015124_downsampled.jpg,악성흑색종,6,isic2019,train
data/ISIC 2019/NV/ISIC_0026389.jpg,멜라닌세포모반,2,isic2019,train
data/ISIC 2019/BKL/ISIC_0071013.jpg,지루각화증,7,isic2019,train
data/ISIC 2019/AK/ISIC_0059211.jpg,광선각화증,0,isic2019,train
data/ISIC 2019/NV/ISIC_0058495.jpg,멜라닌세포모반,2,isic2019,train
data/ISIC 2019/MEL/ISIC_0032629.jpg,악성흑색종,6,isic2019,train
data/ISIC 2019/BCC/ISIC_0029020.jpg,기저세포암,1,isic2019,train
data/ISIC 2019/MEL/ISIC_0064337.jpg,악성흑색종,6,isic2019,train
data/ISIC 2019/MEL/ISIC_0033560.jpg,악성흑색종,6,isic2019,train
data/ISIC 2019/NV/ISIC_0010206.jpg,멜라닌세포모반,2,isic2019,train
data/ISIC 2019/NV/ISIC_0056518.jpg,멜라닌세포모반,2,isic2019,train
data/ISIC 2019/AK/ISIC_0033494.jpg,광선각화증,0,isic2019,train
data/ISIC 2019/NV/ISIC_0024738.jpg,멜라닌세포모반,2,isic2019,train
data/ISIC 2019/BKL/ISIC_0014591_downsampled.jpg,지루각화증,7,isic2019,train
data/ISIC 2019/NV/ISIC_0068337.jpg,멜라닌세포모반,2,isic2019,train
data/ISIC 2019/BCC/ISIC_0054530.jpg,기저세포암,1,isic2019,train
data/ISIC 2019/BCC/ISIC_0067228.jpg,기저세포암,1,isic2019,train
data/ISIC 2019/BKL/ISIC_0027310.jpg,지루각화증,7,isic2019,train
data/ISIC 2019/BKL/ISIC_0070512.jpg,지루각화증,7,isic2019,train
data/ISIC 2019/MEL/ISIC_0063445.jpg,악성흑색종,6,isic2019,train
data/ISIC 2019/MEL/ISIC_0065927.jpg,악성흑색종,6,isic2019,train
data/ISIC 2019/BKL/ISIC_0031468.jpg,지루각화증,7,isic2019,train
data/ISIC 2019/BCC/ISIC_0069423.jpg,기저세포암,1,isic2019,train
data/ISIC 2019/SCC/ISIC_0069201.jpg,편평세포암,8,isic2019,train
data/ISIC 2019/NV/ISIC_0065067.jpg,멜라닌세포모반,2,isic2019,train
data/ISIC 2019/MEL/ISIC_0057009.jpg,악성흑색종,6,isic2019,train
data/ISIC 2019/MEL/ISIC_0032533.jpg,악성흑색종,6,isic2019,train
data/ISIC 2019/BCC/ISIC_0066774.jpg,기저세포암,1,isic2019,train
data/ISIC 2019/BCC/ISIC_0072548.jpg,기저세포암,1,isic2019,train
data/ISIC 2019/BKL/ISIC_0063718.jpg,지루각화증,7,isic2019,train
data/ISIC 2019/AK/ISIC_0053666.jpg,광선각화증,0,isic2019,train
data/ISIC 2019/BCC/ISIC_0063400.jpg,기저세포암,1,isic2019,train
data/ISIC 2019/MEL/ISIC_0062301.jpg,악성흑색종,6,isic2019,train
data/ISIC 2019/BCC/ISIC_0071482.jpg,기저세포암,1,isic2019,train
data/ISIC 2019/NV/ISIC_0055177.jpg,멜라닌세포모반,2,isic2019,train
data/ISIC 2019/MEL/ISIC_0056246.jpg,악성흑색종,6,isic2019,train
data/ISIC 2019/BKL/ISIC_0033130.jpg,지루각화증,7,isic2019,train
data/ISIC 2019/BCC/ISIC_0071029.jpg,기저세포암,1,isic2019,train
data/ISIC 2019/BKL/ISIC_0031459.jpg,지루각화증,7,isic2019,train
data/ISIC 2019/BCC/ISIC_0054817.jpg,기저세포암,1,isic2019,train
data/ISIC 2019/NV/ISIC_0055358.jpg,멜라닌세포모반,2,isic2019,train
data/ISIC 2019/BCC/ISIC_0027722.jpg,기저세포암,1,isic2019,train
data/ISIC 2019/MEL/ISIC_0057019.jpg,악성흑색종,6,isic2019,train
data/ISIC 2019/BKL/ISIC_0059333.jpg,지루각화증,7,isic2019,train
data/ISIC 2019/MEL/ISIC_0032072.jpg,악성흑색종,6,isic2019,train
data/ISIC 2019/AK/ISIC_0066864.jpg,광선각화증,0,isic2019,train
data/ISIC 2019/BCC/ISIC_0030233.jpg,기저세포암,1,isic2019,train
data/ISIC 2019/MEL/ISIC_0034246.jpg,악성흑색종,6,isic2019,train
data/ISIC 2019/MEL/ISIC_0072271.jpg,악성흑색종,6,isic2019,train
data/ISIC 2019/MEL/ISIC_0072173.jpg,악성흑색종,6,isic2019,train
data/ISIC 2019/NV/ISIC_0055463.jpg,멜라닌세포모반,2,isic2019,train
data/ISIC 2019/BCC/ISIC_0067400.jpg,기저세포암,1,isic2019,train
data/ISIC 2019/MEL/ISIC_0034065.jpg,악성흑색종,6,isic2019,train
data/ISIC 2019/SCC/ISIC_0054057.jpg,편평세포암,8,isic2019,train
data/ISIC 2019/NV/ISIC_0073251.jpg,멜라닌세포모반,2,isic2019,train
data/ISIC 2019/BCC/ISIC_0062496.jpg,기저세포암,1,isic2019,train
data/ISIC 2019/BCC/ISIC_0066743.jpg,기저세포암,1,isic2019,train
data/ISIC 2019/BKL/ISIC_0056179.jpg,지루각화증,7,isic2019,train
data/ISIC 2019/BKL/ISIC_0058872.jpg,지루각화증,7,isic2019,train
data/ISIC 2019/NV/ISIC_0013830_downsampled.jpg,멜라닌세포모반,2,isic2019,train
data/ISIC 2019/MEL/ISIC_0066783.jpg,악성흑색종,6,isic2019,train
data/ISIC 2019/BCC/ISIC_0063806.jpg,기저세포암,1,isic2019,train
data/ISIC 2019/AK/ISIC_0029133.jpg,광선각화증,0,isic2019,train
data/ISIC 2019/BCC/ISIC_0058897.jpg,기저세포암,1,isic2019,train
data/ISIC 2019/BCC/ISIC_0026831.jpg,기저세포암,1,isic2019,train
data/ISIC 2019/SCC/ISIC_0032397.jpg,편평세포암,8,isic2019,train
data/ISIC 2019/BCC/ISIC_0061543.jpg,기저세포암,1,isic2019,train
data/ISIC 2019/BCC/ISIC_0064258.jpg,기저세포암,1,isic2019,train
data/ISIC 2019/MEL/ISIC_0024900.jpg,악성흑색종,6,isic2019,train
data/ISIC 2019/BCC/ISIC_0027920.jpg,기저세포암,1,isic2019,train
data/ISIC 2019/NV/ISIC_0000204_downsampled.jpg,멜라닌세포모반,2,isic2019,train
data/ISIC 2019/NV/ISIC_0032195.jpg,멜라닌세포모반,2,isic2019,train
data/ISIC 2019/MEL/ISIC_0014985_downsampled.jpg,악성흑색종,6,isic2019,train
data/ISIC 2019/NV/ISIC_0031247.jpg,멜라닌세포모반,2,isic2019,train
data/ISIC 2019/BCC/ISIC_0030352.jpg,기저세포암,1,isic2019,train
data/ISIC 2019/BCC/ISIC_0028095.jpg,기저세포암,1,isic2019,train
data/ISIC 2019/BCC/ISIC_0062927.jpg,기저세포암,1,isic2019,train
data/ISIC 2019/MEL/ISIC_0072843.jpg,악성흑색종,6,isic2019,train
data/ISIC 2019/NV/ISIC_0028064.jpg,멜라닌세포모반,2,isic2019,train
data/ISIC 2019/BCC/ISIC_0069813.jpg,기저세포암,1,isic2019,train
data/ISIC 2019/BCC/ISIC_0060476.jpg,기저세포암,1,isic2019,train
data/ISIC 2019/BCC/ISIC_0069329.jpg,기저세포암,1,isic2019,train
data/ISIC 2019/BKL/ISIC_0013929_downsampled.jpg,지루각화증,7,isic2019,train
data/ISIC 2019/BKL/ISIC_0063763.jpg,지루각화증,7,isic2019,train
data/ISIC 2019/MEL/ISIC_0026531.jpg,악성흑색종,6,isic2019,train
data/ISIC 2019/AK/ISIC_0057110.jpg,광선각화증,0,isic2019,train
data/ISIC 2019/NV/ISIC_0066130.jpg,멜라닌세포모반,2,isic2019,train
data/ISIC 2019/BKL/ISIC_0031436.jpg,지루각화증,7,isic2019,train
data/ISIC 2019/BKL/ISIC_0014639_downsampled.jpg,지루각화증,7,isic2019,train
data/ISIC 2019/MEL/ISIC_0062029.jpg,악성흑색종,6,isic2019,train
data/ISIC 2019/VASC/ISIC_0026876.jpg,혈관종,12,isic2019,train
data/ISIC 2019/BCC/ISIC_0070552.jpg,기저세포암,1,isic2019,train
data/ISIC 2019/BCC/ISIC_0072342.jpg,기저세포암,1,isic2019,train
data/ISIC 2019/NV/ISIC_0028462.jpg,멜라닌세포모반,2,isic2019,train
data/ISIC 2019/BCC/ISIC_0065721.jpg,기저세포암,1,isic2019,train
data/ISIC 2019/BKL/ISIC_0034259.jpg,지루각화증,7,isic2019,train
data/ISIC 2019/VASC/ISIC_0032270.jpg,혈관종,12,isic2019,train
data/ISIC 2019/BKL/ISIC_0029101.jpg,지루각화증,7,isic2019,train
data/ISIC 2019/BKL/ISIC_0024726.jpg,지루각화증,7,isic2019,train
data/ISIC 2019/BCC/ISIC_0060614.jpg,기저세포암,1,isic2019,train
data/ISIC 2019/MEL/ISIC_0014559_downsampled.jpg,악성흑색종,6,isic2019,train
data/ISIC 2019/BKL/ISIC_0065115.jpg,지루각화증,7,isic2019,train
data/ISIC 2019/BCC/ISIC_0068813.jpg,기저세포암,1,isic2019,train
data/ISIC 2019/BCC/ISIC_0066620.jpg,기저세포암,1,isic2019,train
data/ISIC 2019/BCC/ISIC_0068243.jpg,기저세포암,1,isic2019,train
data/ISIC 2019/BCC/ISIC_0054539.jpg,기저세포암,1,isic2019,train
data/ISIC 2019/MEL/ISIC_0012290_downsampled.jpg,악성흑색종,6,isic2019,train
data/ISIC 2019/MEL/ISIC_0010358.jpg,악성흑색종,6,isic2019,train
data/ISIC 2019/BCC/ISIC_0070197.jpg,기저세포암,1,isic2019,train
data/ISIC 2019/MEL/ISIC_0012434_downsampled.jpg,악성흑색종,6,isic2019,train
data/ISIC 2019/BCC/ISIC_0060991.jpg,기저세포암,1,isic2019,train
data/ISIC 2019/BKL/ISIC_0027192.jpg,지루각화증,7,isic2019,train
data/ISIC 2019/SCC/ISIC_0071948.jpg,편평세포암,8,isic2019,train
data/ISIC 2019/SCC/ISIC_0031119.jpg,편평세포암,8,isic2019,train
data/ISIC 2019/NV/ISIC_0026447.jpg,멜라닌세포모반,2,isic2019,train
data/ISIC 2019/BKL/ISIC_0014031_downsampled.jpg,지루각화증,7,isic2019,train
data/ISIC 2019/AK/ISIC_0027896.jpg,광선각화증,0,isic2019,train
data/ISIC 2019/BCC/ISIC_0064055.jpg,기저세포암,1,isic2019,train
data/ISIC 2019/BCC/ISIC_0055663.jpg,기저세포암,1,isic2019,train
data/ISIC 2019/BCC/ISIC_0069038.jpg,기저세포암,1,isic2019,train
data/ISIC 2019/NV/ISIC_0026272.jpg,멜라닌세포모반,2,isic2019,train
data/ISIC 2019/BCC/ISIC_0070642.jpg,기저세포암,1,isic2019,train
data/ISIC 2019/AK/ISIC_0063883.jpg,광선각화증,0,isic2019,train
data/ISIC 2019/NV/ISIC_0031714.jpg,멜라닌세포모반,2,isic2019,train
data/ISIC 2019/MEL/ISIC_0063981.jpg,악성흑색종,6,isic2019,train
data/ISIC 2019/BKL/ISIC_0014628_downsampled.jpg,지루각화증,7,isic2019,train
data/ISIC 2019/BKL/ISIC_0024490.jpg,지루각화증,7,isic2019,train
data/ISIC 2019/NV/ISIC_0032646.jpg,멜라닌세포모반,2,isic2019,train
data/ISIC 2019/BKL/ISIC_0013215_downsampled.jpg,지루각화증,7,isic2019,train
data/ISIC 2019/MEL/ISIC_0058559.jpg,악성흑색종,6,isic2019,train
data/ISIC 2019/MEL/ISIC_0032598.jpg,악성흑색종,6,isic2019,train
data/ISIC 2019/NV/ISIC_0024376.jpg,멜라닌세포모반,2,isic2019,train
data/ISIC 2019/NV/ISIC_0029866.jpg,멜라닌세포모반,2,isic2019,train
data/ISIC 2019/BKL/ISIC_0065744.jpg,지루각화증,7,isic2019,train
data/ISIC 2019/BKL/ISIC_0029612.jpg,지루각화증,7,isic2019,train
data/ISIC 2019/NV/ISIC_0032260.jpg,멜라닌세포모반,2,isic2019,train
data/ISIC 2019/BCC/ISIC_0054344.jpg,기저세포암,1,isic2019,train
data/ISIC 2019/MEL/ISIC_0061556.jpg,악성흑색종,6,isic2019,train
data/ISIC 2019/MEL/ISIC_0031186.jpg,악성흑색종,6,isic2019,train
data/ISIC 2019/BCC/ISIC_0059080.jpg,기저세포암,1,isic2019,train
data/ISIC 2019/BKL/ISIC_0055415.jpg,지루각화증,7,isic2019,train
data/ISIC 2019/BCC/ISIC_0073221.jpg,기저세포암,1,isic2019,train
data/ISIC 2019/BCC/ISIC_0061923.jpg,기저세포암,1,isic2019,train
data/ISIC 2019/BCC/ISIC_0070714.jpg,기저세포암,1,isic2019,train
data/ISIC 2019/AK/ISIC_0069544.jpg,광선각화증,0,isic2019,train
data/ISIC 2019/NV/ISIC_0053529.jpg,멜라닌세포모반,2,isic2019,train
data/ISIC 2019/MEL/ISIC_0062991.jpg,악성흑색종,6,isic2019,train
data/ISIC 2019/NV/ISIC_0032616.jpg,멜라닌세포모반,2,isic2019,train
data/ISIC 2019/BCC/ISIC_0029545.jpg,기저세포암,1,isic2019,train
data/ISIC 2019/BKL/ISIC_0056329.jpg,지루각화증,7,isic2019,train
data/ISIC 2019/SCC/ISIC_0067174.jpg,편평세포암,8,isic2019,train
data/ISIC 2019/BCC/ISIC_0064578.jpg,기저세포암,1,isic2019,train
data/ISIC 2019/BKL/ISIC_0030822.jpg,지루각화증,7,isic2019,train
data/ISIC 2019/AK/ISIC_0069384.jpg,광선각화증,0,isic2019,train
data/ISIC 2019/BCC/ISIC_0069094.jpg,기저세포암,1,isic2019,train
data/ISIC 2019/BCC/ISIC_0060168.jpg,기저세포암,1,isic2019,train
data/ISIC 2019/BKL/ISIC_0058537.jpg,지루각화증,7,isic2019,train
data/ISIC 2019/BCC/ISIC_0029331.jpg,기저세포암,1,isic2019,train
data/ISIC 2019/NV/ISIC_0032228.jpg,멜라닌세포모반,2,isic2019,train
data/ISIC 2019/BCC/ISIC_0066070.jpg,기저세포암,1,isic2019,train
data/ISIC 2019/NV/ISIC_0027927.jpg,멜라닌세포모반,2,isic2019,train
data/ISIC 2019/BKL/ISIC_0033523.jpg,지루각화증,7,isic2019,train
data/ISIC 2019/MEL/ISIC_0028968.jpg,악성흑색종,6,isic2019,train
data/ISIC 2019/AK/ISIC_0054583.jpg,광선각화증,0,isic2019,train
data/ISIC 2019/NV/ISIC_0030428.jpg,멜라닌세포모반,2,isic2019,train
data/ISIC 2019/SCC/ISIC_0029811.jpg,편평세포암,8,isic2019,train
data/ISIC 2019/BCC/ISIC_0026760.jpg,기저세포암,1,isic2019,train
data/ISIC 2019/BKL/ISIC_0033646.jpg,지루각화증,7,isic2019,train
data/ISIC 2019/BCC/ISIC_0031272.jpg,기저세포암,1,isic2019,train
data/ISIC 2019/BCC/ISIC_0061081.jpg,기저세포암,1,isic2019,train
data/ISIC 2019/BCC/ISIC_0066816.jpg,기저세포암,1,isic2019,train
data/ISIC 2019/BKL/ISIC_0032827.jpg,지루각화증,7,isic2019,train
data/ISIC 2019/BCC/ISIC_0069575.jpg,기저세포암,1,isic2019,train
data/ISIC 2019/SCC/ISIC_0028232.jpg,편평세포암,8,isic2019,train
data/ISIC 2019/BKL/ISIC_0071276.jpg,지루각화증,7,isic2019,train
data/ISIC 2019/BKL/ISIC_0066258.jpg,지루각화증,7,isic2019,train
data/ISIC 2019/BKL/ISIC_0029678.jpg,지루각화증,7,isic2019,train
data/ISIC 2019/AK/ISIC_0070232.jpg,광선각화증,0,isic2019,train
data/ISIC 2019/BCC/ISIC_0054881.jpg,기저세포암,1,isic2019,train
data/ISIC 2019/NV/ISIC_0033402.jpg,멜라닌세포모반,2,isic2019,train
data/ISIC 2019/MEL/ISIC_0025324.jpg,악성흑색종,6,isic2019,train
data/ISIC 2019/VASC/ISIC_0034196.jpg,혈관종,12,isic2019,train
data/ISIC 2019/MEL/ISIC_0063067.jpg,악성흑색종,6,isic2019,train
data/ISIC 2019/BKL/ISIC_0030346.jpg,지루각화증,7,isic2019,train
data/ISIC 2019/NV/ISIC_0013118_downsampled.jpg,멜라닌세포모반,2,isic2019,train
data/ISIC 2019/MEL/ISIC_0013636_downsampled.jpg,악성흑색종,6,isic2019,train
data/ISIC 2019/NV/ISIC_0069911.jpg,멜라닌세포모반,2,isic2019,train
data/ISIC 2019/BCC/ISIC_0053928.jpg,기저세포암,1,isic2019,train
data/ISIC 2019/BCC/ISIC_0055944.jpg,기저세포암,1,isic2019,train
data/ISIC 2019/MEL/ISIC_0070070.jpg,악성흑색종,6,isic2019,train
data/ISIC 2019/NV/ISIC_0028016.jpg,멜라닌세포모반,2,isic2019,train
data/ISIC 2019/BCC/ISIC_0060414.jpg,기저세포암,1,isic2019,train
data/ISIC 2019/BCC/ISIC_0058222.jpg,기저세포암,1,isic2019,train
data/ISIC 2019/MEL/ISIC_0063715.jpg,악성흑색종,6,isic2019,train
data/ISIC 2019/NV/ISIC_0025432.jpg,멜라닌세포모반,2,isic2019,train
data/ISIC 2019/BCC/ISIC_0057355.jpg,기저세포암,1,isic2019,train
data/ISIC 2019/SCC/ISIC_0064169.jpg,편평세포암,8,isic2019,train
data/ISIC 2019/MEL/ISIC_0057725.jpg,악성흑색종,6,isic2019,train
data/ISIC 2019/AK/ISIC_0063293.jpg,광선각화증,0,isic2019,train
data/ISIC 2019/BCC/ISIC_0055677.jpg,기저세포암,1,isic2019,train
data/ISIC 2019/NV/ISIC_0029957.jpg,멜라닌세포모반,2,isic2019,train
data/ISIC 2019/NV/ISIC_0030199.jpg,멜라닌세포모반,2,isic2019,train
data/ISIC 2019/NV/ISIC_0025172.jpg,멜라닌세포모반,2,isic2019,train
data/ISIC 2019/NV/ISIC_0029332.jpg,멜라닌세포모반,2,isic2019,train
data/ISIC 2019/BKL/ISIC_0029576.jpg,지루각화증,7,isic2019,train
data/ISIC 2019/NV/ISIC_0063765.jpg,멜라닌세포모반,2,isic2019,train
data/ISIC 2019/BCC/ISIC_0064420.jpg,기저세포암,1,isic2019,train
data/ISIC 2019/MEL/ISIC_0033893.jpg,악성흑색종,6,isic2019,train
data/ISIC 2019/MEL/ISIC_0010360.jpg,악성흑색종,6,isic2019,train
data/ISIC 2019/BCC/ISIC_0067774.jpg,기저세포암,1,isic2019,train
data/ISIC 2019/AK/ISIC_0056419.jpg,광선각화증,0,isic2019,train
data/ISIC 2019/NV/ISIC_0070375.jpg,멜라닌세포모반,2,isic2019,train
data/ISIC 2019/BKL/ISIC_0070284.jpg,지루각화증,7,isic2019,train
data/ISIC 2019/BKL/ISIC_0030081.jpg,지루각화증,7,isic2019,train
data/ISIC 2019/VASC/ISIC_0032932.jpg,혈관종,12,isic2019,train
data/ISIC 2019/MEL/ISIC_0056208.jpg,악성흑색종,6,isic2019,train
data/ISIC 2019/NV/ISIC_0067858.jpg,멜라닌세포모반,2,isic2019,train
data/ISIC 2019/BCC/ISIC_0065546.jpg,기저세포암,1,isic2019,train
data/ISIC 2019/MEL/ISIC_0068280.jpg,악성흑색종,6,isic2019,train
data/ISIC 2019/BKL/ISIC_0064778.jpg,지루각화증,7,isic2019,train
data/ISIC 2019/NV/ISIC_0025093.jpg,멜라닌세포모반,2,isic2019,train
data/ISIC 2019/BKL/ISIC_0067411.jpg,지루각화증,7,isic2019,train
data/ISIC 2019/MEL/ISIC_0070561.jpg,악성흑색종,6,isic2019,train
data/ISIC 2019/BKL/ISIC_0026530.jpg,지루각화증,7,isic2019,train
data/ISIC 2019/BKL/ISIC_0055942.jpg,지루각화증,7,isic2019,train
data/ISIC 2019/MEL/ISIC_0032638.jpg,악성흑색종,6,isic2019,train
data/ISIC 2019/SCC/ISIC_0024575.jpg,편평세포암,8,isic2019,train
data/ISIC 2019/BKL/ISIC_0070219.jpg,지루각화증,7,isic2019,train
data/ISIC 2019/BKL/ISIC_0058938.jpg,지루각화증,7,isic2019,train
data/ISIC 2019/AK/ISIC_0063100.jpg,광선각화증,0,isic2019,train
data/ISIC 2019/SCC/ISIC_0064522.jpg,편평세포암,8,isic2019,train
data/ISIC 2019/NV/ISIC_0024487.jpg,멜라닌세포모반,2,isic2019,train
data/ISIC 2019/AK/ISIC_0059032.jpg,광선각화증,0,isic2019,train
data/ISIC 2019/BKL/ISIC_0015044_downsampled.jpg,지루각화증,7,isic2019,train
data/ISIC 2019/NV/ISIC_0063921.jpg,멜라닌세포모반,2,isic2019,train
data/ISIC 2019/NV/ISIC_0065635.jpg,멜라닌세포모반,2,isic2019,train
data/ISIC 2019/BCC/ISIC_0059562.jpg,기저세포암,1,isic2019,train
data/ISIC 2019/BKL/ISIC_0058288.jpg,지루각화증,7,isic2019,train
data/ISIC 2019/BCC/ISIC_0071450.jpg,기저세포암,1,isic2019,train
data/ISIC 2019/AK/ISIC_0059372.jpg,광선각화증,0,isic2019,train
data/ISIC 2019/MEL/ISIC_0032690.jpg,악성흑색종,6,isic2019,train
data/ISIC 2019/NV/ISIC_0010567.jpg,멜라닌세포모반,2,isic2019,train
data/ISIC 2019/MEL/ISIC_0031389.jpg,악성흑색종,6,isic2019,train
data/ISIC 2019/BKL/ISIC_0033488.jpg,지루각화증,7,isic2019,train
data/ISIC 2019/NV/ISIC_0033563.jpg,멜라닌세포모반,2,isic2019,train
data/ISIC 2019/BCC/ISIC_0061473.jpg,기저세포암,1,isic2019,train
data/ISIC 2019/MEL/ISIC_0024351.jpg,악성흑색종,6,isic2019,train
data/ISIC 2019/BCC/ISIC_0025601.jpg,기저세포암,1,isic2019,train
data/ISIC 2019/BKL/ISIC_0033854.jpg,지루각화증,7,isic2019,train
data/ISIC 2019/NV/ISIC_0000354.jpg,멜라닌세포모반,2,isic2019,train
data/ISIC 2019/NV/ISIC_0014346_downsampled.jpg,멜라닌세포모반,2,isic2019,train
data/ISIC 2019/VASC/ISIC_0070703.jpg,혈관종,12,isic2019,train
data/ISIC 2019/BKL/ISIC_0013127_downsampled.jpg,지루각화증,7,isic2019,train
data/ISIC 2019/MEL/ISIC_0065448.jpg,악성흑색종,6,isic2019,train
data/ISIC 2019/BKL/ISIC_0060271.jpg,지루각화증,7,isic2019,train
data/ISIC 2019/BCC/ISIC_0062191.jpg,기저세포암,1,isic2019,train
data/ISIC 2019/NV/ISIC_0071292.jpg,멜라닌세포모반,2,isic2019,train
data/ISIC 2019/BCC/ISIC_0056014.jpg,기저세포암,1,isic2019,train
data/ISIC 2019/BKL/ISIC_0032967.jpg,지루각화증,7,isic2019,train
data/ISIC 2019/BKL/ISIC_0013189_downsampled.jpg,지루각화증,7,isic2019,train
data/ISIC 2019/MEL/ISIC_0013497_downsampled.jpg,악성흑색종,6,isic2019,train
data/ISIC 2019/MEL/ISIC_0062016.jpg,악성흑색종,6,isic2019,train
data/ISIC 2019/NV/ISIC_0028776.jpg,멜라닌세포모반,2,isic2019,train
data/ISIC 2019/BKL/ISIC_0012210_downsampled.jpg,지루각화증,7,isic2019,train
data/ISIC 2019/MEL/ISIC_0068762.jpg,악성흑색종,6,isic2019,train
data/ISIC 2019/BKL/ISIC_0027649.jpg,지루각화증,7,isic2019,train
data/ISIC 2019/AK/ISIC_0065301.jpg,광선각화증,0,isic2019,train
data/ISIC 2019/VASC/ISIC_0032775.jpg,혈관종,12,isic2019,train
data/ISIC 2019/BKL/ISIC_0033246.jpg,지루각화증,7,isic2019,train
data/ISIC 2019/NV/ISIC_0010022.jpg,멜라닌세포모반,2,isic2019,train
data/ISIC 2019/NV/ISIC_0057133.jpg,멜라닌세포모반,2,isic2019,train
data/ISIC 2019/VASC/ISIC_0024370.jpg,혈관종,12,isic2019,train
data/ISIC 2019/BKL/ISIC_0014432_downsampled.jpg,지루각화증,7,isic2019,train
data/ISIC 2019/NV/ISIC_0015482_downsampled.jpg,멜라닌세포모반,2,isic2019,train
data/ISIC 2019/MEL/ISIC_0059343.jpg,악성흑색종,6,isic2019,train
data/ISIC 2019/AK/ISIC_0067592.jpg,광선각화증,0,isic2019,train
data/ISIC 2019/MEL/ISIC_0031077.jpg,악성흑색종,6,isic2019,train
data/ISIC 2019/NV/ISIC_0033396.jpg,멜라닌세포모반,2,isic2019,train
data/ISIC 2019/MEL/ISIC_0071335.jpg,악성흑색종,6,isic2019,train
data/ISIC 2019/BCC/ISIC_0056220.jpg,기저세포암,1,isic2019,train
data/ISIC 2019/BCC/ISIC_0070817.jpg,기저세포암,1,isic2019,train
data/ISIC 2019/NV/ISIC_0032670.jpg,멜라닌세포모반,2,isic2019,train
data/ISIC 2019/BCC/ISIC_0068159.jpg,기저세포암,1,isic2019,train
data/ISIC 2019/BKL/ISIC_0013458_downsampled.jpg,지루각화증,7,isic2019,train
data/ISIC 2019/AK/ISIC_0061464.jpg,광선각화증,0,isic2019,train
data/ISIC 2019/MEL/ISIC_0031377.jpg,악성흑색종,6,isic2019,train
data/ISIC 2019/BKL/ISIC_0056515.jpg,지루각화증,7,isic2019,train
data/ISIC 2019/MEL/ISIC_0032918.jpg,악성흑색종,6,isic2019,train
data/ISIC 2019/MEL/ISIC_0061894.jpg,악성흑색종,6,isic2019,train
data/ISIC 2019/MEL/ISIC_0071197.jpg,악성흑색종,6,isic2019,train
data/ISIC 2019/NV/ISIC_0034260.jpg,멜라닌세포모반,2,isic2019,train
data/ISIC 2019/BKL/ISIC_0067620.jpg,지루각화증,7,isic2019,train
data/ISIC 2019/BCC/ISIC_0061587.jpg,기저세포암,1,isic2019,train
data/ISIC 2019/MEL/ISIC_0055179.jpg,악성흑색종,6,isic2019,train
data/ISIC 2019/BCC/ISIC_0059009.jpg,기저세포암,1,isic2019,train
data/ISIC 2019/MEL/ISIC_0058617.jpg,악성흑색종,6,isic2019,train
data/ISIC 2019/MEL/ISIC_0013457_downsampled.jpg,악성흑색종,6,isic2019,train
data/ISIC 2019/BCC/ISIC_0059057.jpg,기저세포암,1,isic2019,train
data/ISIC 2019/BCC/ISIC_0058703.jpg,기저세포암,1,isic2019,train
data/ISIC 2019/MEL/ISIC_0054284.jpg,악성흑색종,6,isic2019,train
data/ISIC 2019/MEL/ISIC_0010321.jpg,악성흑색종,6,isic2019,train
data/ISIC 2019/NV/ISIC_0029264.jpg,멜라닌세포모반,2,isic2019,train
data/ISIC 2019/BCC/ISIC_0061740.jpg,기저세포암,1,isic2019,train
data/ISIC 2019/AK/ISIC_0071946.jpg,광선각화증,0,isic2019,train
data/ISIC 2019/MEL/ISIC_0058770.jpg,악성흑색종,6,isic2019,train
data/ISIC 2019/BCC/ISIC_0070721.jpg,기저세포암,1,isic2019,train
data/ISIC 2019/BCC/ISIC_0060798.jpg,기저세포암,1,isic2019,train
data/ISIC 2019/BCC/ISIC_0067674.jpg,기저세포암,1,isic2019,train
data/ISIC 2019/MEL/ISIC_0064240.jpg,악성흑색종,6,isic2019,train
data/ISIC 2019/NV/ISIC_0025082.jpg,멜라닌세포모반,2,isic2019,train
data/ISIC 2019/MEL/ISIC_0066422.jpg,악성흑색종,6,isic2019,train
data/ISIC 2019/NV/ISIC_0054554.jpg,멜라닌세포모반,2,isic2019,train
data/ISIC 2019/MEL/ISIC_0030754.jpg,악성흑색종,6,isic2019,train
data/ISIC 2019/NV/ISIC_0027611.jpg,멜라닌세포모반,2,isic2019,train
data/ISIC 2019/MEL/ISIC_0070463.jpg,악성흑색종,6,isic2019,train
data/ISIC 2019/NV/ISIC_0069728.jpg,멜라닌세포모반,2,isic2019,train
data/ISIC 2019/BCC/ISIC_0067851.jpg,기저세포암,1,isic2019,train
data/ISIC 2019/NV/ISIC_0027716.jpg,멜라닌세포모반,2,isic2019,train
data/ISIC 2019/MEL/ISIC_0067317.jpg,악성흑색종,6,isic2019,train
data/ISIC 2019/MEL/ISIC_0032869.jpg,악성흑색종,6,isic2019,train
data/ISIC 2019/SCC/ISIC_0026411.jpg,편평세포암,8,isic2019,train
data/ISIC 2019/BKL/ISIC_0032235.jpg,지루각화증,7,isic2019,train
data/ISIC 2019/BKL/ISIC_0060925.jpg,지루각화증,7,isic2019,train
data/ISIC 2019/AK/ISIC_0065880.jpg,광선각화증,0,isic2019,train
data/ISIC 2019/BKL/ISIC_0014191_downsampled.jpg,지루각화증,7,isic2019,train
data/ISIC 2019/NV/ISIC_0060321.jpg,멜라닌세포모반,2,isic2019,train
data/ISIC 2019/MEL/ISIC_0064783.jpg,악성흑색종,6,isic2019,train
data/ISIC 2019/BCC/ISIC_0055089.jpg,기저세포암,1,isic2019,train
data/ISIC 2019/SCC/ISIC_0061690.jpg,편평세포암,8,isic2019,train
data/ISIC 2019/NV/ISIC_0029441.jpg,멜라닌세포모반,2,isic2019,train
data/ISIC 2019/BCC/ISIC_0058128.jpg,기저세포암,1,isic2019,train
data/ISIC 2019/BKL/ISIC_0029003.jpg,지루각화증,7,isic2019,train
data/ISIC 2019/MEL/ISIC_0033120.jpg,악성흑색종,6,isic2019,train
data/ISIC 2019/BCC/ISIC_0063506.jpg,기저세포암,1,isic2019,train
data/ISIC 2019/BCC/ISIC_0058774.jpg,기저세포암,1,isic2019,train
data/ISIC 2019/BKL/ISIC_0066013.jpg,지루각화증,7,isic2019,train
data/ISIC 2019/MEL/ISIC_0032596.jpg,악성흑색종,6,isic2019,train
data/ISIC 2019/BCC/ISIC_0070975.jpg,기저세포암,1,isic2019,train
data/ISIC 2019/MEL/ISIC_0069391.jpg,악성흑색종,6,isic2019,train
data/ISIC 2019/BCC/ISIC_0068723.jpg,기저세포암,1,isic2019,train
data/ISIC 2019/NV/ISIC_0027642.jpg,멜라닌세포모반,2,isic2019,train
data/ISIC 2019/NV/ISIC_0032499.jpg,멜라닌세포모반,2,isic2019,train
data/ISIC 2019/NV/ISIC_0072627.jpg,멜라닌세포모반,2,isic2019,train
data/ISIC 2019/BKL/ISIC_0013742_downsampled.jpg,지루각화증,7,isic2019,train
data/ISIC 2019/DF/ISIC_0030321.jpg,피부섬유종,10,isic2019,train
data/ISIC 2019/MEL/ISIC_0060080.jpg,악성흑색종,6,isic2019,train
data/ISIC 2019/BKL/ISIC_0031223.jpg,지루각화증,7,isic2019,train
data/ISIC 2019/BCC/ISIC_0056486.jpg,기저세포암,1,isic2019,train
data/ISIC 2019/MEL/ISIC_0065229.jpg,악성흑색종,6,isic2019,train
data/ISIC 2019/NV/ISIC_0065601.jpg,멜라닌세포모반,2,isic2019,train
data/ISIC 2019/BCC/ISIC_0062199.jpg,기저세포암,1,isic2019,train
data/ISIC 2019/BCC/ISIC_0056383.jpg,기저세포암,1,isic2019,train
data/ISIC 2019/MEL/ISIC_0033636.jpg,악성흑색종,6,isic2019,train
data/ISIC 2019/BCC/ISIC_0059984.jpg,기저세포암,1,isic2019,train
data/ISIC 2019/NV/ISIC_0055461.jpg,멜라닌세포모반,2,isic2019,train
data/ISIC 2019/BKL/ISIC_0025389.jpg,지루각화증,7,isic2019,train
data/ISIC 2019/BKL/ISIC_0059055.jpg,지루각화증,7,isic2019,train
data/ISIC 2019/BKL/ISIC_0027850.jpg,지루각화증,7,isic2019,train
data/ISIC 2019/BKL/ISIC_0026637.jpg,지루각화증,7,isic2019,train
data/ISIC 2019/AK/ISIC_0065584.jpg,광선각화증,0,isic2019,train
data/ISIC 2019/BKL/ISIC_0056882.jpg,지루각화증,7,isic2019,train
data/ISIC 2019/MEL/ISIC_0071289.jpg,악성흑색종,6,isic2019,train
data/ISIC 2019/MEL/ISIC_0033545.jpg,악성흑색종,6,isic2019,train
data/ISIC 2019/BKL/ISIC_0025086.jpg,지루각화증,7,isic2019,train
data/ISIC 2019/BKL/ISIC_0053661.jpg,지루각화증,7,isic2019,train
data/ISIC 2019/NV/ISIC_0025620.jpg,멜라닌세포모반,2,isic2019,train
data/ISIC 2019/BCC/ISIC_0066979.jpg,기저세포암,1,isic2019,train
data/ISIC 2019/BCC/ISIC_0065116.jpg,기저세포암,1,isic2019,train
data/ISIC 2019/MEL/ISIC_0034034.jpg,악성흑색종,6,isic2019,train
data/ISIC 2019/SCC/ISIC_0026100.jpg,편평세포암,8,isic2019,train
data/ISIC 2019/AK/ISIC_0053944.jpg,광선각화증,0,isic2019,train
data/ISIC 2019/NV/ISIC_0032524.jpg,멜라닌세포모반,2,isic2019,train
data/ISIC 2019/BCC/ISIC_0063462.jpg,기저세포암,1,isic2019,train
data/ISIC 2019/NV/ISIC_0062076.jpg,멜라닌세포모반,2,isic2019,train
data/ISIC 2019/BCC/ISIC_0033218.jpg,기저세포암,1,isic2019,train
data/ISIC 2019/BCC/ISIC_0053514.jpg,기저세포암,1,isic2019,train
data/ISIC 2019/AK/ISIC_0066509.jpg,광선각화증,0,isic2019,train
data/ISIC 2019/NV/ISIC_0026971.jpg,멜라닌세포모반,2,isic2019,train
data/ISIC 2019/AK/ISIC_0067394.jpg,광선각화증,0,isic2019,train
data/ISIC 2019/AK/ISIC_0059874.jpg,광선각화증,0,isic2019,train
data/ISIC 2019/MEL/ISIC_0068895.jpg,악성흑색종,6,isic2019,train
data/ISIC 2019/BKL/ISIC_0055988.jpg,지루각화증,7,isic2019,train
data/ISIC 2019/MEL/ISIC_0067733.jpg,악성흑색종,6,isic2019,train
data/ISIC 2019/MEL/ISIC_0029630.jpg,악성흑색종,6,isic2019,train
data/ISIC 2019/BKL/ISIC_0071683.jpg,지루각화증,7,isic2019,train
data/ISIC 2019/MEL/ISIC_0029453.jpg,악성흑색종,6,isic2019,train
data/ISIC 2019/MEL/ISIC_0060749.jpg,악성흑색종,6,isic2019,train
data/ISIC 2019/AK/ISIC_0056278.jpg,광선각화증,0,isic2019,train
data/ISIC 2019/DF/ISIC_0059265.jpg,피부섬유종,10,isic2019,train
data/ISIC 2019/BKL/ISIC_0073021.jpg,지루각화증,7,isic2019,train
data/ISIC 2019/SCC/ISIC_0062951.jpg,편평세포암,8,isic2019,train
data/ISIC 2019/NV/ISIC_0013601_downsampled.jpg,멜라닌세포모반,2,isic2019,train
data/ISIC 2019/MEL/ISIC_0068545.jpg,악성흑색종,6,isic2019,train
data/ISIC 2019/AK/ISIC_0072038.jpg,광선각화증,0,isic2019,train
data/ISIC 2019/MEL/ISIC_0032836.jpg,악성흑색종,6,isic2019,train
data/ISIC 2019/MEL/ISIC_0015167_downsampled.jpg,악성흑색종,6,isic2019,train
data/ISIC 2019/BCC/ISIC_0065953.jpg,기저세포암,1,isic2019,train
data/ISIC 2019/SCC/ISIC_0030821.jpg,편평세포암,8,isic2019,train
data/ISIC 2019/BCC/ISIC_0065256.jpg,기저세포암,1,isic2019,train
data/ISIC 2019/BKL/ISIC_0056687.jpg,지루각화증,7,isic2019,train
data/ISIC 2019/MEL/ISIC_0024367.jpg,악성흑색종,6,isic2019,train
data/ISIC 2019/BKL/ISIC_0013397_downsampled.jpg,지루각화증,7,isic2019,train
data/ISIC 2019/BKL/ISIC_0030465.jpg,지루각화증,7,isic2019,train
data/ISIC 2019/MEL/ISIC_0024702.jpg,악성흑색종,6,isic2019,train
data/ISIC 2019/MEL/ISIC_0014144_downsampled.jpg,악성흑색종,6,isic2019,train
data/ISIC 2019/MEL/ISIC_0057609.jpg,악성흑색종,6,isic2019,train
data/ISIC 2019/MEL/ISIC_0069583.jpg,악성흑색종,6,isic2019,train
data/ISIC 2019/BCC/ISIC_0054771.jpg,기저세포암,1,isic2019,train
data/ISIC 2019/BCC/ISIC_0055758.jpg,기저세포암,1,isic2019,train
data/ISIC 2019/BCC/ISIC_0067833.jpg,기저세포암,1,isic2019,train
data/ISIC 2019/NV/ISIC_0012261_downsampled.jpg,멜라닌세포모반,2,isic2019,train
data/ISIC 2019/BKL/ISIC_0055027.jpg,지루각화증,7,isic2019,train
data/ISIC 2019/MEL/ISIC_0059697.jpg,악성흑색종,6,isic2019,train
data/ISIC 2019/BCC/ISIC_0060137.jpg,기저세포암,1,isic2019,train
data/ISIC 2019/BCC/ISIC_0054036.jpg,기저세포암,1,isic2019,train
data/ISIC 2019/NV/ISIC_0064988.jpg,멜라닌세포모반,2,isic2019,train
data/ISIC 2019/BCC/ISIC_0069188.jpg,기저세포암,1,isic2019,train
data/ISIC 2019/MEL/ISIC_0032517.jpg,악성흑색종,6,isic2019,train
data/ISIC 2019/BCC/ISIC_0068701.jpg,기저세포암,1,isic2019,train
data/ISIC 2019/BKL/ISIC_0013170_downsampled.jpg,지루각화증,7,isic2019,train
data/ISIC 2019/NV/ISIC_0032911.jpg,멜라닌세포모반,2,isic2019,train
data/ISIC 2019/MEL/ISIC_0033708.jpg,악성흑색종,6,isic2019,train
data/ISIC 2019/SCC/ISIC_0054644.jpg,편평세포암,8,isic2019,train
data/ISIC 2019/NV/ISIC_0010185.jpg,멜라닌세포모반,2,isic2019,train
data/ISIC 2019/VASC/ISIC_0032409.jpg,혈관종,12,isic2019,train
data/ISIC 2019/BKL/ISIC_0012272_downsampled.jpg,지루각화증,7,isic2019,train
data/ISIC 2019/MEL/ISIC_0014186_downsampled.jpg,악성흑색종,6,isic2019,train
data/ISIC 2019/NV/ISIC_0071165.jpg,멜라닌세포모반,2,isic2019,train
data/ISIC 2019/BKL/ISIC_0012516_downsampled.jpg,지루각화증,7,isic2019,train
data/ISIC 2019/NV/ISIC_0025653.jpg,멜라닌세포모반,2,isic2019,train
data/ISIC 2019/BCC/ISIC_0059717.jpg,기저세포암,1,isic2019,train
data/ISIC 2019/NV/ISIC_0025839.jpg,멜라닌세포모반,2,isic2019,train
data/ISIC 2019/MEL/ISIC_0058284.jpg,악성흑색종,6,isic2019,train
data/ISIC 2019/AK/ISIC_0056002.jpg,광선각화증,0,isic2019,train
data/ISIC 2019/AK/ISIC_0064735.jpg,광선각화증,0,isic2019,train
data/ISIC 2019/AK/ISIC_0033358.jpg,광선각화증,0,isic2019,train
data/ISIC 2019/MEL/ISIC_0030440.jpg,악성흑색종,6,isic2019,train
data/ISIC 2019/MEL/ISIC_0060256.jpg,악성흑색종,6,isic2019,train
data/ISIC 2019/BKL/ISIC_0071421.jpg,지루각화증,7,isic2019,train
data/ISIC 2019/SCC/ISIC_0068380.jpg,편평세포암,8,isic2019,train
data/ISIC 2019/NV/ISIC_0028599.jpg,멜라닌세포모반,2,isic2019,train
data/ISIC 2019/BCC/ISIC_0069180.jpg,기저세포암,1,isic2019,train
data/ISIC 2019/NV/ISIC_0015215_downsampled.jpg,멜라닌세포모반,2,isic2019,train
data/ISIC 2019/NV/ISIC_0012400_downsampled.jpg,멜라닌세포모반,2,isic2019,train
data/ISIC 2019/BKL/ISIC_0012974_downsampled.jpg,지루각화증,7,isic2019,train
data/ISIC 2019/NV/ISIC_0024719.jpg,멜라닌세포모반,2,isic2019,train
data/ISIC 2019/BCC/ISIC_0054158.jpg,기저세포암,1,isic2019,train
data/ISIC 2019/BKL/ISIC_0028702.jpg,지루각화증,7,isic2019,train
data/ISIC 2019/BKL/ISIC_0072901.jpg,지루각화증,7,isic2019,train
data/ISIC 2019/AK/ISIC_0058431.jpg,광선각화증,0,isic2019,train
data/ISIC 2019/NV/ISIC_0055548.jpg,멜라닌세포모반,2,isic2019,train
data/ISIC 2019/SCC/ISIC_0072519.jpg,편평세포암,8,isic2019,train
data/ISIC 2019/BKL/ISIC_0014419_downsampled.jpg,지루각화증,7,isic2019,train
data/ISIC 2019/NV/ISIC_0009874.jpg,멜라닌세포모반,2,isic2019,train
data/ISIC 2019/MEL/ISIC_0034236.jpg,악성흑색종,6,isic2019,train
data/ISIC 2019/BCC/ISIC_0059524.jpg,기저세포암,1,isic2019,train
data/ISIC 2019/SCC/ISIC_0061263.jpg,편평세포암,8,isic2019,train
data/ISIC 2019/BCC/ISIC_0059255.jpg,기저세포암,1,isic2019,train
data/ISIC 2019/BCC/ISIC_0054789.jpg,기저세포암,1,isic2019,train
data/ISIC 2019/BCC/ISIC_0065570.jpg,기저세포암,1,isic2019,train
data/ISIC 2019/BCC/ISIC_0061483.jpg,기저세포암,1,isic2019,train
data/ISIC 2019/MEL/ISIC_0066860.jpg,악성흑색종,6,isic2019,train
data/ISIC 2019/AK/ISIC_0069898.jpg,광선각화증,0,isic2019,train
data/ISIC 2019/MEL/ISIC_0073097.jpg,악성흑색종,6,isic2019,train
data/ISIC 2019/MEL/ISIC_0027204.jpg,악성흑색종,6,isic2019,train
data/ISIC 2019/NV/ISIC_0015544_downsampled.jpg,멜라닌세포모반,2,isic2019,train
data/ISIC 2019/AK/ISIC_0064063.jpg,광선각화증,0,isic2019,train
data/ISIC 2019/BCC/ISIC_0025718.jpg,기저세포암,1,isic2019,train
data/ISIC 2019/BCC/ISIC_0061946.jpg,기저세포암,1,isic2019,train
data/ISIC 2019/AK/ISIC_0072986.jpg,광선각화증,0,isic2019,train
data/ISIC 2019/NV/ISIC_0032034.jpg,멜라닌세포모반,2,isic2019,train
data/ISIC 2019/SCC/ISIC_0062409.jpg,편평세포암,8,isic2019,train
data/ISIC 2019/BKL/ISIC_0032382.jpg,지루각화증,7,isic2019,train
data/ISIC 2019/NV/ISIC_0026323.jpg,멜라닌세포모반,2,isic2019,train
data/ISIC 2019/BCC/ISIC_0058903.jpg,기저세포암,1,isic2019,train
data/ISIC 2019/BCC/ISIC_0067279.jpg,기저세포암,1,isic2019,train
data/ISIC 2019/AK/ISIC_0054359.jpg,광선각화증,0,isic2019,train
data/ISIC 2019/DF/ISIC_0028926.jpg,피부섬유종,10,isic2019,train
data/ISIC 2019/MEL/ISIC_0054229.jpg,악성흑색종,6,isic2019,train
data/ISIC 2019/BKL/ISIC_0064106.jpg,지루각화증,7,isic2019,train
data/ISIC 2019/BCC/ISIC_0028653.jpg,기저세포암,1,isic2019,train
data/ISIC 2019/NV/ISIC_0067161.jpg,멜라닌세포모반,2,isic2019,train
data/ISIC 2019/NV/ISIC_0025547.jpg,멜라닌세포모반,2,isic2019,train
data/ISIC 2019/NV/ISIC_0058156.jpg,멜라닌세포모반,2,isic2019,train
data/ISIC 2019/BCC/ISIC_0072052.jpg,기저세포암,1,isic2019,train
data/ISIC 2019/BKL/ISIC_0024420.jpg,지루각화증,7,isic2019,train
data/ISIC 2019/BCC/ISIC_0065422.jpg,기저세포암,1,isic2019,train
data/ISIC 2019/BCC/ISIC_0071085.jpg,기저세포암,1,isic2019,train
data/ISIC 2019/AK/ISIC_0068823.jpg,광선각화증,0,isic2019,train
data/ISIC 2019/AK/ISIC_0066563.jpg,광선각화증,0,isic2019,train
data/ISIC 2019/AK/ISIC_0066892.jpg,광선각화증,0,isic2019,train
data/ISIC 2019/BCC/ISIC_0055108.jpg,기저세포암,1,isic2019,train
data/ISIC 2019/MEL/ISIC_0062686.jpg,악성흑색종,6,isic2019,train
data/ISIC 2019/MEL/ISIC_0065944.jpg,악성흑색종,6,isic2019,train
data/ISIC 2019/MEL/ISIC_0027507.jpg,악성흑색종,6,isic2019,train
data/ISIC 2019/BCC/ISIC_0072276.jpg,기저세포암,1,isic2019,train
data/ISIC 2019/BKL/ISIC_0026107.jpg,지루각화증,7,isic2019,train
data/ISIC 2019/MEL/ISIC_0033473.jpg,악성흑색종,6,isic2019,train
data/ISIC 2019/BCC/ISIC_0033146.jpg,기저세포암,1,isic2019,train
data/ISIC 2019/BCC/ISIC_0031407.jpg,기저세포암,1,isic2019,train
data/ISIC 2019/BCC/ISIC_0060803.jpg,기저세포암,1,isic2019,train
data/ISIC 2019/BKL/ISIC_0064942.jpg,지루각화증,7,isic2019,train
data/ISIC 2019/MEL/ISIC_0012382_downsampled.jpg,악성흑색종,6,isic2019,train
data/ISIC 2019/BKL/ISIC_0027754.jpg,지루각화증,7,isic2019,train
data/ISIC 2019/BKL/ISIC_0070073.jpg,지루각화증,7,isic2019,train
data/ISIC 2019/BKL/ISIC_0012103_downsampled.jpg,지루각화증,7,isic2019,train
data/ISIC 2019/NV/ISIC_0033970.jpg,멜라닌세포모반,2,isic2019,train
data/ISIC 2019/NV/ISIC_0029058.jpg,멜라닌세포모반,2,isic2019,train
data/ISIC 2019/MEL/ISIC_0033668.jpg,악성흑색종,6,isic2019,train
data/ISIC 2019/MEL/ISIC_0065954.jpg,악성흑색종,6,isic2019,train
data/ISIC 2019/NV/ISIC_0057066.jpg,멜라닌세포모반,2,isic2019,train
data/ISIC 2019/NV/ISIC_0032186.jpg,멜라닌세포모반,2,isic2019,train
data/ISIC 2019/BKL/ISIC_0025819.jpg,지루각화증,7,isic2019,train
data/ISIC 2019/MEL/ISIC_0062454.jpg,악성흑색종,6,isic2019,train
data/ISIC 2019/BKL/ISIC_0014572_downsampled.jpg,지루각화증,7,isic2019,train
data/ISIC 2019/NV/ISIC_0031793.jpg,멜라닌세포모반,2,isic2019,train
data/ISIC 2019/BKL/ISIC_0033784.jpg,지루각화증,7,isic2019,train
data/ISIC 2019/BCC/ISIC_0061239.jpg,기저세포암,1,isic2019,train
data/ISIC 2019/MEL/ISIC_0054377.jpg,악성흑색종,6,isic2019,train
data/ISIC 2019/BKL/ISIC_0027151.jpg,지루각화증,7,isic2019,train
data/ISIC 2019/MEL/ISIC_0014148_downsampled.jpg,악성흑색종,6,isic2019,train
data/ISIC 2019/NV/ISIC_0032484.jpg,멜라닌세포모반,2,isic2019,train
data/ISIC 2019/MEL/ISIC_0065379.jpg,악성흑색종,6,isic2019,train
data/ISIC 2019/BCC/ISIC_0069474.jpg,기저세포암,1,isic2019,train
data/ISIC 2019/AK/ISIC_0071313.jpg,광선각화증,0,isic2019,train
data/ISIC 2019/BKL/ISIC_0061879.jpg,지루각화증,7,isic2019,train
data/ISIC 2019/NV/ISIC_0063914.jpg,멜라닌세포모반,2,isic2019,train
data/ISIC 2019/BKL/ISIC_0025985.jpg,지루각화증,7,isic2019,train
data/ISIC 2019/MEL/ISIC_0062401.jpg,악성흑색종,6,isic2019,train
data/ISIC 2019/MEL/ISIC_0072953.jpg,악성흑색종,6,isic2019,train
data/ISIC 2019/BCC/ISIC_0061076.jpg,기저세포암,1,isic2019,train
data/ISIC 2019/AK/ISIC_0066990.jpg,광선각화증,0,isic2019,train
data/ISIC 2019/MEL/ISIC_0058433.jpg,악성흑색종,6,isic2019,train
data/ISIC 2019/NV/ISIC_0032805.jpg,멜라닌세포모반,2,isic2019,train
data/ISIC 2019/NV/ISIC_0025499.jpg,멜라닌세포모반,2,isic2019,train
data/ISIC 2019/SCC/ISIC_0059091.jpg,편평세포암,8,isic2019,train
data/ISIC 2019/BCC/ISIC_0063614.jpg,기저세포암,1,isic2019,train
data/ISIC 2019/BCC/ISIC_0069652.jpg,기저세포암,1,isic2019,train
data/ISIC 2019/SCC/ISIC_0072795.jpg,편평세포암,8,isic2019,train
data/ISIC 2019/NV/ISIC_0072587.jpg,멜라닌세포모반,2,isic2019,train
data/ISIC 2019/BKL/ISIC_0014554_downsampled.jpg,지루각화증,7,isic2019,train
data/ISIC 2019/MEL/ISIC_0053884.jpg,악성흑색종,6,isic2019,train
data/ISIC 2019/MEL/ISIC_0069197.jpg,악성흑색종,6,isic2019,train
data/ISIC 2019/NV/ISIC_0029231.jpg,멜라닌세포모반,2,isic2019,train
data/ISIC 2019/MEL/ISIC_0061371.jpg,악성흑색종,6,isic2019,train
data/ISIC 2019/BKL/ISIC_0056521.jpg,지루각화증,7,isic2019,train
data/ISIC 2019/MEL/ISIC_0061684.jpg,악성흑색종,6,isic2019,train
data/ISIC 2019/MEL/ISIC_0063225.jpg,악성흑색종,6,isic2019,train
data/ISIC 2019/MEL/ISIC_0072653.jpg,악성흑색종,6,isic2019,train
data/ISIC 2019/BKL/ISIC_0069642.jpg,지루각화증,7,isic2019,train
data/ISIC 2019/BKL/ISIC_0061698.jpg,지루각화증,7,isic2019,train
data/ISIC 2019/MEL/ISIC_0067805.jpg,악성흑색종,6,isic2019,train
data/ISIC 2019/NV/ISIC_0016031_downsampled.jpg,멜라닌세포모반,2,isic2019,train
data/ISIC 2019/AK/ISIC_0064553.jpg,광선각화증,0,isic2019,train
data/ISIC 2019/NV/ISIC_0072259.jpg,멜라닌세포모반,2,isic2019,train
data/ISIC 2019/NV/ISIC_0031094.jpg,멜라닌세포모반,2,isic2019,train
data/ISIC 2019/BCC/ISIC_0064939.jpg,기저세포암,1,isic2019,train
data/ISIC 2019/BCC/ISIC_0068109.jpg,기저세포암,1,isic2019,train
data/ISIC 2019/BCC/ISIC_0059752.jpg,기저세포암,1,isic2019,train
data/ISIC 2019/BKL/ISIC_0027770.jpg,지루각화증,7,isic2019,train
data/ISIC 2019/BKL/ISIC_0066803.jpg,지루각화증,7,isic2019,train
data/ISIC 2019/BCC/ISIC_0064286.jpg,기저세포암,1,isic2019,train
data/ISIC 2019/MEL/ISIC_0054482.jpg,악성흑색종,6,isic2019,train
data/ISIC 2019/BKL/ISIC_0012856_downsampled.jpg,지루각화증,7,isic2019,train
data/ISIC 2019/BCC/ISIC_0068036.jpg,기저세포암,1,isic2019,train
data/ISIC 2019/BKL/ISIC_0059616.jpg,지루각화증,7,isic2019,train
data/ISIC 2019/MEL/ISIC_0067253.jpg,악성흑색종,6,isic2019,train
data/ISIC 2019/MEL/ISIC_0012288_downsampled.jpg,악성흑색종,6,isic2019,train
data/ISIC 2019/BKL/ISIC_0071831.jpg,지루각화증,7,isic2019,train
data/ISIC 2019/MEL/ISIC_0070794.jpg,악성흑색종,6,isic2019,train
data/ISIC 2019/BCC/ISIC_0056870.jpg,기저세포암,1,isic2019,train
data/ISIC 2019/MEL/ISIC_0059444.jpg,악성흑색종,6,isic2019,train
data/ISIC 2019/NV/ISIC_0060455.jpg,멜라닌세포모반,2,isic2019,train
data/ISIC 2019/SCC/ISIC_0067280.jpg,편평세포암,8,isic2019,train
data/ISIC 2019/AK/ISIC_0053597.jpg,광선각화증,0,isic2019,train
data/ISIC 2019/BCC/ISIC_0054477.jpg,기저세포암,1,isic2019,train
data/ISIC 2019/BCC/ISIC_0064655.jpg,기저세포암,1,isic2019,train
data/ISIC 2019/NV/ISIC_0030639.jpg,멜라닌세포모반,2,isic2019,train
data/ISIC 2019/BCC/ISIC_0063562.jpg,기저세포암,1,isic2019,train
data/ISIC 2019/AK/ISIC_0062159.jpg,광선각화증,0,isic2019,train
data/ISIC 2019/BCC/ISIC_0062244.jpg,기저세포암,1,isic2019,train
data/ISIC 2019/BKL/ISIC_0026790.jpg,지루각화증,7,isic2019,train
data/ISIC 2019/MEL/ISIC_0070830.jpg,악성흑색종,6,isic2019,train
data/ISIC 2019/MEL/ISIC_0015046_downsampled.jpg,악성흑색종,6,isic2019,train
data/ISIC 2019/MEL/ISIC_0064936.jpg,악성흑색종,6,isic2019,train
data/ISIC 2019/NV/ISIC_0028882.jpg,멜라닌세포모반,2,isic2019,train
data/ISIC 2019/NV/ISIC_0071883.jpg,멜라닌세포모반,2,isic2019,train
data/ISIC 2019/MEL/ISIC_0061224.jpg,악성흑색종,6,isic2019,train
data/ISIC 2019/DF/ISIC_0026629.jpg,피부섬유종,10,isic2019,train
data/ISIC 2019/AK/ISIC_0058103.jpg,광선각화증,0,isic2019,train
data/ISIC 2019/BCC/ISIC_0063779.jpg,기저세포암,1,isic2019,train
data/ISIC 2019/NV/ISIC_0066004.jpg,멜라닌세포모반,2,isic2019,train
data/ISIC 2019/MEL/ISIC_0028445.jpg,악성흑색종,6,isic2019,train
data/ISIC 2019/BCC/ISIC_0067812.jpg,기저세포암,1,isic2019,train
data/ISIC 2019/NV/ISIC_0059385.jpg,멜라닌세포모반,2,isic2019,train
data/ISIC 2019/MEL/ISIC_0064874.jpg,악성흑색종,6,isic2019,train
data/ISIC 2019/DF/ISIC_0029039.jpg,피부섬유종,10,isic2019,train
data/ISIC 2019/BKL/ISIC_0029836.jpg,지루각화증,7,isic2019,train
data/ISIC 2019/MEL/ISIC_0027350.jpg,악성흑색종,6,isic2019,train
data/ISIC 2019/VASC/ISIC_0027563.jpg,혈관종,12,isic2019,train
data/ISIC 2019/SCC/ISIC_0057046.jpg,편평세포암,8,isic2019,train
data/ISIC 2019/VASC/ISIC_0067336.jpg,혈관종,12,isic2019,train
data/ISIC 2019/VASC/ISIC_0057295.jpg,혈관종,12,isic2019,train
data/ISIC 2019/SCC/ISIC_0064090.jpg,편평세포암,8,isic2019,train
data/ISIC 2019/BKL/ISIC_0061242.jpg,지루각화증,7,isic2019,train
data/ISIC 2019/NV/ISIC_0060976.jpg,멜라닌세포모반,2,isic2019,train
data/ISIC 2019/MEL/ISIC_0068294.jpg,악성흑색종,6,isic2019,train
data/ISIC 2019/MEL/ISIC_0066589.jpg,악성흑색종,6,isic2019,train
data/ISIC 2019/AK/ISIC_0064811.jpg,광선각화증,0,isic2019,train
data/ISIC 2019/BKL/ISIC_0032271.jpg,지루각화증,7,isic2019,train
data/ISIC 2019/NV/ISIC_0028691.jpg,멜라닌세포모반,2,isic2019,train
data/ISIC 2019/MEL/ISIC_0058794.jpg,악성흑색종,6,isic2019,train
data/ISIC 2019/VASC/ISIC_0027937.jpg,혈관종,12,isic2019,train
data/ISIC 2019/NV/ISIC_0071334.jpg,멜라닌세포모반,2,isic2019,train
data/ISIC 2019/MEL/ISIC_0067511.jpg,악성흑색종,6,isic2019,train
data/ISIC 2019/BKL/ISIC_0066021.jpg,지루각화증,7,isic2019,train
data/ISIC 2019/NV/ISIC_0069323.jpg,멜라닌세포모반,2,isic2019,train
data/ISIC 2019/NV/ISIC_0014094_downsampled.jpg,멜라닌세포모반,2,isic2019,train
data/ISIC 2019/MEL/ISIC_0068818.jpg,악성흑색종,6,isic2019,train
data/ISIC 2019/MEL/ISIC_0070032.jpg,악성흑색종,6,isic2019,train
data/ISIC 2019/NV/ISIC_0058812.jpg,멜라닌세포모반,2,isic2019,train
data/ISIC 2019/NV/ISIC_0013602_downsampled.jpg,멜라닌세포모반,2,isic2019,train
data/ISIC 2019/NV/ISIC_0014962_downsampled.jpg,멜라닌세포모반,2,isic2019,train
data/ISIC 2019/MEL/ISIC_0000306.jpg,악성흑색종,6,isic2019,train
data/ISIC 2019/BKL/ISIC_0056231.jpg,지루각화증,7,isic2019,train
data/ISIC 2019/BCC/ISIC_0061208.jpg,기저세포암,1,isic2019,train
data/ISIC 2019/BCC/ISIC_0062349.jpg,기저세포암,1,isic2019,train
data/ISIC 2019/BKL/ISIC_0014804_downsampled.jpg,지루각화증,7,isic2019,train
data/ISIC 2019/MEL/ISIC_0054206.jpg,악성흑색종,6,isic2019,train
data/ISIC 2019/NV/ISIC_0000085_downsampled.jpg,멜라닌세포모반,2,isic2019,train
data/ISIC 2019/MEL/ISIC_0027101.jpg,악성흑색종,6,isic2019,train
data/ISIC 2019/NV/ISIC_0068155.jpg,멜라닌세포모반,2,isic2019,train
data/ISIC 2019/NV/ISIC_0008879_downsampled.jpg,멜라닌세포모반,2,isic2019,train
data/ISIC 2019/BCC/ISIC_0060588.jpg,기저세포암,1,isic2019,train
data/ISIC 2019/BKL/ISIC_0025781.jpg,지루각화증,7,isic2019,train
data/ISIC 2019/BCC/ISIC_0057627.jpg,기저세포암,1,isic2019,train
data/ISIC 2019/NV/ISIC_0013498_downsampled.jpg,멜라닌세포모반,2,isic2019,train
data/ISIC 2019/SCC/ISIC_0070421.jpg,편평세포암,8,isic2019,train
data/ISIC 2019/MEL/ISIC_0072773.jpg,악성흑색종,6,isic2019,train
data/ISIC 2019/MEL/ISIC_0033986.jpg,악성흑색종,6,isic2019,train
data/ISIC 2019/VASC/ISIC_0033749.jpg,혈관종,12,isic2019,train
data/ISIC 2019/BKL/ISIC_0026623.jpg,지루각화증,7,isic2019,train
data/ISIC 2019/NV/ISIC_0031839.jpg,멜라닌세포모반,2,isic2019,train
data/ISIC 2019/BCC/ISIC_0058155.jpg,기저세포암,1,isic2019,train
data/ISIC 2019/NV/ISIC_0032224.jpg,멜라닌세포모반,2,isic2019,train
data/ISIC 2019/MEL/ISIC_0033099.jpg,악성흑색종,6,isic2019,train
data/ISIC 2019/MEL/ISIC_0072223.jpg,악성흑색종,6,isic2019,train
data/ISIC 2019/NV/ISIC_0059457.jpg,멜라닌세포모반,2,isic2019,train
data/ISIC 2019/NV/ISIC_0026778.jpg,멜라닌세포모반,2,isic2019,train
data/ISIC 2019/BCC/ISIC_0063662.jpg,기저세포암,1,isic2019,train
data/ISIC 2019/BKL/ISIC_0073248.jpg,지루각화증,7,isic2019,train
data/ISIC 2019/MEL/ISIC_0070566.jpg,악성흑색종,6,isic2019,train
data/ISIC 2019/BKL/ISIC_0033587.jpg,지루각화증,7,isic2019,train
data/ISIC 2019/MEL/ISIC_0070588.jpg,악성흑색종,6,isic2019,train
data/ISIC 2019/BKL/ISIC_0014823_downsampled.jpg,지루각화증,7,isic2019,train
data/ISIC 2019/BKL/ISIC_0014811_downsampled.jpg,지루각화증,7,isic2019,train
data/ISIC 2019/NV/ISIC_0062215.jpg,멜라닌세포모반,2,isic2019,train
data/ISIC 2019/NV/ISIC_0032196.jpg,멜라닌세포모반,2,isic2019,train
data/ISIC 2019/NV/ISIC_0032427.jpg,멜라닌세포모반,2,isic2019,train
data/ISIC 2019/AK/ISIC_0057077.jpg,광선각화증,0,isic2019,train
data/ISIC 2019/BCC/ISIC_0059324.jpg,기저세포암,1,isic2019,train
data/ISIC 2019/VASC/ISIC_0024706.jpg,혈관종,12,isic2019,train
data/ISIC 2019/BKL/ISIC_0013178_downsampled.jpg,지루각화증,7,isic2019,train
data/ISIC 2019/NV/ISIC_0026385.jpg,멜라닌세포모반,2,isic2019,train
data/ISIC 2019/BKL/ISIC_0012772_downsampled.jpg,지루각화증,7,isic2019,train
data/ISIC 2019/BCC/ISIC_0056157.jpg,기저세포암,1,isic2019,train
data/ISIC 2019/BKL/ISIC_0055473.jpg,지루각화증,7,isic2019,train
data/ISIC 2019/NV/ISIC_0030263.jpg,멜라닌세포모반,2,isic2019,train
data/ISIC 2019/NV/ISIC_0053920.jpg,멜라닌세포모반,2,isic2019,train
data/ISIC 2019/MEL/ISIC_0068438.jpg,악성흑색종,6,isic2019,train
data/ISIC 2019/BCC/ISIC_0070942.jpg,기저세포암,1,isic2019,train
data/ISIC 2019/BKL/ISIC_0065514.jpg,지루각화증,7,isic2019,train
data/ISIC 2019/MEL/ISIC_0068928.jpg,악성흑색종,6,isic2019,train
data/ISIC 2019/MEL/ISIC_0054053.jpg,악성흑색종,6,isic2019,train
data/ISIC 2019/BKL/ISIC_0030935.jpg,지루각화증,7,isic2019,train
data/ISIC 2019/NV/ISIC_0033690.jpg,멜라닌세포모반,2,isic2019,train
data/ISIC 2019/NV/ISIC_0061429.jpg,멜라닌세포모반,2,isic2019,train
data/ISIC 2019/NV/ISIC_0030311.jpg,멜라닌세포모반,2,isic2019,train
data/ISIC 2019/AK/ISIC_0065052.jpg,광선각화증,0,isic2019,train
data/ISIC 2019/BKL/ISIC_0034235.jpg,지루각화증,7,isic2019,train
data/ISIC 2019/MEL/ISIC_0014284_downsampled.jpg,악성흑색종,6,isic2019,train
data/ISIC 2019/MEL/ISIC_0068808.jpg,악성흑색종,6,isic2019,train
data/ISIC 2019/MEL/ISIC_0068931.jpg,악성흑색종,6,isic2019,train
data/ISIC 2019/BCC/ISIC_0058898.jpg,기저세포암,1,isic2019,train
data/ISIC 2019/MEL/ISIC_0031517.jpg,악성흑색종,6,isic2019,train
data/ISIC 2019/AK/ISIC_0054666.jpg,광선각화증,0,isic2019,train
data/ISIC 2019/AK/ISIC_0066278.jpg,광선각화증,0,isic2019,train
data/ISIC 2019/MEL/ISIC_0062158.jpg,악성흑색종,6,isic2019,train
data/ISIC 2019/NV/ISIC_0060907.jpg,멜라닌세포모반,2,isic2019,train
data/ISIC 2019/NV/ISIC_0015481_downsampled.jpg,멜라닌세포모반,2,isic2019,train
data/ISIC 2019/MEL/ISIC_0055930.jpg,악성흑색종,6,isic2019,train
data/ISIC 2019/BCC/ISIC_0065483.jpg,기저세포암,1,isic2019,train
data/ISIC 2019/BCC/ISIC_0054365.jpg,기저세포암,1,isic2019,train
data/ISIC 2019/NV/ISIC_0073036.jpg,멜라닌세포모반,2,isic2019,train
data/ISIC 2019/BKL/ISIC_0027973.jpg,지루각화증,7,isic2019,train
data/ISIC 2019/BCC/ISIC_0066830.jpg,기저세포암,1,isic2019,train
data/ISIC 2019/BCC/ISIC_0062501.jpg,기저세포암,1,isic2019,train
data/ISIC 2019/SCC/ISIC_0055350.jpg,편평세포암,8,isic2019,train
data/ISIC 2019/BCC/ISIC_0066271.jpg,기저세포암,1,isic2019,train
data/ISIC 2019/MEL/ISIC_0033377.jpg,악성흑색종,6,isic2019,train
data/ISIC 2019/BCC/ISIC_0063985.jpg,기저세포암,1,isic2019,train
data/ISIC 2019/BCC/ISIC_0055068.jpg,기저세포암,1,isic2019,train
data/ISIC 2019/MEL/ISIC_0069727.jpg,악성흑색종,6,isic2019,train
data/ISIC 2019/MEL/ISIC_0033806.jpg,악성흑색종,6,isic2019,train
data/ISIC 2019/BCC/ISIC_0058775.jpg,기저세포암,1,isic2019,train
data/ISIC 2019/BKL/ISIC_0069333.jpg,지루각화증,7,isic2019,train
data/ISIC 2019/BKL/ISIC_0032972.jpg,지루각화증,7,isic2019,train
data/ISIC 2019/BCC/ISIC_0031614.jpg,기저세포암,1,isic2019,train
data/ISIC 2019/NV/ISIC_0060329.jpg,멜라닌세포모반,2,isic2019,train
data/ISIC 2019/BCC/ISIC_0068161.jpg,기저세포암,1,isic2019,train
data/ISIC 2019/AK/ISIC_0058983.jpg,광선각화증,0,isic2019,train
data/ISIC 2019/BKL/ISIC_0068467.jpg,지루각화증,7,isic2019,train
data/ISIC 2019/AK/ISIC_0054598.jpg,광선각화증,0,isic2019,train
data/ISIC 2019/BCC/ISIC_0031721.jpg,기저세포암,1,isic2019,train
data/ISIC 2019/NV/ISIC_0033922.jpg,멜라닌세포모반,2,isic2019,train
data/ISIC 2019/MEL/ISIC_0027822.jpg,악성흑색종,6,isic2019,train
data/ISIC 2019/SCC/ISIC_0055982.jpg,편평세포암,8,isic2019,train
data/ISIC 2019/NV/ISIC_0028428.jpg,멜라닌세포모반,2,isic2019,train
data/ISIC 2019/BCC/ISIC_0066137.jpg,기저세포암,1,isic2019,train
data/ISIC 2019/NV/ISIC_0028891.jpg,멜라닌세포모반,2,isic2019,train
data/ISIC 2019/BCC/ISIC_0060045.jpg,기저세포암,1,isic2019,train
data/ISIC 2019/MEL/ISIC_0061165.jpg,악성흑색종,6,isic2019,train
data/ISIC 2019/DF/ISIC_0059504.jpg,피부섬유종,10,isic2019,train
data/ISIC 2019/NV/ISIC_0031618.jpg,멜라닌세포모반,2,isic2019,train
data/ISIC 2019/NV/ISIC_0033395.jpg,멜라닌세포모반,2,isic2019,train
data/ISIC 2019/BCC/ISIC_0056602.jpg,기저세포암,1,isic2019,train
data/ISIC 2019/DF/ISIC_0069930.jpg,피부섬유종,10,isic2019,train
data/ISIC 2019/MEL/ISIC_0072495.jpg,악성흑색종,6,isic2019,train
data/ISIC 2019/SCC/ISIC_0027303.jpg,편평세포암,8,isic2019,train
data/ISIC 2019/NV/ISIC_0072855.jpg,멜라닌세포모반,2,isic2019,train
data/ISIC 2019/NV/ISIC_0024563.jpg,멜라닌세포모반,2,isic2019,train
data/ISIC 2019/MEL/ISIC_0061086.jpg,악성흑색종,6,isic2019,train
data/ISIC 2019/BCC/ISIC_0054552.jpg,기저세포암,1,isic2019,train
data/ISIC 2019/NV/ISIC_0070043.jpg,멜라닌세포모반,2,isic2019,train
data/ISIC 2019/MEL/ISIC_0026802.jpg,악성흑색종,6,isic2019,train
data/ISIC 2019/MEL/ISIC_0067830.jpg,악성흑색종,6,isic2019,train
data/ISIC 2019/BKL/ISIC_0071793.jpg,지루각화증,7,isic2019,train
data/ISIC 2019/BCC/ISIC_0064885.jpg,기저세포암,1,isic2019,train
data/ISIC 2019/MEL/ISIC_0066325.jpg,악성흑색종,6,isic2019,train
data/ISIC 2019/NV/ISIC_0012221_downsampled.jpg,멜라닌세포모반,2,isic2019,train
data/ISIC 2019/BKL/ISIC_0027796.jpg,지루각화증,7,isic2019,train
data/ISIC 2019/MEL/ISIC_0000172.jpg,악성흑색종,6,isic2019,train
data/ISIC 2019/MEL/ISIC_0054248.jpg,악성흑색종,6,isic2019,train
data/ISIC 2019/NV/ISIC_0056580.jpg,멜라닌세포모반,2,isic2019,train
data/ISIC 2019/AK/ISIC_0054899.jpg,광선각화증,0,isic2019,train
data/ISIC 2019/DF/ISIC_0025154.jpg,피부섬유종,10,isic2019,train
data/ISIC 2019/BCC/ISIC_0067832.jpg,기저세포암,1,isic2019,train
data/ISIC 2019/BKL/ISIC_0064445.jpg,지루각화증,7,isic2019,train
data/ISIC 2019/BCC/ISIC_0026668.jpg,기저세포암,1,isic2019,train
data/ISIC 2019/MEL/ISIC_0065069.jpg,악성흑색종,6,isic2019,train
data/ISIC 2019/BKL/ISIC_0024602.jpg,지루각화증,7,isic2019,train
data/ISIC 2019/MEL/ISIC_0069558.jpg,악성흑색종,6,isic2019,train
data/ISIC 2019/DF/ISIC_0066632.jpg,피부섬유종,10,isic2019,train
data/ISIC 2019/BCC/ISIC_0072023.jpg,기저세포암,1,isic2019,train
data/ISIC 2019/AK/ISIC_0065612.jpg,광선각화증,0,isic2019,train
data/ISIC 2019/BKL/ISIC_0012086_downsampled.jpg,지루각화증,7,isic2019,train
data/ISIC 2019/BKL/ISIC_0033505.jpg,지루각화증,7,isic2019,train
data/ISIC 2019/BKL/ISIC_0056432.jpg,지루각화증,7,isic2019,train
data/ISIC 2019/BKL/ISIC_0024412.jpg,지루각화증,7,isic2019,train
data/ISIC 2019/NV/ISIC_0010192.jpg,멜라닌세포모반,2,isic2019,train
data/ISIC 2019/BKL/ISIC_0030394.jpg,지루각화증,7,isic2019,train
data/ISIC 2019/MEL/ISIC_0067655.jpg,악성흑색종,6,isic2019,train
data/ISIC 2019/VASC/ISIC_0073110.jpg,혈관종,12,isic2019,train
data/ISIC 2019/MEL/ISIC_0071681.jpg,악성흑색종,6,isic2019,train
data/ISIC 2019/NV/ISIC_0029952.jpg,멜라닌세포모반,2,isic2019,train
data/ISIC 2019/NV/ISIC_0034060.jpg,멜라닌세포모반,2,isic2019,train
data/ISIC 2019/NV/ISIC_0008992_downsampled.jpg,멜라닌세포모반,2,isic2019,train
data/ISIC 2019/BKL/ISIC_0032358.jpg,지루각화증,7,isic2019,train
data/ISIC 2019/MEL/ISIC_0060883.jpg,악성흑색종,6,isic2019,train
data/ISIC 2019/BKL/ISIC_0014605_downsampled.jpg,지루각화증,7,isic2019,train
data/ISIC 2019/BCC/ISIC_0071378.jpg,기저세포암,1,isic2019,train
data/ISIC 2019/NV/ISIC_0033840.jpg,멜라닌세포모반,2,isic2019,train
data/ISIC 2019/BKL/ISIC_0059110.jpg,지루각화증,7,isic2019,train
data/ISIC 2019/NV/ISIC_0029510.jpg,멜라닌세포모반,2,isic2019,train
data/ISIC 2019/NV/ISIC_0010227.jpg,멜라닌세포모반,2,isic2019,train
data/ISIC 2019/BKL/ISIC_0033088.jpg,지루각화증,7,isic2019,train
data/ISIC 2019/NV/ISIC_0033738.jpg,멜라닌세포모반,2,isic2019,train
data/ISIC 2019/MEL/ISIC_0058010.jpg,악성흑색종,6,isic2019,train
data/ISIC 2019/BCC/ISIC_0068124.jpg,기저세포암,1,isic2019,train
data/ISIC 2019/MEL/ISIC_0014233_downsampled.jpg,악성흑색종,6,isic2019,train
data/ISIC 2019/MEL/ISIC_0060559.jpg,악성흑색종,6,isic2019,train
data/ISIC 2019/NV/ISIC_0060626.jpg,멜라닌세포모반,2,isic2019,train
data/ISIC 2019/BKL/ISIC_0013236_downsampled.jpg,지루각화증,7,isic2019,train
data/ISIC 2019/MEL/ISIC_0062359.jpg,악성흑색종,6,isic2019,train
data/ISIC 2019/BCC/ISIC_0064013.jpg,기저세포암,1,isic2019,train
data/ISIC 2019/BCC/ISIC_0065063.jpg,기저세포암,1,isic2019,train
data/ISIC 2019/NV/ISIC_0057513.jpg,멜라닌세포모반,2,isic2019,train
data/ISIC 2019/NV/ISIC_0070271.jpg,멜라닌세포모반,2,isic2019,train
data/ISIC 2019/NV/ISIC_0025382.jpg,멜라닌세포모반,2,isic2019,train
data/ISIC 2019/BCC/ISIC_0071294.jpg,기저세포암,1,isic2019,train
data/ISIC 2019/NV/ISIC_0032321.jpg,멜라닌세포모반,2,isic2019,train
data/ISIC 2019/NV/ISIC_0055858.jpg,멜라닌세포모반,2,isic2019,train
data/ISIC 2019/MEL/ISIC_0014319_downsampled.jpg,악성흑색종,6,isic2019,train
data/ISIC 2019/MEL/ISIC_0065351.jpg,악성흑색종,6,isic2019,train
data/ISIC 2019/BCC/ISIC_0057511.jpg,기저세포암,1,isic2019,train
data/ISIC 2019/BCC/ISIC_0071955.jpg,기저세포암,1,isic2019,train
data/ISIC 2019/MEL/ISIC_0071782.jpg,악성흑색종,6,isic2019,train
data/ISIC 2019/NV/ISIC_0028845.jpg,멜라닌세포모반,2,isic2019,train
data/ISIC 2019/VASC/ISIC_0072964.jpg,혈관종,12,isic2019,train
data/ISIC 2019/BKL/ISIC_0027504.jpg,지루각화증,7,isic2019,train
data/ISIC 2019/MEL/ISIC_0014507_downsampled.jpg,악성흑색종,6,isic2019,train
data/ISIC 2019/AK/ISIC_0025368.jpg,광선각화증,0,isic2019,train
data/ISIC 2019/AK/ISIC_0059146.jpg,광선각화증,0,isic2019,train
data/ISIC 2019/AK/ISIC_0030344.jpg,광선각화증,0,isic2019,train
data/ISIC 2019/BKL/ISIC_0030272.jpg,지루각화증,7,isic2019,train
data/ISIC 2019/AK/ISIC_0062971.jpg,광선각화증,0,isic2019,train
data/ISIC 2019/BKL/ISIC_0029801.jpg,지루각화증,7,isic2019,train
data/ISIC 2019/NV/ISIC_0009935.jpg,멜라닌세포모반,2,isic2019,train
data/ISIC 2019/MEL/ISIC_0071996.jpg,악성흑색종,6,isic2019,train
data/ISIC 2019/BKL/ISIC_0028656.jpg,지루각화증,7,isic2019,train
data/ISIC 2019/MEL/ISIC_0031977.jpg,악성흑색종,6,isic2019,train
data/ISIC 2019/NV/ISIC_0015383_downsampled.jpg,멜라닌세포모반,2,isic2019,train
data/ISIC 2019/BCC/ISIC_0072776.jpg,기저세포암,1,isic2019,train
data/ISIC 2019/BKL/ISIC_0033736.jpg,지루각화증,7,isic2019,train
data/ISIC 2019/NV/ISIC_0057451.jpg,멜라닌세포모반,2,isic2019,train
data/ISIC 2019/AK/ISIC_0054921.jpg,광선각화증,0,isic2019,train
data/ISIC 2019/VASC/ISIC_0032919.jpg,혈관종,12,isic2019,train
data/ISIC 2019/BCC/ISIC_0059128.jpg,기저세포암,1,isic2019,train
data/ISIC 2019/BKL/ISIC_0030276.jpg,지루각화증,7,isic2019,train
data/ISIC 2019/NV/ISIC_0000006.jpg,멜라닌세포모반,2,isic2019,train
data/ISIC 2019/BKL/ISIC_0064586.jpg,지루각화증,7,isic2019,train
data/ISIC 2019/BCC/ISIC_0056372.jpg,기저세포암,1,isic2019,train
data/ISIC 2019/MEL/ISIC_0062724.jpg,악성흑색종,6,isic2019,train
data/ISIC 2019/MEL/ISIC_0060355.jpg,악성흑색종,6,isic2019,train
data/ISIC 2019/BCC/ISIC_0056187.jpg,기저세포암,1,isic2019,train
data/ISIC 2019/BCC/ISIC_0026337.jpg,기저세포암,1,isic2019,train
data/ISIC 2019/BKL/ISIC_0070467.jpg,지루각화증,7,isic2019,train
data/ISIC 2019/NV/ISIC_0032117.jpg,멜라닌세포모반,2,isic2019,train
data/ISIC 2019/BCC/ISIC_0064506.jpg,기저세포암,1,isic2019,train
data/ISIC 2019/BCC/ISIC_0065143.jpg,기저세포암,1,isic2019,train
data/ISIC 2019/AK/ISIC_0065118.jpg,광선각화증,0,isic2019,train
data/ISIC 2019/BCC/ISIC_0073155.jpg,기저세포암,1,isic2019,train
data/ISIC 2019/MEL/ISIC_0027179.jpg,악성흑색종,6,isic2019,train
data/ISIC 2019/BCC/ISIC_0061341.jpg,기저세포암,1,isic2019,train
data/ISIC 2019/SCC/ISIC_0057584.jpg,편평세포암,8,isic2019,train
data/ISIC 2019/MEL/ISIC_0068255.jpg,악성흑색종,6,isic2019,train
data/ISIC 2019/AK/ISIC_0027958.jpg,광선각화증,0,isic2019,train
data/ISIC 2019/BKL/ISIC_0032556.jpg,지루각화증,7,isic2019,train
data/ISIC 2019/MEL/ISIC_0034208.jpg,악성흑색종,6,isic2019,train
data/ISIC 2019/NV/ISIC_0005787_downsampled.jpg,멜라닌세포모반,2,isic2019,train
data/ISIC 2019/MEL/ISIC_0061378.jpg,악성흑색종,6,isic2019,train
data/ISIC 2019/NV/ISIC_0033071.jpg,멜라닌세포모반,2,isic2019,train
data/ISIC 2019/MEL/ISIC_0072373.jpg,악성흑색종,6,isic2019,train
data/ISIC 2019/MEL/ISIC_0033178.jpg,악성흑색종,6,isic2019,train
data/ISIC 2019/NV/ISIC_0065337.jpg,멜라닌세포모반,2,isic2019,train
data/ISIC 2019/MEL/ISIC_0067903.jpg,악성흑색종,6,isic2019,train
data/ISIC 2019/BKL/ISIC_0058664.jpg,지루각화증,7,isic2019,train
data/ISIC 2019/BKL/ISIC_0059693.jpg,지루각화증,7,isic2019,train
data/ISIC 2019/MEL/ISIC_0062636.jpg,악성흑색종,6,isic2019,train
data/ISIC 2019/VASC/ISIC_0059744.jpg,혈관종,12,isic2019,train
data/ISIC 2019/MEL/ISIC_0053980.jpg,악성흑색종,6,isic2019,train
data/ISIC 2019/NV/ISIC_0031293.jpg,멜라닌세포모반,2,isic2019,train
data/ISIC 2019/NV/ISIC_0025994.jpg,멜라닌세포모반,2,isic2019,train
data/ISIC 2019/MEL/ISIC_0056072.jpg,악성흑색종,6,isic2019,train
data/ISIC 2019/BKL/ISIC_0014474_downsampled.jpg,지루각화증,7,isic2019,train
data/ISIC 2019/BCC/ISIC_0055806.jpg,기저세포암,1,isic2019,train
data/ISIC 2019/AK/ISIC_0066825.jpg,광선각화증,0,isic2019,train
data/ISIC 2019/NV/ISIC_0027415.jpg,멜라닌세포모반,2,isic2019,train
data/ISIC 2019/MEL/ISIC_0013184_downsampled.jpg,악성흑색종,6,isic2019,train
data/ISIC 2019/NV/ISIC_0068566.jpg,멜라닌세포모반,2,isic2019,train
data/ISIC 2019/BKL/ISIC_0058785.jpg,지루각화증,7,isic2019,train
data/ISIC 2019/MEL/ISIC_0062325.jpg,악성흑색종,6,isic2019,train
data/ISIC 2019/NV/ISIC_0068655.jpg,멜라닌세포모반,2,isic2019,train
data/ISIC 2019/MEL/ISIC_0067170.jpg,악성흑색종,6,isic2019,train
data/ISIC 2019/AK/ISIC_0072814.jpg,광선각화증,0,isic2019,train
data/ISIC 2019/BCC/ISIC_0054843.jpg,기저세포암,1,isic2019,train
data/ISIC 2019/SCC/ISIC_0031659.jpg,편평세포암,8,isic2019,train
data/ISIC 2019/MEL/ISIC_0033831.jpg,악성흑색종,6,isic2019,train
data/ISIC 2019/NV/ISIC_0057840.jpg,멜라닌세포모반,2,isic2019,train
data/ISIC 2019/BKL/ISIC_0030227.jpg,지루각화증,7,isic2019,train
data/ISIC 2019/BCC/ISIC_0069163.jpg,기저세포암,1,isic2019,train
data/ISIC 2019/NV/ISIC_0028982.jpg,멜라닌세포모반,2,isic2019,train
data/ISIC 2019/NV/ISIC_0012739_downsampled.jpg,멜라닌세포모반,2,isic2019,train
data/ISIC 2019/AK/ISIC_0057740.jpg,광선각화증,0,isic2019,train
data/ISIC 2019/MEL/ISIC_0054995.jpg,악성흑색종,6,isic2019,train
data/ISIC 2019/AK/ISIC_0063359.jpg,광선각화증,0,isic2019,train
data/ISIC 2019/NV/ISIC_0057287.jpg,멜라닌세포모반,2,isic2019,train
data/ISIC 2019/SCC/ISIC_0032356.jpg,편평세포암,8,isic2019,train
data/ISIC 2019/BCC/ISIC_0061504.jpg,기저세포암,1,isic2019,train
data/ISIC 2019/MEL/ISIC_0062524.jpg,악성흑색종,6,isic2019,train
data/ISIC 2019/AK/ISIC_0054805.jpg,광선각화증,0,isic2019,train
data/ISIC 2019/SCC/ISIC_0025539.jpg,편평세포암,8,isic2019,train
data/ISIC 2019/NV/ISIC_0068948.jpg,멜라닌세포모반,2,isic2019,train
data/ISIC 2019/NV/ISIC_0028221.jpg,멜라닌세포모반,2,isic2019,train
data/ISIC 2019/MEL/ISIC_0013639_downsampled.jpg,악성흑색종,6,isic2019,train
data/ISIC 2019/MEL/ISIC_0055743.jpg,악성흑색종,6,isic2019,train
data/ISIC 2019/MEL/ISIC_0026847.jpg,악성흑색종,6,isic2019,train
data/ISIC 2019/MEL/ISIC_0062844.jpg,악성흑색종,6,isic2019,train
data/ISIC 2019/BKL/ISIC_0030677.jpg,지루각화증,7,isic2019,train
data/ISIC 2019/NV/ISIC_0032418.jpg,멜라닌세포모반,2,isic2019,train
data/ISIC 2019/BKL/ISIC_0024758.jpg,지루각화증,7,isic2019,train
data/ISIC 2019/BCC/ISIC_0058188.jpg,기저세포암,1,isic2019,train
data/ISIC 2019/DF/ISIC_0072137.jpg,피부섬유종,10,isic2019,train
data/ISIC 2019/BCC/ISIC_0056929.jpg,기저세포암,1,isic2019,train
data/ISIC 2019/MEL/ISIC_0056957.jpg,악성흑색종,6,isic2019,train
data/ISIC 2019/MEL/ISIC_0027238.jpg,악성흑색종,6,isic2019,train
data/ISIC 2019/NV/ISIC_0031629.jpg,멜라닌세포모반,2,isic2019,train
data/ISIC 2019/BCC/ISIC_0055483.jpg,기저세포암,1,isic2019,train
data/ISIC 2019/MEL/ISIC_0028489.jpg,악성흑색종,6,isic2019,train
data/ISIC 2019/MEL/ISIC_0014862_downsampled.jpg,악성흑색종,6,isic2019,train
data/ISIC 2019/MEL/ISIC_0062114.jpg,악성흑색종,6,isic2019,train
data/ISIC 2019/MEL/ISIC_0057044.jpg,악성흑색종,6,isic2019,train
data/ISIC 2019/BKL/ISIC_0063014.jpg,지루각화증,7,isic2019,train
data/ISIC 2019/NV/ISIC_0025215.jpg,멜라닌세포모반,2,isic2019,train
data/ISIC 2019/BKL/ISIC_0012227_downsampled.jpg,지루각화증,7,isic2019,train
data/ISIC 2019/NV/ISIC_0070076.jpg,멜라닌세포모반,2,isic2019,train
data/ISIC 2019/MEL/ISIC_0066338.jpg,악성흑색종,6,isic2019,train
data/ISIC 2019/BCC/ISIC_0073066.jpg,기저세포암,1,isic2019,train
data/ISIC 2019/SCC/ISIC_0056025.jpg,편평세포암,8,isic2019,train
data/ISIC 2019/BKL/ISIC_0063371.jpg,지루각화증,7,isic2019,train
data/ISIC 2019/BCC/ISIC_0071907.jpg,기저세포암,1,isic2019,train
data/ISIC 2019/NV/ISIC_0026822.jpg,멜라닌세포모반,2,isic2019,train
data/ISIC 2019/BCC/ISIC_0055493.jpg,기저세포암,1,isic2019,train
data/ISIC 2019/BCC/ISIC_0071384.jpg,기저세포암,1,isic2019,train
data/ISIC 2019/VASC/ISIC_0060821.jpg,혈관종,12,isic2019,train
data/ISIC 2019/BKL/ISIC_0027042.jpg,지루각화증,7,isic2019,train
data/ISIC 2019/BKL/ISIC_0014596_downsampled.jpg,지루각화증,7,isic2019,train
data/ISIC 2019/MEL/ISIC_0070400.jpg,악성흑색종,6,isic2019,train
data/ISIC 2019/DF/ISIC_0057868.jpg,피부섬유종,10,isic2019,train
data/ISIC 2019/BCC/ISIC_0029644.jpg,기저세포암,1,isic2019,train
data/ISIC 2019/BKL/ISIC_0032486.jpg,지루각화증,7,isic2019,train
data/ISIC 2019/BCC/ISIC_0070148.jpg,기저세포암,1,isic2019,train
data/ISIC 2019/BCC/ISIC_0031513.jpg,기저세포암,1,isic2019,train
data/ISIC 2019/BKL/ISIC_0027612.jpg,지루각화증,7,isic2019,train
data/ISIC 2019/BKL/ISIC_0014601_downsampled.jpg,지루각화증,7,isic2019,train
data/ISIC 2019/MEL/ISIC_0031417.jpg,악성흑색종,6,isic2019,train
data/ISIC 2019/MEL/ISIC_0068153.jpg,악성흑색종,6,isic2019,train
data/ISIC 2019/BKL/ISIC_0059598.jpg,지루각화증,7,isic2019,train
data/ISIC 2019/MEL/ISIC_0057753.jpg,악성흑색종,6,isic2019,train
data/ISIC 2019/SCC/ISIC_0055064.jpg,편평세포암,8,isic2019,train
data/ISIC 2019/AK/ISIC_0066466.jpg,광선각화증,0,isic2019,train
data/ISIC 2019/BCC/ISIC_0055792.jpg,기저세포암,1,isic2019,train
data/ISIC 2019/MEL/ISIC_0066685.jpg,악성흑색종,6,isic2019,train
data/ISIC 2019/BKL/ISIC_0026967.jpg,지루각화증,7,isic2019,train
data/ISIC 2019/MEL/ISIC_0033902.jpg,악성흑색종,6,isic2019,train
data/ISIC 2019/NV/ISIC_0065854.jpg,멜라닌세포모반,2,isic2019,train
data/ISIC 2019/BKL/ISIC_0034103.jpg,지루각화증,7,isic2019,train
data/ISIC 2019/MEL/ISIC_0060399.jpg,악성흑색종,6,isic2019,train
data/ISIC 2019/MEL/ISIC_0034061.jpg,악성흑색종,6,isic2019,train
data/ISIC 2019/BKL/ISIC_0014634_downsampled.jpg,지루각화증,7,isic2019,train
data/ISIC 2019/MEL/ISIC_0069988.jpg,악성흑색종,6,isic2019,train
data/ISIC 2019/NV/ISIC_0028015.jpg,멜라닌세포모반,2,isic2019,train
data/ISIC 2019/BKL/ISIC_0028388.jpg,지루각화증,7,isic2019,train
data/ISIC 2019/BKL/ISIC_0030698.jpg,지루각화증,7,isic2019,train
data/ISIC 2019/MEL/ISIC_0058655.jpg,악성흑색종,6,isic2019,train
data/ISIC 2019/MEL/ISIC_0014302_downsampled.jpg,악성흑색종,6,isic2019,train
data/ISIC 2019/BCC/ISIC_0063167.jpg,기저세포암,1,isic2019,train
data/ISIC 2019/MEL/ISIC_0013975_downsampled.jpg,악성흑색종,6,isic2019,train
data/ISIC 2019/MEL/ISIC_0030171.jpg,악성흑색종,6,isic2019,train
data/ISIC 2019/NV/ISIC_0066814.jpg,멜라닌세포모반,2,isic2019,train
data/ISIC 2019/BCC/ISIC_0070717.jpg,기저세포암,1,isic2019,train
data/ISIC 2019/NV/ISIC_0015218_downsampled.jpg,멜라닌세포모반,2,isic2019,train
data/ISIC 2019/BKL/ISIC_0065878.jpg,지루각화증,7,isic2019,train
data/ISIC 2019/BKL/ISIC_0029627.jpg,지루각화증,7,isic2019,train
data/ISIC 2019/BCC/ISIC_0053550.jpg,기저세포암,1,isic2019,train
data/ISIC 2019/MEL/ISIC_0013832_downsampled.jpg,악성흑색종,6,isic2019,train
data/ISIC 2019/NV/ISIC_0032274.jpg,멜라닌세포모반,2,isic2019,train
data/ISIC 2019/BKL/ISIC_0026842.jpg,지루각화증,7,isic2019,train
data/ISIC 2019/BCC/ISIC_0058689.jpg,기저세포암,1,isic2019,train
data/ISIC 2019/MEL/ISIC_0059816.jpg,악성흑색종,6,isic2019,train
data/ISIC 2019/MEL/ISIC_0000295.jpg,악성흑색종,6,isic2019,train
data/ISIC 2019/MEL/ISIC_0068385.jpg,악성흑색종,6,isic2019,train
data/ISIC 2019/NV/ISIC_0028183.jpg,멜라닌세포모반,2,isic2019,train
data/ISIC 2019/BKL/ISIC_0054047.jpg,지루각화증,7,isic2019,train
data/ISIC 2019/NV/ISIC_0062840.jpg,멜라닌세포모반,2,isic2019,train
data/ISIC 2019/AK/ISIC_0064583.jpg,광선각화증,0,isic2019,train
data/ISIC 2019/BKL/ISIC_0024494.jpg,지루각화증,7,isic2019,train
data/ISIC 2019/BCC/ISIC_0058651.jpg,기저세포암,1,isic2019,train
data/ISIC 2019/NV/ISIC_0064095.jpg,멜라닌세포모반,2,isic2019,train
data/ISIC 2019/BCC/ISIC_0054339.jpg,기저세포암,1,isic2019,train
data/ISIC 2019/AK/ISIC_0058459.jpg,광선각화증,0,isic2019,train
data/ISIC 2019/MEL/ISIC_0058724.jpg,악성흑색종,6,isic2019,train
data/ISIC 2019/BCC/ISIC_0059388.jpg,기저세포암,1,isic2019,train
data/ISIC 2019/MEL/ISIC_0063630.jpg,악성흑색종,6,isic2019,train
data/ISIC 2019/NV/ISIC_0025747.jpg,멜라닌세포모반,2,isic2019,train
data/ISIC 2019/VASC/ISIC_0031901.jpg,혈관종,12,isic2019,train
data/ISIC 2019/MEL/ISIC_0024545.jpg,악성흑색종,6,isic2019,train
data/ISIC 2019/NV/ISIC_0014787_downsampled.jpg,멜라닌세포모반,2,isic2019,train
data/ISIC 2019/NV/ISIC_0029581.jpg,멜라닌세포모반,2,isic2019,train
data/ISIC 2019/BCC/ISIC_0061301.jpg,기저세포암,1,isic2019,train
data/ISIC 2019/BCC/ISIC_0054450.jpg,기저세포암,1,isic2019,train
data/ISIC 2019/MEL/ISIC_0032915.jpg,악성흑색종,6,isic2019,train
data/ISIC 2019/NV/ISIC_0066261.jpg,멜라닌세포모반,2,isic2019,train
data/ISIC 2019/NV/ISIC_0027965.jpg,멜라닌세포모반,2,isic2019,train
data/ISIC 2019/BCC/ISIC_0070386.jpg,기저세포암,1,isic2019,train
data/ISIC 2019/NV/ISIC_0027176.jpg,멜라닌세포모반,2,isic2019,train
data/ISIC 2019/MEL/ISIC_0014542_downsampled.jpg,악성흑색종,6,isic2019,train
data/ISIC 2019/MEL/ISIC_0056192.jpg,악성흑색종,6,isic2019,train
data/ISIC 2019/BKL/ISIC_0070508.jpg,지루각화증,7,isic2019,train
data/ISIC 2019/SCC/ISIC_0026388.jpg,편평세포암,8,isic2019,train
data/ISIC 2019/MEL/ISIC_0060143.jpg,악성흑색종,6,isic2019,train
data/ISIC 2019/BKL/ISIC_0013876_downsampled.jpg,지루각화증,7,isic2019,train
data/ISIC 2019/NV/ISIC_0030358.jpg,멜라닌세포모반,2,isic2019,train
data/ISIC 2019/BKL/ISIC_0026556.jpg,지루각화증,7,isic2019,train
data/ISIC 2019/MEL/ISIC_0058836.jpg,악성흑색종,6,isic2019,train
data/ISIC 2019/MEL/ISIC_0066734.jpg,악성흑색종,6,isic2019,train
data/ISIC 2019/BCC/ISIC_0027825.jpg,기저세포암,1,isic2019,train
data/ISIC 2019/DF/ISIC_0055258.jpg,피부섬유종,10,isic2019,train
data/ISIC 2019/NV/ISIC_0055520.jpg,멜라닌세포모반,2,isic2019,train
data/ISIC 2019/BCC/ISIC_0054065.jpg,기저세포암,1,isic2019,train
data/ISIC 2019/NV/ISIC_0072081.jpg,멜라닌세포모반,2,isic2019,train
data/ISIC 2019/NV/ISIC_0067612.jpg,멜라닌세포모반,2,isic2019,train
data/ISIC 2019/MEL/ISIC_0056729.jpg,악성흑색종,6,isic2019,train
data/ISIC 2019/MEL/ISIC_0066448.jpg,악성흑색종,6,isic2019,train
data/ISIC 2019/DF/ISIC_0070680.jpg,피부섬유종,10,isic2019,train
data/ISIC 2019/SCC/ISIC_0032173.jpg,편평세포암,8,isic2019,train
data/ISIC 2019/MEL/ISIC_0061701.jpg,악성흑색종,6,isic2019,train
data/ISIC 2019/BCC/ISIC_0063083.jpg,기저세포암,1,isic2019,train
data/ISIC 2019/SCC/ISIC_0030794.jpg,편평세포암,8,isic2019,train
data/ISIC 2019/MEL/ISIC_0033232.jpg,악성흑색종,6,isic2019,train
data/ISIC 2019/BKL/ISIC_0034296.jpg,지루각화증,7,isic2019,train
data/ISIC 2019/AK/ISIC_0068507.jpg,광선각화증,0,isic2019,train
data/ISIC 2019/NV/ISIC_0066704.jpg,멜라닌세포모반,2,isic2019,train
data/ISIC 2019/BCC/ISIC_0072693.jpg,기저세포암,1,isic2019,train
data/ISIC 2019/BKL/ISIC_0054336.jpg,지루각화증,7,isic2019,train
data/ISIC 2019/BCC/ISIC_0025557.jpg,기저세포암,1,isic2019,train
data/ISIC 2019/BCC/ISIC_0055555.jpg,기저세포암,1,isic2019,train
data/ISIC 2019/NV/ISIC_0026482.jpg,멜라닌세포모반,2,isic2019,train
data/ISIC 2019/NV/ISIC_0027602.jpg,멜라닌세포모반,2,isic2019,train
data/ISIC 2019/BKL/ISIC_0012237_downsampled.jpg,지루각화증,7,isic2019,train
data/ISIC 2019/NV/ISIC_0015955_downsampled.jpg,멜라닌세포모반,2,isic2019,train
data/ISIC 2019/AK/ISIC_0054556.jpg,광선각화증,0,isic2019,train
data/ISIC 2019/BKL/ISIC_0030561.jpg,지루각화증,7,isic2019,train
data/ISIC 2019/MEL/ISIC_0065382.jpg,악성흑색종,6,isic2019,train
data/ISIC 2019/MEL/ISIC_0057881.jpg,악성흑색종,6,isic2019,train
data/ISIC 2019/BKL/ISIC_0031945.jpg,지루각화증,7,isic2019,train
data/ISIC 2019/NV/ISIC_0064173.jpg,멜라닌세포모반,2,isic2019,train
data/ISIC 2019/NV/ISIC_0029667.jpg,멜라닌세포모반,2,isic2019,train
data/ISIC 2019/MEL/ISIC_0059808.jpg,악성흑색종,6,isic2019,train
data/ISIC 2019/BKL/ISIC_0034070.jpg,지루각화증,7,isic2019,train
data/ISIC 2019/BCC/ISIC_0072673.jpg,기저세포암,1,isic2019,train
data/ISIC 2019/BKL/ISIC_0065344.jpg,지루각화증,7,isic2019,train
data/ISIC 2019/BKL/ISIC_0013333_downsampled.jpg,지루각화증,7,isic2019,train
data/ISIC 2019/MEL/ISIC_0033651.jpg,악성흑색종,6,isic2019,train
data/ISIC 2019/MEL/ISIC_0066358.jpg,악성흑색종,6,isic2019,train
data/ISIC 2019/MEL/ISIC_0010231.jpg,악성흑색종,6,isic2019,train
data/ISIC 2019/BKL/ISIC_0030835.jpg,지루각화증,7,isic2019,train
data/ISIC 2019/NV/ISIC_0015949_downsampled.jpg,멜라닌세포모반,2,isic2019,train
data/ISIC 2019/NV/ISIC_0003582_downsampled.jpg,멜라닌세포모반,2,isic2019,train
data/ISIC 2019/NV/ISIC_0072445.jpg,멜라닌세포모반,2,isic2019,train
data/ISIC 2019/MEL/ISIC_0033956.jpg,악성흑색종,6,isic2019,train
data/ISIC 2019/NV/ISIC_0063880.jpg,멜라닌세포모반,2,isic2019,train
data/ISIC 2019/MEL/ISIC_0064803.jpg,악성흑색종,6,isic2019,train
data/ISIC 2019/MEL/ISIC_0055279.jpg,악성흑색종,6,isic2019,train
data/ISIC 2019/MEL/ISIC_0070516.jpg,악성흑색종,6,isic2019,train
data/ISIC 2019/MEL/ISIC_0013988_downsampled.jpg,악성흑색종,6,isic2019,train
data/ISIC 2019/SCC/ISIC_0063851.jpg,편평세포암,8,isic2019,train
data/ISIC 2019/BCC/ISIC_0063803.jpg,기저세포암,1,isic2019,train
data/ISIC 2019/BKL/ISIC_0013680_downsampled.jpg,지루각화증,7,isic2019,train
data/ISIC 2019/MEL/ISIC_0054573.jpg,악성흑색종,6,isic2019,train
data/ISIC 2019/BKL/ISIC_0030565.jpg,지루각화증,7,isic2019,train
data/ISIC 2019/MEL/ISIC_0057016.jpg,악성흑색종,6,isic2019,train
data/ISIC 2019/BCC/ISIC_0068786.jpg,기저세포암,1,isic2019,train
data/ISIC 2019/BCC/ISIC_0054353.jpg,기저세포암,1,isic2019,train
data/ISIC 2019/SCC/ISIC_0071202.jpg,편평세포암,8,isic2019,train
data/ISIC 2019/BKL/ISIC_0054983.jpg,지루각화증,7,isic2019,train
data/ISIC 2019/BCC/ISIC_0059121.jpg,기저세포암,1,isic2019,train
data/ISIC 2019/AK/ISIC_0029900.jpg,광선각화증,0,isic2019,train
data/ISIC 2019/MEL/ISIC_0027277.jpg,악성흑색종,6,isic2019,train
data/ISIC 2019/BKL/ISIC_0025746.jpg,지루각화증,7,isic2019,train
data/ISIC 2019/AK/ISIC_0027650.jpg,광선각화증,0,isic2019,train
data/ISIC 2019/BCC/ISIC_0031413.jpg,기저세포암,1,isic2019,train
data/ISIC 2019/SCC/ISIC_0056629.jpg,편평세포암,8,isic2019,train
data/ISIC 2019/SCC/ISIC_0024946.jpg,편평세포암,8,isic2019,train
data/ISIC 2019/BKL/ISIC_0059381.jpg,지루각화증,7,isic2019,train
data/ISIC 2019/BCC/ISIC_0072047.jpg,기저세포암,1,isic2019,train
data/ISIC 2019/BKL/ISIC_0026728.jpg,지루각화증,7,isic2019,train
data/ISIC 2019/VASC/ISIC_0027210.jpg,혈관종,12,isic2019,train
data/ISIC 2019/NV/ISIC_0033580.jpg,멜라닌세포모반,2,isic2019,train
data/ISIC 2019/BCC/ISIC_0064280.jpg,기저세포암,1,isic2019,train
data/ISIC 2019/NV/ISIC_0053577.jpg,멜라닌세포모반,2,isic2019,train
data/ISIC 2019/BCC/ISIC_0033747.jpg,기저세포암,1,isic2019,train
data/ISIC 2019/MEL/ISIC_0061705.jpg,악성흑색종,6,isic2019,train
data/ISIC 2019/BKL/ISIC_0054019.jpg,지루각화증,7,isic2019,train
data/ISIC 2019/NV/ISIC_0062008.jpg,멜라닌세포모반,2,isic2019,train
data/ISIC 2019/NV/ISIC_0011217.jpg,멜라닌세포모반,2,isic2019,train
data/ISIC 2019/BCC/ISIC_0057882.jpg,기저세포암,1,isic2019,train
data/ISIC 2019/BKL/ISIC_0066195.jpg,지루각화증,7,isic2019,train
data/ISIC 2019/MEL/ISIC_0054852.jpg,악성흑색종,6,isic2019,train
data/ISIC 2019/NV/ISIC_0034016.jpg,멜라닌세포모반,2,isic2019,train
data/ISIC 2019/NV/ISIC_0064488.jpg,멜라닌세포모반,2,isic2019,train
data/ISIC 2019/MEL/ISIC_0072559.jpg,악성흑색종,6,isic2019,train
data/ISIC 2019/NV/ISIC_0032361.jpg,멜라닌세포모반,2,isic2019,train
data/ISIC 2019/BKL/ISIC_0060488.jpg,지루각화증,7,isic2019,train
data/ISIC 2019/MEL/ISIC_0013530_downsampled.jpg,악성흑색종,6,isic2019,train
data/ISIC 2019/AK/ISIC_0058884.jpg,광선각화증,0,isic2019,train
data/ISIC 2019/MEL/ISIC_0066094.jpg,악성흑색종,6,isic2019,train
data/ISIC 2019/AK/ISIC_0031823.jpg,광선각화증,0,isic2019,train
data/ISIC 2019/MEL/ISIC_0064427.jpg,악성흑색종,6,isic2019,train
data/ISIC 2019/BCC/ISIC_0072605.jpg,기저세포암,1,isic2019,train
data/ISIC 2019/BCC/ISIC_0067772.jpg,기저세포암,1,isic2019,train
data/ISIC 2019/NV/ISIC_0001306_downsampled.jpg,멜라닌세포모반,2,isic2019,train
data/ISIC 2019/AK/ISIC_0070164.jpg,광선각화증,0,isic2019,train
data/ISIC 2019/MEL/ISIC_0027076.jpg,악성흑색종,6,isic2019,train
data/ISIC 2019/NV/ISIC_0061641.jpg,멜라닌세포모반,2,isic2019,train
data/ISIC 2019/NV/ISIC_0028185.jpg,멜라닌세포모반,2,isic2019,train
data/ISIC 2019/MEL/ISIC_0010364.jpg,악성흑색종,6,isic2019,train
data/ISIC 2019/VASC/ISIC_0055650.jpg,혈관종,12,isic2019,train
data/ISIC 2019/BKL/ISIC_0014537_downsampled.jpg,지루각화증,7,isic2019,train
data/ISIC 2019/MEL/ISIC_0071800.jpg,악성흑색종,6,isic2019,train
data/ISIC 2019/MEL/ISIC_0026489.jpg,악성흑색종,6,isic2019,train
data/ISIC 2019/NV/ISIC_0063681.jpg,멜라닌세포모반,2,isic2019,train
data/ISIC 2019/MEL/ISIC_0011130.jpg,악성흑색종,6,isic2019,train
data/ISIC 2019/BKL/ISIC_0056530.jpg,지루각화증,7,isic2019,train
data/ISIC 2019/NV/ISIC_0063744.jpg,멜라닌세포모반,2,isic2019,train
data/ISIC 2019/NV/ISIC_0058914.jpg,멜라닌세포모반,2,isic2019,train
data/ISIC 2019/DF/ISIC_0063831.jpg,피부섬유종,10,isic2019,train
data/ISIC 2019/MEL/ISIC_0071043.jpg,악성흑색종,6,isic2019,train
data/ISIC 2019/BCC/ISIC_0024448.jpg,기저세포암,1,isic2019,train
data/ISIC 2019/BKL/ISIC_0026273.jpg,지루각화증,7,isic2019,train
data/ISIC 2019/BKL/ISIC_0070988.jpg,지루각화증,7,isic2019,train
data/ISIC 2019/AK/ISIC_0054908.jpg,광선각화증,0,isic2019,train
data/ISIC 2019/MEL/ISIC_0062084.jpg,악성흑색종,6,isic2019,train
data/ISIC 2019/NV/ISIC_0032337.jpg,멜라닌세포모반,2,isic2019,train
data/ISIC 2019/AK/ISIC_0069772.jpg,광선각화증,0,isic2019,train
data/ISIC 2019/VASC/ISIC_0032839.jpg,혈관종,12,isic2019,train
data/ISIC 2019/MEL/ISIC_0071992.jpg,악성흑색종,6,isic2019,train
data/ISIC 2019/BCC/ISIC_0069287.jpg,기저세포암,1,isic2019,train
data/ISIC 2019/BKL/ISIC_0031329.jpg,지루각화증,7,isic2019,train
data/ISIC 2019/BCC/ISIC_0073229.jpg,기저세포암,1,isic2019,train
data/ISIC 2019/NV/ISIC_0026982.jpg,멜라닌세포모반,2,isic2019,train
data/ISIC 2019/NV/ISIC_0031856.jpg,멜라닌세포모반,2,isic2019,train
data/ISIC 2019/BCC/ISIC_0072701.jpg,기저세포암,1,isic2019,train
data/ISIC 2019/BCC/ISIC_0032906.jpg,기저세포암,1,isic2019,train
data/ISIC 2019/MEL/ISIC_0066066.jpg,악성흑색종,6,isic2019,train
data/ISIC 2019/AK/ISIC_0056071.jpg,광선각화증,0,isic2019,train
data/ISIC 2019/MEL/ISIC_0026360.jpg,악성흑색종,6,isic2019,train
data/ISIC 2019/NV/ISIC_0000028_downsampled.jpg,멜라닌세포모반,2,isic2019,train
data/ISIC 2019/VASC/ISIC_0031996.jpg,혈관종,12,isic2019,train
data/ISIC 2019/NV/ISIC_0061372.jpg,멜라닌세포모반,2,isic2019,train
data/ISIC 2019/MEL/ISIC_0013141_downsampled.jpg,악성흑색종,6,isic2019,train
data/ISIC 2019/NV/ISIC_0033236.jpg,멜라닌세포모반,2,isic2019,train
data/ISIC 2019/MEL/ISIC_0063172.jpg,악성흑색종,6,isic2019,train
data/ISIC 2019/MEL/ISIC_0056046.jpg,악성흑색종,6,isic2019,train
data/ISIC 2019/NV/ISIC_0026269.jpg,멜라닌세포모반,2,isic2019,train
data/ISIC 2019/NV/ISIC_0029065.jpg,멜라닌세포모반,2,isic2019,train
data/ISIC 2019/NV/ISIC_0054192.jpg,멜라닌세포모반,2,isic2019,train
data/ISIC 2019/BCC/ISIC_0028693.jpg,기저세포암,1,isic2019,train
data/ISIC 2019/SCC/ISIC_0055131.jpg,편평세포암,8,isic2019,train
data/ISIC 2019/NV/ISIC_0032791.jpg,멜라닌세포모반,2,isic2019,train
data/ISIC 2019/BCC/ISIC_0065462.jpg,기저세포암,1,isic2019,train
data/ISIC 2019/NV/ISIC_0030611.jpg,멜라닌세포모반,2,isic2019,train
data/ISIC 2019/BKL/ISIC_0069606.jpg,지루각화증,7,isic2019,train
data/ISIC 2019/BKL/ISIC_0061640.jpg,지루각화증,7,isic2019,train
data/ISIC 2019/NV/ISIC_0030693.jpg,멜라닌세포모반,2,isic2019,train
data/ISIC 2019/MEL/ISIC_0059232.jpg,악성흑색종,6,isic2019,train
data/ISIC 2019/BKL/ISIC_0024643.jpg,지루각화증,7,isic2019,train
data/ISIC 2019/AK/ISIC_0030408.jpg,광선각화증,0,isic2019,train
data/ISIC 2019/MEL/ISIC_0066481.jpg,악성흑색종,6,isic2019,train
data/ISIC 2019/MEL/ISIC_0067969.jpg,악성흑색종,6,isic2019,train
data/ISIC 2019/BKL/ISIC_0034168.jpg,지루각화증,7,isic2019,train
data/ISIC 2019/NV/ISIC_0060619.jpg,멜라닌세포모반,2,isic2019,train
data/ISIC 2019/BCC/ISIC_0053924.jpg,기저세포암,1,isic2019,train
data/ISIC 2019/MEL/ISIC_0060397.jpg,악성흑색종,6,isic2019,train
data/ISIC 2019/NV/ISIC_0059019.jpg,멜라닌세포모반,2,isic2019,train
data/ISIC 2019/BCC/ISIC_0072697.jpg,기저세포암,1,isic2019,train
data/ISIC 2019/NV/ISIC_0065645.jpg,멜라닌세포모반,2,isic2019,train
data/ISIC 2019/NV/ISIC_0025122.jpg,멜라닌세포모반,2,isic2019,train
data/ISIC 2019/DF/ISIC_0066917.jpg,피부섬유종,10,isic2019,train
data/ISIC 2019/NV/ISIC_0029381.jpg,멜라닌세포모반,2,isic2019,train
data/ISIC 2019/MEL/ISIC_0009950.jpg,악성흑색종,6,isic2019,train
data/ISIC 2019/MEL/ISIC_0030564.jpg,악성흑색종,6,isic2019,train
data/ISIC 2019/MEL/ISIC_0053503.jpg,악성흑색종,6,isic2019,train
data/ISIC 2019/BKL/ISIC_0012800_downsampled.jpg,지루각화증,7,isic2019,train
data/ISIC 2019/VASC/ISIC_0026713.jpg,혈관종,12,isic2019,train
data/ISIC 2019/BCC/ISIC_0067301.jpg,기저세포암,1,isic2019,train
data/ISIC 2019/NV/ISIC_0069691.jpg,멜라닌세포모반,2,isic2019,train
data/ISIC 2019/MEL/ISIC_0061880.jpg,악성흑색종,6,isic2019,train
data/ISIC 2019/MEL/ISIC_0010380.jpg,악성흑색종,6,isic2019,train
data/ISIC 2019/MEL/ISIC_0000294.jpg,악성흑색종,6,isic2019,train
data/ISIC 2019/NV/ISIC_0062913.jpg,멜라닌세포모반,2,isic2019,train
data/ISIC 2019/BCC/ISIC_0062764.jpg,기저세포암,1,isic2019,train
data/ISIC 2019/MEL/ISIC_0063946.jpg,악성흑색종,6,isic2019,train
data/ISIC 2019/BKL/ISIC_0014038_downsampled.jpg,지루각화증,7,isic2019,train
data/ISIC 2019/BKL/ISIC_0029912.jpg,지루각화증,7,isic2019,train
data/ISIC 2019/NV/ISIC_0033600.jpg,멜라닌세포모반,2,isic2019,train
data/ISIC 2019/BKL/ISIC_0056245.jpg,지루각화증,7,isic2019,train
data/ISIC 2019/BKL/ISIC_0028511.jpg,지루각화증,7,isic2019,train
data/ISIC 2019/BKL/ISIC_0072058.jpg,지루각화증,7,isic2019,train
data/ISIC 2019/BCC/ISIC_0064968.jpg,기저세포암,1,isic2019,train
data/ISIC 2019/BKL/ISIC_0030310.jpg,지루각화증,7,isic2019,train
data/ISIC 2019/NV/ISIC_0067320.jpg,멜라닌세포모반,2,isic2019,train
data/ISIC 2019/NV/ISIC_0032229.jpg,멜라닌세포모반,2,isic2019,train
data/ISIC 2019/SCC/ISIC_0026927.jpg,편평세포암,8,isic2019,train
data/ISIC 2019/NV/ISIC_0056369.jpg,멜라닌세포모반,2,isic2019,train
data/ISIC 2019/MEL/ISIC_0062443.jpg,악성흑색종,6,isic2019,train
data/ISIC 2019/BCC/ISIC_0072807.jpg,기저세포암,1,isic2019,train
data/ISIC 2019/BCC/ISIC_0058911.jpg,기저세포암,1,isic2019,train
data/ISIC 2019/MEL/ISIC_0060955.jpg,악성흑색종,6,isic2019,train
data/ISIC 2019/NV/ISIC_0024934.jpg,멜라닌세포모반,2,isic2019,train
data/ISIC 2019/BCC/ISIC_0055969.jpg,기저세포암,1,isic2019,train
data/ISIC 2019/NV/ISIC_0010020.jpg,멜라닌세포모반,2,isic2019,train
data/ISIC 2019/DF/ISIC_0053519.jpg,피부섬유종,10,isic2019,train
data/ISIC 2019/BKL/ISIC_0014393_downsampled.jpg,지루각화증,7,isic2019,train
data/ISIC 2019/BKL/ISIC_0013169_downsampled.jpg,지루각화증,7,isic2019,train
data/ISIC 2019/BKL/ISIC_0014647_downsampled.jpg,지루각화증,7,isic2019,train
data/ISIC 2019/BKL/ISIC_0028622.jpg,지루각화증,7,isic2019,train
data/ISIC 2019/NV/ISIC_0060793.jpg,멜라닌세포모반,2,isic2019,train
data/ISIC 2019/AK/ISIC_0065120.jpg,광선각화증,0,isic2019,train
data/ISIC 2019/VASC/ISIC_0058737.jpg,혈관종,12,isic2019,train
data/ISIC 2019/BCC/ISIC_0069011.jpg,기저세포암,1,isic2019,train
data/ISIC 2019/MEL/ISIC_0069059.jpg,악성흑색종,6,isic2019,train
data/ISIC 2019/BCC/ISIC_0068346.jpg,기저세포암,1,isic2019,train
data/ISIC 2019/AK/ISIC_0057778.jpg,광선각화증,0,isic2019,train
data/ISIC 2019/MEL/ISIC_0068178.jpg,악성흑색종,6,isic2019,train
data/ISIC 2019/NV/ISIC_0025210.jpg,멜라닌세포모반,2,isic2019,train
data/ISIC 2019/BKL/ISIC_0070925.jpg,지루각화증,7,isic2019,train
data/ISIC 2019/BKL/ISIC_0060013.jpg,지루각화증,7,isic2019,train
data/ISIC 2019/MEL/ISIC_0027069.jpg,악성흑색종,6,isic2019,train
data/ISIC 2019/MEL/ISIC_0056019.jpg,악성흑색종,6,isic2019,train
data/ISIC 2019/BCC/ISIC_0058372.jpg,기저세포암,1,isic2019,train
data/ISIC 2019/BCC/ISIC_0061026.jpg,기저세포암,1,isic2019,train
data/ISIC 2019/AK/ISIC_0055260.jpg,광선각화증,0,isic2019,train
data/ISIC 2019/BCC/ISIC_0068590.jpg,기저세포암,1,isic2019,train
data/ISIC 2019/BCC/ISIC_0055510.jpg,기저세포암,1,isic2019,train
data/ISIC 2019/BKL/ISIC_0027419.jpg,지루각화증,7,isic2019,train
data/ISIC 2019/NV/ISIC_0025166.jpg,멜라닌세포모반,2,isic2019,train
data/ISIC 2019/NV/ISIC_0029169.jpg,멜라닌세포모반,2,isic2019,train
data/ISIC 2019/BCC/ISIC_0056503.jpg,기저세포암,1,isic2019,train
data/ISIC 2019/MEL/ISIC_0070220.jpg,악성흑색종,6,isic2019,train
data/ISIC 2019/DF/ISIC_0032468.jpg,피부섬유종,10,isic2019,train
data/ISIC 2019/BKL/ISIC_0059972.jpg,지루각화증,7,isic2019,train
data/ISIC 2019/NV/ISIC_0030719.jpg,멜라닌세포모반,2,isic2019,train
data/ISIC 2019/MEL/ISIC_0000513.jpg,악성흑색종,6,isic2019,train
data/ISIC 2019/BCC/ISIC_0031294.jpg,기저세포암,1,isic2019,train
data/ISIC 2019/MEL/ISIC_0067756.jpg,악성흑색종,6,isic2019,train
data/ISIC 2019/SCC/ISIC_0033869.jpg,편평세포암,8,isic2019,train
data/ISIC 2019/BKL/ISIC_0030137.jpg,지루각화증,7,isic2019,train
data/ISIC 2019/MEL/ISIC_0062477.jpg,악성흑색종,6,isic2019,train
data/ISIC 2019/SCC/ISIC_0055302.jpg,편평세포암,8,isic2019,train
data/ISIC 2019/MEL/ISIC_0064341.jpg,악성흑색종,6,isic2019,train
data/ISIC 2019/VASC/ISIC_0024867.jpg,혈관종,12,isic2019,train
data/ISIC 2019/MEL/ISIC_0026868.jpg,악성흑색종,6,isic2019,train
data/ISIC 2019/DF/ISIC_0054918.jpg,피부섬유종,10,isic2019,train
data/ISIC 2019/BKL/ISIC_0060252.jpg,지루각화증,7,isic2019,train
data/ISIC 2019/BCC/ISIC_0069737.jpg,기저세포암,1,isic2019,train
data/ISIC 2019/MEL/ISIC_0059218.jpg,악성흑색종,6,isic2019,train
data/ISIC 2019/MEL/ISIC_0013491_downsampled.jpg,악성흑색종,6,isic2019,train
data/ISIC 2019/NV/ISIC_0068144.jpg,멜라닌세포모반,2,isic2019,train
data/ISIC 2019/AK/ISIC_0067887.jpg,광선각화증,0,isic2019,train
data/ISIC 2019/MEL/ISIC_0069386.jpg,악성흑색종,6,isic2019,train
data/ISIC 2019/BCC/ISIC_0062946.jpg,기저세포암,1,isic2019,train
data/ISIC 2019/NV/ISIC_0032515.jpg,멜라닌세포모반,2,isic2019,train
data/ISIC 2019/DF/ISIC_0032138.jpg,피부섬유종,10,isic2019,train
data/ISIC 2019/BCC/ISIC_0055225.jpg,기저세포암,1,isic2019,train
data/ISIC 2019/BCC/ISIC_0056516.jpg,기저세포암,1,isic2019,train
data/ISIC 2019/NV/ISIC_0025866.jpg,멜라닌세포모반,2,isic2019,train
data/ISIC 2019/MEL/ISIC_0013814_downsampled.jpg,악성흑색종,6,isic2019,train
data/ISIC 2019/MEL/ISIC_0059027.jpg,악성흑색종,6,isic2019,train
data/ISIC 2019/BCC/ISIC_0034066.jpg,기저세포암,1,isic2019,train
data/ISIC 2019/NV/ISIC_0068619.jpg,멜라닌세포모반,2,isic2019,train
data/ISIC 2019/MEL/ISIC_0056806.jpg,악성흑색종,6,isic2019,train
data/ISIC 2019/NV/ISIC_0065545.jpg,멜라닌세포모반,2,isic2019,train
data/ISIC 2019/SCC/ISIC_0073195.jpg,편평세포암,8,isic2019,train
data/ISIC 2019/BKL/ISIC_0058927.jpg,지루각화증,7,isic2019,train
data/ISIC 2019/BKL/ISIC_0025454.jpg,지루각화증,7,isic2019,train
data/ISIC 2019/NV/ISIC_0033442.jpg,멜라닌세포모반,2,isic2019,train
data/ISIC 2019/BCC/ISIC_0061781.jpg,기저세포암,1,isic2019,train
data/ISIC 2019/MEL/ISIC_0063606.jpg,악성흑색종,6,isic2019,train
data/ISIC 2019/BCC/ISIC_0066282.jpg,기저세포암,1,isic2019,train
data/ISIC 2019/BCC/ISIC_0071255.jpg,기저세포암,1,isic2019,train
data/ISIC 2019/MEL/ISIC_0033773.jpg,악성흑색종,6,isic2019,train
data/ISIC 2019/BKL/ISIC_0013364_downsampled.jpg,지루각화증,7,isic2019,train
data/ISIC 2019/BKL/ISIC_0012170_downsampled.jpg,지루각화증,7,isic2019,train
data/ISIC 2019/MEL/ISIC_0010029.jpg,악성흑색종,6,isic2019,train
data/ISIC 2019/MEL/ISIC_0057591.jpg,악성흑색종,6,isic2019,train
data/ISIC 2019/BCC/ISIC_0073172.jpg,기저세포암,1,isic2019,train
data/ISIC 2019/MEL/ISIC_0057450.jpg,악성흑색종,6,isic2019,train
data/ISIC 2019/MEL/ISIC_0062103.jpg,악성흑색종,6,isic2019,train
data/ISIC 2019/NV/ISIC_0063439.jpg,멜라닌세포모반,2,isic2019,train
data/ISIC 2019/BKL/ISIC_0067273.jpg,지루각화증,7,isic2019,train
data/ISIC 2019/NV/ISIC_0071437.jpg,멜라닌세포모반,2,isic2019,train
data/ISIC 2019/BCC/ISIC_0067784.jpg,기저세포암,1,isic2019,train
data/ISIC 2019/NV/ISIC_0016063_downsampled.jpg,멜라닌세포모반,2,isic2019,train
data/ISIC 2019/BCC/ISIC_0064019.jpg,기저세포암,1,isic2019,train
data/ISIC 2019/BCC/ISIC_0061824.jpg,기저세포암,1,isic2019,train
data/ISIC 2019/BCC/ISIC_0055060.jpg,기저세포암,1,isic2019,train
data/ISIC 2019/BKL/ISIC_0025286.jpg,지루각화증,7,isic2019,train
data/ISIC 2019/BKL/ISIC_0024338.jpg,지루각화증,7,isic2019,train
data/ISIC 2019/NV/ISIC_0061354.jpg,멜라닌세포모반,2,isic2019,train
data/ISIC 2019/BKL/ISIC_0057880.jpg,지루각화증,7,isic2019,train
data/ISIC 2019/BCC/ISIC_0069477.jpg,기저세포암,1,isic2019,train
data/ISIC 2019/NV/ISIC_0063116.jpg,멜라닌세포모반,2,isic2019,train
data/ISIC 2019/NV/ISIC_0031602.jpg,멜라닌세포모반,2,isic2019,train
data/ISIC 2019/BCC/ISIC_0060983.jpg,기저세포암,1,isic2019,train
data/ISIC 2019/MEL/ISIC_0060465.jpg,악성흑색종,6,isic2019,train
data/ISIC 2019/AK/ISIC_0053595.jpg,광선각화증,0,isic2019,train
data/ISIC 2019/BCC/ISIC_0059199.jpg,기저세포암,1,isic2019,train
data/ISIC 2019/BKL/ISIC_0024890.jpg,지루각화증,7,isic2019,train
data/ISIC 2019/BCC/ISIC_0053744.jpg,기저세포암,1,isic2019,train
data/ISIC 2019/BCC/ISIC_0057179.jpg,기저세포암,1,isic2019,train
data/ISIC 2019/NV/ISIC_0059239.jpg,멜라닌세포모반,2,isic2019,train
data/ISIC 2019/BCC/ISIC_0057998.jpg,기저세포암,1,isic2019,train
data/ISIC 2019/MEL/ISIC_0069193.jpg,악성흑색종,6,isic2019,train
data/ISIC 2019/AK/ISIC_0061307.jpg,광선각화증,0,isic2019,train
data/ISIC 2019/BKL/ISIC_0064906.jpg,지루각화증,7,isic2019,train
data/ISIC 2019/MEL/ISIC_0053828.jpg,악성흑색종,6,isic2019,train
data/ISIC 2019/MEL/ISIC_0033476.jpg,악성흑색종,6,isic2019,train
data/ISIC 2019/BCC/ISIC_0070734.jpg,기저세포암,1,isic2019,train
data/ISIC 2019/BCC/ISIC_0071198.jpg,기저세포암,1,isic2019,train
data/ISIC 2019/SCC/ISIC_0027184.jpg,편평세포암,8,isic2019,train
data/ISIC 2019/BKL/ISIC_0070775.jpg,지루각화증,7,isic2019,train
data/ISIC 2019/SCC/ISIC_0063746.jpg,편평세포암,8,isic2019,train
data/ISIC 2019/MEL/ISIC_0068252.jpg,악성흑색종,6,isic2019,train
data/ISIC 2019/BKL/ISIC_0032576.jpg,지루각화증,7,isic2019,train
data/ISIC 2019/BKL/ISIC_0030160.jpg,지루각화증,7,isic2019,train
data/ISIC 2019/BKL/ISIC_0072898.jpg,지루각화증,7,isic2019,train
data/ISIC 2019/BCC/ISIC_0056709.jpg,기저세포암,1,isic2019,train
data/ISIC 2019/MEL/ISIC_0032985.jpg,악성흑색종,6,isic2019,train
data/ISIC 2019/BCC/ISIC_0064824.jpg,기저세포암,1,isic2019,train
data/ISIC 2019/SCC/ISIC_0055815.jpg,편평세포암,8,isic2019,train
data/ISIC 2019/NV/ISIC_0028348.jpg,멜라닌세포모반,2,isic2019,train
data/ISIC 2019/AK/ISIC_0055475.jpg,광선각화증,0,isic2019,train
data/ISIC 2019/NV/ISIC_0029853.jpg,멜라닌세포모반,2,isic2019,train
data/ISIC 2019/MEL/ISIC_0072976.jpg,악성흑색종,6,isic2019,train
data/ISIC 2019/BCC/ISIC_0063736.jpg,기저세포암,1,isic2019,train
data/ISIC 2019/MEL/ISIC_0056202.jpg,악성흑색종,6,isic2019,train
data/ISIC 2019/BCC/ISIC_0067439.jpg,기저세포암,1,isic2019,train
data/ISIC 2019/MEL/ISIC_0069540.jpg,악성흑색종,6,isic2019,train
data/ISIC 2019/BCC/ISIC_0071670.jpg,기저세포암,1,isic2019,train
data/ISIC 2019/BCC/ISIC_0053672.jpg,기저세포암,1,isic2019,train
data/ISIC 2019/BKL/ISIC_0026947.jpg,지루각화증,7,isic2019,train
data/ISIC 2019/MEL/ISIC_0027352.jpg,악성흑색종,6,isic2019,train
data/ISIC 2019/MEL/ISIC_0033299.jpg,악성흑색종,6,isic2019,train
data/ISIC 2019/BCC/ISIC_0025752.jpg,기저세포암,1,isic2019,train
data/ISIC 2019/NV/ISIC_0014845_downsampled.jpg,멜라닌세포모반,2,isic2019,train
data/ISIC 2019/MEL/ISIC_0054194.jpg,악성흑색종,6,isic2019,train
data/ISIC 2019/BKL/ISIC_0033449.jpg,지루각화증,7,isic2019,train
data/ISIC 2019/NV/ISIC_0068726.jpg,멜라닌세포모반,2,isic2019,train
data/ISIC 2019/BCC/ISIC_0066301.jpg,기저세포암,1,isic2019,train
data/ISIC 2019/BCC/ISIC_0057020.jpg,기저세포암,1,isic2019,train
data/ISIC 2019/BCC/ISIC_0063586.jpg,기저세포암,1,isic2019,train
data/ISIC 2019/BKL/ISIC_0014341_downsampled.jpg,지루각화증,7,isic2019,train
data/ISIC 2019/BKL/ISIC_0012090_downsampled.jpg,지루각화증,7,isic2019,train
data/ISIC 2019/BCC/ISIC_0072590.jpg,기저세포암,1,isic2019,train
data/ISIC 2019/NV/ISIC_0013526_downsampled.jpg,멜라닌세포모반,2,isic2019,train
data/ISIC 2019/BKL/ISIC_0029557.jpg,지루각화증,7,isic2019,train
data/ISIC 2019/AK/ISIC_0056005.jpg,광선각화증,0,isic2019,train
data/ISIC 2019/BCC/ISIC_0067087.jpg,기저세포암,1,isic2019,train
data/ISIC 2019/BKL/ISIC_0065639.jpg,지루각화증,7,isic2019,train
data/ISIC 2019/BCC/ISIC_0029082.jpg,기저세포암,1,isic2019,train
data/ISIC 2019/AK/ISIC_0026857.jpg,광선각화증,0,isic2019,train
data/ISIC 2019/NV/ISIC_0028435.jpg,멜라닌세포모반,2,isic2019,train
data/ISIC 2019/NV/ISIC_0053890.jpg,멜라닌세포모반,2,isic2019,train
data/ISIC 2019/BCC/ISIC_0057161.jpg,기저세포암,1,isic2019,train
data/ISIC 2019/BCC/ISIC_0064603.jpg,기저세포암,1,isic2019,train
data/ISIC 2019/BKL/ISIC_0030768.jpg,지루각화증,7,isic2019,train
data/ISIC 2019/BKL/ISIC_0014029_downsampled.jpg,지루각화증,7,isic2019,train
data/ISIC 2019/NV/ISIC_0060066.jpg,멜라닌세포모반,2,isic2019,train
data/ISIC 2019/BKL/ISIC_0053663.jpg,지루각화증,7,isic2019,train
data/ISIC 2019/NV/ISIC_0025720.jpg,멜라닌세포모반,2,isic2019,train
data/ISIC 2019/BKL/ISIC_0068599.jpg,지루각화증,7,isic2019,train
data/ISIC 2019/DF/ISIC_0066648.jpg,피부섬유종,10,isic2019,train
data/ISIC 2019/AK/ISIC_0030036.jpg,광선각화증,0,isic2019,train
data/ISIC 2019/NV/ISIC_0026177.jpg,멜라닌세포모반,2,isic2019,train
data/ISIC 2019/AK/ISIC_0058776.jpg,광선각화증,0,isic2019,train
data/ISIC 2019/BKL/ISIC_0032898.jpg,지루각화증,7,isic2019,train
data/ISIC 2019/NV/ISIC_0000320.jpg,멜라닌세포모반,2,isic2019,train
data/ISIC 2019/MEL/ISIC_0067515.jpg,악성흑색종,6,isic2019,train
data/ISIC 2019/DF/ISIC_0024386.jpg,피부섬유종,10,isic2019,train
data/ISIC 2019/BCC/ISIC_0065129.jpg,기저세포암,1,isic2019,train
data/ISIC 2019/BCC/ISIC_0060625.jpg,기저세포암,1,isic2019,train
data/ISIC 2019/NV/ISIC_0008541_downsampled.jpg,멜라닌세포모반,2,isic2019,train
data/ISIC 2019/MEL/ISIC_0053510.jpg,악성흑색종,6,isic2019,train
data/ISIC 2019/SCC/ISIC_0068367.jpg,편평세포암,8,isic2019,train
data/ISIC 2019/MEL/ISIC_0066086.jpg,악성흑색종,6,isic2019,train
data/ISIC 2019/NV/ISIC_0063682.jpg,멜라닌세포모반,2,isic2019,train
data/ISIC 2019/NV/ISIC_0032495.jpg,멜라닌세포모반,2,isic2019,train
data/ISIC 2019/BCC/ISIC_0062341.jpg,기저세포암,1,isic2019,train
data/ISIC 2019/MEL/ISIC_0068064.jpg,악성흑색종,6,isic2019,train
data/ISIC 2019/NV/ISIC_0011146.jpg,멜라닌세포모반,2,isic2019,train
data/ISIC 2019/AK/ISIC_0070302.jpg,광선각화증,0,isic2019,train
data/ISIC 2019/BCC/ISIC_0026350.jpg,기저세포암,1,isic2019,train
data/ISIC 2019/DF/ISIC_0031735.jpg,피부섬유종,10,isic2019,train
data/ISIC 2019/DF/ISIC_0058032.jpg,피부섬유종,10,isic2019,train
data/ISIC 2019/NV/ISIC_0028468.jpg,멜라닌세포모반,2,isic2019,train
data/ISIC 2019/BCC/ISIC_0062666.jpg,기저세포암,1,isic2019,train
data/ISIC 2019/BCC/ISIC_0053559.jpg,기저세포암,1,isic2019,train
data/ISIC 2019/MEL/ISIC_0065523.jpg,악성흑색종,6,isic2019,train
data/ISIC 2019/NV/ISIC_0027000.jpg,멜라닌세포모반,2,isic2019,train
data/ISIC 2019/SCC/ISIC_0058920.jpg,편평세포암,8,isic2019,train
data/ISIC 2019/BCC/ISIC_0065044.jpg,기저세포암,1,isic2019,train
data/ISIC 2019/NV/ISIC_0010435.jpg,멜라닌세포모반,2,isic2019,train
data/ISIC 2019/MEL/ISIC_0055954.jpg,악성흑색종,6,isic2019,train
data/ISIC 2019/BCC/ISIC_0068899.jpg,기저세포암,1,isic2019,train
data/ISIC 2019/MEL/ISIC_0054492.jpg,악성흑색종,6,isic2019,train
data/ISIC 2019/NV/ISIC_0024801.jpg,멜라닌세포모반,2,isic2019,train
data/ISIC 2019/BCC/ISIC_0025971.jpg,기저세포암,1,isic2019,train
data/ISIC 2019/NV/ISIC_0064637.jpg,멜라닌세포모반,2,isic2019,train
data/ISIC 2019/MEL/ISIC_0071176.jpg,악성흑색종,6,isic2019,train
data/ISIC 2019/BCC/ISIC_0070151.jpg,기저세포암,1,isic2019,train
data/ISIC 2019/NV/ISIC_0030065.jpg,멜라닌세포모반,2,isic2019,train
data/ISIC 2019/BKL/ISIC_0027815.jpg,지루각화증,7,isic2019,train
data/ISIC 2019/NV/ISIC_0031544.jpg,멜라닌세포모반,2,isic2019,train
data/ISIC 2019/NV/ISIC_0009995.jpg,멜라닌세포모반,2,isic2019,train
data/ISIC 2019/MEL/ISIC_0066844.jpg,악성흑색종,6,isic2019,train
data/ISIC 2019/SCC/ISIC_0060850.jpg,편평세포암,8,isic2019,train
data/ISIC 2019/BKL/ISIC_0062689.jpg,지루각화증,7,isic2019,train
data/ISIC 2019/BKL/ISIC_0057794.jpg,지루각화증,7,isic2019,train
data/ISIC 2019/NV/ISIC_0053803.jpg,멜라닌세포모반,2,isic2019,train
data/ISIC 2019/MEL/ISIC_0071827.jpg,악성흑색종,6,isic2019,train
data/ISIC 2019/BKL/ISIC_0013167_downsampled.jpg,지루각화증,7,isic2019,train
data/ISIC 2019/NV/ISIC_0027346.jpg,멜라닌세포모반,2,isic2019,train
data/ISIC 2019/BCC/ISIC_0054621.jpg,기저세포암,1,isic2019,train
data/ISIC 2019/BCC/ISIC_0073037.jpg,기저세포암,1,isic2019,train
data/ISIC 2019/BCC/ISIC_0054243.jpg,기저세포암,1,isic2019,train
data/ISIC 2019/BKL/ISIC_0064480.jpg,지루각화증,7,isic2019,train
data/ISIC 2019/MEL/ISIC_0057061.jpg,악성흑색종,6,isic2019,train
data/ISIC 2019/SCC/ISIC_0057930.jpg,편평세포암,8,isic2019,train
data/ISIC 2019/BCC/ISIC_0031351.jpg,기저세포암,1,isic2019,train
data/ISIC 2019/BKL/ISIC_0064301.jpg,지루각화증,7,isic2019,train
data/ISIC 2019/DF/ISIC_0031123.jpg,피부섬유종,10,isic2019,train
data/ISIC 2019/MEL/ISIC_0025105.jpg,악성흑색종,6,isic2019,train
data/ISIC 2019/BCC/ISIC_0072359.jpg,기저세포암,1,isic2019,train
data/ISIC 2019/MEL/ISIC_0026870.jpg,악성흑색종,6,isic2019,train
data/ISIC 2019/BKL/ISIC_0033400.jpg,지루각화증,7,isic2019,train
data/ISIC 2019/MEL/ISIC_0062978.jpg,악성흑색종,6,isic2019,train
data/ISIC 2019/NV/ISIC_0031968.jpg,멜라닌세포모반,2,isic2019,train
data/ISIC 2019/BKL/ISIC_0012845_downsampled.jpg,지루각화증,7,isic2019,train
data/ISIC 2019/SCC/ISIC_0065472.jpg,편평세포암,8,isic2019,train
data/ISIC 2019/BKL/ISIC_0064405.jpg,지루각화증,7,isic2019,train
data/ISIC 2019/BCC/ISIC_0063860.jpg,기저세포암,1,isic2019,train
data/ISIC 2019/BCC/ISIC_0059111.jpg,기저세포암,1,isic2019,train
data/ISIC 2019/NV/ISIC_0026557.jpg,멜라닌세포모반,2,isic2019,train
data/ISIC 2019/NV/ISIC_0027821.jpg,멜라닌세포모반,2,isic2019,train
data/ISIC 2019/BCC/ISIC_0065540.jpg,기저세포암,1,isic2019,train
data/ISIC 2019/DF/ISIC_0032613.jpg,피부섬유종,10,isic2019,train
data/ISIC 2019/BCC/ISIC_0069972.jpg,기저세포암,1,isic2019,train
data/ISIC 2019/BCC/ISIC_0054658.jpg,기저세포암,1,isic2019,train
data/ISIC 2019/NV/ISIC_0027348.jpg,멜라닌세포모반,2,isic2019,train
data/ISIC 2019/BCC/ISIC_0054773.jpg,기저세포암,1,isic2019,train
data/ISIC 2019/BCC/ISIC_0069794.jpg,기저세포암,1,isic2019,train
data/ISIC 2019/BCC/ISIC_0032959.jpg,기저세포암,1,isic2019,train
data/ISIC 2019/BKL/ISIC_0031831.jpg,지루각화증,7,isic2019,train
data/ISIC 2019/NV/ISIC_0032920.jpg,멜라닌세포모반,2,isic2019,train
data/ISIC 2019/MEL/ISIC_0054341.jpg,악성흑색종,6,isic2019,train
data/ISIC 2019/NV/ISIC_0010475.jpg,멜라닌세포모반,2,isic2019,train
data/ISIC 2019/BKL/ISIC_0071952.jpg,지루각화증,7,isic2019,train
data/ISIC 2019/NV/ISIC_0030751.jpg,멜라닌세포모반,2,isic2019,train
data/ISIC 2019/NV/ISIC_0028001.jpg,멜라닌세포모반,2,isic2019,train
data/ISIC 2019/MEL/ISIC_0057211.jpg,악성흑색종,6,isic2019,train
data/ISIC 2019/MEL/ISIC_0065577.jpg,악성흑색종,6,isic2019,train
data/ISIC 2019/MEL/ISIC_0070465.jpg,악성흑색종,6,isic2019,train
data/ISIC 2019/MEL/ISIC_0062434.jpg,악성흑색종,6,isic2019,train
data/ISIC 2019/MEL/ISIC_0000551.jpg,악성흑색종,6,isic2019,train
data/ISIC 2019/BKL/ISIC_0063311.jpg,지루각화증,7,isic2019,train
data/ISIC 2019/BCC/ISIC_0066939.jpg,기저세포암,1,isic2019,train
data/ISIC 2019/BCC/ISIC_0030964.jpg,기저세포암,1,isic2019,train
data/ISIC 2019/BCC/ISIC_0056362.jpg,기저세포암,1,isic2019,train
data/ISIC 2019/BCC/ISIC_0061277.jpg,기저세포암,1,isic2019,train
data/ISIC 2019/BCC/ISIC_0070525.jpg,기저세포암,1,isic2019,train
data/ISIC 2019/BKL/ISIC_0062687.jpg,지루각화증,7,isic2019,train
data/ISIC 2019/VASC/ISIC_0026393.jpg,혈관종,12,isic2019,train
data/ISIC 2019/BKL/ISIC_0058056.jpg,지루각화증,7,isic2019,train
data/ISIC 2019/MEL/ISIC_0028225.jpg,악성흑색종,6,isic2019,train
data/ISIC 2019/MEL/ISIC_0000077_downsampled.jpg,악성흑색종,6,isic2019,train
data/ISIC 2019/MEL/ISIC_0068129.jpg,악성흑색종,6,isic2019,train
data/ISIC 2019/VASC/ISIC_0059260.jpg,혈관종,12,isic2019,train
data/ISIC 2019/BKL/ISIC_0012773_downsampled.jpg,지루각화증,7,isic2019,train
data/ISIC 2019/NV/ISIC_0027547.jpg,멜라닌세포모반,2,isic2019,train
data/ISIC 2019/BCC/ISIC_0064179.jpg,기저세포암,1,isic2019,train
data/ISIC 2019/NV/ISIC_0028184.jpg,멜라닌세포모반,2,isic2019,train
data/ISIC 2019/VASC/ISIC_0033031.jpg,혈관종,12,isic2019,train
data/ISIC 2019/NV/ISIC_0032546.jpg,멜라닌세포모반,2,isic2019,train
data/ISIC 2019/BKL/ISIC_0061416.jpg,지루각화증,7,isic2019,train
data/ISIC 2019/BKL/ISIC_0054731.jpg,지루각화증,7,isic2019,train
data/ISIC 2019/BKL/ISIC_0013030_downsampled.jpg,지루각화증,7,isic2019,train
data/ISIC 2019/DF/ISIC_0069469.jpg,피부섬유종,10,isic2019,train
data/ISIC 2019/NV/ISIC_0010038.jpg,멜라닌세포모반,2,isic2019,train
data/ISIC 2019/MEL/ISIC_0026694.jpg,악성흑색종,6,isic2019,train
data/ISIC 2019/MEL/ISIC_0061643.jpg,악성흑색종,6,isic2019,train
data/ISIC 2019/NV/ISIC_0027841.jpg,멜라닌세포모반,2,isic2019,train
data/ISIC 2019/NV/ISIC_0061398.jpg,멜라닌세포모반,2,isic2019,train
data/ISIC 2019/BKL/ISIC_0072421.jpg,지루각화증,7,isic2019,train
data/ISIC 2019/SCC/ISIC_0059765.jpg,편평세포암,8,isic2019,train
data/ISIC 2019/BKL/ISIC_0068057.jpg,지루각화증,7,isic2019,train
data/ISIC 2019/BCC/ISIC_0054122.jpg,기저세포암,1,isic2019,train
data/ISIC 2019/BCC/ISIC_0028747.jpg,기저세포암,1,isic2019,train
data/ISIC 2019/NV/ISIC_0025697.jpg,멜라닌세포모반,2,isic2019,train
data/ISIC 2019/BKL/ISIC_0013465_downsampled.jpg,지루각화증,7,isic2019,train
data/ISIC 2019/BCC/ISIC_0058067.jpg,기저세포암,1,isic2019,train
data/ISIC 2019/NV/ISIC_0033091.jpg,멜라닌세포모반,2,isic2019,train
data/ISIC 2019/BCC/ISIC_0065314.jpg,기저세포암,1,isic2019,train
data/ISIC 2019/BKL/ISIC_0012387_downsampled.jpg,지루각화증,7,isic2019,train
data/ISIC 2019/NV/ISIC_0004309_downsampled.jpg,멜라닌세포모반,2,isic2019,train
data/ISIC 2019/MEL/ISIC_0060717.jpg,악성흑색종,6,isic2019,train
data/ISIC 2019/BKL/ISIC_0025804.jpg,지루각화증,7,isic2019,train
data/ISIC 2019/NV/ISIC_0065148.jpg,멜라닌세포모반,2,isic2019,train
data/ISIC 2019/NV/ISIC_0057240.jpg,멜라닌세포모반,2,isic2019,train
data/ISIC 2019/BCC/ISIC_0029847.jpg,기저세포암,1,isic2019,train
data/ISIC 2019/AK/ISIC_0056520.jpg,광선각화증,0,isic2019,train
data/ISIC 2019/VASC/ISIC_0054952.jpg,혈관종,12,isic2019,train
data/ISIC 2019/BCC/ISIC_0062923.jpg,기저세포암,1,isic2019,train
data/ISIC 2019/NV/ISIC_0054104.jpg,멜라닌세포모반,2,isic2019,train
data/ISIC 2019/BKL/ISIC_0067065.jpg,지루각화증,7,isic2019,train
data/ISIC 2019/BKL/ISIC_0033460.jpg,지루각화증,7,isic2019,train
data/ISIC 2019/BCC/ISIC_0055772.jpg,기저세포암,1,isic2019,train
data/ISIC 2019/MEL/ISIC_0015142_downsampled.jpg,악성흑색종,6,isic2019,train
data/ISIC 2019/MEL/ISIC_0059897.jpg,악성흑색종,6,isic2019,train
data/ISIC 2019/BKL/ISIC_0029270.jpg,지루각화증,7,isic2019,train
data/ISIC 2019/NV/ISIC_0031894.jpg,멜라닌세포모반,2,isic2019,train
data/ISIC 2019/MEL/ISIC_0068766.jpg,악성흑색종,6,isic2019,train
data/ISIC 2019/SCC/ISIC_0057314.jpg,편평세포암,8,isic2019,train
data/ISIC 2019/NV/ISIC_0055664.jpg,멜라닌세포모반,2,isic2019,train
data/ISIC 2019/BCC/ISIC_0056099.jpg,기저세포암,1,isic2019,train
data/ISIC 2019/NV/ISIC_0069871.jpg,멜라닌세포모반,2,isic2019,train
data/ISIC 2019/BCC/ISIC_0024595.jpg,기저세포암,1,isic2019,train
data/ISIC 2019/BKL/ISIC_0027026.jpg,지루각화증,7,isic2019,train
data/ISIC 2019/BCC/ISIC_0063199.jpg,기저세포암,1,isic2019,train
data/ISIC 2019/SCC/ISIC_0057675.jpg,편평세포암,8,isic2019,train
data/ISIC 2019/BKL/ISIC_0014622_downsampled.jpg,지루각화증,7,isic2019,train
data/ISIC 2019/NV/ISIC_0033963.jpg,멜라닌세포모반,2,isic2019,train
data/ISIC 2019/NV/ISIC_0028661.jpg,멜라닌세포모반,2,isic2019,train
data/ISIC 2019/NV/ISIC_0013416_downsampled.jpg,멜라닌세포모반,2,isic2019,train
data/ISIC 2019/MEL/ISIC_0071706.jpg,악성흑색종,6,isic2019,train
data/ISIC 2019/MEL/ISIC_0062680.jpg,악성흑색종,6,isic2019,train
data/ISIC 2019/MEL/ISIC_0014518_downsampled.jpg,악성흑색종,6,isic2019,train
data/ISIC 2019/AK/ISIC_0066370.jpg,광선각화증,0,isic2019,train
data/ISIC 2019/BCC/ISIC_0058348.jpg,기저세포암,1,isic2019,train
data/ISIC 2019/MEL/ISIC_0059506.jpg,악성흑색종,6,isic2019,train
data/ISIC 2019/BCC/ISIC_0069535.jpg,기저세포암,1,isic2019,train
data/ISIC 2019/BCC/ISIC_0067032.jpg,기저세포암,1,isic2019,train
data/ISIC 2019/MEL/ISIC_0062235.jpg,악성흑색종,6,isic2019,train
data/ISIC 2019/NV/ISIC_0010465.jpg,멜라닌세포모반,2,isic2019,train
data/ISIC 2019/BKL/ISIC_0029802.jpg,지루각화증,7,isic2019,train
data/ISIC 2019/BKL/ISIC_0065828.jpg,지루각화증,7,isic2019,train
data/ISIC 2019/BCC/ISIC_0070273.jpg,기저세포암,1,isic2019,train
data/ISIC 2019/DF/ISIC_0029891.jpg,피부섬유종,10,isic2019,train
data/ISIC 2019/BKL/ISIC_0025567.jpg,지루각화증,7,isic2019,train
data/ISIC 2019/MEL/ISIC_0058863.jpg,악성흑색종,6,isic2019,train
data/ISIC 2019/BKL/ISIC_0027513.jpg,지루각화증,7,isic2019,train
data/ISIC 2019/AK/ISIC_0056756.jpg,광선각화증,0,isic2019,train
data/ISIC 2019/BKL/ISIC_0012414_downsampled.jpg,지루각화증,7,isic2019,train
data/ISIC 2019/MEL/ISIC_0031203.jpg,악성흑색종,6,isic2019,train
data/ISIC 2019/NV/ISIC_0029666.jpg,멜라닌세포모반,2,isic2019,train
data/ISIC 2019/NV/ISIC_0030816.jpg,멜라닌세포모반,2,isic2019,train
data/ISIC 2019/NV/ISIC_0033244.jpg,멜라닌세포모반,2,isic2019,train
data/ISIC 2019/BCC/ISIC_0065368.jpg,기저세포암,1,isic2019,train
data/ISIC 2019/BCC/ISIC_0059081.jpg,기저세포암,1,isic2019,train
data/ISIC 2019/AK/ISIC_0059827.jpg,광선각화증,0,isic2019,train
data/ISIC 2019/MEL/ISIC_0000026_downsampled.jpg,악성흑색종,6,isic2019,train
data/ISIC 2019/MEL/ISIC_0028075.jpg,악성흑색종,6,isic2019,train
data/ISIC 2019/AK/ISIC_0058119.jpg,광선각화증,0,isic2019,train
data/ISIC 2019/MEL/ISIC_0029170.jpg,악성흑색종,6,isic2019,train
data/ISIC 2019/NV/ISIC_0030597.jpg,멜라닌세포모반,2,isic2019,train
data/ISIC 2019/MEL/ISIC_0064875.jpg,악성흑색종,6,isic2019,train
data/ISIC 2019/MEL/ISIC_0033805.jpg,악성흑색종,6,isic2019,train
data/ISIC 2019/NV/ISIC_0029024.jpg,멜라닌세포모반,2,isic2019,train
data/ISIC 2019/NV/ISIC_0024716.jpg,멜라닌세포모반,2,isic2019,train
data/ISIC 2019/BCC/ISIC_0055836.jpg,기저세포암,1,isic2019,train
data/ISIC 2019/BKL/ISIC_0058194.jpg,지루각화증,7,isic2019,train
data/ISIC 2019/MEL/ISIC_0065720.jpg,악성흑색종,6,isic2019,train
data/ISIC 2019/NV/ISIC_0026126.jpg,멜라닌세포모반,2,isic2019,train
data/ISIC 2019/BKL/ISIC_0057098.jpg,지루각화증,7,isic2019,train
data/ISIC 2019/BKL/ISIC_0058276.jpg,지루각화증,7,isic2019,train
data/ISIC 2019/BCC/ISIC_0063025.jpg,기저세포암,1,isic2019,train
data/ISIC 2019/BKL/ISIC_0029585.jpg,지루각화증,7,isic2019,train
data/ISIC 2019/BCC/ISIC_0062080.jpg,기저세포암,1,isic2019,train
data/ISIC 2019/BCC/ISIC_0068133.jpg,기저세포암,1,isic2019,train
data/ISIC 2019/BCC/ISIC_0067839.jpg,기저세포암,1,isic2019,train
data/ISIC 2019/BKL/ISIC_0026291.jpg,지루각화증,7,isic2019,train
data/ISIC 2019/MEL/ISIC_0025512.jpg,악성흑색종,6,isic2019,train
data/ISIC 2019/BKL/ISIC_0033252.jpg,지루각화증,7,isic2019,train
data/ISIC 2019/BCC/ISIC_0071979.jpg,기저세포암,1,isic2019,train
data/ISIC 2019/NV/ISIC_0033162.jpg,멜라닌세포모반,2,isic2019,train
data/ISIC 2019/AK/ISIC_0058153.jpg,광선각화증,0,isic2019,train
data/ISIC 2019/NV/ISIC_0030740.jpg,멜라닌세포모반,2,isic2019,train
data/ISIC 2019/BKL/ISIC_0027053.jpg,지루각화증,7,isic2019,train
data/ISIC 2019/NV/ISIC_0011322.jpg,멜라닌세포모반,2,isic2019,train
data/ISIC 2019/NV/ISIC_0010178.jpg,멜라닌세포모반,2,isic2019,train
data/ISIC 2019/MEL/ISIC_0057631.jpg,악성흑색종,6,isic2019,train
data/ISIC 2019/BCC/ISIC_0064422.jpg,기저세포암,1,isic2019,train
data/ISIC 2019/BKL/ISIC_0031702.jpg,지루각화증,7,isic2019,train
data/ISIC 2019/MEL/ISIC_0031957.jpg,악성흑색종,6,isic2019,train
data/ISIC 2019/MEL/ISIC_0065023.jpg,악성흑색종,6,isic2019,train
data/ISIC 2019/BKL/ISIC_0029302.jpg,지루각화증,7,isic2019,train
data/ISIC 2019/AK/ISIC_0027884.jpg,광선각화증,0,isic2019,train
data/ISIC 2019/BKL/ISIC_0058041.jpg,지루각화증,7,isic2019,train
data/ISIC 2019/MEL/ISIC_0068318.jpg,악성흑색종,6,isic2019,train
data/ISIC 2019/BCC/ISIC_0026442.jpg,기저세포암,1,isic2019,train
data/ISIC 2019/BKL/ISIC_0027041.jpg,지루각화증,7,isic2019,train
data/ISIC 2019/BCC/ISIC_0067154.jpg,기저세포암,1,isic2019,train
data/ISIC 2019/MEL/ISIC_0027300.jpg,악성흑색종,6,isic2019,train
data/ISIC 2019/BKL/ISIC_0065498.jpg,지루각화증,7,isic2019,train
data/ISIC 2019/BCC/ISIC_0061363.jpg,기저세포암,1,isic2019,train
data/ISIC 2019/BCC/ISIC_0026118.jpg,기저세포암,1,isic2019,train
data/ISIC 2019/BKL/ISIC_0032040.jpg,지루각화증,7,isic2019,train
data/ISIC 2019/NV/ISIC_0012735_downsampled.jpg,멜라닌세포모반,2,isic2019,train
data/ISIC 2019/BCC/ISIC_0053626.jpg,기저세포암,1,isic2019,train
data/ISIC 2019/BKL/ISIC_0014310_downsampled.jpg,지루각화증,7,isic2019,train
data/ISIC 2019/AK/ISIC_0056643.jpg,광선각화증,0,isic2019,train
data/ISIC 2019/NV/ISIC_0012484_downsampled.jpg,멜라닌세포모반,2,isic2019,train
data/ISIC 2019/BCC/ISIC_0072853.jpg,기저세포암,1,isic2019,train
data/ISIC 2019/SCC/ISIC_0031211.jpg,편평세포암,8,isic2019,train
data/ISIC 2019/BCC/ISIC_0064556.jpg,기저세포암,1,isic2019,train
data/ISIC 2019/BCC/ISIC_0063597.jpg,기저세포암,1,isic2019,train
data/ISIC 2019/SCC/ISIC_0068409.jpg,편평세포암,8,isic2019,train
data/ISIC 2019/MEL/ISIC_0053492.jpg,악성흑색종,6,isic2019,train
data/ISIC 2019/SCC/ISIC_0031191.jpg,편평세포암,8,isic2019,train
data/ISIC 2019/NV/ISIC_0000269.jpg,멜라닌세포모반,2,isic2019,train
data/ISIC 2019/NV/ISIC_0054545.jpg,멜라닌세포모반,2,isic2019,train
data/ISIC 2019/BKL/ISIC_0062047.jpg,지루각화증,7,isic2019,train
data/ISIC 2019/BCC/ISIC_0031095.jpg,기저세포암,1,isic2019,train
data/ISIC 2019/NV/ISIC_0010566.jpg,멜라닌세포모반,2,isic2019,train
data/ISIC 2019/BKL/ISIC_0053750.jpg,지루각화증,7,isic2019,train
data/ISIC 2019/NV/ISIC_0015149_downsampled.jpg,멜라닌세포모반,2,isic2019,train
data/ISIC 2019/BCC/ISIC_0063091.jpg,기저세포암,1,isic2019,train
data/ISIC 2019/BCC/ISIC_0067337.jpg,기저세포암,1,isic2019,train
data/ISIC 2019/BCC/ISIC_0066997.jpg,기저세포암,1,isic2019,train
data/ISIC 2019/NV/ISIC_0033250.jpg,멜라닌세포모반,2,isic2019,train
data/ISIC 2019/MEL/ISIC_0066492.jpg,악성흑색종,6,isic2019,train
data/ISIC 2019/BCC/ISIC_0062355.jpg,기저세포암,1,isic2019,train
data/ISIC 2019/BCC/ISIC_0067055.jpg,기저세포암,1,isic2019,train
data/ISIC 2019/BKL/ISIC_0060923.jpg,지루각화증,7,isic2019,train
data/ISIC 2019/MEL/ISIC_0068817.jpg,악성흑색종,6,isic2019,train
data/ISIC 2019/NV/ISIC_0009298_downsampled.jpg,멜라닌세포모반,2,isic2019,train
data/ISIC 2019/MEL/ISIC_0028773.jpg,악성흑색종,6,isic2019,train
data/ISIC 2019/BCC/ISIC_0069345.jpg,기저세포암,1,isic2019,train
data/ISIC 2019/BCC/ISIC_0063822.jpg,기저세포암,1,isic2019,train
data/ISIC 2019/SCC/ISIC_0070041.jpg,편평세포암,8,isic2019,train
data/ISIC 2019/MEL/ISIC_0000310.jpg,악성흑색종,6,isic2019,train
data/ISIC 2019/MEL/ISIC_0067808.jpg,악성흑색종,6,isic2019,train
data/ISIC 2019/BKL/ISIC_0067863.jpg,지루각화증,7,isic2019,train
data/ISIC 2019/BCC/ISIC_0069646.jpg,기저세포암,1,isic2019,train
data/ISIC 2019/MEL/ISIC_0053945.jpg,악성흑색종,6,isic2019,train
data/ISIC 2019/NV/ISIC_0010850.jpg,멜라닌세포모반,2,isic2019,train
data/ISIC 2019/NV/ISIC_0060612.jpg,멜라닌세포모반,2,isic2019,train
data/ISIC 2019/NV/ISIC_0066796.jpg,멜라닌세포모반,2,isic2019,train
data/ISIC 2019/BKL/ISIC_0058269.jpg,지루각화증,7,isic2019,train
data/ISIC 2019/NV/ISIC_0067342.jpg,멜라닌세포모반,2,isic2019,train
data/ISIC 2019/MEL/ISIC_0062639.jpg,악성흑색종,6,isic2019,train
data/ISIC 2019/NV/ISIC_0069334.jpg,멜라닌세포모반,2,isic2019,train
data/ISIC 2019/BKL/ISIC_0026245.jpg,지루각화증,7,isic2019,train
data/ISIC 2019/NV/ISIC_0030027.jpg,멜라닌세포모반,2,isic2019,train
data/ISIC 2019/NV/ISIC_0015310_downsampled.jpg,멜라닌세포모반,2,isic2019,train
data/ISIC 2019/BCC/ISIC_0028457.jpg,기저세포암,1,isic2019,train
data/ISIC 2019/NV/ISIC_0026133.jpg,멜라닌세포모반,2,isic2019,train
data/ISIC 2019/SCC/ISIC_0057121.jpg,편평세포암,8,isic2019,train
data/ISIC 2019/SCC/ISIC_0072829.jpg,편평세포암,8,isic2019,train
data/ISIC 2019/BKL/ISIC_0032929.jpg,지루각화증,7,isic2019,train
data/ISIC 2019/MEL/ISIC_0070108.jpg,악성흑색종,6,isic2019,train
data/ISIC 2019/NV/ISIC_0029182.jpg,멜라닌세포모반,2,isic2019,train
data/ISIC 2019/MEL/ISIC_0055213.jpg,악성흑색종,6,isic2019,train
data/ISIC 2019/BCC/ISIC_0068250.jpg,기저세포암,1,isic2019,train
data/ISIC 2019/MEL/ISIC_0012450_downsampled.jpg,악성흑색종,6,isic2019,train
data/ISIC 2019/BKL/ISIC_0033307.jpg,지루각화증,7,isic2019,train
data/ISIC 2019/BKL/ISIC_0066920.jpg,지루각화증,7,isic2019,train
data/ISIC 2019/BCC/ISIC_0032497.jpg,기저세포암,1,isic2019,train
data/ISIC 2019/DF/ISIC_0072033.jpg,피부섬유종,10,isic2019,train
data/ISIC 2019/NV/ISIC_0027835.jpg,멜라닌세포모반,2,isic2019,train
data/ISIC 2019/SCC/ISIC_0058327.jpg,편평세포암,8,isic2019,train
data/ISIC 2019/BKL/ISIC_0024772.jpg,지루각화증,7,isic2019,train
data/ISIC 2019/AK/ISIC_0072089.jpg,광선각화증,0,isic2019,train
data/ISIC 2019/BKL/ISIC_0033322.jpg,지루각화증,7,isic2019,train
data/ISIC 2019/BCC/ISIC_0071676.jpg,기저세포암,1,isic2019,train
data/ISIC 2019/MEL/ISIC_0070973.jpg,악성흑색종,6,isic2019,train
data/ISIC 2019/NV/ISIC_0034163.jpg,멜라닌세포모반,2,isic2019,train
data/ISIC 2019/NV/ISIC_0025149.jpg,멜라닌세포모반,2,isic2019,train
data/ISIC 2019/MEL/ISIC_0054334.jpg,악성흑색종,6,isic2019,train
data/ISIC 2019/NV/ISIC_0029532.jpg,멜라닌세포모반,2,isic2019,train
data/ISIC 2019/NV/ISIC_0028853.jpg,멜라닌세포모반,2,isic2019,train
data/ISIC 2019/NV/ISIC_0058683.jpg,멜라닌세포모반,2,isic2019,train
data/ISIC 2019/NV/ISIC_0030973.jpg,멜라닌세포모반,2,isic2019,train
data/ISIC 2019/BKL/ISIC_0068181.jpg,지루각화증,7,isic2019,train
data/ISIC 2019/SCC/ISIC_0032154.jpg,편평세포암,8,isic2019,train
data/ISIC 2019/NV/ISIC_0071822.jpg,멜라닌세포모반,2,isic2019,train
data/ISIC 2019/BCC/ISIC_0057542.jpg,기저세포암,1,isic2019,train
data/ISIC 2019/AK/ISIC_0064322.jpg,광선각화증,0,isic2019,train
data/ISIC 2019/BCC/ISIC_0071589.jpg,기저세포암,1,isic2019,train
data/ISIC 2019/AK/ISIC_0070056.jpg,광선각화증,0,isic2019,train
data/ISIC 2019/MEL/ISIC_0013997_downsampled.jpg,악성흑색종,6,isic2019,train
data/ISIC 2019/BKL/ISIC_0025388.jpg,지루각화증,7,isic2019,train
data/ISIC 2019/SCC/ISIC_0071077.jpg,편평세포암,8,isic2019,train
data/ISIC 2019/BKL/ISIC_0057298.jpg,지루각화증,7,isic2019,train
data/ISIC 2019/MEL/ISIC_0072348.jpg,악성흑색종,6,isic2019,train
data/ISIC 2019/BKL/ISIC_0065901.jpg,지루각화증,7,isic2019,train
data/ISIC 2019/BCC/ISIC_0057237.jpg,기저세포암,1,isic2019,train
data/ISIC 2019/BKL/ISIC_0056888.jpg,지루각화증,7,isic2019,train
data/ISIC 2019/BCC/ISIC_0055275.jpg,기저세포암,1,isic2019,train
data/ISIC 2019/SCC/ISIC_0056913.jpg,편평세포암,8,isic2019,train
data/ISIC 2019/MEL/ISIC_0059141.jpg,악성흑색종,6,isic2019,train
data/ISIC 2019/BKL/ISIC_0033437.jpg,지루각화증,7,isic2019,train
data/ISIC 2019/MEL/ISIC_0056428.jpg,악성흑색종,6,isic2019,train
data/ISIC 2019/AK/ISIC_0024707.jpg,광선각화증,0,isic2019,train
data/ISIC 2019/MEL/ISIC_0059884.jpg,악성흑색종,6,isic2019,train
data/ISIC 2019/DF/ISIC_0030830.jpg,피부섬유종,10,isic2019,train
data/ISIC 2019/BKL/ISIC_0026794.jpg,지루각화증,7,isic2019,train
data/ISIC 2019/NV/ISIC_0027543.jpg,멜라닌세포모반,2,isic2019,train
data/ISIC 2019/BCC/ISIC_0054156.jpg,기저세포암,1,isic2019,train
data/ISIC 2019/BKL/ISIC_0057080.jpg,지루각화증,7,isic2019,train
data/ISIC 2019/MEL/ISIC_0069918.jpg,악성흑색종,6,isic2019,train
data/ISIC 2019/AK/ISIC_0031993.jpg,광선각화증,0,isic2019,train
data/ISIC 2019/AK/ISIC_0066973.jpg,광선각화증,0,isic2019,train
data/ISIC 2019/NV/ISIC_0057070.jpg,멜라닌세포모반,2,isic2019,train
data/ISIC 2019/MEL/ISIC_0072286.jpg,악성흑색종,6,isic2019,train
data/ISIC 2019/NV/ISIC_0025742.jpg,멜라닌세포모반,2,isic2019,train
data/ISIC 2019/BCC/ISIC_0071199.jpg,기저세포암,1,isic2019,train
data/ISIC 2019/SCC/ISIC_0057883.jpg,편평세포암,8,isic2019,train
data/ISIC 2019/BCC/ISIC_0070994.jpg,기저세포암,1,isic2019,train
data/ISIC 2019/VASC/ISIC_0026163.jpg,혈관종,12,isic2019,train
data/ISIC 2019/BKL/ISIC_0070310.jpg,지루각화증,7,isic2019,train
data/ISIC 2019/SCC/ISIC_0068756.jpg,편평세포암,8,isic2019,train
data/ISIC 2019/BCC/ISIC_0055123.jpg,기저세포암,1,isic2019,train
data/ISIC 2019/MEL/ISIC_0061475.jpg,악성흑색종,6,isic2019,train
data/ISIC 2019/MEL/ISIC_0066378.jpg,악성흑색종,6,isic2019,train
data/ISIC 2019/BKL/ISIC_0073100.jpg,지루각화증,7,isic2019,train
data/ISIC 2019/BKL/ISIC_0067962.jpg,지루각화증,7,isic2019,train
data/ISIC 2019/BKL/ISIC_0062754.jpg,지루각화증,7,isic2019,train
data/ISIC 2019/NV/ISIC_0029007.jpg,멜라닌세포모반,2,isic2019,train
data/ISIC 2019/NV/ISIC_0032679.jpg,멜라닌세포모반,2,isic2019,train
data/ISIC 2019/BKL/ISIC_0026511.jpg,지루각화증,7,isic2019,train
data/ISIC 2019/BKL/ISIC_0024851.jpg,지루각화증,7,isic2019,train
data/ISIC 2019/AK/ISIC_0070256.jpg,광선각화증,0,isic2019,train
data/ISIC 2019/NV/ISIC_0059437.jpg,멜라닌세포모반,2,isic2019,train
data/ISIC 2019/BKL/ISIC_0028931.jpg,지루각화증,7,isic2019,train
data/ISIC 2019/MEL/ISIC_0058040.jpg,악성흑색종,6,isic2019,train
data/ISIC 2019/BCC/ISIC_0070836.jpg,기저세포암,1,isic2019,train
data/ISIC 2019/BCC/ISIC_0056767.jpg,기저세포암,1,isic2019,train
data/ISIC 2019/BKL/ISIC_0013054_downsampled.jpg,지루각화증,7,isic2019,train
data/ISIC 2019/BCC/ISIC_0073225.jpg,기저세포암,1,isic2019,train
data/ISIC 2019/NV/ISIC_0031052.jpg,멜라닌세포모반,2,isic2019,train
data/ISIC 2019/BCC/ISIC_0067778.jpg,기저세포암,1,isic2019,train
data/ISIC 2019/MEL/ISIC_0068673.jpg,악성흑색종,6,isic2019,train
data/ISIC 2019/DF/ISIC_0032247.jpg,피부섬유종,10,isic2019,train
data/ISIC 2019/BCC/ISIC_0072108.jpg,기저세포암,1,isic2019,train
data/ISIC 2019/MEL/ISIC_0014832_downsampled.jpg,악성흑색종,6,isic2019,train
data/ISIC 2019/DF/ISIC_0059494.jpg,피부섬유종,10,isic2019,train
data/ISIC 2019/NV/ISIC_0030904.jpg,멜라닌세포모반,2,isic2019,train
data/ISIC 2019/MEL/ISIC_0029705.jpg,악성흑색종,6,isic2019,train
data/ISIC 2019/BCC/ISIC_0063231.jpg,기저세포암,1,isic2019,train
data/ISIC 2019/BKL/ISIC_0030207.jpg,지루각화증,7,isic2019,train
data/ISIC 2019/BKL/ISIC_0014586_downsampled.jpg,지루각화증,7,isic2019,train
data/ISIC 2019/BCC/ISIC_0057901.jpg,기저세포암,1,isic2019,train
data/ISIC 2019/NV/ISIC_0057589.jpg,멜라닌세포모반,2,isic2019,train
data/ISIC 2019/NV/ISIC_0031625.jpg,멜라닌세포모반,2,isic2019,train
data/ISIC 2019/NV/ISIC_0028832.jpg,멜라닌세포모반,2,isic2019,train
data/ISIC 2019/BCC/ISIC_0064975.jpg,기저세포암,1,isic2019,train
data/ISIC 2019/VASC/ISIC_0033844.jpg,혈관종,12,isic2019,train
data/ISIC 2019/AK/ISIC_0055724.jpg,광선각화증,0,isic2019,train
data/ISIC 2019/MEL/ISIC_0068798.jpg,악성흑색종,6,isic2019,train
data/ISIC 2019/SCC/ISIC_0055700.jpg,편평세포암,8,isic2019,train
data/ISIC 2019/MEL/ISIC_0054317.jpg,악성흑색종,6,isic2019,train
data/ISIC 2019/NV/ISIC_0029429.jpg,멜라닌세포모반,2,isic2019,train
data/ISIC 2019/NV/ISIC_0029162.jpg,멜라닌세포모반,2,isic2019,train
data/ISIC 2019/AK/ISIC_0030142.jpg,광선각화증,0,isic2019,train
data/ISIC 2019/BCC/ISIC_0054189.jpg,기저세포암,1,isic2019,train
data/ISIC 2019/NV/ISIC_0030451.jpg,멜라닌세포모반,2,isic2019,train
data/ISIC 2019/MEL/ISIC_0053454.jpg,악성흑색종,6,isic2019,train
data/ISIC 2019/BKL/ISIC_0071212.jpg,지루각화증,7,isic2019,train
data/ISIC 2019/BCC/ISIC_0058996.jpg,기저세포암,1,isic2019,train
data/ISIC 2019/MEL/ISIC_0071648.jpg,악성흑색종,6,isic2019,train
data/ISIC 2019/BCC/ISIC_0066144.jpg,기저세포암,1,isic2019,train
data/ISIC 2019/MEL/ISIC_0069668.jpg,악성흑색종,6,isic2019,train
data/ISIC 2019/AK/ISIC_0058988.jpg,광선각화증,0,isic2019,train
data/ISIC 2019/NV/ISIC_0027073.jpg,멜라닌세포모반,2,isic2019,train
data/ISIC 2019/BCC/ISIC_0056747.jpg,기저세포암,1,isic2019,train
data/ISIC 2019/BCC/ISIC_0058578.jpg,기저세포암,1,isic2019,train
data/ISIC 2019/AK/ISIC_0053879.jpg,광선각화증,0,isic2019,train
data/ISIC 2019/MEL/ISIC_0071050.jpg,악성흑색종,6,isic2019,train
data/ISIC 2019/AK/ISIC_0027334.jpg,광선각화증,0,isic2019,train
data/ISIC 2019/NV/ISIC_0033108.jpg,멜라닌세포모반,2,isic2019,train
data/ISIC 2019/NV/ISIC_0025869.jpg,멜라닌세포모반,2,isic2019,train
data/ISIC 2019/BKL/ISIC_0032170.jpg,지루각화증,7,isic2019,train
data/ISIC 2019/BKL/ISIC_0032249.jpg,지루각화증,7,isic2019,train
data/ISIC 2019/MEL/ISIC_0015136_downsampled.jpg,악성흑색종,6,isic2019,train
data/ISIC 2019/BKL/ISIC_0063272.jpg,지루각화증,7,isic2019,train
data/ISIC 2019/NV/ISIC_0025983.jpg,멜라닌세포모반,2,isic2019,train
data/ISIC 2019/BCC/ISIC_0061613.jpg,기저세포암,1,isic2019,train
data/ISIC 2019/BCC/ISIC_0053957.jpg,기저세포암,1,isic2019,train
data/ISIC 2019/BCC/ISIC_0060021.jpg,기저세포암,1,isic2019,train
data/ISIC 2019/BKL/ISIC_0065232.jpg,지루각화증,7,isic2019,train
data/ISIC 2019/BCC/ISIC_0027531.jpg,기저세포암,1,isic2019,train
data/ISIC 2019/MEL/ISIC_0061231.jpg,악성흑색종,6,isic2019,train
data/ISIC 2019/BCC/ISIC_0053951.jpg,기저세포암,1,isic2019,train
data/ISIC 2019/BKL/ISIC_0013687_downsampled.jpg,지루각화증,7,isic2019,train
data/ISIC 2019/NV/ISIC_0063424.jpg,멜라닌세포모반,2,isic2019,train
data/ISIC 2019/DF/ISIC_0067199.jpg,피부섬유종,10,isic2019,train
data/ISIC 2019/NV/ISIC_0029766.jpg,멜라닌세포모반,2,isic2019,train
data/ISIC 2019/NV/ISIC_0057140.jpg,멜라닌세포모반,2,isic2019,train
data/ISIC 2019/NV/ISIC_0000467.jpg,멜라닌세포모반,2,isic2019,train
data/ISIC 2019/BKL/ISIC_0063183.jpg,지루각화증,7,isic2019,train
data/ISIC 2019/BCC/ISIC_0033301.jpg,기저세포암,1,isic2019,train
data/ISIC 2019/NV/ISIC_0024530.jpg,멜라닌세포모반,2,isic2019,train
data/ISIC 2019/MEL/ISIC_0059358.jpg,악성흑색종,6,isic2019,train
data/ISIC 2019/NV/ISIC_0026197.jpg,멜라닌세포모반,2,isic2019,train
data/ISIC 2019/BKL/ISIC_0033507.jpg,지루각화증,7,isic2019,train
data/ISIC 2019/BCC/ISIC_0072698.jpg,기저세포암,1,isic2019,train
data/ISIC 2019/NV/ISIC_0031954.jpg,멜라닌세포모반,2,isic2019,train
data/ISIC 2019/BCC/ISIC_0066495.jpg,기저세포암,1,isic2019,train
data/ISIC 2019/NV/ISIC_0010064.jpg,멜라닌세포모반,2,isic2019,train
data/ISIC 2019/BCC/ISIC_0063859.jpg,기저세포암,1,isic2019,train
data/ISIC 2019/MEL/ISIC_0061583.jpg,악성흑색종,6,isic2019,train
data/ISIC 2019/AK/ISIC_0071007.jpg,광선각화증,0,isic2019,train
data/ISIC 2019/MEL/ISIC_0011390.jpg,악성흑색종,6,isic2019,train
data/ISIC 2019/AK/ISIC_0065095.jpg,광선각화증,0,isic2019,train
data/ISIC 2019/BKL/ISIC_0058974.jpg,지루각화증,7,isic2019,train
data/ISIC 2019/BKL/ISIC_0014603_downsampled.jpg,지루각화증,7,isic2019,train
data/ISIC 2019/MEL/ISIC_0063617.jpg,악성흑색종,6,isic2019,train
data/ISIC 2019/NV/ISIC_0032480.jpg,멜라닌세포모반,2,isic2019,train
data/ISIC 2019/MEL/ISIC_0000040_downsampled.jpg,악성흑색종,6,isic2019,train
data/ISIC 2019/SCC/ISIC_0067115.jpg,편평세포암,8,isic2019,train
data/ISIC 2019/BCC/ISIC_0072935.jpg,기저세포암,1,isic2019,train
data/ISIC 2019/NV/ISIC_0024395.jpg,멜라닌세포모반,2,isic2019,train
data/ISIC 2019/BKL/ISIC_0027608.jpg,지루각화증,7,isic2019,train
data/ISIC 2019/BCC/ISIC_0071878.jpg,기저세포암,1,isic2019,train
data/ISIC 2019/BCC/ISIC_0056631.jpg,기저세포암,1,isic2019,train
data/ISIC 2019/BKL/ISIC_0029115.jpg,지루각화증,7,isic2019,train
data/ISIC 2019/NV/ISIC_0031281.jpg,멜라닌세포모반,2,isic2019,train
data/ISIC 2019/BCC/ISIC_0058692.jpg,기저세포암,1,isic2019,train
data/ISIC 2019/BKL/ISIC_0013421_downsampled.jpg,지루각화증,7,isic2019,train
data/ISIC 2019/BCC/ISIC_0063097.jpg,기저세포암,1,isic2019,train
data/ISIC 2019/NV/ISIC_0069990.jpg,멜라닌세포모반,2,isic2019,train
data/ISIC 2019/BCC/ISIC_0072455.jpg,기저세포암,1,isic2019,train
data/ISIC 2019/BKL/ISIC_0012548_downsampled.jpg,지루각화증,7,isic2019,train
data/ISIC 2019/BKL/ISIC_0028497.jpg,지루각화증,7,isic2019,train
data/ISIC 2019/MEL/ISIC_0011121.jpg,악성흑색종,6,isic2019,train
data/ISIC 2019/BCC/ISIC_0066570.jpg,기저세포암,1,isic2019,train
data/ISIC 2019/BCC/ISIC_0062504.jpg,기저세포암,1,isic2019,train
data/ISIC 2019/NV/ISIC_0032125.jpg,멜라닌세포모반,2,isic2019,train
data/ISIC 2019/NV/ISIC_0009201_downsampled.jpg,멜라닌세포모반,2,isic2019,train
data/ISIC 2019/BKL/ISIC_0063355.jpg,지루각화증,7,isic2019,train
data/ISIC 2019/NV/ISIC_0058353.jpg,멜라닌세포모반,2,isic2019,train
data/ISIC 2019/MEL/ISIC_0059291.jpg,악성흑색종,6,isic2019,train
data/ISIC 2019/AK/ISIC_0060235.jpg,광선각화증,0,isic2019,train
data/ISIC 2019/BKL/ISIC_0065993.jpg,지루각화증,7,isic2019,train
data/ISIC 2019/BCC/ISIC_0029680.jpg,기저세포암,1,isic2019,train
data/ISIC 2019/BKL/ISIC_0013443_downsampled.jpg,지루각화증,7,isic2019,train
data/ISIC 2019/NV/ISIC_0056845.jpg,멜라닌세포모반,2,isic2019,train
data/ISIC 2019/BCC/ISIC_0061571.jpg,기저세포암,1,isic2019,train
data/ISIC 2019/DF/ISIC_0067434.jpg,피부섬유종,10,isic2019,train
data/ISIC 2019/BKL/ISIC_0029603.jpg,지루각화증,7,isic2019,train
data/ISIC 2019/BCC/ISIC_0070997.jpg,기저세포암,1,isic2019,train
data/ISIC 2019/MEL/ISIC_0015284_downsampled.jpg,악성흑색종,6,isic2019,train
data/ISIC 2019/NV/ISIC_0067775.jpg,멜라닌세포모반,2,isic2019,train
data/ISIC 2019/AK/ISIC_0058443.jpg,광선각화증,0,isic2019,train
data/ISIC 2019/BKL/ISIC_0056768.jpg,지루각화증,7,isic2019,train
data/ISIC 2019/AK/ISIC_0031430.jpg,광선각화증,0,isic2019,train
data/ISIC 2019/BKL/ISIC_0070084.jpg,지루각화증,7,isic2019,train
data/ISIC 2019/NV/ISIC_0056705.jpg,멜라닌세포모반,2,isic2019,train
data/ISIC 2019/AK/ISIC_0057038.jpg,광선각화증,0,isic2019,train
data/ISIC 2019/BCC/ISIC_0066449.jpg,기저세포암,1,isic2019,train
data/ISIC 2019/BCC/ISIC_0066310.jpg,기저세포암,1,isic2019,train
data/ISIC 2019/BKL/ISIC_0059242.jpg,지루각화증,7,isic2019,train
data/ISIC 2019/NV/ISIC_0024921.jpg,멜라닌세포모반,2,isic2019,train
data/ISIC 2019/BCC/ISIC_0061157.jpg,기저세포암,1,isic2019,train
data/ISIC 2019/BCC/ISIC_0072487.jpg,기저세포암,1,isic2019,train
data/ISIC 2019/BKL/ISIC_0014615_downsampled.jpg,지루각화증,7,isic2019,train
data/ISIC 2019/BCC/ISIC_0054343.jpg,기저세포암,1,isic2019,train
data/ISIC 2019/BCC/ISIC_0058751.jpg,기저세포암,1,isic2019,train
data/ISIC 2019/BCC/ISIC_0064470.jpg,기저세포암,1,isic2019,train
data/ISIC 2019/MEL/ISIC_0054728.jpg,악성흑색종,6,isic2019,train
data/ISIC 2019/MEL/ISIC_0032036.jpg,악성흑색종,6,isic2019,train
data/ISIC 2019/NV/ISIC_0015179_downsampled.jpg,멜라닌세포모반,2,isic2019,train
data/ISIC 2019/BCC/ISIC_0054968.jpg,기저세포암,1,isic2019,train
data/ISIC 2019/BKL/ISIC_0033156.jpg,지루각화증,7,isic2019,train
data/ISIC 2019/BCC/ISIC_0071515.jpg,기저세포암,1,isic2019,train
data/ISIC 2019/BCC/ISIC_0060198.jpg,기저세포암,1,isic2019,train
data/ISIC 2019/BKL/ISIC_0026446.jpg,지루각화증,7,isic2019,train
data/ISIC 2019/MEL/ISIC_0027573.jpg,악성흑색종,6,isic2019,train
data/ISIC 2019/BKL/ISIC_0071317.jpg,지루각화증,7,isic2019,train
data/ISIC 2019/NV/ISIC_0054134.jpg,멜라닌세포모반,2,isic2019,train
data/ISIC 2019/BCC/ISIC_0065605.jpg,기저세포암,1,isic2019,train
data/ISIC 2019/NV/ISIC_0027485.jpg,멜라닌세포모반,2,isic2019,train
data/ISIC 2019/BKL/ISIC_0026959.jpg,지루각화증,7,isic2019,train
data/ISIC 2019/NV/ISIC_0054955.jpg,멜라닌세포모반,2,isic2019,train
data/ISIC 2019/BCC/ISIC_0062356.jpg,기저세포암,1,isic2019,train
data/ISIC 2019/MEL/ISIC_0055660.jpg,악성흑색종,6,isic2019,train
data/ISIC 2019/BCC/ISIC_0061621.jpg,기저세포암,1,isic2019,train
data/ISIC 2019/MEL/ISIC_0053660.jpg,악성흑색종,6,isic2019,train
data/ISIC 2019/NV/ISIC_0025959.jpg,멜라닌세포모반,2,isic2019,train
data/ISIC 2019/BCC/ISIC_0060602.jpg,기저세포암,1,isic2019,train
data/ISIC 2019/NV/ISIC_0015130_downsampled.jpg,멜라닌세포모반,2,isic2019,train
data/ISIC 2019/MEL/ISIC_0070403.jpg,악성흑색종,6,isic2019,train
data/ISIC 2019/BCC/ISIC_0030526.jpg,기저세포암,1,isic2019,train
data/ISIC 2019/BKL/ISIC_0013632_downsampled.jpg,지루각화증,7,isic2019,train
data/ISIC 2019/NV/ISIC_0032296.jpg,멜라닌세포모반,2,isic2019,train
data/ISIC 2019/BKL/ISIC_0012757_downsampled.jpg,지루각화증,7,isic2019,train
data/ISIC 2019/NV/ISIC_0068009.jpg,멜라닌세포모반,2,isic2019,train
data/ISIC 2019/BCC/ISIC_0059546.jpg,기저세포암,1,isic2019,train
data/ISIC 2019/NV/ISIC_0025332.jpg,멜라닌세포모반,2,isic2019,train
data/ISIC 2019/BCC/ISIC_0066431.jpg,기저세포암,1,isic2019,train
data/ISIC 2019/AK/ISIC_0062245.jpg,광선각화증,0,isic2019,train
data/ISIC 2019/MEL/ISIC_0032624.jpg,악성흑색종,6,isic2019,train
data/ISIC 2019/BKL/ISIC_0053921.jpg,지루각화증,7,isic2019,train
data/ISIC 2019/BKL/ISIC_0032280.jpg,지루각화증,7,isic2019,train
data/ISIC 2019/MEL/ISIC_0057235.jpg,악성흑색종,6,isic2019,train
data/ISIC 2019/BKL/ISIC_0060857.jpg,지루각화증,7,isic2019,train
data/ISIC 2019/BCC/ISIC_0061178.jpg,기저세포암,1,isic2019,train
data/ISIC 2019/BKL/ISIC_0070967.jpg,지루각화증,7,isic2019,train
data/ISIC 2019/NV/ISIC_0069205.jpg,멜라닌세포모반,2,isic2019,train
data/ISIC 2019/MEL/ISIC_0071834.jpg,악성흑색종,6,isic2019,train
data/ISIC 2019/VASC/ISIC_0030275.jpg,혈관종,12,isic2019,train
data/ISIC 2019/MEL/ISIC_0064261.jpg,악성흑색종,6,isic2019,train
data/ISIC 2019/AK/ISIC_0069283.jpg,광선각화증,0,isic2019,train
data/ISIC 2019/NV/ISIC_0031373.jpg,멜라닌세포모반,2,isic2019,train
data/ISIC 2019/DF/ISIC_0029578.jpg,피부섬유종,10,isic2019,train
data/ISIC 2019/NV/ISIC_0033772.jpg,멜라닌세포모반,2,isic2019,train
data/ISIC 2019/NV/ISIC_0032340.jpg,멜라닌세포모반,2,isic2019,train
data/ISIC 2019/BKL/ISIC_0025005.jpg,지루각화증,7,isic2019,train
data/ISIC 2019/NV/ISIC_0058691.jpg,멜라닌세포모반,2,isic2019,train
data/ISIC 2019/NV/ISIC_0026701.jpg,멜라닌세포모반,2,isic2019,train
data/ISIC 2019/BCC/ISIC_0060789.jpg,기저세포암,1,isic2019,train
data/ISIC 2019/NV/ISIC_0068748.jpg,멜라닌세포모반,2,isic2019,train
data/ISIC 2019/AK/ISIC_0071772.jpg,광선각화증,0,isic2019,train
data/ISIC 2019/NV/ISIC_0056222.jpg,멜라닌세포모반,2,isic2019,train
data/ISIC 2019/SCC/ISIC_0058185.jpg,편평세포암,8,isic2019,train
data/ISIC 2019/BKL/ISIC_0029384.jpg,지루각화증,7,isic2019,train
data/ISIC 2019/AK/ISIC_0071671.jpg,광선각화증,0,isic2019,train
data/ISIC 2019/SCC/ISIC_0067957.jpg,편평세포암,8,isic2019,train
data/ISIC 2019/MEL/ISIC_0062523.jpg,악성흑색종,6,isic2019,train
data/ISIC 2019/BKL/ISIC_0025867.jpg,지루각화증,7,isic2019,train
data/ISIC 2019/AK/ISIC_0064524.jpg,광선각화증,0,isic2019,train
data/ISIC 2019/AK/ISIC_0060357.jpg,광선각화증,0,isic2019,train
data/ISIC 2019/DF/ISIC_0053936.jpg,피부섬유종,10,isic2019,train
data/ISIC 2019/MEL/ISIC_0055905.jpg,악성흑색종,6,isic2019,train
data/ISIC 2019/AK/ISIC_0061499.jpg,광선각화증,0,isic2019,train
data/ISIC 2019/BKL/ISIC_0068953.jpg,지루각화증,7,isic2019,train
data/ISIC 2019/MEL/ISIC_0063842.jpg,악성흑색종,6,isic2019,train
data/ISIC 2019/NV/ISIC_0031010.jpg,멜라닌세포모반,2,isic2019,train
data/ISIC 2019/BKL/ISIC_0070688.jpg,지루각화증,7,isic2019,train
data/ISIC 2019/BKL/ISIC_0025099.jpg,지루각화증,7,isic2019,train
data/ISIC 2019/MEL/ISIC_0027149.jpg,악성흑색종,6,isic2019,train
data/ISIC 2019/NV/ISIC_0028602.jpg,멜라닌세포모반,2,isic2019,train
data/ISIC 2019/AK/ISIC_0071524.jpg,광선각화증,0,isic2019,train
data/ISIC 2019/BKL/ISIC_0029232.jpg,지루각화증,7,isic2019,train
data/ISIC 2019/SCC/ISIC_0024539.jpg,편평세포암,8,isic2019,train
data/ISIC 2019/DF/ISIC_0029973.jpg,피부섬유종,10,isic2019,train
data/ISIC 2019/BCC/ISIC_0066940.jpg,기저세포암,1,isic2019,train
data/ISIC 2019/NV/ISIC_0032253.jpg,멜라닌세포모반,2,isic2019,train
data/ISIC 2019/BKL/ISIC_0065821.jpg,지루각화증,7,isic2019,train
data/ISIC 2019/BCC/ISIC_0066453.jpg,기저세포암,1,isic2019,train
data/ISIC 2019/MEL/ISIC_0067248.jpg,악성흑색종,6,isic2019,train
data/ISIC 2019/MEL/ISIC_0062141.jpg,악성흑색종,6,isic2019,train
data/ISIC 2019/NV/ISIC_0026289.jpg,멜라닌세포모반,2,isic2019,train
data/ISIC 2019/BCC/ISIC_0027433.jpg,기저세포암,1,isic2019,train
data/ISIC 2019/AK/ISIC_0071440.jpg,광선각화증,0,isic2019,train
data/ISIC 2019/BCC/ISIC_0059015.jpg,기저세포암,1,isic2019,train
data/ISIC 2019/MEL/ISIC_0010466.jpg,악성흑색종,6,isic2019,train
data/ISIC 2019/NV/ISIC_0027016.jpg,멜라닌세포모반,2,isic2019,train
data/ISIC 2019/NV/ISIC_0013197_downsampled.jpg,멜라닌세포모반,2,isic2019,train
data/ISIC 2019/BCC/ISIC_0060274.jpg,기저세포암,1,isic2019,train
data/ISIC 2019/AK/ISIC_0066762.jpg,광선각화증,0,isic2019,train
data/ISIC 2019/NV/ISIC_0066660.jpg,멜라닌세포모반,2,isic2019,train
data/ISIC 2019/AK/ISIC_0065832.jpg,광선각화증,0,isic2019,train
data/ISIC 2019/MEL/ISIC_0025996.jpg,악성흑색종,6,isic2019,train
data/ISIC 2019/BKL/ISIC_0029519.jpg,지루각화증,7,isic2019,train
data/ISIC 2019/BKL/ISIC_0013731_downsampled.jpg,지루각화증,7,isic2019,train
data/ISIC 2019/BCC/ISIC_0063720.jpg,기저세포암,1,isic2019,train
data/ISIC 2019/NV/ISIC_0033104.jpg,멜라닌세포모반,2,isic2019,train
data/ISIC 2019/BCC/ISIC_0066540.jpg,기저세포암,1,isic2019,train
data/ISIC 2019/BCC/ISIC_0071003.jpg,기저세포암,1,isic2019,train
data/ISIC 2019/MEL/ISIC_0060967.jpg,악성흑색종,6,isic2019,train
data/ISIC 2019/AK/ISIC_0063019.jpg,광선각화증,0,isic2019,train
data/ISIC 2019/MEL/ISIC_0055803.jpg,악성흑색종,6,isic2019,train
data/ISIC 2019/BCC/ISIC_0064898.jpg,기저세포암,1,isic2019,train
data/ISIC 2019/MEL/ISIC_0000517.jpg,악성흑색종,6,isic2019,train
data/ISIC 2019/DF/ISIC_0056996.jpg,피부섬유종,10,isic2019,train
data/ISIC 2019/NV/ISIC_0053948.jpg,멜라닌세포모반,2,isic2019,train
data/ISIC 2019/BKL/ISIC_0014032_downsampled.jpg,지루각화증,7,isic2019,train
data/ISIC 2019/AK/ISIC_0071186.jpg,광선각화증,0,isic2019,train
data/ISIC 2019/BCC/ISIC_0061867.jpg,기저세포암,1,isic2019,train
data/ISIC 2019/NV/ISIC_0013257_downsampled.jpg,멜라닌세포모반,2,isic2019,train
data/ISIC 2019/NV/ISIC_0031684.jpg,멜라닌세포모반,2,isic2019,train
data/ISIC 2019/BKL/ISIC_0031321.jpg,지루각화증,7,isic2019,train
data/ISIC 2019/BCC/ISIC_0057820.jpg,기저세포암,1,isic2019,train
data/ISIC 2019/SCC/ISIC_0059403.jpg,편평세포암,8,isic2019,train
data/ISIC 2019/MEL/ISIC_0058399.jpg,악성흑색종,6,isic2019,train
data/ISIC 2019/NV/ISIC_0055833.jpg,멜라닌세포모반,2,isic2019,train
data/ISIC 2019/BCC/ISIC_0055703.jpg,기저세포암,1,isic2019,train
data/ISIC 2019/MEL/ISIC_0064023.jpg,악성흑색종,6,isic2019,train
data/ISIC 2019/MEL/ISIC_0072594.jpg,악성흑색종,6,isic2019,train
data/ISIC 2019/NV/ISIC_0025723.jpg,멜라닌세포모반,2,isic2019,train
data/ISIC 2019/BCC/ISIC_0065804.jpg,기저세포암,1,isic2019,train
data/ISIC 2019/BCC/ISIC_0060842.jpg,기저세포암,1,isic2019,train
data/ISIC 2019/NV/ISIC_0027230.jpg,멜라닌세포모반,2,isic2019,train
data/ISIC 2019/NV/ISIC_0031106.jpg,멜라닌세포모반,2,isic2019,train
data/ISIC 2019/AK/ISIC_0067246.jpg,광선각화증,0,isic2019,train
data/ISIC 2019/BKL/ISIC_0031376.jpg,지루각화증,7,isic2019,train
data/ISIC 2019/BKL/ISIC_0012811.jpg,지루각화증,7,isic2019,train
data/ISIC 2019/NV/ISIC_0059959.jpg,멜라닌세포모반,2,isic2019,train
data/ISIC 2019/MEL/ISIC_0065727.jpg,악성흑색종,6,isic2019,train
data/ISIC 2019/BKL/ISIC_0012513_downsampled.jpg,지루각화증,7,isic2019,train
data/ISIC 2019/BKL/ISIC_0024871.jpg,지루각화증,7,isic2019,train
data/ISIC 2019/BCC/ISIC_0053873.jpg,기저세포암,1,isic2019,train
data/ISIC 2019/BKL/ISIC_0028200.jpg,지루각화증,7,isic2019,train
data/ISIC 2019/BCC/ISIC_0061909.jpg,기저세포암,1,isic2019,train
data/ISIC 2019/BKL/ISIC_0014587_downsampled.jpg,지루각화증,7,isic2019,train
data/ISIC 2019/BKL/ISIC_0061503.jpg,지루각화증,7,isic2019,train
data/ISIC 2019/BKL/ISIC_0026018.jpg,지루각화증,7,isic2019,train
data/ISIC 2019/BCC/ISIC_0032146.jpg,기저세포암,1,isic2019,train
data/ISIC 2019/BKL/ISIC_0026923.jpg,지루각화증,7,isic2019,train
data/ISIC 2019/BCC/ISIC_0057592.jpg,기저세포암,1,isic2019,train
data/ISIC 2019/BKL/ISIC_0072057.jpg,지루각화증,7,isic2019,train
data/ISIC 2019/MEL/ISIC_0011139.jpg,악성흑색종,6,isic2019,train
data/ISIC 2019/BCC/ISIC_0028419.jpg,기저세포암,1,isic2019,train
data/ISIC 2019/BCC/ISIC_0064751.jpg,기저세포암,1,isic2019,train
data/ISIC 2019/BKL/ISIC_0033677.jpg,지루각화증,7,isic2019,train
data/ISIC 2019/BCC/ISIC_0066107.jpg,기저세포암,1,isic2019,train
data/ISIC 2019/NV/ISIC_0057342.jpg,멜라닌세포모반,2,isic2019,train
data/ISIC 2019/BCC/ISIC_0067746.jpg,기저세포암,1,isic2019,train
data/ISIC 2019/MEL/ISIC_0068023.jpg,악성흑색종,6,isic2019,train
data/ISIC 2019/NV/ISIC_0064198.jpg,멜라닌세포모반,2,isic2019,train
data/ISIC 2019/BCC/ISIC_0072082.jpg,기저세포암,1,isic2019,train
data/ISIC 2019/NV/ISIC_0034056.jpg,멜라닌세포모반,2,isic2019,train
data/ISIC 2019/BCC/ISIC_0032307.jpg,기저세포암,1,isic2019,train
data/ISIC 2019/BCC/ISIC_0031284.jpg,기저세포암,1,isic2019,train
data/ISIC 2019/MEL/ISIC_0068276.jpg,악성흑색종,6,isic2019,train
data/ISIC 2019/BKL/ISIC_0066857.jpg,지루각화증,7,isic2019,train
data/ISIC 2019/BKL/ISIC_0012178_downsampled.jpg,지루각화증,7,isic2019,train
data/ISIC 2019/NV/ISIC_0060458.jpg,멜라닌세포모반,2,isic2019,train
data/ISIC 2019/NV/ISIC_0066843.jpg,멜라닌세포모반,2,isic2019,train
data/ISIC 2019/NV/ISIC_0025184.jpg,멜라닌세포모반,2,isic2019,train
data/ISIC 2019/VASC/ISIC_0031197.jpg,혈관종,12,isic2019,train
data/ISIC 2019/MEL/ISIC_0063180.jpg,악성흑색종,6,isic2019,train
data/ISIC 2019/MEL/ISIC_0069889.jpg,악성흑색종,6,isic2019,train
data/ISIC 2019/BKL/ISIC_0062424.jpg,지루각화증,7,isic2019,train
data/ISIC 2019/BKL/ISIC_0026153.jpg,지루각화증,7,isic2019,train
data/ISIC 2019/BKL/ISIC_0033200.jpg,지루각화증,7,isic2019,train
data/ISIC 2019/MEL/ISIC_0034243.jpg,악성흑색종,6,isic2019,train
data/ISIC 2019/BKL/ISIC_0015153_downsampled.jpg,지루각화증,7,isic2019,train
data/ISIC 2019/NV/ISIC_0054039.jpg,멜라닌세포모반,2,isic2019,train
data/ISIC 2019/SCC/ISIC_0026492.jpg,편평세포암,8,isic2019,train
data/ISIC 2019/BKL/ISIC_0014457_downsampled.jpg,지루각화증,7,isic2019,train
data/ISIC 2019/MEL/ISIC_0026314.jpg,악성흑색종,6,isic2019,train
data/ISIC 2019/BKL/ISIC_0031125.jpg,지루각화증,7,isic2019,train
data/ISIC 2019/MEL/ISIC_0032873.jpg,악성흑색종,6,isic2019,train
data/ISIC 2019/BCC/ISIC_0067281.jpg,기저세포암,1,isic2019,train
data/ISIC 2019/MEL/ISIC_0068495.jpg,악성흑색종,6,isic2019,train
data/ISIC 2019/MEL/ISIC_0034145.jpg,악성흑색종,6,isic2019,train
data/ISIC 2019/MEL/ISIC_0055513.jpg,악성흑색종,6,isic2019,train
data/ISIC 2019/MEL/ISIC_0055450.jpg,악성흑색종,6,isic2019,train
data/ISIC 2019/MEL/ISIC_0000002.jpg,악성흑색종,6,isic2019,train
data/ISIC 2019/BKL/ISIC_0013150_downsampled.jpg,지루각화증,7,isic2019,train
data/ISIC 2019/MEL/ISIC_0000074.jpg,악성흑색종,6,isic2019,train
data/ISIC 2019/NV/ISIC_0072423.jpg,멜라닌세포모반,2,isic2019,train
data/ISIC 2019/MEL/ISIC_0033981.jpg,악성흑색종,6,isic2019,train
data/ISIC 2019/BKL/ISIC_0061361.jpg,지루각화증,7,isic2019,train
data/ISIC 2019/MEL/ISIC_0072111.jpg,악성흑색종,6,isic2019,train
data/ISIC 2019/MEL/ISIC_0013232_downsampled.jpg,악성흑색종,6,isic2019,train
data/ISIC 2019/AK/ISIC_0068989.jpg,광선각화증,0,isic2019,train
data/ISIC 2019/BKL/ISIC_0032031.jpg,지루각화증,7,isic2019,train
data/ISIC 2019/NV/ISIC_0012706_downsampled.jpg,멜라닌세포모반,2,isic2019,train
data/ISIC 2019/MEL/ISIC_0061670.jpg,악성흑색종,6,isic2019,train
data/ISIC 2019/BCC/ISIC_0030181.jpg,기저세포암,1,isic2019,train
data/ISIC 2019/MEL/ISIC_0054038.jpg,악성흑색종,6,isic2019,train
data/ISIC 2019/BCC/ISIC_0029201.jpg,기저세포암,1,isic2019,train
data/ISIC 2019/NV/ISIC_0026190.jpg,멜라닌세포모반,2,isic2019,train
data/ISIC 2019/BKL/ISIC_0071962.jpg,지루각화증,7,isic2019,train
data/ISIC 2019/BCC/ISIC_0054191.jpg,기저세포암,1,isic2019,train
data/ISIC 2019/BKL/ISIC_0014028_downsampled.jpg,지루각화증,7,isic2019,train
data/ISIC 2019/BKL/ISIC_0013585_downsampled.jpg,지루각화증,7,isic2019,train
data/ISIC 2019/DF/ISIC_0033554.jpg,피부섬유종,10,isic2019,train
data/ISIC 2019/BCC/ISIC_0054942.jpg,기저세포암,1,isic2019,train
data/ISIC 2019/VASC/ISIC_0028146.jpg,혈관종,12,isic2019,train
data/ISIC 2019/MEL/ISIC_0054520.jpg,악성흑색종,6,isic2019,train
data/ISIC 2019/NV/ISIC_0015030_downsampled.jpg,멜라닌세포모반,2,isic2019,train
data/ISIC 2019/NV/ISIC_0031782.jpg,멜라닌세포모반,2,isic2019,train
data/ISIC 2019/NV/ISIC_0029615.jpg,멜라닌세포모반,2,isic2019,train
data/ISIC 2019/VASC/ISIC_0033969.jpg,혈관종,12,isic2019,train
data/ISIC 2019/NV/ISIC_0062144.jpg,멜라닌세포모반,2,isic2019,train
data/ISIC 2019/BKL/ISIC_0070949.jpg,지루각화증,7,isic2019,train
data/ISIC 2019/BKL/ISIC_0066108.jpg,지루각화증,7,isic2019,train
data/ISIC 2019/BCC/ISIC_0025818.jpg,기저세포암,1,isic2019,train
data/ISIC 2019/BKL/ISIC_0033924.jpg,지루각화증,7,isic2019,train
data/ISIC 2019/MEL/ISIC_0059671.jpg,악성흑색종,6,isic2019,train
data/ISIC 2019/BKL/ISIC_0065064.jpg,지루각화증,7,isic2019,train
data/ISIC 2019/NV/ISIC_0072167.jpg,멜라닌세포모반,2,isic2019,train
data/ISIC 2019/NV/ISIC_0057633.jpg,멜라닌세포모반,2,isic2019,train
data/ISIC 2019/AK/ISIC_0058427.jpg,광선각화증,0,isic2019,train
data/ISIC 2019/NV/ISIC_0024986.jpg,멜라닌세포모반,2,isic2019,train
data/ISIC 2019/MEL/ISIC_0065346.jpg,악성흑색종,6,isic2019,train
data/ISIC 2019/BKL/ISIC_0064748.jpg,지루각화증,7,isic2019,train
data/ISIC 2019/BKL/ISIC_0065355.jpg,지루각화증,7,isic2019,train
data/ISIC 2019/BCC/ISIC_0056550.jpg,기저세포암,1,isic2019,train
data/ISIC 2019/SCC/ISIC_0064358.jpg,편평세포암,8,isic2019,train
data/ISIC 2019/BCC/ISIC_0059988.jpg,기저세포암,1,isic2019,train
data/ISIC 2019/BKL/ISIC_0062168.jpg,지루각화증,7,isic2019,train
data/ISIC 2019/VASC/ISIC_0056264.jpg,혈관종,12,isic2019,train
data/ISIC 2019/MEL/ISIC_0070938.jpg,악성흑색종,6,isic2019,train
data/ISIC 2019/SCC/ISIC_0072114.jpg,편평세포암,8,isic2019,train
data/ISIC 2019/NV/ISIC_0059183.jpg,멜라닌세포모반,2,isic2019,train
data/ISIC 2019/BKL/ISIC_0031987.jpg,지루각화증,7,isic2019,train
data/ISIC 2019/AK/ISIC_0058494.jpg,광선각화증,0,isic2019,train
data/ISIC 2019/NV/ISIC_0031804.jpg,멜라닌세포모반,2,isic2019,train
data/ISIC 2019/BCC/ISIC_0057213.jpg,기저세포암,1,isic2019,train
data/ISIC 2019/BCC/ISIC_0058832.jpg,기저세포암,1,isic2019,train
data/ISIC 2019/MEL/ISIC_0056790.jpg,악성흑색종,6,isic2019,train
data/ISIC 2019/AK/ISIC_0024511.jpg,광선각화증,0,isic2019,train
data/ISIC 2019/AK/ISIC_0072572.jpg,광선각화증,0,isic2019,train
data/ISIC 2019/MEL/ISIC_0064563.jpg,악성흑색종,6,isic2019,train
data/ISIC 2019/MEL/ISIC_0061066.jpg,악성흑색종,6,isic2019,train
data/ISIC 2019/NV/ISIC_0029306.jpg,멜라닌세포모반,2,isic2019,train
data/ISIC 2019/NV/ISIC_0065204.jpg,멜라닌세포모반,2,isic2019,train
data/ISIC 2019/MEL/ISIC_0070998.jpg,악성흑색종,6,isic2019,train
data/ISIC 2019/SCC/ISIC_0068729.jpg,편평세포암,8,isic2019,train
data/ISIC 2019/BKL/ISIC_0065366.jpg,지루각화증,7,isic2019,train
data/ISIC 2019/SCC/ISIC_0066695.jpg,편평세포암,8,isic2019,train
data/ISIC 2019/BCC/ISIC_0059748.jpg,기저세포암,1,isic2019,train
data/ISIC 2019/BKL/ISIC_0070812.jpg,지루각화증,7,isic2019,train
data/ISIC 2019/BCC/ISIC_0054316.jpg,기저세포암,1,isic2019,train
data/ISIC 2019/AK/ISIC_0068995.jpg,광선각화증,0,isic2019,train
data/ISIC 2019/SCC/ISIC_0057962.jpg,편평세포암,8,isic2019,train
data/ISIC 2019/BCC/ISIC_0061889.jpg,기저세포암,1,isic2019,train
data/ISIC 2019/MEL/ISIC_0067789.jpg,악성흑색종,6,isic2019,train
data/ISIC 2019/BKL/ISIC_0053756.jpg,지루각화증,7,isic2019,train
data/ISIC 2019/MEL/ISIC_0067276.jpg,악성흑색종,6,isic2019,train
data/ISIC 2019/BKL/ISIC_0065657.jpg,지루각화증,7,isic2019,train
data/ISIC 2019/SCC/ISIC_0053926.jpg,편평세포암,8,isic2019,train
data/ISIC 2019/BKL/ISIC_0031620.jpg,지루각화증,7,isic2019,train
data/ISIC 2019/NV/ISIC_0026588.jpg,멜라닌세포모반,2,isic2019,train
data/ISIC 2019/BKL/ISIC_0012377_downsampled.jpg,지루각화증,7,isic2019,train
data/ISIC 2019/BKL/ISIC_0012183_downsampled.jpg,지루각화증,7,isic2019,train
data/ISIC 2019/SCC/ISIC_0032203.jpg,편평세포암,8,isic2019,train
data/ISIC 2019/BCC/ISIC_0063284.jpg,기저세포암,1,isic2019,train
data/ISIC 2019/NV/ISIC_0027206.jpg,멜라닌세포모반,2,isic2019,train
data/ISIC 2019/BCC/ISIC_0057132.jpg,기저세포암,1,isic2019,train
data/ISIC 2019/VASC/ISIC_0058394.jpg,혈관종,12,isic2019,train
data/ISIC 2019/AK/ISIC_0060706.jpg,광선각화증,0,isic2019,train
data/ISIC 2019/NV/ISIC_0028533.jpg,멜라닌세포모반,2,isic2019,train
data/ISIC 2019/BCC/ISIC_0069506.jpg,기저세포암,1,isic2019,train
data/ISIC 2019/MEL/ISIC_0057759.jpg,악성흑색종,6,isic2019,train
data/ISIC 2019/MEL/ISIC_0069003.jpg,악성흑색종,6,isic2019,train
data/ISIC 2019/NV/ISIC_0024610.jpg,멜라닌세포모반,2,isic2019,train
data/ISIC 2019/MEL/ISIC_0055404.jpg,악성흑색종,6,isic2019,train
data/ISIC 2019/BCC/ISIC_0056039.jpg,기저세포암,1,isic2019,train
data/ISIC 2019/BKL/ISIC_0070448.jpg,지루각화증,7,isic2019,train
data/ISIC 2019/AK/ISIC_0056343.jpg,광선각화증,0,isic2019,train
data/ISIC 2019/AK/ISIC_0061121.jpg,광선각화증,0,isic2019,train
data/ISIC 2019/BCC/ISIC_0032429.jpg,기저세포암,1,isic2019,train
data/ISIC 2019/SCC/ISIC_0060478.jpg,편평세포암,8,isic2019,train
data/ISIC 2019/BCC/ISIC_0065228.jpg,기저세포암,1,isic2019,train
data/ISIC 2019/BKL/ISIC_0030088.jpg,지루각화증,7,isic2019,train
data/ISIC 2019/NV/ISIC_0014802_downsampled.jpg,멜라닌세포모반,2,isic2019,train
data/ISIC 2019/MEL/ISIC_0058418.jpg,악성흑색종,6,isic2019,train
data/ISIC 2019/AK/ISIC_0066452.jpg,광선각화증,0,isic2019,train
data/ISIC 2019/MEL/ISIC_0054664.jpg,악성흑색종,6,isic2019,train
data/ISIC 2019/BKL/ISIC_0059553.jpg,지루각화증,7,isic2019,train
data/ISIC 2019/BKL/ISIC_0028309.jpg,지루각화증,7,isic2019,train
data/ISIC 2019/BKL/ISIC_0059623.jpg,지루각화증,7,isic2019,train
data/ISIC 2019/NV/ISIC_0059299.jpg,멜라닌세포모반,2,isic2019,train
data/ISIC 2019/MEL/ISIC_0061630.jpg,악성흑색종,6,isic2019,train
data/ISIC 2019/MEL/ISIC_0068881.jpg,악성흑색종,6,isic2019,train
data/ISIC 2019/BCC/ISIC_0063964.jpg,기저세포암,1,isic2019,train
data/ISIC 2019/BCC/ISIC_0060818.jpg,기저세포암,1,isic2019,train
data/ISIC 2019/NV/ISIC_0026333.jpg,멜라닌세포모반,2,isic2019,train
data/ISIC 2019/MEL/ISIC_0056525.jpg,악성흑색종,6,isic2019,train
data/ISIC 2019/VASC/ISIC_0054546.jpg,혈관종,12,isic2019,train
data/ISIC 2019/AK/ISIC_0071108.jpg,광선각화증,0,isic2019,train
data/ISIC 2019/BCC/ISIC_0032246.jpg,기저세포암,1,isic2019,train
data/ISIC 2019/BKL/ISIC_0067739.jpg,지루각화증,7,isic2019,train
data/ISIC 2019/BCC/ISIC_0054602.jpg,기저세포암,1,isic2019,train
data/ISIC 2019/AK/ISIC_0058623.jpg,광선각화증,0,isic2019,train
data/ISIC 2019/SCC/ISIC_0054315.jpg,편평세포암,8,isic2019,train
data/ISIC 2019/MEL/ISIC_0028898.jpg,악성흑색종,6,isic2019,train
data/ISIC 2019/BCC/ISIC_0065407.jpg,기저세포암,1,isic2019,train
data/ISIC 2019/BCC/ISIC_0072545.jpg,기저세포암,1,isic2019,train
data/ISIC 2019/NV/ISIC_0028932.jpg,멜라닌세포모반,2,isic2019,train
data/ISIC 2019/BKL/ISIC_0057635.jpg,지루각화증,7,isic2019,train
data/ISIC 2019/MEL/ISIC_0013986_downsampled.jpg,악성흑색종,6,isic2019,train
data/ISIC 2019/MEL/ISIC_0072631.jpg,악성흑색종,6,isic2019,train
data/ISIC 2019/MEL/ISIC_0071346.jpg,악성흑색종,6,isic2019,train
data/ISIC 2019/NV/ISIC_0063173.jpg,멜라닌세포모반,2,isic2019,train
data/ISIC 2019/MEL/ISIC_0055454.jpg,악성흑색종,6,isic2019,train
data/ISIC 2019/MEL/ISIC_0064266.jpg,악성흑색종,6,isic2019,train
data/ISIC 2019/BKL/ISIC_0028913.jpg,지루각화증,7,isic2019,train
data/ISIC 2019/NV/ISIC_0070835.jpg,멜라닌세포모반,2,isic2019,train
data/ISIC 2019/MEL/ISIC_0062196.jpg,악성흑색종,6,isic2019,train
data/ISIC 2019/NV/ISIC_0009974.jpg,멜라닌세포모반,2,isic2019,train
data/ISIC 2019/NV/ISIC_0032243.jpg,멜라닌세포모반,2,isic2019,train
data/ISIC 2019/BKL/ISIC_0063237.jpg,지루각화증,7,isic2019,train
data/ISIC 2019/MEL/ISIC_0032936.jpg,악성흑색종,6,isic2019,train
data/ISIC 2019/NV/ISIC_0028073.jpg,멜라닌세포모반,2,isic2019,train
data/ISIC 2019/BCC/ISIC_0055206.jpg,기저세포암,1,isic2019,train
data/ISIC 2019/BKL/ISIC_0024422.jpg,지루각화증,7,isic2019,train
data/ISIC 2019/BCC/ISIC_0057090.jpg,기저세포암,1,isic2019,train
data/ISIC 2019/BKL/ISIC_0072782.jpg,지루각화증,7,isic2019,train
data/ISIC 2019/NV/ISIC_0025902.jpg,멜라닌세포모반,2,isic2019,train
data/ISIC 2019/BCC/ISIC_0066841.jpg,기저세포암,1,isic2019,train
data/ISIC 2019/MEL/ISIC_0063704.jpg,악성흑색종,6,isic2019,train
data/ISIC 2019/MEL/ISIC_0065943.jpg,악성흑색종,6,isic2019,train
data/ISIC 2019/NV/ISIC_0029145.jpg,멜라닌세포모반,2,isic2019,train
data/ISIC 2019/MEL/ISIC_0033300.jpg,악성흑색종,6,isic2019,train
data/ISIC 2019/MEL/ISIC_0009960.jpg,악성흑색종,6,isic2019,train
data/ISIC 2019/MEL/ISIC_0064538.jpg,악성흑색종,6,isic2019,train
data/ISIC 2019/BKL/ISIC_0073205.jpg,지루각화증,7,isic2019,train
data/ISIC 2019/MEL/ISIC_0070601.jpg,악성흑색종,6,isic2019,train
data/ISIC 2019/SCC/ISIC_0060131.jpg,편평세포암,8,isic2019,train
data/ISIC 2019/NV/ISIC_0026407.jpg,멜라닌세포모반,2,isic2019,train
data/ISIC 2019/MEL/ISIC_0033638.jpg,악성흑색종,6,isic2019,train
data/ISIC 2019/NV/ISIC_0054631.jpg,멜라닌세포모반,2,isic2019,train
data/ISIC 2019/MEL/ISIC_0061751.jpg,악성흑색종,6,isic2019,train
data/ISIC 2019/AK/ISIC_0055989.jpg,광선각화증,0,isic2019,train
data/ISIC 2019/NV/ISIC_0026295.jpg,멜라닌세포모반,2,isic2019,train
data/ISIC 2019/DF/ISIC_0030757.jpg,피부섬유종,10,isic2019,train
data/ISIC 2019/BKL/ISIC_0028623.jpg,지루각화증,7,isic2019,train
data/ISIC 2019/SCC/ISIC_0059277.jpg,편평세포암,8,isic2019,train
data/ISIC 2019/MEL/ISIC_0033051.jpg,악성흑색종,6,isic2019,train
data/ISIC 2019/NV/ISIC_0028030.jpg,멜라닌세포모반,2,isic2019,train
data/ISIC 2019/SCC/ISIC_0026327.jpg,편평세포암,8,isic2019,train
data/ISIC 2019/BCC/ISIC_0068667.jpg,기저세포암,1,isic2019,train
data/ISIC 2019/MEL/ISIC_0071045.jpg,악성흑색종,6,isic2019,train
data/ISIC 2019/MEL/ISIC_0069638.jpg,악성흑색종,6,isic2019,train
data/ISIC 2019/BKL/ISIC_0012323_downsampled.jpg,지루각화증,7,isic2019,train
data/ISIC 2019/BCC/ISIC_0073033.jpg,기저세포암,1,isic2019,train
data/ISIC 2019/AK/ISIC_0071062.jpg,광선각화증,0,isic2019,train
data/ISIC 2019/BKL/ISIC_0069389.jpg,지루각화증,7,isic2019,train
data/ISIC 2019/NV/ISIC_0014458_downsampled.jpg,멜라닌세포모반,2,isic2019,train
data/ISIC 2019/NV/ISIC_0006350_downsampled.jpg,멜라닌세포모반,2,isic2019,train
data/ISIC 2019/AK/ISIC_0063335.jpg,광선각화증,0,isic2019,train
data/ISIC 2019/MEL/ISIC_0026167.jpg,악성흑색종,6,isic2019,train
data/ISIC 2019/BCC/ISIC_0063149.jpg,기저세포암,1,isic2019,train
data/ISIC 2019/BCC/ISIC_0072138.jpg,기저세포암,1,isic2019,train
data/ISIC 2019/BCC/ISIC_0072792.jpg,기저세포암,1,isic2019,train
data/ISIC 2019/NV/ISIC_0012891_downsampled.jpg,멜라닌세포모반,2,isic2019,train
data/ISIC 2019/BKL/ISIC_0012155_downsampled.jpg,지루각화증,7,isic2019,train
data/ISIC 2019/MEL/ISIC_0028361.jpg,악성흑색종,6,isic2019,train
data/ISIC 2019/BCC/ISIC_0068559.jpg,기저세포암,1,isic2019,train
data/ISIC 2019/MEL/ISIC_0054251.jpg,악성흑색종,6,isic2019,train
data/ISIC 2019/BCC/ISIC_0069715.jpg,기저세포암,1,isic2019,train
data/ISIC 2019/NV/ISIC_0027085.jpg,멜라닌세포모반,2,isic2019,train
data/ISIC 2019/BKL/ISIC_0032997.jpg,지루각화증,7,isic2019,train
data/ISIC 2019/MEL/ISIC_0033995.jpg,악성흑색종,6,isic2019,train
data/ISIC 2019/BCC/ISIC_0067063.jpg,기저세포암,1,isic2019,train
data/ISIC 2019/NV/ISIC_0015273_downsampled.jpg,멜라닌세포모반,2,isic2019,train
data/ISIC 2019/SCC/ISIC_0067626.jpg,편평세포암,8,isic2019,train
data/ISIC 2019/SCC/ISIC_0068481.jpg,편평세포암,8,isic2019,train
data/ISIC 2019/NV/ISIC_0060276.jpg,멜라닌세포모반,2,isic2019,train
data/ISIC 2019/MEL/ISIC_0032872.jpg,악성흑색종,6,isic2019,train
data/ISIC 2019/MEL/ISIC_0071401.jpg,악성흑색종,6,isic2019,train
data/ISIC 2019/BKL/ISIC_0033613.jpg,지루각화증,7,isic2019,train
data/ISIC 2019/BCC/ISIC_0057101.jpg,기저세포암,1,isic2019,train
data/ISIC 2019/NV/ISIC_0025558.jpg,멜라닌세포모반,2,isic2019,train
data/ISIC 2019/BKL/ISIC_0025339.jpg,지루각화증,7,isic2019,train
data/ISIC 2019/AK/ISIC_0064490.jpg,광선각화증,0,isic2019,train
data/ISIC 2019/BKL/ISIC_0030123.jpg,지루각화증,7,isic2019,train
data/ISIC 2019/BKL/ISIC_0014311_downsampled.jpg,지루각화증,7,isic2019,train
data/ISIC 2019/NV/ISIC_0025251.jpg,멜라닌세포모반,2,isic2019,train
data/ISIC 2019/MEL/ISIC_0028412.jpg,악성흑색종,6,isic2019,train
data/ISIC 2019/NV/ISIC_0030969.jpg,멜라닌세포모반,2,isic2019,train
data/ISIC 2019/BKL/ISIC_0064787.jpg,지루각화증,7,isic2019,train
data/ISIC 2019/AK/ISIC_0062184.jpg,광선각화증,0,isic2019,train
data/ISIC 2019/BCC/ISIC_0032894.jpg,기저세포암,1,isic2019,train
data/ISIC 2019/NV/ISIC_0012135_downsampled.jpg,멜라닌세포모반,2,isic2019,train
data/ISIC 2019/NV/ISIC_0015960_downsampled.jpg,멜라닌세포모반,2,isic2019,train
data/ISIC 2019/NV/ISIC_0027395.jpg,멜라닌세포모반,2,isic2019,train
data/ISIC 2019/DF/ISIC_0032941.jpg,피부섬유종,10,isic2019,train
data/ISIC 2019/BCC/ISIC_0065835.jpg,기저세포암,1,isic2019,train
data/ISIC 2019/BCC/ISIC_0072744.jpg,기저세포암,1,isic2019,train
data/ISIC 2019/BKL/ISIC_0066646.jpg,지루각화증,7,isic2019,train
data/ISIC 2019/BCC/ISIC_0025433.jpg,기저세포암,1,isic2019,train
data/ISIC 2019/BCC/ISIC_0070199.jpg,기저세포암,1,isic2019,train
data/ISIC 2019/NV/ISIC_0027339.jpg,멜라닌세포모반,2,isic2019,train
data/ISIC 2019/NV/ISIC_0029277.jpg,멜라닌세포모반,2,isic2019,train
data/ISIC 2019/MEL/ISIC_0001140_downsampled.jpg,악성흑색종,6,isic2019,train
data/ISIC 2019/NV/ISIC_0057874.jpg,멜라닌세포모반,2,isic2019,train
data/ISIC 2019/BCC/ISIC_0059973.jpg,기저세포암,1,isic2019,train
data/ISIC 2019/MEL/ISIC_0053742.jpg,악성흑색종,6,isic2019,train
data/ISIC 2019/MEL/ISIC_0026558.jpg,악성흑색종,6,isic2019,train
data/ISIC 2019/BCC/ISIC_0057560.jpg,기저세포암,1,isic2019,train
data/ISIC 2019/NV/ISIC_0014745_downsampled.jpg,멜라닌세포모반,2,isic2019,train
data/ISIC 2019/NV/ISIC_0069174.jpg,멜라닌세포모반,2,isic2019,train
data/ISIC 2019/MEL/ISIC_0063425.jpg,악성흑색종,6,isic2019,train
data/ISIC 2019/BKL/ISIC_0014649_downsampled.jpg,지루각화증,7,isic2019,train
data/ISIC 2019/DF/ISIC_0024973.jpg,피부섬유종,10,isic2019,train
data/ISIC 2019/NV/ISIC_0013966_downsampled.jpg,멜라닌세포모반,2,isic2019,train
data/ISIC 2019/NV/ISIC_0013800_downsampled.jpg,멜라닌세포모반,2,isic2019,train
data/ISIC 2019/SCC/ISIC_0062518.jpg,편평세포암,8,isic2019,train
data/ISIC 2019/NV/ISIC_0072115.jpg,멜라닌세포모반,2,isic2019,train
data/ISIC 2019/MEL/ISIC_0072909.jpg,악성흑색종,6,isic2019,train
data/ISIC 2019/SCC/ISIC_0026549.jpg,편평세포암,8,isic2019,train
data/ISIC 2019/SCC/ISIC_0059102.jpg,편평세포암,8,isic2019,train
data/ISIC 2019/MEL/ISIC_0010587.jpg,악성흑색종,6,isic2019,train
data/ISIC 2019/NV/ISIC_0072125.jpg,멜라닌세포모반,2,isic2019,train
data/ISIC 2019/NV/ISIC_0062201.jpg,멜라닌세포모반,2,isic2019,train
data/ISIC 2019/MEL/ISIC_0030950.jpg,악성흑색종,6,isic2019,train
data/ISIC 2019/NV/ISIC_0055719.jpg,멜라닌세포모반,2,isic2019,train
data/ISIC 2019/NV/ISIC_0029190.jpg,멜라닌세포모반,2,isic2019,train
data/ISIC 2019/MEL/ISIC_0033267.jpg,악성흑색종,6,isic2019,train
data/ISIC 2019/BKL/ISIC_0013165_downsampled.jpg,지루각화증,7,isic2019,train
data/ISIC 2019/AK/ISIC_0065960.jpg,광선각화증,0,isic2019,train
data/ISIC 2019/MEL/ISIC_0061003.jpg,악성흑색종,6,isic2019,train
data/ISIC 2019/AK/ISIC_0061836.jpg,광선각화증,0,isic2019,train
data/ISIC 2019/BKL/ISIC_0072070.jpg,지루각화증,7,isic2019,train
data/ISIC 2019/MEL/ISIC_0055246.jpg,악성흑색종,6,isic2019,train
data/ISIC 2019/MEL/ISIC_0053691.jpg,악성흑색종,6,isic2019,train
data/ISIC 2019/AK/ISIC_0072676.jpg,광선각화증,0,isic2019,train
data/ISIC 2019/BKL/ISIC_0029527.jpg,지루각화증,7,isic2019,train
data/ISIC 2019/NV/ISIC_0011177.jpg,멜라닌세포모반,2,isic2019,train
data/ISIC 2019/MEL/ISIC_0066878.jpg,악성흑색종,6,isic2019,train
data/ISIC 2019/NV/ISIC_0025871.jpg,멜라닌세포모반,2,isic2019,train
data/ISIC 2019/MEL/ISIC_0057999.jpg,악성흑색종,6,isic2019,train
data/ISIC 2019/MEL/ISIC_0033323.jpg,악성흑색종,6,isic2019,train
data/ISIC 2019/BKL/ISIC_0064654.jpg,지루각화증,7,isic2019,train
data/ISIC 2019/MEL/ISIC_0033245.jpg,악성흑색종,6,isic2019,train
data/ISIC 2019/NV/ISIC_0028923.jpg,멜라닌세포모반,2,isic2019,train
data/ISIC 2019/BKL/ISIC_0024635.jpg,지루각화증,7,isic2019,train
data/ISIC 2019/NV/ISIC_0031153.jpg,멜라닌세포모반,2,isic2019,train
data/ISIC 2019/BCC/ISIC_0069235.jpg,기저세포암,1,isic2019,train
data/ISIC 2019/BKL/ISIC_0059831.jpg,지루각화증,7,isic2019,train
data/ISIC 2019/BCC/ISIC_0059162.jpg,기저세포암,1,isic2019,train
data/ISIC 2019/NV/ISIC_0014697_downsampled.jpg,멜라닌세포모반,2,isic2019,train
data/ISIC 2019/BCC/ISIC_0026952.jpg,기저세포암,1,isic2019,train
data/ISIC 2019/MEL/ISIC_0057496.jpg,악성흑색종,6,isic2019,train
data/ISIC 2019/BCC/ISIC_0061386.jpg,기저세포암,1,isic2019,train
data/ISIC 2019/DF/ISIC_0060422.jpg,피부섬유종,10,isic2019,train
data/ISIC 2019/BCC/ISIC_0027631.jpg,기저세포암,1,isic2019,train
data/ISIC 2019/BCC/ISIC_0031258.jpg,기저세포암,1,isic2019,train
data/ISIC 2019/DF/ISIC_0027727.jpg,피부섬유종,10,isic2019,train
data/ISIC 2019/NV/ISIC_0025974.jpg,멜라닌세포모반,2,isic2019,train
data/ISIC 2019/NV/ISIC_0055634.jpg,멜라닌세포모반,2,isic2019,train
data/ISIC 2019/BCC/ISIC_0029392.jpg,기저세포암,1,isic2019,train
data/ISIC 2019/BKL/ISIC_0031345.jpg,지루각화증,7,isic2019,train
data/ISIC 2019/BKL/ISIC_0027064.jpg,지루각화증,7,isic2019,train
data/ISIC 2019/AK/ISIC_0065952.jpg,광선각화증,0,isic2019,train
data/ISIC 2019/BCC/ISIC_0072306.jpg,기저세포암,1,isic2019,train
data/ISIC 2019/BKL/ISIC_0070300.jpg,지루각화증,7,isic2019,train
data/ISIC 2019/NV/ISIC_0000331.jpg,멜라닌세포모반,2,isic2019,train
data/ISIC 2019/BCC/ISIC_0065833.jpg,기저세포암,1,isic2019,train
data/ISIC 2019/BKL/ISIC_0073104.jpg,지루각화증,7,isic2019,train
data/ISIC 2019/BCC/ISIC_0060483.jpg,기저세포암,1,isic2019,train
data/ISIC 2019/BCC/ISIC_0057456.jpg,기저세포암,1,isic2019,train
data/ISIC 2019/NV/ISIC_0031246.jpg,멜라닌세포모반,2,isic2019,train
data/ISIC 2019/BKL/ISIC_0025627.jpg,지루각화증,7,isic2019,train
data/ISIC 2019/BKL/ISIC_0059535.jpg,지루각화증,7,isic2019,train
data/ISIC 2019/NV/ISIC_0010335.jpg,멜라닌세포모반,2,isic2019,train
data/ISIC 2019/BCC/ISIC_0071113.jpg,기저세포암,1,isic2019,train
data/ISIC 2019/MEL/ISIC_0061715.jpg,악성흑색종,6,isic2019,train
data/ISIC 2019/NV/ISIC_0024677.jpg,멜라닌세포모반,2,isic2019,train
data/ISIC 2019/MEL/ISIC_0031146.jpg,악성흑색종,6,isic2019,train
data/ISIC 2019/BCC/ISIC_0057654.jpg,기저세포암,1,isic2019,train
data/ISIC 2019/NV/ISIC_0027363.jpg,멜라닌세포모반,2,isic2019,train
data/ISIC 2019/MEL/ISIC_0013842_downsampled.jpg,악성흑색종,6,isic2019,train
data/ISIC 2019/BKL/ISIC_0032463.jpg,지루각화증,7,isic2019,train
data/ISIC 2019/MEL/ISIC_0067208.jpg,악성흑색종,6,isic2019,train
data/ISIC 2019/NV/ISIC_0032714.jpg,멜라닌세포모반,2,isic2019,train
data/ISIC 2019/BKL/ISIC_0057245.jpg,지루각화증,7,isic2019,train
data/ISIC 2019/MEL/ISIC_0063655.jpg,악성흑색종,6,isic2019,train
data/ISIC 2019/NV/ISIC_0031727.jpg,멜라닌세포모반,2,isic2019,train
data/ISIC 2019/NV/ISIC_0031895.jpg,멜라닌세포모반,2,isic2019,train
data/ISIC 2019/BKL/ISIC_0027202.jpg,지루각화증,7,isic2019,train
data/ISIC 2019/NV/ISIC_0025036.jpg,멜라닌세포모반,2,isic2019,train
data/ISIC 2019/BCC/ISIC_0055706.jpg,기저세포암,1,isic2019,train
data/ISIC 2019/BKL/ISIC_0066522.jpg,지루각화증,7,isic2019,train
data/ISIC 2019/NV/ISIC_0060089.jpg,멜라닌세포모반,2,isic2019,train
data/ISIC 2019/AK/ISIC_0060116.jpg,광선각화증,0,isic2019,train
data/ISIC 2019/BCC/ISIC_0059517.jpg,기저세포암,1,isic2019,train
data/ISIC 2019/MEL/ISIC_0072363.jpg,악성흑색종,6,isic2019,train
data/ISIC 2019/BCC/ISIC_0061600.jpg,기저세포암,1,isic2019,train
data/ISIC 2019/MEL/ISIC_0067139.jpg,악성흑색종,6,isic2019,train
data/ISIC 2019/DF/ISIC_0072045.jpg,피부섬유종,10,isic2019,train
data/ISIC 2019/NV/ISIC_0027201.jpg,멜라닌세포모반,2,isic2019,train
data/ISIC 2019/BCC/ISIC_0068716.jpg,기저세포암,1,isic2019,train
data/ISIC 2019/MEL/ISIC_0071257.jpg,악성흑색종,6,isic2019,train
data/ISIC 2019/MEL/ISIC_0032736.jpg,악성흑색종,6,isic2019,train
data/ISIC 2019/NV/ISIC_0010019.jpg,멜라닌세포모반,2,isic2019,train
data/ISIC 2019/AK/ISIC_0070922.jpg,광선각화증,0,isic2019,train
data/ISIC 2019/BCC/ISIC_0072656.jpg,기저세포암,1,isic2019,train
data/ISIC 2019/BKL/ISIC_0028376.jpg,지루각화증,7,isic2019,train
data/ISIC 2019/MEL/ISIC_0057849.jpg,악성흑색종,6,isic2019,train
data/ISIC 2019/NV/ISIC_0073182.jpg,멜라닌세포모반,2,isic2019,train
data/ISIC 2019/NV/ISIC_0026639.jpg,멜라닌세포모반,2,isic2019,train
data/ISIC 2019/NV/ISIC_0058191.jpg,멜라닌세포모반,2,isic2019,train
data/ISIC 2019/VASC/ISIC_0065906.jpg,혈관종,12,isic2019,train
data/ISIC 2019/NV/ISIC_0055077.jpg,멜라닌세포모반,2,isic2019,train
data/ISIC 2019/MEL/ISIC_0070629.jpg,악성흑색종,6,isic2019,train
data/ISIC 2019/NV/ISIC_0000370.jpg,멜라닌세포모반,2,isic2019,train
data/ISIC 2019/VASC/ISIC_0064682.jpg,혈관종,12,isic2019,train
data/ISIC 2019/BKL/ISIC_0034252.jpg,지루각화증,7,isic2019,train
data/ISIC 2019/BCC/ISIC_0027135.jpg,기저세포암,1,isic2019,train
data/ISIC 2019/MEL/ISIC_0061320.jpg,악성흑색종,6,isic2019,train
data/ISIC 2019/MEL/ISIC_0031386.jpg,악성흑색종,6,isic2019,train
data/ISIC 2019/BCC/ISIC_0058264.jpg,기저세포암,1,isic2019,train
data/ISIC 2019/MEL/ISIC_0058196.jpg,악성흑색종,6,isic2019,train
data/ISIC 2019/BCC/ISIC_0065083.jpg,기저세포암,1,isic2019,train
data/ISIC 2019/BKL/ISIC_0054811.jpg,지루각화증,7,isic2019,train
data/ISIC 2019/NV/ISIC_0011173.jpg,멜라닌세포모반,2,isic2019,train
data/ISIC 2019/AK/ISIC_0071779.jpg,광선각화증,0,isic2019,train
data/ISIC 2019/AK/ISIC_0066374.jpg,광선각화증,0,isic2019,train
data/ISIC 2019/BCC/ISIC_0063031.jpg,기저세포암,1,isic2019,train
data/ISIC 2019/MEL/ISIC_0000167.jpg,악성흑색종,6,isic2019,train
data/ISIC 2019/BCC/ISIC_0028168.jpg,기저세포암,1,isic2019,train
data/ISIC 2019/BCC/ISIC_0054589.jpg,기저세포암,1,isic2019,train
data/ISIC 2019/NV/ISIC_0065394.jpg,멜라닌세포모반,2,isic2019,train
data/ISIC 2019/AK/ISIC_0066858.jpg,광선각화증,0,isic2019,train
data/ISIC 2019/BCC/ISIC_0069244.jpg,기저세포암,1,isic2019,train
data/ISIC 2019/MEL/ISIC_0056717.jpg,악성흑색종,6,isic2019,train
data/ISIC 2019/NV/ISIC_0013164_downsampled.jpg,멜라닌세포모반,2,isic2019,train
data/ISIC 2019/MEL/ISIC_0013427_downsampled.jpg,악성흑색종,6,isic2019,train
data/ISIC 2019/MEL/ISIC_0065089.jpg,악성흑색종,6,isic2019,train
data/ISIC 2019/BKL/ISIC_0029683.jpg,지루각화증,7,isic2019,train
data/ISIC 2019/SCC/ISIC_0029610.jpg,편평세포암,8,isic2019,train
data/ISIC 2019/BKL/ISIC_0034280.jpg,지루각화증,7,isic2019,train
data/ISIC 2019/BCC/ISIC_0068338.jpg,기저세포암,1,isic2019,train
data/ISIC 2019/BKL/ISIC_0061757.jpg,지루각화증,7,isic2019,train
data/ISIC 2019/BCC/ISIC_0058310.jpg,기저세포암,1,isic2019,train
data/ISIC 2019/BCC/ISIC_0032139.jpg,기저세포암,1,isic2019,train
data/ISIC 2019/SCC/ISIC_0055956.jpg,편평세포암,8,isic2019,train
data/ISIC 2019/MEL/ISIC_0062382.jpg,악성흑색종,6,isic2019,train
data/ISIC 2019/BCC/ISIC_0055401.jpg,기저세포암,1,isic2019,train
data/ISIC 2019/MEL/ISIC_0010174.jpg,악성흑색종,6,isic2019,train
data/ISIC 2019/MEL/ISIC_0024571.jpg,악성흑색종,6,isic2019,train
data/ISIC 2019/NV/ISIC_0032218.jpg,멜라닌세포모반,2,isic2019,train
data/ISIC 2019/SCC/ISIC_0058051.jpg,편평세포암,8,isic2019,train
data/ISIC 2019/AK/ISIC_0062024.jpg,광선각화증,0,isic2019,train
data/ISIC 2019/DF/ISIC_0027216.jpg,피부섬유종,10,isic2019,train
data/ISIC 2019/NV/ISIC_0069100.jpg,멜라닌세포모반,2,isic2019,train
data/ISIC 2019/BKL/ISIC_0012478_downsampled.jpg,지루각화증,7,isic2019,train
data/ISIC 2019/BKL/ISIC_0058825.jpg,지루각화증,7,isic2019,train
data/ISIC 2019/MEL/ISIC_0032400.jpg,악성흑색종,6,isic2019,train
data/ISIC 2019/MEL/ISIC_0062111.jpg,악성흑색종,6,isic2019,train
data/ISIC 2019/MEL/ISIC_0068616.jpg,악성흑색종,6,isic2019,train
data/ISIC 2019/NV/ISIC_0069101.jpg,멜라닌세포모반,2,isic2019,train
data/ISIC 2019/BKL/ISIC_0029176.jpg,지루각화증,7,isic2019,train
data/ISIC 2019/NV/ISIC_0012442_downsampled.jpg,멜라닌세포모반,2,isic2019,train
data/ISIC 2019/BCC/ISIC_0061419.jpg,기저세포암,1,isic2019,train
data/ISIC 2019/BCC/ISIC_0061450.jpg,기저세포암,1,isic2019,train
data/ISIC 2019/BKL/ISIC_0024505.jpg,지루각화증,7,isic2019,train
data/ISIC 2019/VASC/ISIC_0057994.jpg,혈관종,12,isic2019,train
data/ISIC 2019/MEL/ISIC_0056615.jpg,악성흑색종,6,isic2019,train
data/ISIC 2019/NV/ISIC_0009888.jpg,멜라닌세포모반,2,isic2019,train
data/ISIC 2019/BKL/ISIC_0055973.jpg,지루각화증,7,isic2019,train
data/ISIC 2019/MEL/ISIC_0024449.jpg,악성흑색종,6,isic2019,train
data/ISIC 2019/BCC/ISIC_0028973.jpg,기저세포암,1,isic2019,train
data/ISIC 2019/MEL/ISIC_0027071.jpg,악성흑색종,6,isic2019,train
data/ISIC 2019/BCC/ISIC_0070453.jpg,기저세포암,1,isic2019,train
data/ISIC 2019/BCC/ISIC_0026798.jpg,기저세포암,1,isic2019,train
data/ISIC 2019/NV/ISIC_0028169.jpg,멜라닌세포모반,2,isic2019,train
data/ISIC 2019/BKL/ISIC_0067882.jpg,지루각화증,7,isic2019,train
data/ISIC 2019/BCC/ISIC_0028155.jpg,기저세포암,1,isic2019,train
data/ISIC 2019/VASC/ISIC_0071912.jpg,혈관종,12,isic2019,train
data/ISIC 2019/BKL/ISIC_0030721.jpg,지루각화증,7,isic2019,train
data/ISIC 2019/NV/ISIC_0064326.jpg,멜라닌세포모반,2,isic2019,train
data/ISIC 2019/DF/ISIC_0073141.jpg,피부섬유종,10,isic2019,train
data/ISIC 2019/BCC/ISIC_0059592.jpg,기저세포암,1,isic2019,train
data/ISIC 2019/BKL/ISIC_0027969.jpg,지루각화증,7,isic2019,train
data/ISIC 2019/NV/ISIC_0071001.jpg,멜라닌세포모반,2,isic2019,train
data/ISIC 2019/BKL/ISIC_0055348.jpg,지루각화증,7,isic2019,train
data/ISIC 2019/BKL/ISIC_0014635_downsampled.jpg,지루각화증,7,isic2019,train
data/ISIC 2019/BKL/ISIC_0065300.jpg,지루각화증,7,isic2019,train
data/ISIC 2019/BCC/ISIC_0062172.jpg,기저세포암,1,isic2019,train
data/ISIC 2019/NV/ISIC_0009915.jpg,멜라닌세포모반,2,isic2019,train
data/ISIC 2019/AK/ISIC_0062272.jpg,광선각화증,0,isic2019,train
data/ISIC 2019/MEL/ISIC_0056604.jpg,악성흑색종,6,isic2019,train
data/ISIC 2019/MEL/ISIC_0055976.jpg,악성흑색종,6,isic2019,train
data/ISIC 2019/MEL/ISIC_0031303.jpg,악성흑색종,6,isic2019,train
data/ISIC 2019/BKL/ISIC_0067116.jpg,지루각화증,7,isic2019,train
data/ISIC 2019/SCC/ISIC_0026138.jpg,편평세포암,8,isic2019,train
data/ISIC 2019/BCC/ISIC_0063195.jpg,기저세포암,1,isic2019,train
data/ISIC 2019/NV/ISIC_0058251.jpg,멜라닌세포모반,2,isic2019,train
data/ISIC 2019/MEL/ISIC_0033644.jpg,악성흑색종,6,isic2019,train
data/ISIC 2019/BCC/ISIC_0062105.jpg,기저세포암,1,isic2019,train
data/ISIC 2019/NV/ISIC_0033459.jpg,멜라닌세포모반,2,isic2019,train
data/ISIC 2019/MEL/ISIC_0033754.jpg,악성흑색종,6,isic2019,train
data/ISIC 2019/NV/ISIC_0025764.jpg,멜라닌세포모반,2,isic2019,train
data/ISIC 2019/MEL/ISIC_0061532.jpg,악성흑색종,6,isic2019,train
data/ISIC 2019/BKL/ISIC_0033691.jpg,지루각화증,7,isic2019,train
data/ISIC 2019/SCC/ISIC_0072911.jpg,편평세포암,8,isic2019,train
data/ISIC 2019/BKL/ISIC_0012810_downsampled.jpg,지루각화증,7,isic2019,train
data/ISIC 2019/AK/ISIC_0058762.jpg,광선각화증,0,isic2019,train
data/ISIC 2019/BCC/ISIC_0061097.jpg,기저세포암,1,isic2019,train
data/ISIC 2019/VASC/ISIC_0055352.jpg,혈관종,12,isic2019,train
data/ISIC 2019/BCC/ISIC_0058678.jpg,기저세포암,1,isic2019,train
data/ISIC 2019/NV/ISIC_0001188_downsampled.jpg,멜라닌세포모반,2,isic2019,train
data/ISIC 2019/BCC/ISIC_0059254.jpg,기저세포암,1,isic2019,train
data/ISIC 2019/NV/ISIC_0055114.jpg,멜라닌세포모반,2,isic2019,train
data/ISIC 2019/MEL/ISIC_0010023.jpg,악성흑색종,6,isic2019,train
data/ISIC 2019/VASC/ISIC_0034214.jpg,혈관종,12,isic2019,train
data/ISIC 2019/NV/ISIC_0058295.jpg,멜라닌세포모반,2,isic2019,train
data/ISIC 2019/BCC/ISIC_0030197.jpg,기저세포암,1,isic2019,train
data/ISIC 2019/MEL/ISIC_0015082_downsampled.jpg,악성흑색종,6,isic2019,train
data/ISIC 2019/BKL/ISIC_0027018.jpg,지루각화증,7,isic2019,train
data/ISIC 2019/BCC/ISIC_0063269.jpg,기저세포암,1,isic2019,train
data/ISIC 2019/MEL/ISIC_0026430.jpg,악성흑색종,6,isic2019,train
data/ISIC 2019/MEL/ISIC_0072991.jpg,악성흑색종,6,isic2019,train
data/ISIC 2019/NV/ISIC_0033475.jpg,멜라닌세포모반,2,isic2019,train
data/ISIC 2019/MEL/ISIC_0072785.jpg,악성흑색종,6,isic2019,train
data/ISIC 2019/AK/ISIC_0061059.jpg,광선각화증,0,isic2019,train
data/ISIC 2019/BKL/ISIC_0032348.jpg,지루각화증,7,isic2019,train
data/ISIC 2019/NV/ISIC_0070126.jpg,멜라닌세포모반,2,isic2019,train
data/ISIC 2019/MEL/ISIC_0063266.jpg,악성흑색종,6,isic2019,train
data/ISIC 2019/BCC/ISIC_0030261.jpg,기저세포암,1,isic2019,train
data/ISIC 2019/BKL/ISIC_0012848_downsampled.jpg,지루각화증,7,isic2019,train
data/ISIC 2019/NV/ISIC_0028145.jpg,멜라닌세포모반,2,isic2019,train
data/ISIC 2019/MEL/ISIC_0068576.jpg,악성흑색종,6,isic2019,train
data/ISIC 2019/BCC/ISIC_0031697.jpg,기저세포암,1,isic2019,train
data/ISIC 2019/NV/ISIC_0025587.jpg,멜라닌세포모반,2,isic2019,train
data/ISIC 2019/MEL/ISIC_0072924.jpg,악성흑색종,6,isic2019,train
data/ISIC 2019/NV/ISIC_0062417.jpg,멜라닌세포모반,2,isic2019,train
data/ISIC 2019/AK/ISIC_0069195.jpg,광선각화증,0,isic2019,train
data/ISIC 2019/BCC/ISIC_0031442.jpg,기저세포암,1,isic2019,train
data/ISIC 2019/MEL/ISIC_0034012.jpg,악성흑색종,6,isic2019,train
data/ISIC 2019/NV/ISIC_0059303.jpg,멜라닌세포모반,2,isic2019,train
data/ISIC 2019/BCC/ISIC_0029123.jpg,기저세포암,1,isic2019,train
data/ISIC 2019/MEL/ISIC_0013672_downsampled.jpg,악성흑색종,6,isic2019,train
data/ISIC 2019/NV/ISIC_0030554.jpg,멜라닌세포모반,2,isic2019,train
data/ISIC 2019/BKL/ISIC_0027326.jpg,지루각화증,7,isic2019,train
data/ISIC 2019/MEL/ISIC_0054185.jpg,악성흑색종,6,isic2019,train
data/ISIC 2019/BCC/ISIC_0025019.jpg,기저세포암,1,isic2019,train
data/ISIC 2019/MEL/ISIC_0069361.jpg,악성흑색종,6,isic2019,train
data/ISIC 2019/NV/ISIC_0055552.jpg,멜라닌세포모반,2,isic2019,train
data/ISIC 2019/NV/ISIC_0029222.jpg,멜라닌세포모반,2,isic2019,train
data/ISIC 2019/SCC/ISIC_0072263.jpg,편평세포암,8,isic2019,train
data/ISIC 2019/NV/ISIC_0069761.jpg,멜라닌세포모반,2,isic2019,train
data/ISIC 2019/DF/ISIC_0067186.jpg,피부섬유종,10,isic2019,train
data/ISIC 2019/VASC/ISIC_0059298.jpg,혈관종,12,isic2019,train
data/ISIC 2019/BCC/ISIC_0064099.jpg,기저세포암,1,isic2019,train
data/ISIC 2019/NV/ISIC_0033303.jpg,멜라닌세포모반,2,isic2019,train
data/ISIC 2019/NV/ISIC_0025261.jpg,멜라닌세포모반,2,isic2019,train
data/ISIC 2019/NV/ISIC_0026850.jpg,멜라닌세포모반,2,isic2019,train
data/ISIC 2019/MEL/ISIC_0033114.jpg,악성흑색종,6,isic2019,train
data/ISIC 2019/NV/ISIC_0024620.jpg,멜라닌세포모반,2,isic2019,train
data/ISIC 2019/AK/ISIC_0071609.jpg,광선각화증,0,isic2019,train
data/ISIC 2019/MEL/ISIC_0032699.jpg,악성흑색종,6,isic2019,train
data/ISIC 2019/BCC/ISIC_0057804.jpg,기저세포암,1,isic2019,train
data/ISIC 2019/BKL/ISIC_0029880.jpg,지루각화증,7,isic2019,train
data/ISIC 2019/MEL/ISIC_0066209.jpg,악성흑색종,6,isic2019,train
data/ISIC 2019/MEL/ISIC_0014545_downsampled.jpg,악성흑색종,6,isic2019,train
data/ISIC 2019/MEL/ISIC_0070253.jpg,악성흑색종,6,isic2019,train
data/ISIC 2019/MEL/ISIC_0055412.jpg,악성흑색종,6,isic2019,train
data/ISIC 2019/MEL/ISIC_0058432.jpg,악성흑색종,6,isic2019,train
data/ISIC 2019/AK/ISIC_0066586.jpg,광선각화증,0,isic2019,train
data/ISIC 2019/MEL/ISIC_0027021.jpg,악성흑색종,6,isic2019,train
data/ISIC 2019/BCC/ISIC_0060011.jpg,기저세포암,1,isic2019,train
data/ISIC 2019/BCC/ISIC_0061511.jpg,기저세포암,1,isic2019,train
data/ISIC 2019/BCC/ISIC_0071709.jpg,기저세포암,1,isic2019,train
data/ISIC 2019/MEL/ISIC_0011374.jpg,악성흑색종,6,isic2019,train
data/ISIC 2019/SCC/ISIC_0071756.jpg,편평세포암,8,isic2019,train
data/ISIC 2019/BKL/ISIC_0058681.jpg,지루각화증,7,isic2019,train
data/ISIC 2019/NV/ISIC_0026676.jpg,멜라닌세포모반,2,isic2019,train
data/ISIC 2019/BCC/ISIC_0056144.jpg,기저세포암,1,isic2019,train
data/ISIC 2019/BKL/ISIC_0014382_downsampled.jpg,지루각화증,7,isic2019,train
data/ISIC 2019/BKL/ISIC_0064398.jpg,지루각화증,7,isic2019,train
data/ISIC 2019/BKL/ISIC_0030026.jpg,지루각화증,7,isic2019,train
data/ISIC 2019/SCC/ISIC_0053602.jpg,편평세포암,8,isic2019,train
data/ISIC 2019/VASC/ISIC_0063701.jpg,혈관종,12,isic2019,train
data/ISIC 2019/AK/ISIC_0060814.jpg,광선각화증,0,isic2019,train
data/ISIC 2019/AK/ISIC_0053799.jpg,광선각화증,0,isic2019,train
data/ISIC 2019/NV/ISIC_0033189.jpg,멜라닌세포모반,2,isic2019,train
data/ISIC 2019/AK/ISIC_0068354.jpg,광선각화증,0,isic2019,train
data/ISIC 2019/BKL/ISIC_0073140.jpg,지루각화증,7,isic2019,train
data/ISIC 2019/NV/ISIC_0000541.jpg,멜라닌세포모반,2,isic2019,train
data/ISIC 2019/BCC/ISIC_0056379.jpg,기저세포암,1,isic2019,train
data/ISIC 2019/BKL/ISIC_0014646_downsampled.jpg,지루각화증,7,isic2019,train
data/ISIC 2019/BKL/ISIC_0072322.jpg,지루각화증,7,isic2019,train
data/ISIC 2019/MEL/ISIC_0072174.jpg,악성흑색종,6,isic2019,train
data/ISIC 2019/BKL/ISIC_0014644_downsampled.jpg,지루각화증,7,isic2019,train
data/ISIC 2019/MEL/ISIC_0032892.jpg,악성흑색종,6,isic2019,train
data/ISIC 2019/BKL/ISIC_0025431.jpg,지루각화증,7,isic2019,train
data/ISIC 2019/BKL/ISIC_0062587.jpg,지루각화증,7,isic2019,train
data/ISIC 2019/BCC/ISIC_0058130.jpg,기저세포암,1,isic2019,train
data/ISIC 2019/NV/ISIC_0062337.jpg,멜라닌세포모반,2,isic2019,train
data/ISIC 2019/NV/ISIC_0025726.jpg,멜라닌세포모반,2,isic2019,train
data/ISIC 2019/BCC/ISIC_0068486.jpg,기저세포암,1,isic2019,train
data/ISIC 2019/AK/ISIC_0053657.jpg,광선각화증,0,isic2019,train
data/ISIC 2019/BCC/ISIC_0063479.jpg,기저세포암,1,isic2019,train
data/ISIC 2019/MEL/ISIC_0026229.jpg,악성흑색종,6,isic2019,train
data/ISIC 2019/BCC/ISIC_0070935.jpg,기저세포암,1,isic2019,train
data/ISIC 2019/MEL/ISIC_0054395.jpg,악성흑색종,6,isic2019,train
data/ISIC 2019/BCC/ISIC_0058392.jpg,기저세포암,1,isic2019,train
data/ISIC 2019/BCC/ISIC_0073154.jpg,기저세포암,1,isic2019,train
data/ISIC 2019/MEL/ISIC_0064498.jpg,악성흑색종,6,isic2019,train
data/ISIC 2019/MEL/ISIC_0072977.jpg,악성흑색종,6,isic2019,train
data/ISIC 2019/BKL/ISIC_0066178.jpg,지루각화증,7,isic2019,train
data/ISIC 2019/BCC/ISIC_0072610.jpg,기저세포암,1,isic2019,train
data/ISIC 2019/AK/ISIC_0071320.jpg,광선각화증,0,isic2019,train
data/ISIC 2019/MEL/ISIC_0072175.jpg,악성흑색종,6,isic2019,train
data/ISIC 2019/NV/ISIC_0012351_downsampled.jpg,멜라닌세포모반,2,isic2019,train
data/ISIC 2019/MEL/ISIC_0064868.jpg,악성흑색종,6,isic2019,train
data/ISIC 2019/MEL/ISIC_0014217_downsampled.jpg,악성흑색종,6,isic2019,train
data/ISIC 2019/BKL/ISIC_0069496.jpg,지루각화증,7,isic2019,train
data/ISIC 2019/BCC/ISIC_0067291.jpg,기저세포암,1,isic2019,train
data/ISIC 2019/BCC/ISIC_0058915.jpg,기저세포암,1,isic2019,train
data/ISIC 2019/BCC/ISIC_0027744.jpg,기저세포암,1,isic2019,train
data/ISIC 2019/MEL/ISIC_0060094.jpg,악성흑색종,6,isic2019,train
data/ISIC 2019/MEL/ISIC_0034313.jpg,악성흑색종,6,isic2019,train
data/ISIC 2019/MEL/ISIC_0024679.jpg,악성흑색종,6,isic2019,train
data/ISIC 2019/BKL/ISIC_0072055.jpg,지루각화증,7,isic2019,train
data/ISIC 2019/MEL/ISIC_0027436.jpg,악성흑색종,6,isic2019,train
data/ISIC 2019/BKL/ISIC_0032315.jpg,지루각화증,7,isic2019,train
data/ISIC 2019/NV/ISIC_0010474.jpg,멜라닌세포모반,2,isic2019,train
data/ISIC 2019/NV/ISIC_0071572.jpg,멜라닌세포모반,2,isic2019,train
data/ISIC 2019/SCC/ISIC_0025264.jpg,편평세포암,8,isic2019,train
data/ISIC 2019/NV/ISIC_0026698.jpg,멜라닌세포모반,2,isic2019,train
data/ISIC 2019/MEL/ISIC_0055818.jpg,악성흑색종,6,isic2019,train
data/ISIC 2019/NV/ISIC_0067459.jpg,멜라닌세포모반,2,isic2019,train
data/ISIC 2019/BKL/ISIC_0071166.jpg,지루각화증,7,isic2019,train
data/ISIC 2019/BKL/ISIC_0060004.jpg,지루각화증,7,isic2019,train
data/ISIC 2019/BKL/ISIC_0061924.jpg,지루각화증,7,isic2019,train
data/ISIC 2019/BKL/ISIC_0061725.jpg,지루각화증,7,isic2019,train
data/ISIC 2019/NV/ISIC_0000316.jpg,멜라닌세포모반,2,isic2019,train
data/ISIC 2019/AK/ISIC_0072861.jpg,광선각화증,0,isic2019,train
data/ISIC 2019/BCC/ISIC_0055951.jpg,기저세포암,1,isic2019,train
data/ISIC 2019/BKL/ISIC_0033709.jpg,지루각화증,7,isic2019,train
data/ISIC 2019/MEL/ISIC_0055918.jpg,악성흑색종,6,isic2019,train
data/ISIC 2019/MEL/ISIC_0063131.jpg,악성흑색종,6,isic2019,train
data/ISIC 2019/NV/ISIC_0009977.jpg,멜라닌세포모반,2,isic2019,train
data/ISIC 2019/NV/ISIC_0025923.jpg,멜라닌세포모반,2,isic2019,train
data/ISIC 2019/NV/ISIC_0068217.jpg,멜라닌세포모반,2,isic2019,train
data/ISIC 2019/BKL/ISIC_0012543_downsampled.jpg,지루각화증,7,isic2019,train
data/ISIC 2019/MEL/ISIC_0032408.jpg,악성흑색종,6,isic2019,train
data/ISIC 2019/NV/ISIC_0024856.jpg,멜라닌세포모반,2,isic2019,train
data/ISIC 2019/MEL/ISIC_0056044.jpg,악성흑색종,6,isic2019,train
data/ISIC 2019/MEL/ISIC_0010251.jpg,악성흑색종,6,isic2019,train
data/ISIC 2019/BKL/ISIC_0028209.jpg,지루각화증,7,isic2019,train
data/ISIC 2019/MEL/ISIC_0071797.jpg,악성흑색종,6,isic2019,train
data/ISIC 2019/BKL/ISIC_0058219.jpg,지루각화증,7,isic2019,train
data/ISIC 2019/NV/ISIC_0068458.jpg,멜라닌세포모반,2,isic2019,train
data/ISIC 2019/BCC/ISIC_0057334.jpg,기저세포암,1,isic2019,train
data/ISIC 2019/MEL/ISIC_0070160.jpg,악성흑색종,6,isic2019,train
data/ISIC 2019/SCC/ISIC_0067260.jpg,편평세포암,8,isic2019,train
data/ISIC 2019/BKL/ISIC_0066455.jpg,지루각화증,7,isic2019,train
data/ISIC 2019/BCC/ISIC_0053719.jpg,기저세포암,1,isic2019,train
data/ISIC 2019/MEL/ISIC_0030129.jpg,악성흑색종,6,isic2019,train
data/ISIC 2019/BCC/ISIC_0061110.jpg,기저세포암,1,isic2019,train
data/ISIC 2019/MEL/ISIC_0013455_downsampled.jpg,악성흑색종,6,isic2019,train
data/ISIC 2019/BKL/ISIC_0059378.jpg,지루각화증,7,isic2019,train
data/ISIC 2019/MEL/ISIC_0073241.jpg,악성흑색종,6,isic2019,train
data/ISIC 2019/BCC/ISIC_0066751.jpg,기저세포암,1,isic2019,train
data/ISIC 2019/DF/ISIC_0067025.jpg,피부섬유종,10,isic2019,train
data/ISIC 2019/NV/ISIC_0029944.jpg,멜라닌세포모반,2,isic2019,train
data/ISIC 2019/MEL/ISIC_0057556.jpg,악성흑색종,6,isic2019,train
data/ISIC 2019/BCC/ISIC_0031526.jpg,기저세포암,1,isic2019,train
data/ISIC 2019/BCC/ISIC_0062583.jpg,기저세포암,1,isic2019,train
data/ISIC 2019/MEL/ISIC_0030333.jpg,악성흑색종,6,isic2019,train
data/ISIC 2019/NV/ISIC_0024717.jpg,멜라닌세포모반,2,isic2019,train
data/ISIC 2019/NV/ISIC_0066151.jpg,멜라닌세포모반,2,isic2019,train
data/ISIC 2019/NV/ISIC_0025444.jpg,멜라닌세포모반,2,isic2019,train
data/ISIC 2019/MEL/ISIC_0059147.jpg,악성흑색종,6,isic2019,train
data/ISIC 2019/BKL/ISIC_0028920.jpg,지루각화증,7,isic2019,train
data/ISIC 2019/BCC/ISIC_0070183.jpg,기저세포암,1,isic2019,train
data/ISIC 2019/BKL/ISIC_0027451.jpg,지루각화증,7,isic2019,train
data/ISIC 2019/AK/ISIC_0063261.jpg,광선각화증,0,isic2019,train
data/ISIC 2019/NV/ISIC_0062404.jpg,멜라닌세포모반,2,isic2019,train
data/ISIC 2019/NV/ISIC_0030350.jpg,멜라닌세포모반,2,isic2019,train
data/ISIC 2019/BCC/ISIC_0025467.jpg,기저세포암,1,isic2019,train
data/ISIC 2019/MEL/ISIC_0072025.jpg,악성흑색종,6,isic2019,train
data/ISIC 2019/NV/ISIC_0055237.jpg,멜라닌세포모반,2,isic2019,train
data/ISIC 2019/BCC/ISIC_0058252.jpg,기저세포암,1,isic2019,train
data/ISIC 2019/BCC/ISIC_0067088.jpg,기저세포암,1,isic2019,train
data/ISIC 2019/DF/ISIC_0033005.jpg,피부섬유종,10,isic2019,train
data/ISIC 2019/MEL/ISIC_0057617.jpg,악성흑색종,6,isic2019,train
data/ISIC 2019/BCC/ISIC_0063825.jpg,기저세포암,1,isic2019,train
data/ISIC 2019/MEL/ISIC_0070248.jpg,악성흑색종,6,isic2019,train
data/ISIC 2019/BKL/ISIC_0029878.jpg,지루각화증,7,isic2019,train
data/ISIC 2019/MEL/ISIC_0059785.jpg,악성흑색종,6,isic2019,train
data/ISIC 2019/BCC/ISIC_0063382.jpg,기저세포암,1,isic2019,train
data/ISIC 2019/MEL/ISIC_0058496.jpg,악성흑색종,6,isic2019,train
data/ISIC 2019/BCC/ISIC_0071459.jpg,기저세포암,1,isic2019,train
data/ISIC 2019/MEL/ISIC_0024898.jpg,악성흑색종,6,isic2019,train
data/ISIC 2019/NV/ISIC_0015403_downsampled.jpg,멜라닌세포모반,2,isic2019,train
data/ISIC 2019/AK/ISIC_0060273.jpg,광선각화증,0,isic2019,train
data/ISIC 2019/NV/ISIC_0066383.jpg,멜라닌세포모반,2,isic2019,train
data/ISIC 2019/BKL/ISIC_0026679.jpg,지루각화증,7,isic2019,train
data/ISIC 2019/BCC/ISIC_0065626.jpg,기저세포암,1,isic2019,train
data/ISIC 2019/AK/ISIC_0058324.jpg,광선각화증,0,isic2019,train
data/ISIC 2019/BCC/ISIC_0054940.jpg,기저세포암,1,isic2019,train
data/ISIC 2019/BKL/ISIC_0060600.jpg,지루각화증,7,isic2019,train
data/ISIC 2019/MEL/ISIC_0054110.jpg,악성흑색종,6,isic2019,train
data/ISIC 2019/BCC/ISIC_0067814.jpg,기저세포암,1,isic2019,train
data/ISIC 2019/BKL/ISIC_0027167.jpg,지루각화증,7,isic2019,train
data/ISIC 2019/BCC/ISIC_0072891.jpg,기저세포암,1,isic2019,train
data/ISIC 2019/BCC/ISIC_0063433.jpg,기저세포암,1,isic2019,train
data/ISIC 2019/NV/ISIC_0066617.jpg,멜라닌세포모반,2,isic2019,train
data/ISIC 2019/MEL/ISIC_0030575.jpg,악성흑색종,6,isic2019,train
data/ISIC 2019/BKL/ISIC_0028052.jpg,지루각화증,7,isic2019,train
data/ISIC 2019/BCC/ISIC_0028728.jpg,기저세포암,1,isic2019,train
data/ISIC 2019/MEL/ISIC_0059253.jpg,악성흑색종,6,isic2019,train
data/ISIC 2019/VASC/ISIC_0027856.jpg,혈관종,12,isic2019,train
data/ISIC 2019/AK/ISIC_0060136.jpg,광선각화증,0,isic2019,train
data/ISIC 2019/BKL/ISIC_0069099.jpg,지루각화증,7,isic2019,train
data/ISIC 2019/MEL/ISIC_0024886.jpg,악성흑색종,6,isic2019,train
data/ISIC 2019/MEL/ISIC_0062447.jpg,악성흑색종,6,isic2019,train
data/ISIC 2019/MEL/ISIC_0030910.jpg,악성흑색종,6,isic2019,train
data/ISIC 2019/MEL/ISIC_0064339.jpg,악성흑색종,6,isic2019,train
data/ISIC 2019/MEL/ISIC_0071455.jpg,악성흑색종,6,isic2019,train
data/ISIC 2019/NV/ISIC_0015944_downsampled.jpg,멜라닌세포모반,2,isic2019,train
data/ISIC 2019/BCC/ISIC_0062439.jpg,기저세포암,1,isic2019,train
data/ISIC 2019/MEL/ISIC_0067151.jpg,악성흑색종,6,isic2019,train
data/ISIC 2019/NV/ISIC_0028660.jpg,멜라닌세포모반,2,isic2019,train
data/ISIC 2019/NV/ISIC_0027932.jpg,멜라닌세포모반,2,isic2019,train
data/ISIC 2019/BCC/ISIC_0061062.jpg,기저세포암,1,isic2019,train
data/ISIC 2019/BCC/ISIC_0071730.jpg,기저세포암,1,isic2019,train
data/ISIC 2019/BCC/ISIC_0055897.jpg,기저세포암,1,isic2019,train
data/ISIC 2019/BCC/ISIC_0068637.jpg,기저세포암,1,isic2019,train
data/ISIC 2019/MEL/ISIC_0033526.jpg,악성흑색종,6,isic2019,train
data/ISIC 2019/VASC/ISIC_0033123.jpg,혈관종,12,isic2019,train
data/ISIC 2019/NV/ISIC_0053842.jpg,멜라닌세포모반,2,isic2019,train
data/ISIC 2019/MEL/ISIC_0053810.jpg,악성흑색종,6,isic2019,train
data/ISIC 2019/BKL/ISIC_0064356.jpg,지루각화증,7,isic2019,train
data/ISIC 2019/AK/ISIC_0066546.jpg,광선각화증,0,isic2019,train
data/ISIC 2019/SCC/ISIC_0064546.jpg,편평세포암,8,isic2019,train
data/ISIC 2019/BKL/ISIC_0060808.jpg,지루각화증,7,isic2019,train
data/ISIC 2019/AK/ISIC_0072754.jpg,광선각화증,0,isic2019,train
data/ISIC 2019/MEL/ISIC_0034140.jpg,악성흑색종,6,isic2019,train
data/ISIC 2019/MEL/ISIC_0072825.jpg,악성흑색종,6,isic2019,train
data/ISIC 2019/SCC/ISIC_0060663.jpg,편평세포암,8,isic2019,train
data/ISIC 2019/MEL/ISIC_0073173.jpg,악성흑색종,6,isic2019,train
data/ISIC 2019/MEL/ISIC_0062005.jpg,악성흑색종,6,isic2019,train
data/ISIC 2019/BKL/ISIC_0058524.jpg,지루각화증,7,isic2019,train
data/ISIC 2019/NV/ISIC_0026399.jpg,멜라닌세포모반,2,isic2019,train
data/ISIC 2019/BKL/ISIC_0028774.jpg,지루각화증,7,isic2019,train
data/ISIC 2019/AK/ISIC_0067177.jpg,광선각화증,0,isic2019,train
data/ISIC 2019/NV/ISIC_0026062.jpg,멜라닌세포모반,2,isic2019,train
data/ISIC 2019/NV/ISIC_0060787.jpg,멜라닌세포모반,2,isic2019,train
data/ISIC 2019/NV/ISIC_0024914.jpg,멜라닌세포모반,2,isic2019,train
data/ISIC 2019/BKL/ISIC_0025275.jpg,지루각화증,7,isic2019,train
data/ISIC 2019/SCC/ISIC_0054052.jpg,편평세포암,8,isic2019,train
data/ISIC 2019/BKL/ISIC_0070503.jpg,지루각화증,7,isic2019,train
data/ISIC 2019/MEL/ISIC_0071776.jpg,악성흑색종,6,isic2019,train
data/ISIC 2019/MEL/ISIC_0028984.jpg,악성흑색종,6,isic2019,train
data/ISIC 2019/MEL/ISIC_0064941.jpg,악성흑색종,6,isic2019,train
data/ISIC 2019/BKL/ISIC_0032843.jpg,지루각화증,7,isic2019,train
data/ISIC 2019/NV/ISIC_0028060.jpg,멜라닌세포모반,2,isic2019,train
data/ISIC 2019/BCC/ISIC_0030230.jpg,기저세포암,1,isic2019,train
data/ISIC 2019/NV/ISIC_0030373.jpg,멜라닌세포모반,2,isic2019,train
data/ISIC 2019/NV/ISIC_0029234.jpg,멜라닌세포모반,2,isic2019,train
data/ISIC 2019/NV/ISIC_0026620.jpg,멜라닌세포모반,2,isic2019,train
data/ISIC 2019/NV/ISIC_0024735.jpg,멜라닌세포모반,2,isic2019,train
data/ISIC 2019/MEL/ISIC_0059181.jpg,악성흑색종,6,isic2019,train
data/ISIC 2019/SCC/ISIC_0073022.jpg,편평세포암,8,isic2019,train
data/ISIC 2019/NV/ISIC_0032579.jpg,멜라닌세포모반,2,isic2019,train
data/ISIC 2019/BCC/ISIC_0034223.jpg,기저세포암,1,isic2019,train
data/ISIC 2019/AK/ISIC_0058951.jpg,광선각화증,0,isic2019,train
data/ISIC 2019/MEL/ISIC_0059313.jpg,악성흑색종,6,isic2019,train
data/ISIC 2019/BCC/ISIC_0058584.jpg,기저세포암,1,isic2019,train
data/ISIC 2019/BKL/ISIC_0028707.jpg,지루각화증,7,isic2019,train
data/ISIC 2019/BCC/ISIC_0059682.jpg,기저세포암,1,isic2019,train
data/ISIC 2019/AK/ISIC_0055596.jpg,광선각화증,0,isic2019,train
data/ISIC 2019/NV/ISIC_0010317.jpg,멜라닌세포모반,2,isic2019,train
data/ISIC 2019/NV/ISIC_0026367.jpg,멜라닌세포모반,2,isic2019,train
data/ISIC 2019/NV/ISIC_0033861.jpg,멜라닌세포모반,2,isic2019,train
data/ISIC 2019/BCC/ISIC_0066442.jpg,기저세포암,1,isic2019,train
data/ISIC 2019/BKL/ISIC_0014577_downsampled.jpg,지루각화증,7,isic2019,train
data/ISIC 2019/BCC/ISIC_0065607.jpg,기저세포암,1,isic2019,train
data/ISIC 2019/NV/ISIC_0012213_downsampled.jpg,멜라닌세포모반,2,isic2019,train
data/ISIC 2019/BKL/ISIC_0025131.jpg,지루각화증,7,isic2019,train
data/ISIC 2019/VASC/ISIC_0024904.jpg,혈관종,12,isic2019,train
data/ISIC 2019/NV/ISIC_0029189.jpg,멜라닌세포모반,2,isic2019,train
data/ISIC 2019/BKL/ISIC_0072613.jpg,지루각화증,7,isic2019,train
data/ISIC 2019/SCC/ISIC_0058246.jpg,편평세포암,8,isic2019,train
data/ISIC 2019/MEL/ISIC_0069091.jpg,악성흑색종,6,isic2019,train
data/ISIC 2019/BCC/ISIC_0025564.jpg,기저세포암,1,isic2019,train
data/ISIC 2019/AK/ISIC_0065169.jpg,광선각화증,0,isic2019,train
data/ISIC 2019/AK/ISIC_0067153.jpg,광선각화증,0,isic2019,train
data/ISIC 2019/NV/ISIC_0000185_downsampled.jpg,멜라닌세포모반,2,isic2019,train
data/ISIC 2019/BCC/ISIC_0062488.jpg,기저세포암,1,isic2019,train
data/ISIC 2019/MEL/ISIC_0034132.jpg,악성흑색종,6,isic2019,train
data/ISIC 2019/NV/ISIC_0013048_downsampled.jpg,멜라닌세포모반,2,isic2019,train
data/ISIC 2019/MEL/ISIC_0056221.jpg,악성흑색종,6,isic2019,train
data/ISIC 2019/MEL/ISIC_0025955.jpg,악성흑색종,6,isic2019,train
data/ISIC 2019/NV/ISIC_0056116.jpg,멜라닌세포모반,2,isic2019,train
data/ISIC 2019/NV/ISIC_0028801.jpg,멜라닌세포모반,2,isic2019,train
data/ISIC 2019/BKL/ISIC_0025661.jpg,지루각화증,7,isic2019,train
data/ISIC 2019/SCC/ISIC_0025411.jpg,편평세포암,8,isic2019,train
data/ISIC 2019/DF/ISIC_0067480.jpg,피부섬유종,10,isic2019,train
data/ISIC 2019/BKL/ISIC_0062258.jpg,지루각화증,7,isic2019,train
data/ISIC 2019/BCC/ISIC_0057279.jpg,기저세포암,1,isic2019,train
data/ISIC 2019/BCC/ISIC_0065662.jpg,기저세포암,1,isic2019,train
data/ISIC 2019/NV/ISIC_0024878.jpg,멜라닌세포모반,2,isic2019,train
data/ISIC 2019/BCC/ISIC_0066478.jpg,기저세포암,1,isic2019,train
data/ISIC 2019/AK/ISIC_0031922.jpg,광선각화증,0,isic2019,train
data/ISIC 2019/BKL/ISIC_0064041.jpg,지루각화증,7,isic2019,train
data/ISIC 2019/AK/ISIC_0056101.jpg,광선각화증,0,isic2019,train
data/ISIC 2019/BCC/ISIC_0061955.jpg,기저세포암,1,isic2019,train
data/ISIC 2019/MEL/ISIC_0056409.jpg,악성흑색종,6,isic2019,train
data/ISIC 2019/BCC/ISIC_0069249.jpg,기저세포암,1,isic2019,train
data/ISIC 2019/BCC/ISIC_0073137.jpg,기저세포암,1,isic2019,train
data/ISIC 2019/BCC/ISIC_0065751.jpg,기저세포암,1,isic2019,train
data/ISIC 2019/BKL/ISIC_0029617.jpg,지루각화증,7,isic2019,train
data/ISIC 2019/BCC/ISIC_0026643.jpg,기저세포암,1,isic2019,train
data/ISIC 2019/NV/ISIC_0012713_downsampled.jpg,멜라닌세포모반,2,isic2019,train
data/ISIC 2019/AK/ISIC_0055099.jpg,광선각화증,0,isic2019,train
data/ISIC 2019/MEL/ISIC_0028901.jpg,악성흑색종,6,isic2019,train
data/ISIC 2019/MEL/ISIC_0032806.jpg,악성흑색종,6,isic2019,train
data/ISIC 2019/BKL/ISIC_0028229.jpg,지루각화증,7,isic2019,train
data/ISIC 2019/BCC/ISIC_0027120.jpg,기저세포암,1,isic2019,train
data/ISIC 2019/MEL/ISIC_0026774.jpg,악성흑색종,6,isic2019,train
data/ISIC 2019/BCC/ISIC_0071214.jpg,기저세포암,1,isic2019,train
data/ISIC 2019/BCC/ISIC_0060859.jpg,기저세포암,1,isic2019,train
data/ISIC 2019/BCC/ISIC_0064237.jpg,기저세포암,1,isic2019,train
data/ISIC 2019/BCC/ISIC_0057380.jpg,기저세포암,1,isic2019,train
data/ISIC 2019/BKL/ISIC_0027820.jpg,지루각화증,7,isic2019,train
data/ISIC 2019/MEL/ISIC_0065110.jpg,악성흑색종,6,isic2019,train
data/ISIC 2019/MEL/ISIC_0013588_downsampled.jpg,악성흑색종,6,isic2019,train
data/ISIC 2019/MEL/ISIC_0070623.jpg,악성흑색종,6,isic2019,train
data/ISIC 2019/BCC/ISIC_0071441.jpg,기저세포암,1,isic2019,train
data/ISIC 2019/MEL/ISIC_0033241.jpg,악성흑색종,6,isic2019,train
data/ISIC 2019/BKL/ISIC_0025928.jpg,지루각화증,7,isic2019,train
data/ISIC 2019/BCC/ISIC_0065361.jpg,기저세포암,1,isic2019,train
data/ISIC 2019/BKL/ISIC_0012697_downsampled.jpg,지루각화증,7,isic2019,train
data/ISIC 2019/NV/ISIC_0025459.jpg,멜라닌세포모반,2,isic2019,train
data/ISIC 2019/BCC/ISIC_0059227.jpg,기저세포암,1,isic2019,train
data/ISIC 2019/BCC/ISIC_0056669.jpg,기저세포암,1,isic2019,train
data/ISIC 2019/BCC/ISIC_0030096.jpg,기저세포암,1,isic2019,train
data/ISIC 2019/MEL/ISIC_0068713.jpg,악성흑색종,6,isic2019,train
data/ISIC 2019/MEL/ISIC_0032526.jpg,악성흑색종,6,isic2019,train
data/ISIC 2019/BKL/ISIC_0029249.jpg,지루각화증,7,isic2019,train
data/ISIC 2019/MEL/ISIC_0033073.jpg,악성흑색종,6,isic2019,train
data/ISIC 2019/NV/ISIC_0061749.jpg,멜라닌세포모반,2,isic2019,train
data/ISIC 2019/NV/ISIC_0030624.jpg,멜라닌세포모반,2,isic2019,train
data/ISIC 2019/NV/ISIC_0014855_downsampled.jpg,멜라닌세포모반,2,isic2019,train
data/ISIC 2019/BKL/ISIC_0067740.jpg,지루각화증,7,isic2019,train
data/ISIC 2019/BKL/ISIC_0069848.jpg,지루각화증,7,isic2019,train
data/ISIC 2019/BCC/ISIC_0068632.jpg,기저세포암,1,isic2019,train
data/ISIC 2019/NV/ISIC_0068319.jpg,멜라닌세포모반,2,isic2019,train
data/ISIC 2019/BKL/ISIC_0031753.jpg,지루각화증,7,isic2019,train
data/ISIC 2019/MEL/ISIC_0000141_downsampled.jpg,악성흑색종,6,isic2019,train
data/ISIC 2019/MEL/ISIC_0034089.jpg,악성흑색종,6,isic2019,train
data/ISIC 2019/MEL/ISIC_0066633.jpg,악성흑색종,6,isic2019,train
data/ISIC 2019/BKL/ISIC_0030758.jpg,지루각화증,7,isic2019,train
data/ISIC 2019/BCC/ISIC_0055346.jpg,기저세포암,1,isic2019,train
data/ISIC 2019/BCC/ISIC_0053817.jpg,기저세포암,1,isic2019,train
data/ISIC 2019/MEL/ISIC_0058790.jpg,악성흑색종,6,isic2019,train
data/ISIC 2019/NV/ISIC_0028678.jpg,멜라닌세포모반,2,isic2019,train
data/ISIC 2019/NV/ISIC_0024937.jpg,멜라닌세포모반,2,isic2019,train
data/ISIC 2019/MEL/ISIC_0058149.jpg,악성흑색종,6,isic2019,train
data/ISIC 2019/MEL/ISIC_0058059.jpg,악성흑색종,6,isic2019,train
data/ISIC 2019/NV/ISIC_0012655_downsampled.jpg,멜라닌세포모반,2,isic2019,train
data/ISIC 2019/BCC/ISIC_0056177.jpg,기저세포암,1,isic2019,train
data/ISIC 2019/MEL/ISIC_0014434_downsampled.jpg,악성흑색종,6,isic2019,train
data/ISIC 2019/NV/ISIC_0071616.jpg,멜라닌세포모반,2,isic2019,train
data/ISIC 2019/BKL/ISIC_0059480.jpg,지루각화증,7,isic2019,train
data/ISIC 2019/BCC/ISIC_0063575.jpg,기저세포암,1,isic2019,train
data/ISIC 2019/NV/ISIC_0026943.jpg,멜라닌세포모반,2,isic2019,train
data/ISIC 2019/AK/ISIC_0060775.jpg,광선각화증,0,isic2019,train
data/ISIC 2019/AK/ISIC_0028619.jpg,광선각화증,0,isic2019,train
data/ISIC 2019/BKL/ISIC_0012828_downsampled.jpg,지루각화증,7,isic2019,train
data/ISIC 2019/SCC/ISIC_0025358.jpg,편평세포암,8,isic2019,train
data/ISIC 2019/BKL/ISIC_0024445.jpg,지루각화증,7,isic2019,train
data/ISIC 2019/SCC/ISIC_0033295.jpg,편평세포암,8,isic2019,train
data/ISIC 2019/SCC/ISIC_0059451.jpg,편평세포암,8,isic2019,train
data/ISIC 2019/BCC/ISIC_0067429.jpg,기저세포암,1,isic2019,train
data/ISIC 2019/NV/ISIC_0009860_downsampled.jpg,멜라닌세포모반,2,isic2019,train
data/ISIC 2019/BKL/ISIC_0026280.jpg,지루각화증,7,isic2019,train
data/ISIC 2019/BCC/ISIC_0068708.jpg,기저세포암,1,isic2019,train
data/ISIC 2019/BCC/ISIC_0058223.jpg,기저세포암,1,isic2019,train
data/ISIC 2019/MEL/ISIC_0034150.jpg,악성흑색종,6,isic2019,train
data/ISIC 2019/MEL/ISIC_0032187.jpg,악성흑색종,6,isic2019,train
data/ISIC 2019/BKL/ISIC_0032654.jpg,지루각화증,7,isic2019,train
data/ISIC 2019/BCC/ISIC_0062967.jpg,기저세포암,1,isic2019,train
data/ISIC 2019/MEL/ISIC_0058135.jpg,악성흑색종,6,isic2019,train
data/ISIC 2019/AK/ISIC_0031609.jpg,광선각화증,0,isic2019,train
data/ISIC 2019/NV/ISIC_0057372.jpg,멜라닌세포모반,2,isic2019,train
data/ISIC 2019/BKL/ISIC_0030318.jpg,지루각화증,7,isic2019,train
data/ISIC 2019/NV/ISIC_0026038.jpg,멜라닌세포모반,2,isic2019,train
data/ISIC 2019/BKL/ISIC_0030319.jpg,지루각화증,7,isic2019,train
data/ISIC 2019/BCC/ISIC_0032850.jpg,기저세포암,1,isic2019,train
data/ISIC 2019/BCC/ISIC_0061213.jpg,기저세포암,1,isic2019,train
data/ISIC 2019/BKL/ISIC_0061168.jpg,지루각화증,7,isic2019,train
data/ISIC 2019/BKL/ISIC_0025984.jpg,지루각화증,7,isic2019,train
data/ISIC 2019/NV/ISIC_0033131.jpg,멜라닌세포모반,2,isic2019,train
data/ISIC 2019/NV/ISIC_0015223_downsampled.jpg,멜라닌세포모반,2,isic2019,train
data/ISIC 2019/BKL/ISIC_0059640.jpg,지루각화증,7,isic2019,train
data/ISIC 2019/MEL/ISIC_0053763.jpg,악성흑색종,6,isic2019,train
data/ISIC 2019/NV/ISIC_0056581.jpg,멜라닌세포모반,2,isic2019,train
data/ISIC 2019/NV/ISIC_0056789.jpg,멜라닌세포모반,2,isic2019,train
data/ISIC 2019/AK/ISIC_0069906.jpg,광선각화증,0,isic2019,train
data/ISIC 2019/BCC/ISIC_0027966.jpg,기저세포암,1,isic2019,train
data/ISIC 2019/NV/ISIC_0028298.jpg,멜라닌세포모반,2,isic2019,train
data/ISIC 2019/BCC/ISIC_0059746.jpg,기저세포암,1,isic2019,train
data/ISIC 2019/MEL/ISIC_0071972.jpg,악성흑색종,6,isic2019,train
data/ISIC 2019/BCC/ISIC_0056731.jpg,기저세포암,1,isic2019,train
data/ISIC 2019/NV/ISIC_0029748.jpg,멜라닌세포모반,2,isic2019,train
data/ISIC 2019/AK/ISIC_0072352.jpg,광선각화증,0,isic2019,train
data/ISIC 2019/BKL/ISIC_0012245_downsampled.jpg,지루각화증,7,isic2019,train
data/ISIC 2019/SCC/ISIC_0025577.jpg,편평세포암,8,isic2019,train
data/ISIC 2019/MEL/ISIC_0073016.jpg,악성흑색종,6,isic2019,train
data/ISIC 2019/BCC/ISIC_0056681.jpg,기저세포암,1,isic2019,train
data/ISIC 2019/MEL/ISIC_0027832.jpg,악성흑색종,6,isic2019,train
data/ISIC 2019/MEL/ISIC_0063428.jpg,악성흑색종,6,isic2019,train
data/ISIC 2019/MEL/ISIC_0030083.jpg,악성흑색종,6,isic2019,train
data/ISIC 2019/NV/ISIC_0029446.jpg,멜라닌세포모반,2,isic2019,train
data/ISIC 2019/BKL/ISIC_0065892.jpg,지루각화증,7,isic2019,train
data/ISIC 2019/BKL/ISIC_0014597_downsampled.jpg,지루각화증,7,isic2019,train
data/ISIC 2019/BCC/ISIC_0053591.jpg,기저세포암,1,isic2019,train
data/ISIC 2019/MEL/ISIC_0058267.jpg,악성흑색종,6,isic2019,train
data/ISIC 2019/BCC/ISIC_0070853.jpg,기저세포암,1,isic2019,train
data/ISIC 2019/MEL/ISIC_0032750.jpg,악성흑색종,6,isic2019,train
data/ISIC 2019/AK/ISIC_0072514.jpg,광선각화증,0,isic2019,train
data/ISIC 2019/NV/ISIC_0031101.jpg,멜라닌세포모반,2,isic2019,train
data/ISIC 2019/MEL/ISIC_0013610_downsampled.jpg,악성흑색종,6,isic2019,train
data/ISIC 2019/BCC/ISIC_0068186.jpg,기저세포암,1,isic2019,train
data/ISIC 2019/BKL/ISIC_0013174_downsampled.jpg,지루각화증,7,isic2019,train
data/ISIC 2019/BKL/ISIC_0034037.jpg,지루각화증,7,isic2019,train
data/ISIC 2019/NV/ISIC_0032998.jpg,멜라닌세포모반,2,isic2019,train
data/ISIC 2019/NV/ISIC_0056992.jpg,멜라닌세포모반,2,isic2019,train
data/ISIC 2019/BCC/ISIC_0069886.jpg,기저세포암,1,isic2019,train
data/ISIC 2019/BCC/ISIC_0028323.jpg,기저세포암,1,isic2019,train
data/ISIC 2019/NV/ISIC_0027952.jpg,멜라닌세포모반,2,isic2019,train
data/ISIC 2019/NV/ISIC_0026221.jpg,멜라닌세포모반,2,isic2019,train
data/ISIC 2019/BKL/ISIC_0057493.jpg,지루각화증,7,isic2019,train
data/ISIC 2019/BCC/ISIC_0069709.jpg,기저세포암,1,isic2019,train
data/ISIC 2019/MEL/ISIC_0062985.jpg,악성흑색종,6,isic2019,train
data/ISIC 2019/BKL/ISIC_0069790.jpg,지루각화증,7,isic2019,train
data/ISIC 2019/NV/ISIC_0025310.jpg,멜라닌세포모반,2,isic2019,train
data/ISIC 2019/NV/ISIC_0066424.jpg,멜라닌세포모반,2,isic2019,train
data/ISIC 2019/BKL/ISIC_0028451.jpg,지루각화증,7,isic2019,train
data/ISIC 2019/MEL/ISIC_0060342.jpg,악성흑색종,6,isic2019,train
data/ISIC 2019/SCC/ISIC_0027506.jpg,편평세포암,8,isic2019,train
data/ISIC 2019/BCC/ISIC_0053487.jpg,기저세포암,1,isic2019,train
data/ISIC 2019/NV/ISIC_0031699.jpg,멜라닌세포모반,2,isic2019,train
data/ISIC 2019/BCC/ISIC_0056560.jpg,기저세포암,1,isic2019,train
data/ISIC 2019/BCC/ISIC_0030766.jpg,기저세포암,1,isic2019,train
data/ISIC 2019/AK/ISIC_0062742.jpg,광선각화증,0,isic2019,train
data/ISIC 2019/BCC/ISIC_0071235.jpg,기저세포암,1,isic2019,train
data/ISIC 2019/NV/ISIC_0032628.jpg,멜라닌세포모반,2,isic2019,train
data/ISIC 2019/AK/ISIC_0054272.jpg,광선각화증,0,isic2019,train
data/ISIC 2019/AK/ISIC_0061787.jpg,광선각화증,0,isic2019,train
data/ISIC 2019/BKL/ISIC_0054257.jpg,지루각화증,7,isic2019,train
data/ISIC 2019/NV/ISIC_0067946.jpg,멜라닌세포모반,2,isic2019,train
data/ISIC 2019/BKL/ISIC_0012240_downsampled.jpg,지루각화증,7,isic2019,train
data/ISIC 2019/NV/ISIC_0058586.jpg,멜라닌세포모반,2,isic2019,train
data/ISIC 2019/NV/ISIC_0027070.jpg,멜라닌세포모반,2,isic2019,train
data/ISIC 2019/BCC/ISIC_0055119.jpg,기저세포암,1,isic2019,train
data/ISIC 2019/BCC/ISIC_0073200.jpg,기저세포암,1,isic2019,train
data/ISIC 2019/NV/ISIC_0027515.jpg,멜라닌세포모반,2,isic2019,train
data/ISIC 2019/BKL/ISIC_0033868.jpg,지루각화증,7,isic2019,train
data/ISIC 2019/NV/ISIC_0061742.jpg,멜라닌세포모반,2,isic2019,train
data/ISIC 2019/BCC/ISIC_0072994.jpg,기저세포암,1,isic2019,train
data/ISIC 2019/AK/ISIC_0071606.jpg,광선각화증,0,isic2019,train
data/ISIC 2019/MEL/ISIC_0072360.jpg,악성흑색종,6,isic2019,train
data/ISIC 2019/NV/ISIC_0032572.jpg,멜라닌세포모반,2,isic2019,train
data/ISIC 2019/MEL/ISIC_0061549.jpg,악성흑색종,6,isic2019,train
data/ISIC 2019/BKL/ISIC_0070859.jpg,지루각화증,7,isic2019,train
data/ISIC 2019/MEL/ISIC_0013321_downsampled.jpg,악성흑색종,6,isic2019,train
data/ISIC 2019/BKL/ISIC_0060210.jpg,지루각화증,7,isic2019,train
data/ISIC 2019/NV/ISIC_0028398.jpg,멜라닌세포모반,2,isic2019,train
data/ISIC 2019/BCC/ISIC_0055718.jpg,기저세포암,1,isic2019,train
data/ISIC 2019/BCC/ISIC_0061430.jpg,기저세포암,1,isic2019,train
data/ISIC 2019/BCC/ISIC_0060871.jpg,기저세포암,1,isic2019,train
data/ISIC 2019/SCC/ISIC_0024372.jpg,편평세포암,8,isic2019,train
data/ISIC 2019/MEL/ISIC_0070489.jpg,악성흑색종,6,isic2019,train
data/ISIC 2019/BKL/ISIC_0069307.jpg,지루각화증,7,isic2019,train
data/ISIC 2019/NV/ISIC_0013805_downsampled.jpg,멜라닌세포모반,2,isic2019,train
data/ISIC 2019/MEL/ISIC_0065420.jpg,악성흑색종,6,isic2019,train
data/ISIC 2019/BKL/ISIC_0053849.jpg,지루각화증,7,isic2019,train
data/ISIC 2019/BKL/ISIC_0069085.jpg,지루각화증,7,isic2019,train
data/ISIC 2019/NV/ISIC_0060213.jpg,멜라닌세포모반,2,isic2019,train
data/ISIC 2019/MEL/ISIC_0014931_downsampled.jpg,악성흑색종,6,isic2019,train
data/ISIC 2019/MEL/ISIC_0070372.jpg,악성흑색종,6,isic2019,train
data/ISIC 2019/MEL/ISIC_0060153.jpg,악성흑색종,6,isic2019,train
data/ISIC 2019/BCC/ISIC_0067341.jpg,기저세포암,1,isic2019,train
data/ISIC 2019/MEL/ISIC_0065668.jpg,악성흑색종,6,isic2019,train
data/ISIC 2019/BCC/ISIC_0029278.jpg,기저세포암,1,isic2019,train
data/ISIC 2019/BKL/ISIC_0014055_downsampled.jpg,지루각화증,7,isic2019,train
data/ISIC 2019/BKL/ISIC_0027954.jpg,지루각화증,7,isic2019,train
data/ISIC 2019/NV/ISIC_0064879.jpg,멜라닌세포모반,2,isic2019,train
data/ISIC 2019/NV/ISIC_0028672.jpg,멜라닌세포모반,2,isic2019,train
data/ISIC 2019/VASC/ISIC_0031065.jpg,혈관종,12,isic2019,train
data/ISIC 2019/AK/ISIC_0059872.jpg,광선각화증,0,isic2019,train
data/ISIC 2019/AK/ISIC_0069789.jpg,광선각화증,0,isic2019,train
data/ISIC 2019/SCC/ISIC_0069695.jpg,편평세포암,8,isic2019,train
data/ISIC 2019/NV/ISIC_0056808.jpg,멜라닌세포모반,2,isic2019,train
data/ISIC 2019/AK/ISIC_0072107.jpg,광선각화증,0,isic2019,train
data/ISIC 2019/BKL/ISIC_0027392.jpg,지루각화증,7,isic2019,train
data/ISIC 2019/AK/ISIC_0065552.jpg,광선각화증,0,isic2019,train
data/ISIC 2019/BKL/ISIC_0031449.jpg,지루각화증,7,isic2019,train
data/ISIC 2019/BCC/ISIC_0062250.jpg,기저세포암,1,isic2019,train
data/ISIC 2019/NV/ISIC_0054620.jpg,멜라닌세포모반,2,isic2019,train
data/ISIC 2019/BKL/ISIC_0061802.jpg,지루각화증,7,isic2019,train
data/ISIC 2019/MEL/ISIC_0025439.jpg,악성흑색종,6,isic2019,train
data/ISIC 2019/BCC/ISIC_0072880.jpg,기저세포암,1,isic2019,train
data/ISIC 2019/BKL/ISIC_0061321.jpg,지루각화증,7,isic2019,train
data/ISIC 2019/VASC/ISIC_0025873.jpg,혈관종,12,isic2019,train
data/ISIC 2019/NV/ISIC_0062537.jpg,멜라닌세포모반,2,isic2019,train
data/ISIC 2019/NV/ISIC_0058147.jpg,멜라닌세포모반,2,isic2019,train
data/ISIC 2019/MEL/ISIC_0010089.jpg,악성흑색종,6,isic2019,train
data/ISIC 2019/SCC/ISIC_0071322.jpg,편평세포암,8,isic2019,train
data/ISIC 2019/NV/ISIC_0031871.jpg,멜라닌세포모반,2,isic2019,train
data/ISIC 2019/NV/ISIC_0031085.jpg,멜라닌세포모반,2,isic2019,train
data/ISIC 2019/AK/ISIC_0073045.jpg,광선각화증,0,isic2019,train
data/ISIC 2019/MEL/ISIC_0058453.jpg,악성흑색종,6,isic2019,train
data/ISIC 2019/BCC/ISIC_0064626.jpg,기저세포암,1,isic2019,train
data/ISIC 2019/BCC/ISIC_0060314.jpg,기저세포암,1,isic2019,train
data/ISIC 2019/MEL/ISIC_0032425.jpg,악성흑색종,6,isic2019,train
data/ISIC 2019/BCC/ISIC_0057503.jpg,기저세포암,1,isic2019,train
data/ISIC 2019/BCC/ISIC_0061346.jpg,기저세포암,1,isic2019,train
data/ISIC 2019/MEL/ISIC_0067704.jpg,악성흑색종,6,isic2019,train
data/ISIC 2019/NV/ISIC_0059674.jpg,멜라닌세포모반,2,isic2019,train
data/ISIC 2019/MEL/ISIC_0026369.jpg,악성흑색종,6,isic2019,train
data/ISIC 2019/BKL/ISIC_0013725_downsampled.jpg,지루각화증,7,isic2019,train
data/ISIC 2019/BKL/ISIC_0066007.jpg,지루각화증,7,isic2019,train
data/ISIC 2019/BKL/ISIC_0027194.jpg,지루각화증,7,isic2019,train
data/ISIC 2019/BCC/ISIC_0026496.jpg,기저세포암,1,isic2019,train
data/ISIC 2019/NV/ISIC_0028036.jpg,멜라닌세포모반,2,isic2019,train
data/ISIC 2019/NV/ISIC_0072324.jpg,멜라닌세포모반,2,isic2019,train
data/ISIC 2019/AK/ISIC_0026625.jpg,광선각화증,0,isic2019,train
data/ISIC 2019/MEL/ISIC_0062037.jpg,악성흑색종,6,isic2019,train
data/ISIC 2019/BKL/ISIC_0065588.jpg,지루각화증,7,isic2019,train
data/ISIC 2019/MEL/ISIC_0073044.jpg,악성흑색종,6,isic2019,train
data/ISIC 2019/NV/ISIC_0062842.jpg,멜라닌세포모반,2,isic2019,train
data/ISIC 2019/BCC/ISIC_0057657.jpg,기저세포암,1,isic2019,train
data/ISIC 2019/BKL/ISIC_0066773.jpg,지루각화증,7,isic2019,train
data/ISIC 2019/NV/ISIC_0028360.jpg,멜라닌세포모반,2,isic2019,train
data/ISIC 2019/NV/ISIC_0025588.jpg,멜라닌세포모반,2,isic2019,train
data/ISIC 2019/BCC/ISIC_0055135.jpg,기저세포암,1,isic2019,train
data/ISIC 2019/MEL/ISIC_0061884.jpg,악성흑색종,6,isic2019,train
data/ISIC 2019/DF/ISIC_0063519.jpg,피부섬유종,10,isic2019,train
data/ISIC 2019/AK/ISIC_0059182.jpg,광선각화증,0,isic2019,train
data/ISIC 2019/NV/ISIC_0026257.jpg,멜라닌세포모반,2,isic2019,train
data/ISIC 2019/BKL/ISIC_0073039.jpg,지루각화증,7,isic2019,train
data/ISIC 2019/NV/ISIC_0029452.jpg,멜라닌세포모반,2,isic2019,train
data/ISIC 2019/BCC/ISIC_0073122.jpg,기저세포암,1,isic2019,train
data/ISIC 2019/BCC/ISIC_0060439.jpg,기저세포암,1,isic2019,train
data/ISIC 2019/NV/ISIC_0030666.jpg,멜라닌세포모반,2,isic2019,train
data/ISIC 2019/BCC/ISIC_0063512.jpg,기저세포암,1,isic2019,train
data/ISIC 2019/NV/ISIC_0030482.jpg,멜라닌세포모반,2,isic2019,train
data/ISIC 2019/BKL/ISIC_0013033_downsampled.jpg,지루각화증,7,isic2019,train
data/ISIC 2019/BKL/ISIC_0029301.jpg,지루각화증,7,isic2019,train
data/ISIC 2019/MEL/ISIC_0069967.jpg,악성흑색종,6,isic2019,train
data/ISIC 2019/BCC/ISIC_0069144.jpg,기저세포암,1,isic2019,train
data/ISIC 2019/BCC/ISIC_0054340.jpg,기저세포암,1,isic2019,train
data/ISIC 2019/MEL/ISIC_0024958.jpg,악성흑색종,6,isic2019,train
data/ISIC 2019/AK/ISIC_0056582.jpg,광선각화증,0,isic2019,train
data/ISIC 2019/BCC/ISIC_0028652.jpg,기저세포암,1,isic2019,train
data/ISIC 2019/BCC/ISIC_0058766.jpg,기저세포암,1,isic2019,train
data/ISIC 2019/BCC/ISIC_0053472.jpg,기저세포암,1,isic2019,train
data/ISIC 2019/BCC/ISIC_0065585.jpg,기저세포암,1,isic2019,train
data/ISIC 2019/BKL/ISIC_0056636.jpg,지루각화증,7,isic2019,train
data/ISIC 2019/NV/ISIC_0026082.jpg,멜라닌세포모반,2,isic2019,train
data/ISIC 2019/NV/ISIC_0034237.jpg,멜라닌세포모반,2,isic2019,train
data/ISIC 2019/BCC/ISIC_0059113.jpg,기저세포암,1,isic2019,train
data/ISIC 2019/BKL/ISIC_0028550.jpg,지루각화증,7,isic2019,train
data/ISIC 2019/AK/ISIC_0058273.jpg,광선각화증,0,isic2019,train
data/ISIC 2019/NV/ISIC_0055043.jpg,멜라닌세포모반,2,isic2019,train
data/ISIC 2019/SCC/ISIC_0072708.jpg,편평세포암,8,isic2019,train
data/ISIC 2019/NV/ISIC_0030990.jpg,멜라닌세포모반,2,isic2019,train
data/ISIC 2019/MEL/ISIC_0069617.jpg,악성흑색종,6,isic2019,train
data/ISIC 2019/BCC/ISIC_0059396.jpg,기저세포암,1,isic2019,train
data/ISIC 2019/BKL/ISIC_0013933_downsampled.jpg,지루각화증,7,isic2019,train
data/ISIC 2019/BKL/ISIC_0053523.jpg,지루각화증,7,isic2019,train
data/ISIC 2019/MEL/ISIC_0064919.jpg,악성흑색종,6,isic2019,train
data/ISIC 2019/BCC/ISIC_0055735.jpg,기저세포암,1,isic2019,train
data/ISIC 2019/VASC/ISIC_0025452.jpg,혈관종,12,isic2019,train
data/ISIC 2019/BCC/ISIC_0055194.jpg,기저세포암,1,isic2019,train
data/ISIC 2019/BCC/ISIC_0031243.jpg,기저세포암,1,isic2019,train
data/ISIC 2019/MEL/ISIC_0069395.jpg,악성흑색종,6,isic2019,train
data/ISIC 2019/NV/ISIC_0056408.jpg,멜라닌세포모반,2,isic2019,train
data/ISIC 2019/BCC/ISIC_0029524.jpg,기저세포암,1,isic2019,train
data/ISIC 2019/BCC/ISIC_0072993.jpg,기저세포암,1,isic2019,train
data/ISIC 2019/SCC/ISIC_0029417.jpg,편평세포암,8,isic2019,train
data/ISIC 2019/MEL/ISIC_0068394.jpg,악성흑색종,6,isic2019,train
data/ISIC 2019/AK/ISIC_0062345.jpg,광선각화증,0,isic2019,train
data/ISIC 2019/BCC/ISIC_0062615.jpg,기저세포암,1,isic2019,train
data/ISIC 2019/BCC/ISIC_0055567.jpg,기저세포암,1,isic2019,train
data/ISIC 2019/NV/ISIC_0058397.jpg,멜라닌세포모반,2,isic2019,train
data/ISIC 2019/BCC/ISIC_0058268.jpg,기저세포암,1,isic2019,train
data/ISIC 2019/NV/ISIC_0030570.jpg,멜라닌세포모반,2,isic2019,train
data/ISIC 2019/SCC/ISIC_0061181.jpg,편평세포암,8,isic2019,train
data/ISIC 2019/AK/ISIC_0069125.jpg,광선각화증,0,isic2019,train
data/ISIC 2019/BCC/ISIC_0071964.jpg,기저세포암,1,isic2019,train
data/ISIC 2019/BKL/ISIC_0025113.jpg,지루각화증,7,isic2019,train
data/ISIC 2019/NV/ISIC_0063139.jpg,멜라닌세포모반,2,isic2019,train
data/ISIC 2019/BKL/ISIC_0015168_downsampled.jpg,지루각화증,7,isic2019,train
data/ISIC 2019/NV/ISIC_0013227_downsampled.jpg,멜라닌세포모반,2,isic2019,train
data/ISIC 2019/NV/ISIC_0027002.jpg,멜라닌세포모반,2,isic2019,train
data/ISIC 2019/MEL/ISIC_0057821.jpg,악성흑색종,6,isic2019,train
data/ISIC 2019/BKL/ISIC_0028254.jpg,지루각화증,7,isic2019,train
data/ISIC 2019/AK/ISIC_0072716.jpg,광선각화증,0,isic2019,train
data/ISIC 2019/NV/ISIC_0067763.jpg,멜라닌세포모반,2,isic2019,train
data/ISIC 2019/MEL/ISIC_0057700.jpg,악성흑색종,6,isic2019,train
data/ISIC 2019/AK/ISIC_0069719.jpg,광선각화증,0,isic2019,train
data/ISIC 2019/MEL/ISIC_0065644.jpg,악성흑색종,6,isic2019,train
data/ISIC 2019/BKL/ISIC_0032417.jpg,지루각화증,7,isic2019,train
data/ISIC 2019/NV/ISIC_0032033.jpg,멜라닌세포모반,2,isic2019,train
data/ISIC 2019/MEL/ISIC_0072294.jpg,악성흑색종,6,isic2019,train
data/ISIC 2019/NV/ISIC_0073146.jpg,멜라닌세포모반,2,isic2019,train
data/ISIC 2019/BKL/ISIC_0027068.jpg,지루각화증,7,isic2019,train
data/ISIC 2019/BCC/ISIC_0070843.jpg,기저세포암,1,isic2019,train
data/ISIC 2019/MEL/ISIC_0034106.jpg,악성흑색종,6,isic2019,train
data/ISIC 2019/NV/ISIC_0028953.jpg,멜라닌세포모반,2,isic2019,train
data/ISIC 2019/MEL/ISIC_0055181.jpg,악성흑색종,6,isic2019,train
data/ISIC 2019/MEL/ISIC_0029343.jpg,악성흑색종,6,isic2019,train
data/ISIC 2019/NV/ISIC_0028115.jpg,멜라닌세포모반,2,isic2019,train
data/ISIC 2019/MEL/ISIC_0062125.jpg,악성흑색종,6,isic2019,train
data/ISIC 2019/BCC/ISIC_0070492.jpg,기저세포암,1,isic2019,train
data/ISIC 2019/BCC/ISIC_0066575.jpg,기저세포암,1,isic2019,train
data/ISIC 2019/BKL/ISIC_0058847.jpg,지루각화증,7,isic2019,train
data/ISIC 2019/NV/ISIC_0015331_downsampled.jpg,멜라닌세포모반,2,isic2019,train
data/ISIC 2019/BKL/ISIC_0056241.jpg,지루각화증,7,isic2019,train
data/ISIC 2019/MEL/ISIC_0027125.jpg,악성흑색종,6,isic2019,train
data/ISIC 2019/MEL/ISIC_0032430.jpg,악성흑색종,6,isic2019,train
data/ISIC 2019/MEL/ISIC_0064692.jpg,악성흑색종,6,isic2019,train
data/ISIC 2019/MEL/ISIC_0056692.jpg,악성흑색종,6,isic2019,train
data/ISIC 2019/NV/ISIC_0028363.jpg,멜라닌세포모반,2,isic2019,train
data/ISIC 2019/BCC/ISIC_0058304.jpg,기저세포암,1,isic2019,train
data/ISIC 2019/MEL/ISIC_0059052.jpg,악성흑색종,6,isic2019,train
data/ISIC 2019/MEL/ISIC_0010080.jpg,악성흑색종,6,isic2019,train
data/ISIC 2019/AK/ISIC_0027668.jpg,광선각화증,0,isic2019,train
data/ISIC 2019/NV/ISIC_0029882.jpg,멜라닌세포모반,2,isic2019,train
data/ISIC 2019/BCC/ISIC_0064788.jpg,기저세포암,1,isic2019,train
data/ISIC 2019/AK/ISIC_0061968.jpg,광선각화증,0,isic2019,train
data/ISIC 2019/AK/ISIC_0070200.jpg,광선각화증,0,isic2019,train
data/ISIC 2019/BCC/ISIC_0063160.jpg,기저세포암,1,isic2019,train
data/ISIC 2019/BCC/ISIC_0054120.jpg,기저세포암,1,isic2019,train
data/ISIC 2019/BCC/ISIC_0067730.jpg,기저세포암,1,isic2019,train
data/ISIC 2019/DF/ISIC_0053697.jpg,피부섬유종,10,isic2019,train
data/ISIC 2019/BKL/ISIC_0032283.jpg,지루각화증,7,isic2019,train
data/ISIC 2019/MEL/ISIC_0062821.jpg,악성흑색종,6,isic2019,train
data/ISIC 2019/MEL/ISIC_0013861_downsampled.jpg,악성흑색종,6,isic2019,train
data/ISIC 2019/BKL/ISIC_0066896.jpg,지루각화증,7,isic2019,train
data/ISIC 2019/NV/ISIC_0029046.jpg,멜라닌세포모반,2,isic2019,train
data/ISIC 2019/MEL/ISIC_0059804.jpg,악성흑색종,6,isic2019,train
data/ISIC 2019/AK/ISIC_0055639.jpg,광선각화증,0,isic2019,train
data/ISIC 2019/AK/ISIC_0056724.jpg,광선각화증,0,isic2019,train
data/ISIC 2019/NV/ISIC_0071954.jpg,멜라닌세포모반,2,isic2019,train
data/ISIC 2019/MEL/ISIC_0072353.jpg,악성흑색종,6,isic2019,train
data/ISIC 2019/DF/ISIC_0066028.jpg,피부섬유종,10,isic2019,train
data/ISIC 2019/BKL/ISIC_0029068.jpg,지루각화증,7,isic2019,train
data/ISIC 2019/BCC/ISIC_0063485.jpg,기저세포암,1,isic2019,train
data/ISIC 2019/MEL/ISIC_0032726.jpg,악성흑색종,6,isic2019,train
data/ISIC 2019/BKL/ISIC_0055894.jpg,지루각화증,7,isic2019,train
data/ISIC 2019/NV/ISIC_0028591.jpg,멜라닌세포모반,2,isic2019,train
data/ISIC 2019/BCC/ISIC_0063534.jpg,기저세포암,1,isic2019,train
data/ISIC 2019/NV/ISIC_0031963.jpg,멜라닌세포모반,2,isic2019,train
data/ISIC 2019/BKL/ISIC_0033791.jpg,지루각화증,7,isic2019,train
data/ISIC 2019/BCC/ISIC_0031489.jpg,기저세포암,1,isic2019,train
data/ISIC 2019/MEL/ISIC_0071783.jpg,악성흑색종,6,isic2019,train
data/ISIC 2019/VASC/ISIC_0070356.jpg,혈관종,12,isic2019,train
data/ISIC 2019/NV/ISIC_0068456.jpg,멜라닌세포모반,2,isic2019,train
data/ISIC 2019/NV/ISIC_0033386.jpg,멜라닌세포모반,2,isic2019,train
data/ISIC 2019/BCC/ISIC_0054740.jpg,기저세포암,1,isic2019,train
data/ISIC 2019/BKL/ISIC_0025507.jpg,지루각화증,7,isic2019,train
data/ISIC 2019/NV/ISIC_0026361.jpg,멜라닌세포모반,2,isic2019,train
data/ISIC 2019/AK/ISIC_0071213.jpg,광선각화증,0,isic2019,train
data/ISIC 2019/NV/ISIC_0032530.jpg,멜라닌세포모반,2,isic2019,train
data/ISIC 2019/BKL/ISIC_0069998.jpg,지루각화증,7,isic2019,train
data/ISIC 2019/BCC/ISIC_0031749.jpg,기저세포암,1,isic2019,train
data/ISIC 2019/MEL/ISIC_0071857.jpg,악성흑색종,6,isic2019,train
data/ISIC 2019/AK/ISIC_0058452.jpg,광선각화증,0,isic2019,train
data/ISIC 2019/MEL/ISIC_0059628.jpg,악성흑색종,6,isic2019,train
data/ISIC 2019/BKL/ISIC_0060797.jpg,지루각화증,7,isic2019,train
data/ISIC 2019/BKL/ISIC_0070742.jpg,지루각화증,7,isic2019,train
data/ISIC 2019/BCC/ISIC_0068933.jpg,기저세포암,1,isic2019,train
data/ISIC 2019/BCC/ISIC_0030511.jpg,기저세포암,1,isic2019,train
data/ISIC 2019/BCC/ISIC_0053695.jpg,기저세포암,1,isic2019,train
data/ISIC 2019/MEL/ISIC_0063032.jpg,악성흑색종,6,isic2019,train
data/ISIC 2019/AK/ISIC_0029840.jpg,광선각화증,0,isic2019,train
data/ISIC 2019/MEL/ISIC_0053839.jpg,악성흑색종,6,isic2019,train
data/ISIC 2019/MEL/ISIC_0015050_downsampled.jpg,악성흑색종,6,isic2019,train
data/ISIC 2019/BKL/ISIC_0026276.jpg,지루각화증,7,isic2019,train
data/ISIC 2019/BCC/ISIC_0068707.jpg,기저세포암,1,isic2019,train
data/ISIC 2019/MEL/ISIC_0063207.jpg,악성흑색종,6,isic2019,train
data/ISIC 2019/BCC/ISIC_0027675.jpg,기저세포암,1,isic2019,train
data/ISIC 2019/BKL/ISIC_0066389.jpg,지루각화증,7,isic2019,train
data/ISIC 2019/NV/ISIC_0066099.jpg,멜라닌세포모반,2,isic2019,train
data/ISIC 2019/BCC/ISIC_0072540.jpg,기저세포암,1,isic2019,train
data/ISIC 2019/MEL/ISIC_0025800.jpg,악성흑색종,6,isic2019,train
data/ISIC 2019/MEL/ISIC_0068227.jpg,악성흑색종,6,isic2019,train
data/ISIC 2019/BCC/ISIC_0069185.jpg,기저세포암,1,isic2019,train
data/ISIC 2019/BCC/ISIC_0062926.jpg,기저세포암,1,isic2019,train
data/ISIC 2019/AK/ISIC_0061294.jpg,광선각화증,0,isic2019,train
data/ISIC 2019/BKL/ISIC_0030630.jpg,지루각화증,7,isic2019,train
data/ISIC 2019/BKL/ISIC_0033305.jpg,지루각화증,7,isic2019,train
data/ISIC 2019/AK/ISIC_0062692.jpg,광선각화증,0,isic2019,train
data/ISIC 2019/BKL/ISIC_0025710.jpg,지루각화증,7,isic2019,train
data/ISIC 2019/MEL/ISIC_0055820.jpg,악성흑색종,6,isic2019,train
data/ISIC 2019/BCC/ISIC_0070534.jpg,기저세포암,1,isic2019,train
data/ISIC 2019/MEL/ISIC_0058887.jpg,악성흑색종,6,isic2019,train
data/ISIC 2019/DF/ISIC_0067217.jpg,피부섬유종,10,isic2019,train
data/ISIC 2019/NV/ISIC_0066327.jpg,멜라닌세포모반,2,isic2019,train
data/ISIC 2019/BCC/ISIC_0062843.jpg,기저세포암,1,isic2019,train
data/ISIC 2019/NV/ISIC_0064709.jpg,멜라닌세포모반,2,isic2019,train
data/ISIC 2019/NV/ISIC_0026008.jpg,멜라닌세포모반,2,isic2019,train
data/ISIC 2019/BKL/ISIC_0055215.jpg,지루각화증,7,isic2019,train
data/ISIC 2019/BCC/ISIC_0024472.jpg,기저세포암,1,isic2019,train
data/ISIC 2019/NV/ISIC_0028088.jpg,멜라닌세포모반,2,isic2019,train
data/ISIC 2019/NV/ISIC_0032294.jpg,멜라닌세포모반,2,isic2019,train
data/ISIC 2019/AK/ISIC_0067180.jpg,광선각화증,0,isic2019,train
data/ISIC 2019/BCC/ISIC_0067241.jpg,기저세포암,1,isic2019,train
data/ISIC 2019/MEL/ISIC_0028069.jpg,악성흑색종,6,isic2019,train
data/ISIC 2019/BCC/ISIC_0073063.jpg,기저세포암,1,isic2019,train
data/ISIC 2019/NV/ISIC_0029844.jpg,멜라닌세포모반,2,isic2019,train
data/ISIC 2019/MEL/ISIC_0064102.jpg,악성흑색종,6,isic2019,train
data/ISIC 2019/BCC/ISIC_0070033.jpg,기저세포암,1,isic2019,train
data/ISIC 2019/MEL/ISIC_0060218.jpg,악성흑색종,6,isic2019,train
data/ISIC 2019/MEL/ISIC_0059855.jpg,악성흑색종,6,isic2019,train
data/ISIC 2019/NV/ISIC_0010371.jpg,멜라닌세포모반,2,isic2019,train
data/ISIC 2019/MEL/ISIC_0013572_downsampled.jpg,악성흑색종,6,isic2019,train
data/ISIC 2019/MEL/ISIC_0054914.jpg,악성흑색종,6,isic2019,train
data/ISIC 2019/NV/ISIC_0026507.jpg,멜라닌세포모반,2,isic2019,train
data/ISIC 2019/AK/ISIC_0058971.jpg,광선각화증,0,isic2019,train
data/ISIC 2019/NV/ISIC_0068706.jpg,멜라닌세포모반,2,isic2019,train
data/ISIC 2019/BCC/ISIC_0072186.jpg,기저세포암,1,isic2019,train
data/ISIC 2019/BCC/ISIC_0069679.jpg,기저세포암,1,isic2019,train
data/ISIC 2019/BCC/ISIC_0061979.jpg,기저세포암,1,isic2019,train
data/ISIC 2019/BCC/ISIC_0054535.jpg,기저세포암,1,isic2019,train
data/ISIC 2019/NV/ISIC_0071618.jpg,멜라닌세포모반,2,isic2019,train
data/ISIC 2019/BCC/ISIC_0062288.jpg,기저세포암,1,isic2019,train
data/ISIC 2019/BKL/ISIC_0014568_downsampled.jpg,지루각화증,7,isic2019,train
data/ISIC 2019/BCC/ISIC_0056605.jpg,기저세포암,1,isic2019,train
data/ISIC 2019/BCC/ISIC_0072229.jpg,기저세포암,1,isic2019,train
data/ISIC 2019/NV/ISIC_0063642.jpg,멜라닌세포모반,2,isic2019,train
data/ISIC 2019/BCC/ISIC_0057114.jpg,기저세포암,1,isic2019,train
data/ISIC 2019/NV/ISIC_0063204.jpg,멜라닌세포모반,2,isic2019,train
data/ISIC 2019/NV/ISIC_0066295.jpg,멜라닌세포모반,2,isic2019,train
data/ISIC 2019/BKL/ISIC_0029202.jpg,지루각화증,7,isic2019,train
data/ISIC 2019/BCC/ISIC_0057827.jpg,기저세포암,1,isic2019,train
data/ISIC 2019/BCC/ISIC_0034143.jpg,기저세포암,1,isic2019,train
data/ISIC 2019/AK/ISIC_0068546.jpg,광선각화증,0,isic2019,train
data/ISIC 2019/SCC/ISIC_0065838.jpg,편평세포암,8,isic2019,train
data/ISIC 2019/BCC/ISIC_0070096.jpg,기저세포암,1,isic2019,train
data/ISIC 2019/BKL/ISIC_0061899.jpg,지루각화증,7,isic2019,train
data/ISIC 2019/BCC/ISIC_0026855.jpg,기저세포암,1,isic2019,train
data/ISIC 2019/NV/ISIC_0062297.jpg,멜라닌세포모반,2,isic2019,train
data/ISIC 2019/BKL/ISIC_0030329.jpg,지루각화증,7,isic2019,train
data/ISIC 2019/MEL/ISIC_0057716.jpg,악성흑색종,6,isic2019,train
data/ISIC 2019/BCC/ISIC_0030915.jpg,기저세포암,1,isic2019,train
data/ISIC 2019/MEL/ISIC_0057791.jpg,악성흑색종,6,isic2019,train
data/ISIC 2019/BKL/ISIC_0024893.jpg,지루각화증,7,isic2019,train
data/ISIC 2019/AK/ISIC_0068072.jpg,광선각화증,0,isic2019,train
data/ISIC 2019/MEL/ISIC_0067896.jpg,악성흑색종,6,isic2019,train
data/ISIC 2019/NV/ISIC_0062107.jpg,멜라닌세포모반,2,isic2019,train
data/ISIC 2019/MEL/ISIC_0025153.jpg,악성흑색종,6,isic2019,train
data/ISIC 2019/NV/ISIC_0031695.jpg,멜라닌세포모반,2,isic2019,train
data/ISIC 2019/NV/ISIC_0069832.jpg,멜라닌세포모반,2,isic2019,train
data/ISIC 2019/BCC/ISIC_0057853.jpg,기저세포암,1,isic2019,train
data/ISIC 2019/NV/ISIC_0054046.jpg,멜라닌세포모반,2,isic2019,train
data/ISIC 2019/MEL/ISIC_0034092.jpg,악성흑색종,6,isic2019,train
data/ISIC 2019/BCC/ISIC_0070487.jpg,기저세포암,1,isic2019,train
data/ISIC 2019/MEL/ISIC_0062138.jpg,악성흑색종,6,isic2019,train
data/ISIC 2019/MEL/ISIC_0066136.jpg,악성흑색종,6,isic2019,train
data/ISIC 2019/AK/ISIC_0062766.jpg,광선각화증,0,isic2019,train
data/ISIC 2019/BKL/ISIC_0032498.jpg,지루각화증,7,isic2019,train
data/ISIC 2019/MEL/ISIC_0059129.jpg,악성흑색종,6,isic2019,train
data/ISIC 2019/NV/ISIC_0059469.jpg,멜라닌세포모반,2,isic2019,train
data/ISIC 2019/BKL/ISIC_0069435.jpg,지루각화증,7,isic2019,train
data/ISIC 2019/BKL/ISIC_0068103.jpg,지루각화증,7,isic2019,train
data/ISIC 2019/AK/ISIC_0058653.jpg,광선각화증,0,isic2019,train
data/ISIC 2019/NV/ISIC_0032798.jpg,멜라닌세포모반,2,isic2019,train
data/ISIC 2019/NV/ISIC_0015419_downsampled.jpg,멜라닌세포모반,2,isic2019,train
data/ISIC 2019/BCC/ISIC_0053568.jpg,기저세포암,1,isic2019,train
data/ISIC 2019/BKL/ISIC_0032776.jpg,지루각화증,7,isic2019,train
data/ISIC 2019/BCC/ISIC_0053714.jpg,기저세포암,1,isic2019,train
data/ISIC 2019/NV/ISIC_0072446.jpg,멜라닌세포모반,2,isic2019,train
data/ISIC 2019/DF/ISIC_0024994.jpg,피부섬유종,10,isic2019,train
data/ISIC 2019/MEL/ISIC_0064058.jpg,악성흑색종,6,isic2019,train
data/ISIC 2019/MEL/ISIC_0067933.jpg,악성흑색종,6,isic2019,train
data/ISIC 2019/BKL/ISIC_0025526.jpg,지루각화증,7,isic2019,train
data/ISIC 2019/BKL/ISIC_0072607.jpg,지루각화증,7,isic2019,train
data/ISIC 2019/NV/ISIC_0026820.jpg,멜라닌세포모반,2,isic2019,train
data/ISIC 2019/BKL/ISIC_0013682_downsampled.jpg,지루각화증,7,isic2019,train
data/ISIC 2019/MEL/ISIC_0014291_downsampled.jpg,악성흑색종,6,isic2019,train
data/ISIC 2019/NV/ISIC_0013201_downsampled.jpg,멜라닌세포모반,2,isic2019,train
data/ISIC 2019/BKL/ISIC_0065909.jpg,지루각화증,7,isic2019,train
data/ISIC 2019/NV/ISIC_0054716.jpg,멜라닌세포모반,2,isic2019,train
data/ISIC 2019/NV/ISIC_0066557.jpg,멜라닌세포모반,2,isic2019,train
data/ISIC 2019/AK/ISIC_0062741.jpg,광선각화증,0,isic2019,train
data/ISIC 2019/BKL/ISIC_0058487.jpg,지루각화증,7,isic2019,train
data/ISIC 2019/MEL/ISIC_0054085.jpg,악성흑색종,6,isic2019,train
data/ISIC 2019/NV/ISIC_0057872.jpg,멜라닌세포모반,2,isic2019,train
data/ISIC 2019/BKL/ISIC_0060678.jpg,지루각화증,7,isic2019,train
data/ISIC 2019/SCC/ISIC_0066781.jpg,편평세포암,8,isic2019,train
data/ISIC 2019/MEL/ISIC_0026105.jpg,악성흑색종,6,isic2019,train
data/ISIC 2019/BKL/ISIC_0057758.jpg,지루각화증,7,isic2019,train
data/ISIC 2019/NV/ISIC_0033067.jpg,멜라닌세포모반,2,isic2019,train
data/ISIC 2019/BKL/ISIC_0024592.jpg,지루각화증,7,isic2019,train
data/ISIC 2019/MEL/ISIC_0057252.jpg,악성흑색종,6,isic2019,train
data/ISIC 2019/NV/ISIC_0025347.jpg,멜라닌세포모반,2,isic2019,train
data/ISIC 2019/BCC/ISIC_0058220.jpg,기저세포암,1,isic2019,train
data/ISIC 2019/MEL/ISIC_0011118.jpg,악성흑색종,6,isic2019,train
data/ISIC 2019/BKL/ISIC_0057834.jpg,지루각화증,7,isic2019,train
data/ISIC 2019/BKL/ISIC_0031226.jpg,지루각화증,7,isic2019,train
data/ISIC 2019/MEL/ISIC_0060511.jpg,악성흑색종,6,isic2019,train
data/ISIC 2019/BCC/ISIC_0054615.jpg,기저세포암,1,isic2019,train
data/ISIC 2019/NV/ISIC_0032674.jpg,멜라닌세포모반,2,isic2019,train
data/ISIC 2019/NV/ISIC_0030278.jpg,멜라닌세포모반,2,isic2019,train
data/ISIC 2019/BKL/ISIC_0059192.jpg,지루각화증,7,isic2019,train
data/ISIC 2019/BCC/ISIC_0070034.jpg,기저세포암,1,isic2019,train
data/ISIC 2019/BKL/ISIC_0013129_downsampled.jpg,지루각화증,7,isic2019,train
data/ISIC 2019/BKL/ISIC_0014598_downsampled.jpg,지루각화증,7,isic2019,train
data/ISIC 2019/BCC/ISIC_0065963.jpg,기저세포암,1,isic2019,train
data/ISIC 2019/BKL/ISIC_0029217.jpg,지루각화증,7,isic2019,train
data/ISIC 2019/BKL/ISIC_0012880_downsampled.jpg,지루각화증,7,isic2019,train
data/ISIC 2019/BKL/ISIC_0068794.jpg,지루각화증,7,isic2019,train
data/ISIC 2019/BCC/ISIC_0059642.jpg,기저세포암,1,isic2019,train
data/ISIC 2019/BCC/ISIC_0060748.jpg,기저세포암,1,isic2019,train
data/ISIC 2019/MEL/ISIC_0060225.jpg,악성흑색종,6,isic2019,train
data/ISIC 2019/AK/ISIC_0057706.jpg,광선각화증,0,isic2019,train
data/ISIC 2019/NV/ISIC_0031563.jpg,멜라닌세포모반,2,isic2019,train
data/ISIC 2019/NV/ISIC_0027448.jpg,멜라닌세포모반,2,isic2019,train
data/ISIC 2019/SCC/ISIC_0029315.jpg,편평세포암,8,isic2019,train
data/ISIC 2019/NV/ISIC_0014944_downsampled.jpg,멜라닌세포모반,2,isic2019,train
data/ISIC 2019/BKL/ISIC_0063734.jpg,지루각화증,7,isic2019,train
data/ISIC 2019/BKL/ISIC_0060824.jpg,지루각화증,7,isic2019,train
data/ISIC 2019/BKL/ISIC_0012517_downsampled.jpg,지루각화증,7,isic2019,train
data/ISIC 2019/NV/ISIC_0024993.jpg,멜라닌세포모반,2,isic2019,train
data/ISIC 2019/NV/ISIC_0025536.jpg,멜라닌세포모반,2,isic2019,train
data/ISIC 2019/BKL/ISIC_0013335_downsampled.jpg,지루각화증,7,isic2019,train
data/ISIC 2019/BCC/ISIC_0069649.jpg,기저세포암,1,isic2019,train
data/ISIC 2019/BCC/ISIC_0071885.jpg,기저세포암,1,isic2019,train
data/ISIC 2019/SCC/ISIC_0058636.jpg,편평세포암,8,isic2019,train
data/ISIC 2019/MEL/ISIC_0055297.jpg,악성흑색종,6,isic2019,train
data/ISIC 2019/NV/ISIC_0026985.jpg,멜라닌세포모반,2,isic2019,train
data/ISIC 2019/SCC/ISIC_0024562.jpg,편평세포암,8,isic2019,train
data/ISIC 2019/BCC/ISIC_0056661.jpg,기저세포암,1,isic2019,train
data/ISIC 2019/AK/ISIC_0070379.jpg,광선각화증,0,isic2019,train
data/ISIC 2019/BCC/ISIC_0066071.jpg,기저세포암,1,isic2019,train
data/ISIC 2019/MEL/ISIC_0024918.jpg,악성흑색종,6,isic2019,train
data/ISIC 2019/BKL/ISIC_0061679.jpg,지루각화증,7,isic2019,train
data/ISIC 2019/MEL/ISIC_0058959.jpg,악성흑색종,6,isic2019,train
data/ISIC 2019/MEL/ISIC_0070140.jpg,악성흑색종,6,isic2019,train
data/ISIC 2019/NV/ISIC_0010592.jpg,멜라닌세포모반,2,isic2019,train
data/ISIC 2019/BKL/ISIC_0012792_downsampled.jpg,지루각화증,7,isic2019,train
data/ISIC 2019/NV/ISIC_0000256.jpg,멜라닌세포모반,2,isic2019,train
data/ISIC 2019/MEL/ISIC_0064247.jpg,악성흑색종,6,isic2019,train
data/ISIC 2019/SCC/ISIC_0062387.jpg,편평세포암,8,isic2019,train
data/ISIC 2019/AK/ISIC_0059759.jpg,광선각화증,0,isic2019,train
data/ISIC 2019/NV/ISIC_0066396.jpg,멜라닌세포모반,2,isic2019,train
data/ISIC 2019/MEL/ISIC_0067947.jpg,악성흑색종,6,isic2019,train
data/ISIC 2019/BKL/ISIC_0068952.jpg,지루각화증,7,isic2019,train
data/ISIC 2019/NV/ISIC_0024357.jpg,멜라닌세포모반,2,isic2019,train
data/ISIC 2019/VASC/ISIC_0025924.jpg,혈관종,12,isic2019,train
data/ISIC 2019/NV/ISIC_0056029.jpg,멜라닌세포모반,2,isic2019,train
data/ISIC 2019/BKL/ISIC_0026060.jpg,지루각화증,7,isic2019,train
data/ISIC 2019/SCC/ISIC_0056180.jpg,편평세포암,8,isic2019,train
data/ISIC 2019/BCC/ISIC_0059914.jpg,기저세포암,1,isic2019,train
data/ISIC 2019/NV/ISIC_0025908.jpg,멜라닌세포모반,2,isic2019,train
data/ISIC 2019/MEL/ISIC_0032269.jpg,악성흑색종,6,isic2019,train
data/ISIC 2019/NV/ISIC_0031966.jpg,멜라닌세포모반,2,isic2019,train
data/ISIC 2019/BCC/ISIC_0061174.jpg,기저세포암,1,isic2019,train
data/ISIC 2019/BCC/ISIC_0031971.jpg,기저세포암,1,isic2019,train
data/ISIC 2019/MEL/ISIC_0059919.jpg,악성흑색종,6,isic2019,train
data/ISIC 2019/NV/ISIC_0058761.jpg,멜라닌세포모반,2,isic2019,train
data/ISIC 2019/MEL/ISIC_0029089.jpg,악성흑색종,6,isic2019,train
data/ISIC 2019/BCC/ISIC_0028677.jpg,기저세포암,1,isic2019,train
data/ISIC 2019/NV/ISIC_0001186_downsampled.jpg,멜라닌세포모반,2,isic2019,train
data/ISIC 2019/NV/ISIC_0065600.jpg,멜라닌세포모반,2,isic2019,train
data/ISIC 2019/MEL/ISIC_0068218.jpg,악성흑색종,6,isic2019,train
data/ISIC 2019/BCC/ISIC_0066890.jpg,기저세포암,1,isic2019,train
data/ISIC 2019/MEL/ISIC_0065283.jpg,악성흑색종,6,isic2019,train
data/ISIC 2019/MEL/ISIC_0054384.jpg,악성흑색종,6,isic2019,train
data/ISIC 2019/BKL/ISIC_0025485.jpg,지루각화증,7,isic2019,train
data/ISIC 2019/MEL/ISIC_0073237.jpg,악성흑색종,6,isic2019,train
data/ISIC 2019/MEL/ISIC_0070657.jpg,악성흑색종,6,isic2019,train
data/ISIC 2019/SCC/ISIC_0070350.jpg,편평세포암,8,isic2019,train
data/ISIC 2019/NV/ISIC_0059782.jpg,멜라닌세포모반,2,isic2019,train
data/ISIC 2019/MEL/ISIC_0033874.jpg,악성흑색종,6,isic2019,train
data/ISIC 2019/MEL/ISIC_0028033.jpg,악성흑색종,6,isic2019,train
data/ISIC 2019/MEL/ISIC_0053700.jpg,악성흑색종,6,isic2019,train
data/ISIC 2019/BCC/ISIC_0065508.jpg,기저세포암,1,isic2019,train
data/ISIC 2019/BCC/ISIC_0057473.jpg,기저세포암,1,isic2019,train
data/ISIC 2019/AK/ISIC_0069518.jpg,광선각화증,0,isic2019,train
data/ISIC 2019/BKL/ISIC_0061688.jpg,지루각화증,7,isic2019,train
data/ISIC 2019/BCC/ISIC_0059725.jpg,기저세포암,1,isic2019,train
data/ISIC 2019/BKL/ISIC_0064083.jpg,지루각화증,7,isic2019,train
data/ISIC 2019/AK/ISIC_0067755.jpg,광선각화증,0,isic2019,train
data/ISIC 2019/BCC/ISIC_0031266.jpg,기저세포암,1,isic2019,train
data/ISIC 2019/NV/ISIC_0000135_downsampled.jpg,멜라닌세포모반,2,isic2019,train
data/ISIC 2019/MEL/ISIC_0064633.jpg,악성흑색종,6,isic2019,train
data/ISIC 2019/BKL/ISIC_0061820.jpg,지루각화증,7,isic2019,train
data/ISIC 2019/BCC/ISIC_0068388.jpg,기저세포암,1,isic2019,train
data/ISIC 2019/BCC/ISIC_0064639.jpg,기저세포암,1,isic2019,train
data/ISIC 2019/MEL/ISIC_0053617.jpg,악성흑색종,6,isic2019,train
data/ISIC 2019/BCC/ISIC_0054451.jpg,기저세포암,1,isic2019,train
data/ISIC 2019/BKL/ISIC_0059932.jpg,지루각화증,7,isic2019,train
data/ISIC 2019/BCC/ISIC_0069799.jpg,기저세포암,1,isic2019,train
data/ISIC 2019/NV/ISIC_0056982.jpg,멜라닌세포모반,2,isic2019,train
data/ISIC 2019/BCC/ISIC_0072112.jpg,기저세포암,1,isic2019,train
data/ISIC 2019/BCC/ISIC_0071366.jpg,기저세포암,1,isic2019,train
data/ISIC 2019/BKL/ISIC_0066721.jpg,지루각화증,7,isic2019,train
data/ISIC 2019/MEL/ISIC_0054651.jpg,악성흑색종,6,isic2019,train
data/ISIC 2019/BCC/ISIC_0068345.jpg,기저세포암,1,isic2019,train
data/ISIC 2019/MEL/ISIC_0061188.jpg,악성흑색종,6,isic2019,train
data/ISIC 2019/BKL/ISIC_0031150.jpg,지루각화증,7,isic2019,train
data/ISIC 2019/MEL/ISIC_0067126.jpg,악성흑색종,6,isic2019,train
data/ISIC 2019/MEL/ISIC_0064683.jpg,악성흑색종,6,isic2019,train
data/ISIC 2019/BCC/ISIC_0070532.jpg,기저세포암,1,isic2019,train
data/ISIC 2019/BKL/ISIC_0056312.jpg,지루각화증,7,isic2019,train
data/ISIC 2019/BKL/ISIC_0027428.jpg,지루각화증,7,isic2019,train
data/ISIC 2019/BKL/ISIC_0069675.jpg,지루각화증,7,isic2019,train
data/ISIC 2019/BCC/ISIC_0032414.jpg,기저세포암,1,isic2019,train
data/ISIC 2019/BCC/ISIC_0065929.jpg,기저세포암,1,isic2019,train
data/ISIC 2019/BKL/ISIC_0012380_downsampled.jpg,지루각화증,7,isic2019,train
data/ISIC 2019/MEL/ISIC_0034120.jpg,악성흑색종,6,isic2019,train
data/ISIC 2019/BCC/ISIC_0055178.jpg,기저세포암,1,isic2019,train
data/ISIC 2019/MEL/ISIC_0055680.jpg,악성흑색종,6,isic2019,train
data/ISIC 2019/SCC/ISIC_0031012.jpg,편평세포암,8,isic2019,train
data/ISIC 2019/MEL/ISIC_0064761.jpg,악성흑색종,6,isic2019,train
data/ISIC 2019/NV/ISIC_0030913.jpg,멜라닌세포모반,2,isic2019,train
data/ISIC 2019/NV/ISIC_0029534.jpg,멜라닌세포모반,2,isic2019,train
data/ISIC 2019/BCC/ISIC_0064248.jpg,기저세포암,1,isic2019,train
data/ISIC 2019/AK/ISIC_0068648.jpg,광선각화증,0,isic2019,train
data/ISIC 2019/NV/ISIC_0026199.jpg,멜라닌세포모반,2,isic2019,train
data/ISIC 2019/NV/ISIC_0028589.jpg,멜라닌세포모반,2,isic2019,train
data/ISIC 2019/NV/ISIC_0026224.jpg,멜라닌세포모반,2,isic2019,train
data/ISIC 2019/BKL/ISIC_0033124.jpg,지루각화증,7,isic2019,train
data/ISIC 2019/NV/ISIC_0033836.jpg,멜라닌세포모반,2,isic2019,train
data/ISIC 2019/SCC/ISIC_0054935.jpg,편평세포암,8,isic2019,train
data/ISIC 2019/NV/ISIC_0028295.jpg,멜라닌세포모반,2,isic2019,train
data/ISIC 2019/MEL/ISIC_0015219_downsampled.jpg,악성흑색종,6,isic2019,train
data/ISIC 2019/MEL/ISIC_0055659.jpg,악성흑색종,6,isic2019,train
data/ISIC 2019/BCC/ISIC_0070894.jpg,기저세포암,1,isic2019,train
data/ISIC 2019/NV/ISIC_0065819.jpg,멜라닌세포모반,2,isic2019,train
data/ISIC 2019/NV/ISIC_0059039.jpg,멜라닌세포모반,2,isic2019,train
data/ISIC 2019/BKL/ISIC_0013200_downsampled.jpg,지루각화증,7,isic2019,train
data/ISIC 2019/AK/ISIC_0032437.jpg,광선각화증,0,isic2019,train
data/ISIC 2019/BCC/ISIC_0059724.jpg,기저세포암,1,isic2019,train
data/ISIC 2019/BCC/ISIC_0062228.jpg,기저세포암,1,isic2019,train
data/ISIC 2019/DF/ISIC_0067060.jpg,피부섬유종,10,isic2019,train
data/ISIC 2019/BKL/ISIC_0068350.jpg,지루각화증,7,isic2019,train
data/ISIC 2019/MEL/ISIC_0031778.jpg,악성흑색종,6,isic2019,train
data/ISIC 2019/MEL/ISIC_0010591.jpg,악성흑색종,6,isic2019,train
data/ISIC 2019/MEL/ISIC_0072459.jpg,악성흑색종,6,isic2019,train
data/ISIC 2019/BCC/ISIC_0062845.jpg,기저세포암,1,isic2019,train
data/ISIC 2019/MEL/ISIC_0070752.jpg,악성흑색종,6,isic2019,train
data/ISIC 2019/BKL/ISIC_0056906.jpg,지루각화증,7,isic2019,train
data/ISIC 2019/BCC/ISIC_0028316.jpg,기저세포암,1,isic2019,train
data/ISIC 2019/NV/ISIC_0034227.jpg,멜라닌세포모반,2,isic2019,train
data/ISIC 2019/BCC/ISIC_0053649.jpg,기저세포암,1,isic2019,train
data/ISIC 2019/BKL/ISIC_0012786_downsampled.jpg,지루각화증,7,isic2019,train
data/ISIC 2019/MEL/ISIC_0014127_downsampled.jpg,악성흑색종,6,isic2019,train
data/ISIC 2019/SCC/ISIC_0059395.jpg,편평세포암,8,isic2019,train
data/ISIC 2019/DF/ISIC_0068848.jpg,피부섬유종,10,isic2019,train
data/ISIC 2019/SCC/ISIC_0072347.jpg,편평세포암,8,isic2019,train
data/ISIC 2019/MEL/ISIC_0070363.jpg,악성흑색종,6,isic2019,train
data/ISIC 2019/DF/ISIC_0055667.jpg,피부섬유종,10,isic2019,train
data/ISIC 2019/SCC/ISIC_0027753.jpg,편평세포암,8,isic2019,train
data/ISIC 2019/BKL/ISIC_0025374.jpg,지루각화증,7,isic2019,train
data/ISIC 2019/BCC/ISIC_0065024.jpg,기저세포암,1,isic2019,train
data/ISIC 2019/MEL/ISIC_0069277.jpg,악성흑색종,6,isic2019,train
data/ISIC 2019/MEL/ISIC_0063190.jpg,악성흑색종,6,isic2019,train
data/ISIC 2019/NV/ISIC_0058729.jpg,멜라닌세포모반,2,isic2019,train
data/ISIC 2019/MEL/ISIC_0061735.jpg,악성흑색종,6,isic2019,train
data/ISIC 2019/MEL/ISIC_0072768.jpg,악성흑색종,6,isic2019,train
data/ISIC 2019/BCC/ISIC_0058058.jpg,기저세포암,1,isic2019,train
data/ISIC 2019/NV/ISIC_0030176.jpg,멜라닌세포모반,2,isic2019,train
data/ISIC 2019/NV/ISIC_0028617.jpg,멜라닌세포모반,2,isic2019,train
data/ISIC 2019/BCC/ISIC_0072856.jpg,기저세포암,1,isic2019,train
data/ISIC 2019/AK/ISIC_0024771.jpg,광선각화증,0,isic2019,train
data/ISIC 2019/BCC/ISIC_0034299.jpg,기저세포암,1,isic2019,train
data/ISIC 2019/MEL/ISIC_0032685.jpg,악성흑색종,6,isic2019,train
data/ISIC 2019/NV/ISIC_0010232.jpg,멜라닌세포모반,2,isic2019,train
data/ISIC 2019/SCC/ISIC_0071817.jpg,편평세포암,8,isic2019,train
data/ISIC 2019/BCC/ISIC_0056139.jpg,기저세포암,1,isic2019,train
data/ISIC 2019/NV/ISIC_0028813.jpg,멜라닌세포모반,2,isic2019,train
data/ISIC 2019/MEL/ISIC_0062058.jpg,악성흑색종,6,isic2019,train
data/ISIC 2019/BKL/ISIC_0056620.jpg,지루각화증,7,isic2019,train
data/ISIC 2019/SCC/ISIC_0062095.jpg,편평세포암,8,isic2019,train
data/ISIC 2019/BKL/ISIC_0066472.jpg,지루각화증,7,isic2019,train
data/ISIC 2019/MEL/ISIC_0059264.jpg,악성흑색종,6,isic2019,train
data/ISIC 2019/BKL/ISIC_0056763.jpg,지루각화증,7,isic2019,train
data/ISIC 2019/NV/ISIC_0013188_downsampled.jpg,멜라닌세포모반,2,isic2019,train
data/ISIC 2019/BKL/ISIC_0013890_downsampled.jpg,지루각화증,7,isic2019,train
data/ISIC 2019/BCC/ISIC_0069856.jpg,기저세포암,1,isic2019,train
data/ISIC 2019/BKL/ISIC_0014712_downsampled.jpg,지루각화증,7,isic2019,train
data/ISIC 2019/BKL/ISIC_0031580.jpg,지루각화증,7,isic2019,train
data/ISIC 2019/VASC/ISIC_0065784.jpg,혈관종,12,isic2019,train
data/ISIC 2019/NV/ISIC_0056765.jpg,멜라닌세포모반,2,isic2019,train
data/ISIC 2019/MEL/ISIC_0073143.jpg,악성흑색종,6,isic2019,train
data/ISIC 2019/NV/ISIC_0027909.jpg,멜라닌세포모반,2,isic2019,train
data/ISIC 2019/MEL/ISIC_0058255.jpg,악성흑색종,6,isic2019,train
data/ISIC 2019/BCC/ISIC_0066657.jpg,기저세포암,1,isic2019,train
data/ISIC 2019/NV/ISIC_0010219.jpg,멜라닌세포모반,2,isic2019,train
data/ISIC 2019/MEL/ISIC_0055739.jpg,악성흑색종,6,isic2019,train
data/ISIC 2019/BCC/ISIC_0058662.jpg,기저세포암,1,isic2019,train
data/ISIC 2019/VASC/ISIC_0071298.jpg,혈관종,12,isic2019,train
data/ISIC 2019/MEL/ISIC_0054198.jpg,악성흑색종,6,isic2019,train
data/ISIC 2019/BCC/ISIC_0063192.jpg,기저세포암,1,isic2019,train
data/ISIC 2019/NV/ISIC_0056836.jpg,멜라닌세포모반,2,isic2019,train
data/ISIC 2019/BCC/ISIC_0034119.jpg,기저세포암,1,isic2019,train
data/ISIC 2019/BCC/ISIC_0061397.jpg,기저세포암,1,isic2019,train
data/ISIC 2019/BCC/ISIC_0062799.jpg,기저세포암,1,isic2019,train
data/ISIC 2019/NV/ISIC_0025142.jpg,멜라닌세포모반,2,isic2019,train
data/ISIC 2019/BKL/ISIC_0054300.jpg,지루각화증,7,isic2019,train
data/ISIC 2019/BCC/ISIC_0073196.jpg,기저세포암,1,isic2019,train
data/ISIC 2019/BCC/ISIC_0061906.jpg,기저세포암,1,isic2019,train
data/ISIC 2019/NV/ISIC_0067573.jpg,멜라닌세포모반,2,isic2019,train
data/ISIC 2019/NV/ISIC_0054308.jpg,멜라닌세포모반,2,isic2019,train
data/ISIC 2019/BCC/ISIC_0031062.jpg,기저세포암,1,isic2019,train
data/ISIC 2019/MEL/ISIC_0058645.jpg,악성흑색종,6,isic2019,train
data/ISIC 2019/NV/ISIC_0032837.jpg,멜라닌세포모반,2,isic2019,train
data/ISIC 2019/BKL/ISIC_0062768.jpg,지루각화증,7,isic2019,train
data/ISIC 2019/BCC/ISIC_0032318.jpg,기저세포암,1,isic2019,train
data/ISIC 2019/NV/ISIC_0055626.jpg,멜라닌세포모반,2,isic2019,train
data/ISIC 2019/BKL/ISIC_0060493.jpg,지루각화증,7,isic2019,train
data/ISIC 2019/NV/ISIC_0030696.jpg,멜라닌세포모반,2,isic2019,train
data/ISIC 2019/BCC/ISIC_0062492.jpg,기저세포암,1,isic2019,train
data/ISIC 2019/MEL/ISIC_0053674.jpg,악성흑색종,6,isic2019,train
data/ISIC 2019/SCC/ISIC_0056611.jpg,편평세포암,8,isic2019,train
data/ISIC 2019/BKL/ISIC_0027875.jpg,지루각화증,7,isic2019,train
data/ISIC 2019/NV/ISIC_0000443_downsampled.jpg,멜라닌세포모반,2,isic2019,train
data/ISIC 2019/NV/ISIC_0067760.jpg,멜라닌세포모반,2,isic2019,train
data/ISIC 2019/MEL/ISIC_0055205.jpg,악성흑색종,6,isic2019,train
data/ISIC 2019/BKL/ISIC_0066911.jpg,지루각화증,7,isic2019,train
data/ISIC 2019/MEL/ISIC_0072002.jpg,악성흑색종,6,isic2019,train
data/ISIC 2019/NV/ISIC_0025639.jpg,멜라닌세포모반,2,isic2019,train
data/ISIC 2019/BKL/ISIC_0029108.jpg,지루각화증,7,isic2019,train
data/ISIC 2019/BCC/ISIC_0064652.jpg,기저세포암,1,isic2019,train
data/ISIC 2019/NV/ISIC_0011199.jpg,멜라닌세포모반,2,isic2019,train
data/ISIC 2019/NV/ISIC_0029587.jpg,멜라닌세포모반,2,isic2019,train
data/ISIC 2019/NV/ISIC_0054404.jpg,멜라닌세포모반,2,isic2019,train
data/ISIC 2019/BKL/ISIC_0061993.jpg,지루각화증,7,isic2019,train
data/ISIC 2019/NV/ISIC_0054008.jpg,멜라닌세포모반,2,isic2019,train
data/ISIC 2019/BKL/ISIC_0014626_downsampled.jpg,지루각화증,7,isic2019,train
data/ISIC 2019/BCC/ISIC_0069840.jpg,기저세포암,1,isic2019,train
data/ISIC 2019/BKL/ISIC_0032514.jpg,지루각화증,7,isic2019,train
data/ISIC 2019/NV/ISIC_0069298.jpg,멜라닌세포모반,2,isic2019,train
data/ISIC 2019/MEL/ISIC_0056655.jpg,악성흑색종,6,isic2019,train
data/ISIC 2019/MEL/ISIC_0059551.jpg,악성흑색종,6,isic2019,train
data/ISIC 2019/BCC/ISIC_0059064.jpg,기저세포암,1,isic2019,train
data/ISIC 2019/BCC/ISIC_0070319.jpg,기저세포암,1,isic2019,train
data/ISIC 2019/BKL/ISIC_0014609_downsampled.jpg,지루각화증,7,isic2019,train
data/ISIC 2019/MEL/ISIC_0071430.jpg,악성흑색종,6,isic2019,train
data/ISIC 2019/MEL/ISIC_0009927.jpg,악성흑색종,6,isic2019,train
data/ISIC 2019/MEL/ISIC_0033814.jpg,악성흑색종,6,isic2019,train
data/ISIC 2019/BCC/ISIC_0062710.jpg,기저세포암,1,isic2019,train
data/ISIC 2019/MEL/ISIC_0031233.jpg,악성흑색종,6,isic2019,train
data/ISIC 2019/BKL/ISIC_0025470.jpg,지루각화증,7,isic2019,train
data/ISIC 2019/BKL/ISIC_0033701.jpg,지루각화증,7,isic2019,train
data/ISIC 2019/BCC/ISIC_0059070.jpg,기저세포암,1,isic2019,train
data/ISIC 2019/VASC/ISIC_0031270.jpg,혈관종,12,isic2019,train
data/ISIC 2019/MEL/ISIC_0070398.jpg,악성흑색종,6,isic2019,train
data/ISIC 2019/BKL/ISIC_0013360_downsampled.jpg,지루각화증,7,isic2019,train
data/ISIC 2019/NV/ISIC_0064602.jpg,멜라닌세포모반,2,isic2019,train
data/ISIC 2019/NV/ISIC_0027939.jpg,멜라닌세포모반,2,isic2019,train
data/ISIC 2019/BKL/ISIC_0012666_downsampled.jpg,지루각화증,7,isic2019,train
data/ISIC 2019/MEL/ISIC_0071392.jpg,악성흑색종,6,isic2019,train
data/ISIC 2019/NV/ISIC_0026032.jpg,멜라닌세포모반,2,isic2019,train
data/ISIC 2019/MEL/ISIC_0072151.jpg,악성흑색종,6,isic2019,train
data/ISIC 2019/BKL/ISIC_0030542.jpg,지루각화증,7,isic2019,train
data/ISIC 2019/NV/ISIC_0069905.jpg,멜라닌세포모반,2,isic2019,train
data/ISIC 2019/NV/ISIC_0025057.jpg,멜라닌세포모반,2,isic2019,train
data/ISIC 2019/BKL/ISIC_0031825.jpg,지루각화증,7,isic2019,train
data/ISIC 2019/MEL/ISIC_0030192.jpg,악성흑색종,6,isic2019,train
data/ISIC 2019/NV/ISIC_0025160.jpg,멜라닌세포모반,2,isic2019,train
data/ISIC 2019/BKL/ISIC_0069129.jpg,지루각화증,7,isic2019,train
data/ISIC 2019/NV/ISIC_0000188_downsampled.jpg,멜라닌세포모반,2,isic2019,train
data/ISIC 2019/NV/ISIC_0034149.jpg,멜라닌세포모반,2,isic2019,train
data/ISIC 2019/AK/ISIC_0070999.jpg,광선각화증,0,isic2019,train
data/ISIC 2019/AK/ISIC_0055400.jpg,광선각화증,0,isic2019,train
data/ISIC 2019/MEL/ISIC_0071342.jpg,악성흑색종,6,isic2019,train
data/ISIC 2019/BKL/ISIC_0024761.jpg,지루각화증,7,isic2019,train
data/ISIC 2019/BKL/ISIC_0057863.jpg,지루각화증,7,isic2019,train
data/ISIC 2019/BCC/ISIC_0064843.jpg,기저세포암,1,isic2019,train
data/ISIC 2019/BKL/ISIC_0061892.jpg,지루각화증,7,isic2019,train
data/ISIC 2019/MEL/ISIC_0025391.jpg,악성흑색종,6,isic2019,train
data/ISIC 2019/MEL/ISIC_0031025.jpg,악성흑색종,6,isic2019,train
data/ISIC 2019/AK/ISIC_0073224.jpg,광선각화증,0,isic2019,train
data/ISIC 2019/BCC/ISIC_0056374.jpg,기저세포암,1,isic2019,train
data/ISIC 2019/VASC/ISIC_0066692.jpg,혈관종,12,isic2019,train
data/ISIC 2019/AK/ISIC_0053679.jpg,광선각화증,0,isic2019,train
data/ISIC 2019/BKL/ISIC_0070619.jpg,지루각화증,7,isic2019,train
data/ISIC 2019/MEL/ISIC_0067927.jpg,악성흑색종,6,isic2019,train
data/ISIC 2019/SCC/ISIC_0061388.jpg,편평세포암,8,isic2019,train
data/ISIC 2019/BCC/ISIC_0069332.jpg,기저세포암,1,isic2019,train
data/ISIC 2019/BKL/ISIC_0066162.jpg,지루각화증,7,isic2019,train
data/ISIC 2019/NV/ISIC_0029945.jpg,멜라닌세포모반,2,isic2019,train
data/ISIC 2019/BCC/ISIC_0063651.jpg,기저세포암,1,isic2019,train
data/ISIC 2019/BCC/ISIC_0053731.jpg,기저세포암,1,isic2019,train
data/ISIC 2019/BCC/ISIC_0060780.jpg,기저세포암,1,isic2019,train
data/ISIC 2019/MEL/ISIC_0014059_downsampled.jpg,악성흑색종,6,isic2019,train
data/ISIC 2019/BKL/ISIC_0056654.jpg,지루각화증,7,isic2019,train
data/ISIC 2019/BCC/ISIC_0061105.jpg,기저세포암,1,isic2019,train
data/ISIC 2019/MEL/ISIC_0029473.jpg,악성흑색종,6,isic2019,train
data/ISIC 2019/MEL/ISIC_0058926.jpg,악성흑색종,6,isic2019,train
data/ISIC 2019/MEL/ISIC_0063819.jpg,악성흑색종,6,isic2019,train
data/ISIC 2019/VASC/ISIC_0025425.jpg,혈관종,12,isic2019,train
data/ISIC 2019/BCC/ISIC_0069650.jpg,기저세포암,1,isic2019,train
data/ISIC 2019/BCC/ISIC_0055325.jpg,기저세포암,1,isic2019,train
data/ISIC 2019/NV/ISIC_0068887.jpg,멜라닌세포모반,2,isic2019,train
data/ISIC 2019/AK/ISIC_0062953.jpg,광선각화증,0,isic2019,train
data/ISIC 2019/MEL/ISIC_0065767.jpg,악성흑색종,6,isic2019,train
data/ISIC 2019/MEL/ISIC_0066519.jpg,악성흑색종,6,isic2019,train
data/ISIC 2019/BCC/ISIC_0070827.jpg,기저세포암,1,isic2019,train
data/ISIC 2019/BCC/ISIC_0060101.jpg,기저세포암,1,isic2019,train
data/ISIC 2019/DF/ISIC_0027141.jpg,피부섬유종,10,isic2019,train
data/ISIC 2019/MEL/ISIC_0057727.jpg,악성흑색종,6,isic2019,train
data/ISIC 2019/NV/ISIC_0031919.jpg,멜라닌세포모반,2,isic2019,train
data/ISIC 2019/BCC/ISIC_0058842.jpg,기저세포암,1,isic2019,train
data/ISIC 2019/DF/ISIC_0068803.jpg,피부섬유종,10,isic2019,train
data/ISIC 2019/NV/ISIC_0033547.jpg,멜라닌세포모반,2,isic2019,train
data/ISIC 2019/MEL/ISIC_0069063.jpg,악성흑색종,6,isic2019,train
data/ISIC 2019/AK/ISIC_0059720.jpg,광선각화증,0,isic2019,train
data/ISIC 2019/NV/ISIC_0058871.jpg,멜라닌세포모반,2,isic2019,train
data/ISIC 2019/NV/ISIC_0055132.jpg,멜라닌세포모반,2,isic2019,train
data/ISIC 2019/MEL/ISIC_0058676.jpg,악성흑색종,6,isic2019,train
data/ISIC 2019/BCC/ISIC_0024360.jpg,기저세포암,1,isic2019,train
data/ISIC 2019/MEL/ISIC_0014190_downsampled.jpg,악성흑색종,6,isic2019,train
data/ISIC 2019/AK/ISIC_0033151.jpg,광선각화증,0,isic2019,train
data/ISIC 2019/MEL/ISIC_0030150.jpg,악성흑색종,6,isic2019,train
data/ISIC 2019/NV/ISIC_0072703.jpg,멜라닌세포모반,2,isic2019,train
data/ISIC 2019/MEL/ISIC_0063537.jpg,악성흑색종,6,isic2019,train
data/ISIC 2019/MEL/ISIC_0055797.jpg,악성흑색종,6,isic2019,train
data/ISIC 2019/BKL/ISIC_0027509.jpg,지루각화증,7,isic2019,train
data/ISIC 2019/AK/ISIC_0064959.jpg,광선각화증,0,isic2019,train
data/ISIC 2019/MEL/ISIC_0057302.jpg,악성흑색종,6,isic2019,train
data/ISIC 2019/BCC/ISIC_0063379.jpg,기저세포암,1,isic2019,train
data/ISIC 2019/BKL/ISIC_0062009.jpg,지루각화증,7,isic2019,train
data/ISIC 2019/NV/ISIC_0025201.jpg,멜라닌세포모반,2,isic2019,train
data/ISIC 2019/BKL/ISIC_0054720.jpg,지루각화증,7,isic2019,train
data/ISIC 2019/VASC/ISIC_0025249.jpg,혈관종,12,isic2019,train
data/ISIC 2019/SCC/ISIC_0027795.jpg,편평세포암,8,isic2019,train
data/ISIC 2019/MEL/ISIC_0053824.jpg,악성흑색종,6,isic2019,train
data/ISIC 2019/AK/ISIC_0067468.jpg,광선각화증,0,isic2019,train
data/ISIC 2019/NV/ISIC_0071895.jpg,멜라닌세포모반,2,isic2019,train
data/ISIC 2019/BKL/ISIC_0067477.jpg,지루각화증,7,isic2019,train
data/ISIC 2019/NV/ISIC_0000348.jpg,멜라닌세포모반,2,isic2019,train
data/ISIC 2019/NV/ISIC_0034166.jpg,멜라닌세포모반,2,isic2019,train
data/ISIC 2019/BKL/ISIC_0030226.jpg,지루각화증,7,isic2019,train
data/ISIC 2019/BKL/ISIC_0012473_downsampled.jpg,지루각화증,7,isic2019,train
data/ISIC 2019/MEL/ISIC_0056572.jpg,악성흑색종,6,isic2019,train
data/ISIC 2019/BKL/ISIC_0031528.jpg,지루각화증,7,isic2019,train
data/ISIC 2019/BCC/ISIC_0056547.jpg,기저세포암,1,isic2019,train
data/ISIC 2019/NV/ISIC_0027717.jpg,멜라닌세포모반,2,isic2019,train
data/ISIC 2019/MEL/ISIC_0060736.jpg,악성흑색종,6,isic2019,train
data/ISIC 2019/MEL/ISIC_0061002.jpg,악성흑색종,6,isic2019,train
data/ISIC 2019/NV/ISIC_0027718.jpg,멜라닌세포모반,2,isic2019,train
data/ISIC 2019/AK/ISIC_0056004.jpg,광선각화증,0,isic2019,train
data/ISIC 2019/AK/ISIC_0057586.jpg,광선각화증,0,isic2019,train
data/ISIC 2019/MEL/ISIC_0025235.jpg,악성흑색종,6,isic2019,train
data/ISIC 2019/NV/ISIC_0064557.jpg,멜라닌세포모반,2,isic2019,train
data/ISIC 2019/BKL/ISIC_0026861.jpg,지루각화증,7,isic2019,train
data/ISIC 2019/BCC/ISIC_0060063.jpg,기저세포암,1,isic2019,train
data/ISIC 2019/MEL/ISIC_0070275.jpg,악성흑색종,6,isic2019,train
data/ISIC 2019/MEL/ISIC_0031670.jpg,악성흑색종,6,isic2019,train
data/ISIC 2019/SCC/ISIC_0064878.jpg,편평세포암,8,isic2019,train
data/ISIC 2019/BCC/ISIC_0073010.jpg,기저세포암,1,isic2019,train
data/ISIC 2019/BCC/ISIC_0066696.jpg,기저세포암,1,isic2019,train
data/ISIC 2019/BCC/ISIC_0063453.jpg,기저세포암,1,isic2019,train
data/ISIC 2019/BKL/ISIC_0072184.jpg,지루각화증,7,isic2019,train
data/ISIC 2019/BCC/ISIC_0072060.jpg,기저세포암,1,isic2019,train
data/ISIC 2019/BKL/ISIC_0061235.jpg,지루각화증,7,isic2019,train
data/ISIC 2019/NV/ISIC_0071602.jpg,멜라닌세포모반,2,isic2019,train
data/ISIC 2019/BCC/ISIC_0072127.jpg,기저세포암,1,isic2019,train
data/ISIC 2019/NV/ISIC_0028869.jpg,멜라닌세포모반,2,isic2019,train
data/ISIC 2019/NV/ISIC_0024768.jpg,멜라닌세포모반,2,isic2019,train
data/ISIC 2019/BKL/ISIC_0028479.jpg,지루각화증,7,isic2019,train
data/ISIC 2019/MEL/ISIC_0070710.jpg,악성흑색종,6,isic2019,train
data/ISIC 2019/DF/ISIC_0073112.jpg,피부섬유종,10,isic2019,train
data/ISIC 2019/BCC/ISIC_0062904.jpg,기저세포암,1,isic2019,train
data/ISIC 2019/MEL/ISIC_0030521.jpg,악성흑색종,6,isic2019,train
data/ISIC 2019/NV/ISIC_0026951.jpg,멜라닌세포모반,2,isic2019,train
data/ISIC 2019/NV/ISIC_0000476.jpg,멜라닌세포모반,2,isic2019,train
data/ISIC 2019/BCC/ISIC_0060683.jpg,기저세포암,1,isic2019,train
data/ISIC 2019/BCC/ISIC_0065385.jpg,기저세포암,1,isic2019,train
data/ISIC 2019/BKL/ISIC_0056786.jpg,지루각화증,7,isic2019,train
data/ISIC 2019/NV/ISIC_0028631.jpg,멜라닌세포모반,2,isic2019,train
data/ISIC 2019/MEL/ISIC_0058127.jpg,악성흑색종,6,isic2019,train
data/ISIC 2019/NV/ISIC_0000093_downsampled.jpg,멜라닌세포모반,2,isic2019,train
data/ISIC 2019/MEL/ISIC_0064625.jpg,악성흑색종,6,isic2019,train
data/ISIC 2019/NV/ISIC_0010070.jpg,멜라닌세포모반,2,isic2019,train
data/ISIC 2019/BKL/ISIC_0033022.jpg,지루각화증,7,isic2019,train
data/ISIC 2019/MEL/ISIC_0024864.jpg,악성흑색종,6,isic2019,train
data/ISIC 2019/NV/ISIC_0033234.jpg,멜라닌세포모반,2,isic2019,train
data/ISIC 2019/BKL/ISIC_0027006.jpg,지루각화증,7,isic2019,train
data/ISIC 2019/BCC/ISIC_0025301.jpg,기저세포암,1,isic2019,train
data/ISIC 2019/DF/ISIC_0070460.jpg,피부섬유종,10,isic2019,train
data/ISIC 2019/NV/ISIC_0066063.jpg,멜라닌세포모반,2,isic2019,train
data/ISIC 2019/BCC/ISIC_0062180.jpg,기저세포암,1,isic2019,train
data/ISIC 2019/BKL/ISIC_0070272.jpg,지루각화증,7,isic2019,train
data/ISIC 2019/NV/ISIC_0059796.jpg,멜라닌세포모반,2,isic2019,train
data/ISIC 2019/MEL/ISIC_0056079.jpg,악성흑색종,6,isic2019,train
data/ISIC 2019/VASC/ISIC_0071543.jpg,혈관종,12,isic2019,train
data/ISIC 2019/BKL/ISIC_0066618.jpg,지루각화증,7,isic2019,train
data/ISIC 2019/BKL/ISIC_0066828.jpg,지루각화증,7,isic2019,train
data/ISIC 2019/NV/ISIC_0025293.jpg,멜라닌세포모반,2,isic2019,train
data/ISIC 2019/NV/ISIC_0029005.jpg,멜라닌세포모반,2,isic2019,train
data/ISIC 2019/BCC/ISIC_0064030.jpg,기저세포암,1,isic2019,train
data/ISIC 2019/MEL/ISIC_0026596.jpg,악성흑색종,6,isic2019,train
data/ISIC 2019/NV/ISIC_0073138.jpg,멜라닌세포모반,2,isic2019,train
data/ISIC 2019/DF/ISIC_0057453.jpg,피부섬유종,10,isic2019,train
data/ISIC 2019/BCC/ISIC_0056588.jpg,기저세포암,1,isic2019,train
data/ISIC 2019/BCC/ISIC_0070236.jpg,기저세포암,1,isic2019,train
data/ISIC 2019/NV/ISIC_0014328_downsampled.jpg,멜라닌세포모반,2,isic2019,train
data/ISIC 2019/NV/ISIC_0029497.jpg,멜라닌세포모반,2,isic2019,train
data/ISIC 2019/AK/ISIC_0060207.jpg,광선각화증,0,isic2019,train
data/ISIC 2019/SCC/ISIC_0026720.jpg,편평세포암,8,isic2019,train
data/ISIC 2019/BKL/ISIC_0012962_downsampled.jpg,지루각화증,7,isic2019,train
data/ISIC 2019/MEL/ISIC_0069402.jpg,악성흑색종,6,isic2019,train
data/ISIC 2019/BCC/ISIC_0071483.jpg,기저세포암,1,isic2019,train
data/ISIC 2019/BKL/ISIC_0024770.jpg,지루각화증,7,isic2019,train
data/ISIC 2019/BCC/ISIC_0068005.jpg,기저세포암,1,isic2019,train
data/ISIC 2019/BCC/ISIC_0065212.jpg,기저세포암,1,isic2019,train
data/ISIC 2019/VASC/ISIC_0026336.jpg,혈관종,12,isic2019,train
data/ISIC 2019/BCC/ISIC_0030954.jpg,기저세포암,1,isic2019,train
data/ISIC 2019/BCC/ISIC_0060145.jpg,기저세포암,1,isic2019,train
data/ISIC 2019/NV/ISIC_0030220.jpg,멜라닌세포모반,2,isic2019,train
data/ISIC 2019/BKL/ISIC_0064810.jpg,지루각화증,7,isic2019,train
data/ISIC 2019/BCC/ISIC_0067303.jpg,기저세포암,1,isic2019,train
data/ISIC 2019/BCC/ISIC_0063171.jpg,기저세포암,1,isic2019,train
data/ISIC 2019/BCC/ISIC_0055266.jpg,기저세포암,1,isic2019,train
data/ISIC 2019/MEL/ISIC_0060728.jpg,악성흑색종,6,isic2019,train
data/ISIC 2019/MEL/ISIC_0000173.jpg,악성흑색종,6,isic2019,train
data/ISIC 2019/BCC/ISIC_0058978.jpg,기저세포암,1,isic2019,train
data/ISIC 2019/MEL/ISIC_0024733.jpg,악성흑색종,6,isic2019,train
data/ISIC 2019/AK/ISIC_0064690.jpg,광선각화증,0,isic2019,train
data/ISIC 2019/MEL/ISIC_0069437.jpg,악성흑색종,6,isic2019,train
data/ISIC 2019/MEL/ISIC_0065597.jpg,악성흑색종,6,isic2019,train
data/ISIC 2019/MEL/ISIC_0063102.jpg,악성흑색종,6,isic2019,train
data/ISIC 2019/MEL/ISIC_0069411.jpg,악성흑색종,6,isic2019,train
data/ISIC 2019/BCC/ISIC_0054171.jpg,기저세포암,1,isic2019,train
data/ISIC 2019/MEL/ISIC_0064472.jpg,악성흑색종,6,isic2019,train
data/ISIC 2019/BCC/ISIC_0070295.jpg,기저세포암,1,isic2019,train
data/ISIC 2019/BKL/ISIC_0026015.jpg,지루각화증,7,isic2019,train
data/ISIC 2019/NV/ISIC_0031916.jpg,멜라닌세포모반,2,isic2019,train
data/ISIC 2019/BCC/ISIC_0066014.jpg,기저세포암,1,isic2019,train
data/ISIC 2019/NV/ISIC_0032023.jpg,멜라닌세포모반,2,isic2019,train
data/ISIC 2019/BCC/ISIC_0027090.jpg,기저세포암,1,isic2019,train
data/ISIC 2019/BCC/ISIC_0027601.jpg,기저세포암,1,isic2019,train
data/ISIC 2019/BKL/ISIC_0072972.jpg,지루각화증,7,isic2019,train
data/ISIC 2019/AK/ISIC_0060522.jpg,광선각화증,0,isic2019,train
data/ISIC 2019/MEL/ISIC_0066347.jpg,악성흑색종,6,isic2019,train
data/ISIC 2019/NV/ISIC_0056441.jpg,멜라닌세포모반,2,isic2019,train
data/ISIC 2019/MEL/ISIC_0015156_downsampled.jpg,악성흑색종,6,isic2019,train
data/ISIC 2019/BKL/ISIC_0054632.jpg,지루각화증,7,isic2019,train
data/ISIC 2019/BCC/ISIC_0061124.jpg,기저세포암,1,isic2019,train
data/ISIC 2019/VASC/ISIC_0055446.jpg,혈관종,12,isic2019,train
data/ISIC 2019/AK/ISIC_0055250.jpg,광선각화증,0,isic2019,train
data/ISIC 2019/MEL/ISIC_0033967.jpg,악성흑색종,6,isic2019,train
data/ISIC 2019/NV/ISIC_0024485.jpg,멜라닌세포모반,2,isic2019,train
data/ISIC 2019/BCC/ISIC_0058905.jpg,기저세포암,1,isic2019,train
data/ISIC 2019/NV/ISIC_0054751.jpg,멜라닌세포모반,2,isic2019,train
data/ISIC 2019/AK/ISIC_0066220.jpg,광선각화증,0,isic2019,train
data/ISIC 2019/BCC/ISIC_0065972.jpg,기저세포암,1,isic2019,train
data/ISIC 2019/MEL/ISIC_0033518.jpg,악성흑색종,6,isic2019,train
data/ISIC 2019/BKL/ISIC_0026893.jpg,지루각화증,7,isic2019,train
data/ISIC 2019/MEL/ISIC_0061945.jpg,악성흑색종,6,isic2019,train
data/ISIC 2019/AK/ISIC_0059139.jpg,광선각화증,0,isic2019,train
data/ISIC 2019/BCC/ISIC_0031384.jpg,기저세포암,1,isic2019,train
data/ISIC 2019/BCC/ISIC_0067646.jpg,기저세포암,1,isic2019,train
data/ISIC 2019/NV/ISIC_0062375.jpg,멜라닌세포모반,2,isic2019,train
data/ISIC 2019/MEL/ISIC_0069167.jpg,악성흑색종,6,isic2019,train
data/ISIC 2019/NV/ISIC_0054685.jpg,멜라닌세포모반,2,isic2019,train
data/ISIC 2019/BCC/ISIC_0070663.jpg,기저세포암,1,isic2019,train
data/ISIC 2019/MEL/ISIC_0000300.jpg,악성흑색종,6,isic2019,train
data/ISIC 2019/NV/ISIC_0026220.jpg,멜라닌세포모반,2,isic2019,train
data/ISIC 2019/BCC/ISIC_0056396.jpg,기저세포암,1,isic2019,train
data/ISIC 2019/MEL/ISIC_0061580.jpg,악성흑색종,6,isic2019,train
data/ISIC 2019/NV/ISIC_0000259.jpg,멜라닌세포모반,2,isic2019,train
data/ISIC 2019/NV/ISIC_0028357.jpg,멜라닌세포모반,2,isic2019,train
data/ISIC 2019/MEL/ISIC_0032450.jpg,악성흑색종,6,isic2019,train
data/ISIC 2019/MEL/ISIC_0057286.jpg,악성흑색종,6,isic2019,train
data/ISIC 2019/BKL/ISIC_0072296.jpg,지루각화증,7,isic2019,train
data/ISIC 2019/BKL/ISIC_0071344.jpg,지루각화증,7,isic2019,train
data/ISIC 2019/NV/ISIC_0033914.jpg,멜라닌세포모반,2,isic2019,train
data/ISIC 2019/MEL/ISIC_0068633.jpg,악성흑색종,6,isic2019,train
data/ISIC 2019/NV/ISIC_0027566.jpg,멜라닌세포모반,2,isic2019,train
data/ISIC 2019/MEL/ISIC_0063443.jpg,악성흑색종,6,isic2019,train
data/ISIC 2019/NV/ISIC_0025007.jpg,멜라닌세포모반,2,isic2019,train
data/ISIC 2019/BKL/ISIC_0066126.jpg,지루각화증,7,isic2019,train
data/ISIC 2019/MEL/ISIC_0013925_downsampled.jpg,악성흑색종,6,isic2019,train
data/ISIC 2019/BKL/ISIC_0026142.jpg,지루각화증,7,isic2019,train
data/ISIC 2019/NV/ISIC_0055426.jpg,멜라닌세포모반,2,isic2019,train
data/ISIC 2019/NV/ISIC_0029815.jpg,멜라닌세포모반,2,isic2019,train
data/ISIC 2019/BKL/ISIC_0013764_downsampled.jpg,지루각화증,7,isic2019,train
data/ISIC 2019/BCC/ISIC_0065298.jpg,기저세포암,1,isic2019,train
data/ISIC 2019/NV/ISIC_0027959.jpg,멜라닌세포모반,2,isic2019,train
data/ISIC 2019/BKL/ISIC_0026263.jpg,지루각화증,7,isic2019,train
data/ISIC 2019/BKL/ISIC_0024947.jpg,지루각화증,7,isic2019,train
data/ISIC 2019/BCC/ISIC_0060645.jpg,기저세포암,1,isic2019,train
data/ISIC 2019/BKL/ISIC_0055800.jpg,지루각화증,7,isic2019,train
data/ISIC 2019/BCC/ISIC_0059393.jpg,기저세포암,1,isic2019,train
data/ISIC 2019/AK/ISIC_0030877.jpg,광선각화증,0,isic2019,train
data/ISIC 2019/BKL/ISIC_0070618.jpg,지루각화증,7,isic2019,train
data/ISIC 2019/MEL/ISIC_0014331_downsampled.jpg,악성흑색종,6,isic2019,train
data/ISIC 2019/MEL/ISIC_0058649.jpg,악성흑색종,6,isic2019,train
data/ISIC 2019/NV/ISIC_0072016.jpg,멜라닌세포모반,2,isic2019,train
data/ISIC 2019/DF/ISIC_0027188.jpg,피부섬유종,10,isic2019,train
data/ISIC 2019/NV/ISIC_0073212.jpg,멜라닌세포모반,2,isic2019,train
data/ISIC 2019/MEL/ISIC_0032244.jpg,악성흑색종,6,isic2019,train
data/ISIC 2019/NV/ISIC_0025048.jpg,멜라닌세포모반,2,isic2019,train
data/ISIC 2019/BKL/ISIC_0063368.jpg,지루각화증,7,isic2019,train
data/ISIC 2019/BCC/ISIC_0068231.jpg,기저세포암,1,isic2019,train
data/ISIC 2019/MEL/ISIC_0069624.jpg,악성흑색종,6,isic2019,train
data/ISIC 2019/BCC/ISIC_0062082.jpg,기저세포암,1,isic2019,train
data/ISIC 2019/NV/ISIC_0013311_downsampled.jpg,멜라닌세포모반,2,isic2019,train
data/ISIC 2019/AK/ISIC_0024468.jpg,광선각화증,0,isic2019,train
data/ISIC 2019/BCC/ISIC_0030335.jpg,기저세포암,1,isic2019,train
data/ISIC 2019/NV/ISIC_0025279.jpg,멜라닌세포모반,2,isic2019,train
data/ISIC 2019/BCC/ISIC_0028670.jpg,기저세포암,1,isic2019,train
data/ISIC 2019/BKL/ISIC_0063163.jpg,지루각화증,7,isic2019,train
data/ISIC 2019/AK/ISIC_0065150.jpg,광선각화증,0,isic2019,train
data/ISIC 2019/BKL/ISIC_0060361.jpg,지루각화증,7,isic2019,train
data/ISIC 2019/MEL/ISIC_0030486.jpg,악성흑색종,6,isic2019,train
data/ISIC 2019/MEL/ISIC_0053644.jpg,악성흑색종,6,isic2019,train
data/ISIC 2019/BCC/ISIC_0071385.jpg,기저세포암,1,isic2019,train
data/ISIC 2019/MEL/ISIC_0068477.jpg,악성흑색종,6,isic2019,train
data/ISIC 2019/NV/ISIC_0033982.jpg,멜라닌세포모반,2,isic2019,train
data/ISIC 2019/MEL/ISIC_0062517.jpg,악성흑색종,6,isic2019,train
data/ISIC 2019/BCC/ISIC_0030778.jpg,기저세포암,1,isic2019,train
data/ISIC 2019/BKL/ISIC_0031707.jpg,지루각화증,7,isic2019,train
data/ISIC 2019/NV/ISIC_0000121_downsampled.jpg,멜라닌세포모반,2,isic2019,train
data/ISIC 2019/MEL/ISIC_0058999.jpg,악성흑색종,6,isic2019,train
data/ISIC 2019/AK/ISIC_0067218.jpg,광선각화증,0,isic2019,train
data/ISIC 2019/MEL/ISIC_0066109.jpg,악성흑색종,6,isic2019,train
data/ISIC 2019/BCC/ISIC_0070735.jpg,기저세포암,1,isic2019,train
data/ISIC 2019/AK/ISIC_0064196.jpg,광선각화증,0,isic2019,train
data/ISIC 2019/AK/ISIC_0028820.jpg,광선각화증,0,isic2019,train
data/ISIC 2019/BKL/ISIC_0064793.jpg,지루각화증,7,isic2019,train
data/ISIC 2019/BKL/ISIC_0067408.jpg,지루각화증,7,isic2019,train
data/ISIC 2019/MEL/ISIC_0064503.jpg,악성흑색종,6,isic2019,train
data/ISIC 2019/VASC/ISIC_0061276.jpg,혈관종,12,isic2019,train
data/ISIC 2019/AK/ISIC_0027950.jpg,광선각화증,0,isic2019,train
data/ISIC 2019/NV/ISIC_0071691.jpg,멜라닌세포모반,2,isic2019,train
data/ISIC 2019/BKL/ISIC_0031465.jpg,지루각화증,7,isic2019,train
data/ISIC 2019/NV/ISIC_0071796.jpg,멜라닌세포모반,2,isic2019,train
data/ISIC 2019/MEL/ISIC_0054289.jpg,악성흑색종,6,isic2019,train
data/ISIC 2019/BCC/ISIC_0068260.jpg,기저세포암,1,isic2019,train
data/ISIC 2019/MEL/ISIC_0009992.jpg,악성흑색종,6,isic2019,train
data/ISIC 2019/NV/ISIC_0027398.jpg,멜라닌세포모반,2,isic2019,train
data/ISIC 2019/BKL/ISIC_0029206.jpg,지루각화증,7,isic2019,train
data/ISIC 2019/MEL/ISIC_0056625.jpg,악성흑색종,6,isic2019,train
data/ISIC 2019/MEL/ISIC_0071778.jpg,악성흑색종,6,isic2019,train
data/ISIC 2019/BCC/ISIC_0024461.jpg,기저세포암,1,isic2019,train
data/ISIC 2019/NV/ISIC_0024501.jpg,멜라닌세포모반,2,isic2019,train
data/ISIC 2019/SCC/ISIC_0030387.jpg,편평세포암,8,isic2019,train
data/ISIC 2019/BKL/ISIC_0033693.jpg,지루각화증,7,isic2019,train
data/ISIC 2019/NV/ISIC_0030043.jpg,멜라닌세포모반,2,isic2019,train
data/ISIC 2019/NV/ISIC_0025734.jpg,멜라닌세포모반,2,isic2019,train
data/ISIC 2019/AK/ISIC_0056159.jpg,광선각화증,0,isic2019,train
data/ISIC 2019/NV/ISIC_0027134.jpg,멜라닌세포모반,2,isic2019,train
data/ISIC 2019/MEL/ISIC_0032597.jpg,악성흑색종,6,isic2019,train
data/ISIC 2019/BKL/ISIC_0026042.jpg,지루각화증,7,isic2019,train
data/ISIC 2019/BKL/ISIC_0029102.jpg,지루각화증,7,isic2019,train
data/ISIC 2019/BCC/ISIC_0070873.jpg,기저세포암,1,isic2019,train
data/ISIC 2019/AK/ISIC_0063068.jpg,광선각화증,0,isic2019,train
data/ISIC 2019/BKL/ISIC_0061089.jpg,지루각화증,7,isic2019,train
data/ISIC 2019/NV/ISIC_0012683_downsampled.jpg,멜라닌세포모반,2,isic2019,train
data/ISIC 2019/NV/ISIC_0066153.jpg,멜라닌세포모반,2,isic2019,train
data/ISIC 2019/BCC/ISIC_0056498.jpg,기저세포암,1,isic2019,train
data/ISIC 2019/BKL/ISIC_0033783.jpg,지루각화증,7,isic2019,train
data/ISIC 2019/NV/ISIC_0034054.jpg,멜라닌세포모반,2,isic2019,train
data/ISIC 2019/MEL/ISIC_0025316.jpg,악성흑색종,6,isic2019,train
data/ISIC 2019/BCC/ISIC_0059149.jpg,기저세포암,1,isic2019,train
data/ISIC 2019/NV/ISIC_0034319.jpg,멜라닌세포모반,2,isic2019,train
data/ISIC 2019/AK/ISIC_0072205.jpg,광선각화증,0,isic2019,train
data/ISIC 2019/AK/ISIC_0033456.jpg,광선각화증,0,isic2019,train
data/ISIC 2019/NV/ISIC_0064616.jpg,멜라닌세포모반,2,isic2019,train
data/ISIC 2019/BCC/ISIC_0057308.jpg,기저세포암,1,isic2019,train
data/ISIC 2019/NV/ISIC_0024342.jpg,멜라닌세포모반,2,isic2019,train
data/ISIC 2019/BKL/ISIC_0026961.jpg,지루각화증,7,isic2019,train
data/ISIC 2019/BKL/ISIC_0072357.jpg,지루각화증,7,isic2019,train
data/ISIC 2019/NV/ISIC_0062578.jpg,멜라닌세포모반,2,isic2019,train
data/ISIC 2019/AK/ISIC_0057458.jpg,광선각화증,0,isic2019,train
data/ISIC 2019/MEL/ISIC_0065156.jpg,악성흑색종,6,isic2019,train
data/ISIC 2019/AK/ISIC_0028314.jpg,광선각화증,0,isic2019,train
data/ISIC 2019/MEL/ISIC_0053734.jpg,악성흑색종,6,isic2019,train
data/ISIC 2019/MEL/ISIC_0067979.jpg,악성흑색종,6,isic2019,train
data/ISIC 2019/BKL/ISIC_0062411.jpg,지루각화증,7,isic2019,train
data/ISIC 2019/NV/ISIC_0054800.jpg,멜라닌세포모반,2,isic2019,train
data/ISIC 2019/BKL/ISIC_0012492_downsampled.jpg,지루각화증,7,isic2019,train
data/ISIC 2019/NV/ISIC_0024399.jpg,멜라닌세포모반,2,isic2019,train
data/ISIC 2019/BKL/ISIC_0062949.jpg,지루각화증,7,isic2019,train
data/ISIC 2019/NV/ISIC_0025295.jpg,멜라닌세포모반,2,isic2019,train
data/ISIC 2019/MEL/ISIC_0029859.jpg,악성흑색종,6,isic2019,train
data/ISIC 2019/BCC/ISIC_0027365.jpg,기저세포암,1,isic2019,train
data/ISIC 2019/MEL/ISIC_0064934.jpg,악성흑색종,6,isic2019,train
data/ISIC 2019/MEL/ISIC_0060390.jpg,악성흑색종,6,isic2019,train
data/ISIC 2019/BCC/ISIC_0073023.jpg,기저세포암,1,isic2019,train
data/ISIC 2019/AK/ISIC_0067113.jpg,광선각화증,0,isic2019,train
data/ISIC 2019/BKL/ISIC_0024881.jpg,지루각화증,7,isic2019,train
data/ISIC 2019/MEL/ISIC_0055550.jpg,악성흑색종,6,isic2019,train
data/ISIC 2019/MEL/ISIC_0061575.jpg,악성흑색종,6,isic2019,train
data/ISIC 2019/AK/ISIC_0069904.jpg,광선각화증,0,isic2019,train
data/ISIC 2019/BKL/ISIC_0033900.jpg,지루각화증,7,isic2019,train
data/ISIC 2019/AK/ISIC_0066391.jpg,광선각화증,0,isic2019,train
data/ISIC 2019/BCC/ISIC_0057029.jpg,기저세포암,1,isic2019,train
data/ISIC 2019/SCC/ISIC_0064143.jpg,편평세포암,8,isic2019,train
data/ISIC 2019/NV/ISIC_0058333.jpg,멜라닌세포모반,2,isic2019,train
data/ISIC 2019/NV/ISIC_0066314.jpg,멜라닌세포모반,2,isic2019,train
data/ISIC 2019/MEL/ISIC_0064134.jpg,악성흑색종,6,isic2019,train
data/ISIC 2019/SCC/ISIC_0057041.jpg,편평세포암,8,isic2019,train
data/ISIC 2019/BCC/ISIC_0069909.jpg,기저세포암,1,isic2019,train
data/ISIC 2019/AK/ISIC_0054689.jpg,광선각화증,0,isic2019,train
data/ISIC 2019/SCC/ISIC_0065343.jpg,편평세포암,8,isic2019,train
data/ISIC 2019/BKL/ISIC_0056711.jpg,지루각화증,7,isic2019,train
data/ISIC 2019/BCC/ISIC_0059106.jpg,기저세포암,1,isic2019,train
data/ISIC 2019/BKL/ISIC_0024358.jpg,지루각화증,7,isic2019,train
data/ISIC 2019/NV/ISIC_0030351.jpg,멜라닌세포모반,2,isic2019,train
data/ISIC 2019/BKL/ISIC_0014711_downsampled.jpg,지루각화증,7,isic2019,train
data/ISIC 2019/BCC/ISIC_0067991.jpg,기저세포암,1,isic2019,train
data/ISIC 2019/BCC/ISIC_0061436.jpg,기저세포암,1,isic2019,train
data/ISIC 2019/MEL/ISIC_0028003.jpg,악성흑색종,6,isic2019,train
data/ISIC 2019/MEL/ISIC_0053594.jpg,악성흑색종,6,isic2019,train
data/ISIC 2019/NV/ISIC_0068171.jpg,멜라닌세포모반,2,isic2019,train
data/ISIC 2019/BCC/ISIC_0064018.jpg,기저세포암,1,isic2019,train
data/ISIC 2019/MEL/ISIC_0055907.jpg,악성흑색종,6,isic2019,train
data/ISIC 2019/MEL/ISIC_0070447.jpg,악성흑색종,6,isic2019,train
data/ISIC 2019/AK/ISIC_0069759.jpg,광선각화증,0,isic2019,train
data/ISIC 2019/BKL/ISIC_0063740.jpg,지루각화증,7,isic2019,train
data/ISIC 2019/NV/ISIC_0061546.jpg,멜라닌세포모반,2,isic2019,train
data/ISIC 2019/BCC/ISIC_0055629.jpg,기저세포암,1,isic2019,train
data/ISIC 2019/BKL/ISIC_0026955.jpg,지루각화증,7,isic2019,train
data/ISIC 2019/BKL/ISIC_0024676.jpg,지루각화증,7,isic2019,train
data/ISIC 2019/MEL/ISIC_0059948.jpg,악성흑색종,6,isic2019,train
data/ISIC 2019/BKL/ISIC_0056519.jpg,지루각화증,7,isic2019,train
data/ISIC 2019/BKL/ISIC_0070082.jpg,지루각화증,7,isic2019,train
data/ISIC 2019/NV/ISIC_0025020.jpg,멜라닌세포모반,2,isic2019,train
data/ISIC 2019/MEL/ISIC_0071806.jpg,악성흑색종,6,isic2019,train
data/ISIC 2019/BKL/ISIC_0015181_downsampled.jpg,지루각화증,7,isic2019,train
data/ISIC 2019/BCC/ISIC_0066701.jpg,기저세포암,1,isic2019,train
data/ISIC 2019/MEL/ISIC_0069254.jpg,악성흑색종,6,isic2019,train
data/ISIC 2019/MEL/ISIC_0024823.jpg,악성흑색종,6,isic2019,train
data/ISIC 2019/BKL/ISIC_0028662.jpg,지루각화증,7,isic2019,train
data/ISIC 2019/DF/ISIC_0026471.jpg,피부섬유종,10,isic2019,train
data/ISIC 2019/DF/ISIC_0069653.jpg,피부섬유종,10,isic2019,train
data/ISIC 2019/BCC/ISIC_0071757.jpg,기저세포암,1,isic2019,train
data/ISIC 2019/NV/ISIC_0028667.jpg,멜라닌세포모반,2,isic2019,train
data/ISIC 2019/NV/ISIC_0026999.jpg,멜라닌세포모반,2,isic2019,train
data/ISIC 2019/NV/ISIC_0031075.jpg,멜라닌세포모반,2,isic2019,train
data/ISIC 2019/BCC/ISIC_0057057.jpg,기저세포암,1,isic2019,train
data/ISIC 2019/MEL/ISIC_0054043.jpg,악성흑색종,6,isic2019,train
data/ISIC 2019/MEL/ISIC_0058075.jpg,악성흑색종,6,isic2019,train
data/ISIC 2019/BKL/ISIC_0067136.jpg,지루각화증,7,isic2019,train
data/ISIC 2019/BKL/ISIC_0033620.jpg,지루각화증,7,isic2019,train
data/ISIC 2019/MEL/ISIC_0065921.jpg,악성흑색종,6,isic2019,train
data/ISIC 2019/BKL/ISIC_0026046.jpg,지루각화증,7,isic2019,train
data/ISIC 2019/BKL/ISIC_0030258.jpg,지루각화증,7,isic2019,train
data/ISIC 2019/BCC/ISIC_0054605.jpg,기저세포암,1,isic2019,train
data/ISIC 2019/NV/ISIC_0054600.jpg,멜라닌세포모반,2,isic2019,train
data/ISIC 2019/NV/ISIC_0028703.jpg,멜라닌세포모반,2,isic2019,train
data/ISIC 2019/BKL/ISIC_0014624_downsampled.jpg,지루각화증,7,isic2019,train
data/ISIC 2019/BCC/ISIC_0031175.jpg,기저세포암,1,isic2019,train
data/ISIC 2019/MEL/ISIC_0057963.jpg,악성흑색종,6,isic2019,train
data/ISIC 2019/BKL/ISIC_0062379.jpg,지루각화증,7,isic2019,train
data/ISIC 2019/MEL/ISIC_0053699.jpg,악성흑색종,6,isic2019,train
data/ISIC 2019/BKL/ISIC_0013160_downsampled.jpg,지루각화증,7,isic2019,train
data/ISIC 2019/BCC/ISIC_0063352.jpg,기저세포암,1,isic2019,train
data/ISIC 2019/AK/ISIC_0067632.jpg,광선각화증,0,isic2019,train
data/ISIC 2019/AK/ISIC_0061044.jpg,광선각화증,0,isic2019,train
data/ISIC 2019/NV/ISIC_0027766.jpg,멜라닌세포모반,2,isic2019,train
data/ISIC 2019/BKL/ISIC_0030988.jpg,지루각화증,7,isic2019,train
data/ISIC 2019/BCC/ISIC_0056950.jpg,기저세포암,1,isic2019,train
data/ISIC 2019/NV/ISIC_0016043_downsampled.jpg,멜라닌세포모반,2,isic2019,train
data/ISIC 2019/AK/ISIC_0033866.jpg,광선각화증,0,isic2019,train
data/ISIC 2019/MEL/ISIC_0013626_downsampled.jpg,악성흑색종,6,isic2019,train
data/ISIC 2019/AK/ISIC_0060807.jpg,광선각화증,0,isic2019,train
data/ISIC 2019/SCC/ISIC_0059835.jpg,편평세포암,8,isic2019,train
data/ISIC 2019/MEL/ISIC_0064060.jpg,악성흑색종,6,isic2019,train
data/ISIC 2019/BKL/ISIC_0067496.jpg,지루각화증,7,isic2019,train
data/ISIC 2019/BKL/ISIC_0014585_downsampled.jpg,지루각화증,7,isic2019,train
data/ISIC 2019/BCC/ISIC_0027425.jpg,기저세포암,1,isic2019,train
data/ISIC 2019/NV/ISIC_0064166.jpg,멜라닌세포모반,2,isic2019,train
data/ISIC 2019/SCC/ISIC_0067081.jpg,편평세포암,8,isic2019,train
data/ISIC 2019/BCC/ISIC_0025513.jpg,기저세포암,1,isic2019,train
data/ISIC 2019/NV/ISIC_0067397.jpg,멜라닌세포모반,2,isic2019,train
data/ISIC 2019/BCC/ISIC_0057979.jpg,기저세포암,1,isic2019,train
data/ISIC 2019/BCC/ISIC_0054390.jpg,기저세포암,1,isic2019,train
data/ISIC 2019/BKL/ISIC_0069145.jpg,지루각화증,7,isic2019,train
data/ISIC 2019/BKL/ISIC_0032567.jpg,지루각화증,7,isic2019,train
data/ISIC 2019/MEL/ISIC_0055701.jpg,악성흑색종,6,isic2019,train
data/ISIC 2019/BCC/ISIC_0055418.jpg,기저세포암,1,isic2019,train
data/ISIC 2019/BCC/ISIC_0034026.jpg,기저세포암,1,isic2019,train
data/ISIC 2019/BKL/ISIC_0012998.jpg,지루각화증,7,isic2019,train
data/ISIC 2019/MEL/ISIC_0064463.jpg,악성흑색종,6,isic2019,train
data/ISIC 2019/AK/ISIC_0024913.jpg,광선각화증,0,isic2019,train
data/ISIC 2019/NV/ISIC_0065255.jpg,멜라닌세포모반,2,isic2019,train
data/ISIC 2019/MEL/ISIC_0030238.jpg,악성흑색종,6,isic2019,train
data/ISIC 2019/BCC/ISIC_0067106.jpg,기저세포암,1,isic2019,train
data/ISIC 2019/BCC/ISIC_0034306.jpg,기저세포암,1,isic2019,train
data/ISIC 2019/MEL/ISIC_0072330.jpg,악성흑색종,6,isic2019,train
data/ISIC 2019/NV/ISIC_0015627_downsampled.jpg,멜라닌세포모반,2,isic2019,train
data/ISIC 2019/BCC/ISIC_0026829.jpg,기저세포암,1,isic2019,train
data/ISIC 2019/MEL/ISIC_0061078.jpg,악성흑색종,6,isic2019,train
data/ISIC 2019/BCC/ISIC_0062399.jpg,기저세포암,1,isic2019,train
data/ISIC 2019/BKL/ISIC_0033509.jpg,지루각화증,7,isic2019,train
data/ISIC 2019/MEL/ISIC_0060326.jpg,악성흑색종,6,isic2019,train
data/ISIC 2019/NV/ISIC_0057017.jpg,멜라닌세포모반,2,isic2019,train
data/ISIC 2019/BCC/ISIC_0066965.jpg,기저세포암,1,isic2019,train
data/ISIC 2019/SCC/ISIC_0060353.jpg,편평세포암,8,isic2019,train
data/ISIC 2019/BKL/ISIC_0025937.jpg,지루각화증,7,isic2019,train
data/ISIC 2019/BKL/ISIC_0065153.jpg,지루각화증,7,isic2019,train
data/ISIC 2019/BCC/ISIC_0053913.jpg,기저세포암,1,isic2019,train
data/ISIC 2019/BCC/ISIC_0071053.jpg,기저세포암,1,isic2019,train
data/ISIC 2019/BCC/ISIC_0066901.jpg,기저세포암,1,isic2019,train
data/ISIC 2019/NV/ISIC_0014682_downsampled.jpg,멜라닌세포모반,2,isic2019,train
data/ISIC 2019/BCC/ISIC_0062683.jpg,기저세포암,1,isic2019,train
data/ISIC 2019/BKL/ISIC_0069016.jpg,지루각화증,7,isic2019,train
data/ISIC 2019/MEL/ISIC_0063087.jpg,악성흑색종,6,isic2019,train
data/ISIC 2019/SCC/ISIC_0063217.jpg,편평세포암,8,isic2019,train
data/ISIC 2019/BKL/ISIC_0027527.jpg,지루각화증,7,isic2019,train
data/ISIC 2019/NV/ISIC_0025579.jpg,멜라닌세포모반,2,isic2019,train
data/ISIC 2019/SCC/ISIC_0030827.jpg,편평세포암,8,isic2019,train
data/ISIC 2019/MEL/ISIC_0012930_downsampled.jpg,악성흑색종,6,isic2019,train
data/ISIC 2019/BKL/ISIC_0014641_downsampled.jpg,지루각화증,7,isic2019,train
data/ISIC 2019/BKL/ISIC_0032325.jpg,지루각화증,7,isic2019,train
data/ISIC 2019/NV/ISIC_0053918.jpg,멜라닌세포모반,2,isic2019,train
data/ISIC 2019/BCC/ISIC_0070264.jpg,기저세포암,1,isic2019,train
data/ISIC 2019/BCC/ISIC_0029192.jpg,기저세포암,1,isic2019,train
data/ISIC 2019/DF/ISIC_0028880.jpg,피부섬유종,10,isic2019,train
data/ISIC 2019/MEL/ISIC_0067488.jpg,악성흑색종,6,isic2019,train
data/ISIC 2019/AK/ISIC_0067266.jpg,광선각화증,0,isic2019,train
data/ISIC 2019/AK/ISIC_0072018.jpg,광선각화증,0,isic2019,train
data/ISIC 2019/MEL/ISIC_0053611.jpg,악성흑색종,6,isic2019,train
data/ISIC 2019/BKL/ISIC_0065259.jpg,지루각화증,7,isic2019,train
data/ISIC 2019/BKL/ISIC_0031888.jpg,지루각화증,7,isic2019,train
data/ISIC 2019/BCC/ISIC_0071188.jpg,기저세포암,1,isic2019,train
data/ISIC 2019/DF/ISIC_0030555.jpg,피부섬유종,10,isic2019,train
data/ISIC 2019/BKL/ISIC_0032618.jpg,지루각화증,7,isic2019,train
data/ISIC 2019/NV/ISIC_0069330.jpg,멜라닌세포모반,2,isic2019,train
data/ISIC 2019/SCC/ISIC_0068997.jpg,편평세포암,8,isic2019,train
data/ISIC 2019/MEL/ISIC_0064910.jpg,악성흑색종,6,isic2019,train
data/ISIC 2019/BCC/ISIC_0029035.jpg,기저세포암,1,isic2019,train
data/ISIC 2019/BKL/ISIC_0028792.jpg,지루각화증,7,isic2019,train
data/ISIC 2019/BCC/ISIC_0067910.jpg,기저세포암,1,isic2019,train
data/ISIC 2019/BCC/ISIC_0061100.jpg,기저세포암,1,isic2019,train
data/ISIC 2019/VASC/ISIC_0025599.jpg,혈관종,12,isic2019,train
data/ISIC 2019/SCC/ISIC_0061099.jpg,편평세포암,8,isic2019,train
data/ISIC 2019/BCC/ISIC_0065790.jpg,기저세포암,1,isic2019,train
data/ISIC 2019/MEL/ISIC_0068554.jpg,악성흑색종,6,isic2019,train
data/ISIC 2019/NV/ISIC_0029948.jpg,멜라닌세포모반,2,isic2019,train
data/ISIC 2019/BKL/ISIC_0014410_downsampled.jpg,지루각화증,7,isic2019,train
data/ISIC 2019/BCC/ISIC_0032777.jpg,기저세포암,1,isic2019,train
data/ISIC 2019/BKL/ISIC_0053889.jpg,지루각화증,7,isic2019,train
data/ISIC 2019/NV/ISIC_0032814.jpg,멜라닌세포모반,2,isic2019,train
data/ISIC 2019/BKL/ISIC_0030458.jpg,지루각화증,7,isic2019,train
data/ISIC 2019/NV/ISIC_0010857.jpg,멜라닌세포모반,2,isic2019,train
data/ISIC 2019/BCC/ISIC_0063205.jpg,기저세포암,1,isic2019,train
data/ISIC 2019/SCC/ISIC_0031043.jpg,편평세포암,8,isic2019,train
data/ISIC 2019/NV/ISIC_0026613.jpg,멜라닌세포모반,2,isic2019,train
data/ISIC 2019/BCC/ISIC_0067380.jpg,기저세포암,1,isic2019,train
data/ISIC 2019/BKL/ISIC_0012330_downsampled.jpg,지루각화증,7,isic2019,train
data/ISIC 2019/MEL/ISIC_0061052.jpg,악성흑색종,6,isic2019,train
data/ISIC 2019/NV/ISIC_0029850.jpg,멜라닌세포모반,2,isic2019,train
data/ISIC 2019/BKL/ISIC_0028607.jpg,지루각화증,7,isic2019,train
data/ISIC 2019/BCC/ISIC_0066340.jpg,기저세포암,1,isic2019,train
data/ISIC 2019/MEL/ISIC_0032046.jpg,악성흑색종,6,isic2019,train
data/ISIC 2019/NV/ISIC_0010606.jpg,멜라닌세포모반,2,isic2019,train
data/ISIC 2019/NV/ISIC_0013274_downsampled.jpg,멜라닌세포모반,2,isic2019,train
data/ISIC 2019/MEL/ISIC_0069029.jpg,악성흑색종,6,isic2019,train
data/ISIC 2019/BKL/ISIC_0055256.jpg,지루각화증,7,isic2019,train
data/ISIC 2019/NV/ISIC_0069239.jpg,멜라닌세포모반,2,isic2019,train
data/ISIC 2019/NV/ISIC_0013712_downsampled.jpg,멜라닌세포모반,2,isic2019,train
data/ISIC 2019/BCC/ISIC_0058806.jpg,기저세포암,1,isic2019,train
data/ISIC 2019/BKL/ISIC_0069327.jpg,지루각화증,7,isic2019,train
data/ISIC 2019/NV/ISIC_0065640.jpg,멜라닌세포모반,2,isic2019,train
data/ISIC 2019/NV/ISIC_0014785_downsampled.jpg,멜라닌세포모반,2,isic2019,train
data/ISIC 2019/BCC/ISIC_0072818.jpg,기저세포암,1,isic2019,train
data/ISIC 2019/BKL/ISIC_0010491.jpg,지루각화증,7,isic2019,train
data/ISIC 2019/NV/ISIC_0055139.jpg,멜라닌세포모반,2,isic2019,train
data/ISIC 2019/BCC/ISIC_0055882.jpg,기저세포암,1,isic2019,train
data/ISIC 2019/NV/ISIC_0030839.jpg,멜라닌세포모반,2,isic2019,train
data/ISIC 2019/BCC/ISIC_0062956.jpg,기저세포암,1,isic2019,train
data/ISIC 2019/NV/ISIC_0026946.jpg,멜라닌세포모반,2,isic2019,train
data/ISIC 2019/MEL/ISIC_0013740_downsampled.jpg,악성흑색종,6,isic2019,train
data/ISIC 2019/MEL/ISIC_0033704.jpg,악성흑색종,6,isic2019,train
data/ISIC 2019/MEL/ISIC_0072748.jpg,악성흑색종,6,isic2019,train
data/ISIC 2019/MEL/ISIC_0065210.jpg,악성흑색종,6,isic2019,train
data/ISIC 2019/BCC/ISIC_0060637.jpg,기저세포암,1,isic2019,train
data/ISIC 2019/BCC/ISIC_0066337.jpg,기저세포암,1,isic2019,train
data/ISIC 2019/MEL/ISIC_0058599.jpg,악성흑색종,6,isic2019,train
data/ISIC 2019/BKL/ISIC_0071380.jpg,지루각화증,7,isic2019,train
data/ISIC 2019/MEL/ISIC_0067667.jpg,악성흑색종,6,isic2019,train
data/ISIC 2019/MEL/ISIC_0071713.jpg,악성흑색종,6,isic2019,train
data/ISIC 2019/BKL/ISIC_0014575_downsampled.jpg,지루각화증,7,isic2019,train
data/ISIC 2019/NV/ISIC_0028588.jpg,멜라닌세포모반,2,isic2019,train
data/ISIC 2019/BCC/ISIC_0055855.jpg,기저세포암,1,isic2019,train
data/ISIC 2019/BKL/ISIC_0024408.jpg,지루각화증,7,isic2019,train
data/ISIC 2019/BCC/ISIC_0061437.jpg,기저세포암,1,isic2019,train
data/ISIC 2019/VASC/ISIC_0067807.jpg,혈관종,12,isic2019,train
data/ISIC 2019/MEL/ISIC_0031746.jpg,악성흑색종,6,isic2019,train
data/ISIC 2019/AK/ISIC_0060055.jpg,광선각화증,0,isic2019,train
data/ISIC 2019/NV/ISIC_0070736.jpg,멜라닌세포모반,2,isic2019,train
data/ISIC 2019/BKL/ISIC_0033235.jpg,지루각화증,7,isic2019,train
data/ISIC 2019/MEL/ISIC_0025832.jpg,악성흑색종,6,isic2019,train
data/ISIC 2019/BCC/ISIC_0066148.jpg,기저세포암,1,isic2019,train
data/ISIC 2019/BKL/ISIC_0026262.jpg,지루각화증,7,isic2019,train
data/ISIC 2019/AK/ISIC_0031381.jpg,광선각화증,0,isic2019,train
data/ISIC 2019/BCC/ISIC_0060003.jpg,기저세포암,1,isic2019,train
data/ISIC 2019/NV/ISIC_0029732.jpg,멜라닌세포모반,2,isic2019,train
data/ISIC 2019/BCC/ISIC_0030644.jpg,기저세포암,1,isic2019,train
data/ISIC 2019/AK/ISIC_0063178.jpg,광선각화증,0,isic2019,train
data/ISIC 2019/NV/ISIC_0029690.jpg,멜라닌세포모반,2,isic2019,train
data/ISIC 2019/BCC/ISIC_0057705.jpg,기저세포암,1,isic2019,train
data/ISIC 2019/BCC/ISIC_0061738.jpg,기저세포암,1,isic2019,train
data/ISIC 2019/BCC/ISIC_0072851.jpg,기저세포암,1,isic2019,train
data/ISIC 2019/BKL/ISIC_0058821.jpg,지루각화증,7,isic2019,train
data/ISIC 2019/MEL/ISIC_0014082_downsampled.jpg,악성흑색종,6,isic2019,train
data/ISIC 2019/VASC/ISIC_0029608.jpg,혈관종,12,isic2019,train
data/ISIC 2019/SCC/ISIC_0067122.jpg,편평세포암,8,isic2019,train
data/ISIC 2019/BKL/ISIC_0032983.jpg,지루각화증,7,isic2019,train
data/ISIC 2019/MEL/ISIC_0032975.jpg,악성흑색종,6,isic2019,train
data/ISIC 2019/BKL/ISIC_0026631.jpg,지루각화증,7,isic2019,train
data/ISIC 2019/SCC/ISIC_0028763.jpg,편평세포암,8,isic2019,train
data/ISIC 2019/BCC/ISIC_0064354.jpg,기저세포암,1,isic2019,train
data/ISIC 2019/NV/ISIC_0034192.jpg,멜라닌세포모반,2,isic2019,train
data/ISIC 2019/NV/ISIC_0027682.jpg,멜라닌세포모반,2,isic2019,train
data/ISIC 2019/MEL/ISIC_0068396.jpg,악성흑색종,6,isic2019,train
data/ISIC 2019/BCC/ISIC_0072857.jpg,기저세포암,1,isic2019,train
data/ISIC 2019/NV/ISIC_0031268.jpg,멜라닌세포모반,2,isic2019,train
data/ISIC 2019/BKL/ISIC_0029897.jpg,지루각화증,7,isic2019,train
data/ISIC 2019/NV/ISIC_0068712.jpg,멜라닌세포모반,2,isic2019,train
data/ISIC 2019/NV/ISIC_0071564.jpg,멜라닌세포모반,2,isic2019,train
data/ISIC 2019/AK/ISIC_0071500.jpg,광선각화증,0,isic2019,train
data/ISIC 2019/BCC/ISIC_0026321.jpg,기저세포암,1,isic2019,train
data/ISIC 2019/VASC/ISIC_0062653.jpg,혈관종,12,isic2019,train
data/ISIC 2019/MEL/ISIC_0033042.jpg,악성흑색종,6,isic2019,train
data/ISIC 2019/BKL/ISIC_0026849.jpg,지루각화증,7,isic2019,train
data/ISIC 2019/NV/ISIC_0062320.jpg,멜라닌세포모반,2,isic2019,train
data/ISIC 2019/NV/ISIC_0057648.jpg,멜라닌세포모반,2,isic2019,train
data/ISIC 2019/VASC/ISIC_0024662.jpg,혈관종,12,isic2019,train
data/ISIC 2019/NV/ISIC_0029786.jpg,멜라닌세포모반,2,isic2019,train
data/ISIC 2019/BKL/ISIC_0062807.jpg,지루각화증,7,isic2019,train
data/ISIC 2019/BKL/ISIC_0013270_downsampled.jpg,지루각화증,7,isic2019,train
data/ISIC 2019/AK/ISIC_0057638.jpg,광선각화증,0,isic2019,train
data/ISIC 2019/BCC/ISIC_0057288.jpg,기저세포암,1,isic2019,train
data/ISIC 2019/BKL/ISIC_0026248.jpg,지루각화증,7,isic2019,train
data/ISIC 2019/BKL/ISIC_0026443.jpg,지루각화증,7,isic2019,train
data/ISIC 2019/NV/ISIC_0071195.jpg,멜라닌세포모반,2,isic2019,train
data/ISIC 2019/BCC/ISIC_0060285.jpg,기저세포암,1,isic2019,train
data/ISIC 2019/NV/ISIC_0072537.jpg,멜라닌세포모반,2,isic2019,train
data/ISIC 2019/BKL/ISIC_0025376.jpg,지루각화증,7,isic2019,train
data/ISIC 2019/MEL/ISIC_0057978.jpg,악성흑색종,6,isic2019,train
data/ISIC 2019/MEL/ISIC_0071193.jpg,악성흑색종,6,isic2019,train
data/ISIC 2019/BCC/ISIC_0057088.jpg,기저세포암,1,isic2019,train
data/ISIC 2019/BKL/ISIC_0027344.jpg,지루각화증,7,isic2019,train
data/ISIC 2019/MEL/ISIC_0000031_downsampled.jpg,악성흑색종,6,isic2019,train
data/ISIC 2019/BKL/ISIC_0014607_downsampled.jpg,지루각화증,7,isic2019,train
data/ISIC 2019/NV/ISIC_0024854.jpg,멜라닌세포모반,2,isic2019,train
data/ISIC 2019/MEL/ISIC_0070778.jpg,악성흑색종,6,isic2019,train
data/ISIC 2019/NV/ISIC_0054483.jpg,멜라닌세포모반,2,isic2019,train
data/ISIC 2019/BCC/ISIC_0072105.jpg,기저세포암,1,isic2019,train
data/ISIC 2019/MEL/ISIC_0063153.jpg,악성흑색종,6,isic2019,train
data/ISIC 2019/DF/ISIC_0054702.jpg,피부섬유종,10,isic2019,train
data/ISIC 2019/AK/ISIC_0027615.jpg,광선각화증,0,isic2019,train
data/ISIC 2019/BCC/ISIC_0060298.jpg,기저세포암,1,isic2019,train
data/ISIC 2019/SCC/ISIC_0032371.jpg,편평세포암,8,isic2019,train
data/ISIC 2019/NV/ISIC_0056466.jpg,멜라닌세포모반,2,isic2019,train
data/ISIC 2019/BCC/ISIC_0062657.jpg,기저세포암,1,isic2019,train
data/ISIC 2019/MEL/ISIC_0072568.jpg,악성흑색종,6,isic2019,train
data/ISIC 2019/BCC/ISIC_0072877.jpg,기저세포암,1,isic2019,train
data/ISIC 2019/BCC/ISIC_0072616.jpg,기저세포암,1,isic2019,train
data/ISIC 2019/MEL/ISIC_0055453.jpg,악성흑색종,6,isic2019,train
data/ISIC 2019/MEL/ISIC_0054355.jpg,악성흑색종,6,isic2019,train
data/ISIC 2019/NV/ISIC_0057283.jpg,멜라닌세포모반,2,isic2019,train
data/ISIC 2019/NV/ISIC_0033435.jpg,멜라닌세포모반,2,isic2019,train
data/ISIC 2019/BCC/ISIC_0064450.jpg,기저세포암,1,isic2019,train
data/ISIC 2019/NV/ISIC_0014441_downsampled.jpg,멜라닌세포모반,2,isic2019,train
data/ISIC 2019/MEL/ISIC_0031499.jpg,악성흑색종,6,isic2019,train
data/ISIC 2019/MEL/ISIC_0062208.jpg,악성흑색종,6,isic2019,train
data/ISIC 2019/MEL/ISIC_0056226.jpg,악성흑색종,6,isic2019,train
data/ISIC 2019/NV/ISIC_0063609.jpg,멜라닌세포모반,2,isic2019,train
data/ISIC 2019/BKL/ISIC_0064695.jpg,지루각화증,7,isic2019,train
data/ISIC 2019/AK/ISIC_0061068.jpg,광선각화증,0,isic2019,train
data/ISIC 2019/AK/ISIC_0065938.jpg,광선각화증,0,isic2019,train
data/ISIC 2019/NV/ISIC_0033544.jpg,멜라닌세포모반,2,isic2019,train
data/ISIC 2019/NV/ISIC_0056822.jpg,멜라닌세포모반,2,isic2019,train
data/ISIC 2019/NV/ISIC_0066797.jpg,멜라닌세포모반,2,isic2019,train
data/ISIC 2019/BCC/ISIC_0057168.jpg,기저세포암,1,isic2019,train
data/ISIC 2019/AK/ISIC_0068797.jpg,광선각화증,0,isic2019,train
data/ISIC 2019/BCC/ISIC_0058767.jpg,기저세포암,1,isic2019,train
data/ISIC 2019/BCC/ISIC_0058591.jpg,기저세포암,1,isic2019,train
data/ISIC 2019/MEL/ISIC_0054025.jpg,악성흑색종,6,isic2019,train
data/ISIC 2019/BKL/ISIC_0054779.jpg,지루각화증,7,isic2019,train
data/ISIC 2019/BCC/ISIC_0067305.jpg,기저세포암,1,isic2019,train
data/ISIC 2019/BKL/ISIC_0026835.jpg,지루각화증,7,isic2019,train
data/ISIC 2019/MEL/ISIC_0013867_downsampled.jpg,악성흑색종,6,isic2019,train
data/ISIC 2019/BCC/ISIC_0055323.jpg,기저세포암,1,isic2019,train
data/ISIC 2019/MEL/ISIC_0032927.jpg,악성흑색종,6,isic2019,train
data/ISIC 2019/MEL/ISIC_0030417.jpg,악성흑색종,6,isic2019,train
data/ISIC 2019/NV/ISIC_0058923.jpg,멜라닌세포모반,2,isic2019,train
data/ISIC 2019/MEL/ISIC_0058791.jpg,악성흑색종,6,isic2019,train
data/ISIC 2019/NV/ISIC_0029175.jpg,멜라닌세포모반,2,isic2019,train
data/ISIC 2019/MEL/ISIC_0000519_downsampled.jpg,악성흑색종,6,isic2019,train
data/ISIC 2019/BKL/ISIC_0031334.jpg,지루각화증,7,isic2019,train
data/ISIC 2019/BKL/ISIC_0028331.jpg,지루각화증,7,isic2019,train
data/ISIC 2019/BCC/ISIC_0069701.jpg,기저세포암,1,isic2019,train
data/ISIC 2019/BKL/ISIC_0014631_downsampled.jpg,지루각화증,7,isic2019,train
data/ISIC 2019/MEL/ISIC_0055960.jpg,악성흑색종,6,isic2019,train
data/ISIC 2019/NV/ISIC_0055885.jpg,멜라닌세포모반,2,isic2019,train
data/ISIC 2019/BCC/ISIC_0054504.jpg,기저세포암,1,isic2019,train
data/ISIC 2019/DF/ISIC_0061904.jpg,피부섬유종,10,isic2019,train
data/ISIC 2019/BCC/ISIC_0060950.jpg,기저세포암,1,isic2019,train
data/ISIC 2019/NV/ISIC_0067669.jpg,멜라닌세포모반,2,isic2019,train
data/ISIC 2019/BKL/ISIC_0029837.jpg,지루각화증,7,isic2019,train
data/ISIC 2019/AK/ISIC_0070505.jpg,광선각화증,0,isic2019,train
data/ISIC 2019/NV/ISIC_0032668.jpg,멜라닌세포모반,2,isic2019,train
data/ISIC 2019/BKL/ISIC_0033453.jpg,지루각화증,7,isic2019,train
data/ISIC 2019/NV/ISIC_0058624.jpg,멜라닌세포모반,2,isic2019,train
data/ISIC 2019/BCC/ISIC_0069522.jpg,기저세포암,1,isic2019,train
data/ISIC 2019/NV/ISIC_0033627.jpg,멜라닌세포모반,2,isic2019,train
data/ISIC 2019/SCC/ISIC_0056927.jpg,편평세포암,8,isic2019,train
data/ISIC 2019/AK/ISIC_0064587.jpg,광선각화증,0,isic2019,train
data/ISIC 2019/BCC/ISIC_0054169.jpg,기저세포암,1,isic2019,train
data/ISIC 2019/BKL/ISIC_0071090.jpg,지루각화증,7,isic2019,train
data/ISIC 2019/BCC/ISIC_0060529.jpg,기저세포암,1,isic2019,train
data/ISIC 2019/NV/ISIC_0032767.jpg,멜라닌세포모반,2,isic2019,train
data/ISIC 2019/SCC/ISIC_0070858.jpg,편평세포암,8,isic2019,train
data/ISIC 2019/MEL/ISIC_0033568.jpg,악성흑색종,6,isic2019,train
data/ISIC 2019/BCC/ISIC_0061676.jpg,기저세포암,1,isic2019,train
data/ISIC 2019/NV/ISIC_0032641.jpg,멜라닌세포모반,2,isic2019,train
data/ISIC 2019/NV/ISIC_0071300.jpg,멜라닌세포모반,2,isic2019,train
data/ISIC 2019/BKL/ISIC_0069623.jpg,지루각화증,7,isic2019,train
data/ISIC 2019/BKL/ISIC_0029329.jpg,지루각화증,7,isic2019,train
data/ISIC 2019/BCC/ISIC_0062093.jpg,기저세포암,1,isic2019,train
data/ISIC 2019/NV/ISIC_0065818.jpg,멜라닌세포모반,2,isic2019,train
data/ISIC 2019/MEL/ISIC_0059733.jpg,악성흑색종,6,isic2019,train
data/ISIC 2019/AK/ISIC_0072940.jpg,광선각화증,0,isic2019,train
data/ISIC 2019/NV/ISIC_0015201_downsampled.jpg,멜라닌세포모반,2,isic2019,train
data/ISIC 2019/MEL/ISIC_0010241.jpg,악성흑색종,6,isic2019,train
data/ISIC 2019/NV/ISIC_0025241.jpg,멜라닌세포모반,2,isic2019,train
data/ISIC 2019/BCC/ISIC_0054799.jpg,기저세포암,1,isic2019,train
data/ISIC 2019/BCC/ISIC_0072480.jpg,기저세포암,1,isic2019,train
data/ISIC 2019/NV/ISIC_0001449_downsampled.jpg,멜라닌세포모반,2,isic2019,train
data/ISIC 2019/MEL/ISIC_0032433.jpg,악성흑색종,6,isic2019,train
data/ISIC 2019/AK/ISIC_0071490.jpg,광선각화증,0,isic2019,train
data/ISIC 2019/MEL/ISIC_0034107.jpg,악성흑색종,6,isic2019,train
data/ISIC 2019/BCC/ISIC_0065108.jpg,기저세포암,1,isic2019,train
data/ISIC 2019/NV/ISIC_0028629.jpg,멜라닌세포모반,2,isic2019,train
data/ISIC 2019/SCC/ISIC_0057426.jpg,편평세포암,8,isic2019,train
data/ISIC 2019/MEL/ISIC_0068782.jpg,악성흑색종,6,isic2019,train
data/ISIC 2019/NV/ISIC_0063659.jpg,멜라닌세포모반,2,isic2019,train
data/ISIC 2019/AK/ISIC_0067855.jpg,광선각화증,0,isic2019,train
data/ISIC 2019/AK/ISIC_0072265.jpg,광선각화증,0,isic2019,train
data/ISIC 2019/BKL/ISIC_0031495.jpg,지루각화증,7,isic2019,train
data/ISIC 2019/SCC/ISIC_0057590.jpg,편평세포암,8,isic2019,train
data/ISIC 2019/BKL/ISIC_0028646.jpg,지루각화증,7,isic2019,train
data/ISIC 2019/AK/ISIC_0064951.jpg,광선각화증,0,isic2019,train
data/ISIC 2019/BKL/ISIC_0069454.jpg,지루각화증,7,isic2019,train
data/ISIC 2019/BKL/ISIC_0062999.jpg,지루각화증,7,isic2019,train
data/ISIC 2019/MEL/ISIC_0069260.jpg,악성흑색종,6,isic2019,train
data/ISIC 2019/BKL/ISIC_0054324.jpg,지루각화증,7,isic2019,train
data/ISIC 2019/BCC/ISIC_0054140.jpg,기저세포암,1,isic2019,train
data/ISIC 2019/MEL/ISIC_0066792.jpg,악성흑색종,6,isic2019,train
data/ISIC 2019/AK/ISIC_0064222.jpg,광선각화증,0,isic2019,train
data/ISIC 2019/MEL/ISIC_0065305.jpg,악성흑색종,6,isic2019,train
data/ISIC 2019/BKL/ISIC_0058179.jpg,지루각화증,7,isic2019,train
data/ISIC 2019/BKL/ISIC_0034221.jpg,지루각화증,7,isic2019,train
data/ISIC 2019/BKL/ISIC_0056699.jpg,지루각화증,7,isic2019,train
data/ISIC 2019/SCC/ISIC_0032455.jpg,편평세포암,8,isic2019,train
data/ISIC 2019/SCC/ISIC_0027577.jpg,편평세포암,8,isic2019,train
data/ISIC 2019/BKL/ISIC_0069758.jpg,지루각화증,7,isic2019,train
data/ISIC 2019/NV/ISIC_0032375.jpg,멜라닌세포모반,2,isic2019,train
data/ISIC 2019/BCC/ISIC_0070700.jpg,기저세포암,1,isic2019,train
data/ISIC 2019/BCC/ISIC_0066655.jpg,기저세포암,1,isic2019,train
data/ISIC 2019/BCC/ISIC_0060874.jpg,기저세포암,1,isic2019,train
data/ISIC 2019/NV/ISIC_0066661.jpg,멜라닌세포모반,2,isic2019,train
data/ISIC 2019/MEL/ISIC_0000307.jpg,악성흑색종,6,isic2019,train
data/ISIC 2019/BCC/ISIC_0059986.jpg,기저세포암,1,isic2019,train
data/ISIC 2019/BKL/ISIC_0064826.jpg,지루각화증,7,isic2019,train
data/ISIC 2019/BCC/ISIC_0067668.jpg,기저세포암,1,isic2019,train
data/ISIC 2019/BKL/ISIC_0028628.jpg,지루각화증,7,isic2019,train
data/ISIC 2019/BCC/ISIC_0069132.jpg,기저세포암,1,isic2019,train
data/ISIC 2019/BKL/ISIC_0072397.jpg,지루각화증,7,isic2019,train
data/ISIC 2019/BCC/ISIC_0053858.jpg,기저세포암,1,isic2019,train
data/ISIC 2019/BCC/ISIC_0072260.jpg,기저세포암,1,isic2019,train
data/ISIC 2019/MEL/ISIC_0057729.jpg,악성흑색종,6,isic2019,train
data/ISIC 2019/NV/ISIC_0027646.jpg,멜라닌세포모반,2,isic2019,train
data/ISIC 2019/BKL/ISIC_0071190.jpg,지루각화증,7,isic2019,train
data/ISIC 2019/BCC/ISIC_0069168.jpg,기저세포암,1,isic2019,train
data/ISIC 2019/BKL/ISIC_0031537.jpg,지루각화증,7,isic2019,train
data/ISIC 2019/DF/ISIC_0028651.jpg,피부섬유종,10,isic2019,train
data/ISIC 2019/SCC/ISIC_0055312.jpg,편평세포암,8,isic2019,train
data/ISIC 2019/BKL/ISIC_0065964.jpg,지루각화증,7,isic2019,train
data/ISIC 2019/BCC/ISIC_0054593.jpg,기저세포암,1,isic2019,train
data/ISIC 2019/NV/ISIC_0063784.jpg,멜라닌세포모반,2,isic2019,train
data/ISIC 2019/SCC/ISIC_0070286.jpg,편평세포암,8,isic2019,train
data/ISIC 2019/NV/ISIC_0030460.jpg,멜라닌세포모반,2,isic2019,train
data/ISIC 2019/NV/ISIC_0033838.jpg,멜라닌세포모반,2,isic2019,train
data/ISIC 2019/MEL/ISIC_0032602.jpg,악성흑색종,6,isic2019,train
data/ISIC 2019/DF/ISIC_0024845.jpg,피부섬유종,10,isic2019,train
data/ISIC 2019/BCC/ISIC_0066331.jpg,기저세포암,1,isic2019,train
data/ISIC 2019/MEL/ISIC_0026086.jpg,악성흑색종,6,isic2019,train
data/ISIC 2019/BKL/ISIC_0060879.jpg,지루각화증,7,isic2019,train
data/ISIC 2019/MEL/ISIC_0011112.jpg,악성흑색종,6,isic2019,train
data/ISIC 2019/NV/ISIC_0024520.jpg,멜라닌세포모반,2,isic2019,train
data/ISIC 2019/NV/ISIC_0067445.jpg,멜라닌세포모반,2,isic2019,train
data/ISIC 2019/NV/ISIC_0026715.jpg,멜라닌세포모반,2,isic2019,train
data/ISIC 2019/SCC/ISIC_0069943.jpg,편평세포암,8,isic2019,train
data/ISIC 2019/BKL/ISIC_0032373.jpg,지루각화증,7,isic2019,train
data/ISIC 2019/BKL/ISIC_0014770_downsampled.jpg,지루각화증,7,isic2019,train
data/ISIC 2019/NV/ISIC_0062760.jpg,멜라닌세포모반,2,isic2019,train
data/ISIC 2019/BKL/ISIC_0031584.jpg,지루각화증,7,isic2019,train
data/ISIC 2019/AK/ISIC_0070085.jpg,광선각화증,0,isic2019,train
data/ISIC 2019/BCC/ISIC_0054569.jpg,기저세포암,1,isic2019,train
data/ISIC 2019/MEL/ISIC_0033196.jpg,악성흑색종,6,isic2019,train
data/ISIC 2019/MEL/ISIC_0063793.jpg,악성흑색종,6,isic2019,train
data/ISIC 2019/MEL/ISIC_0029885.jpg,악성흑색종,6,isic2019,train
data/ISIC 2019/MEL/ISIC_0026009.jpg,악성흑색종,6,isic2019,train
data/ISIC 2019/MEL/ISIC_0055140.jpg,악성흑색종,6,isic2019,train
data/ISIC 2019/NV/ISIC_0027272.jpg,멜라닌세포모반,2,isic2019,train
data/ISIC 2019/NV/ISIC_0027286.jpg,멜라닌세포모반,2,isic2019,train
data/ISIC 2019/MEL/ISIC_0058877.jpg,악성흑색종,6,isic2019,train
data/ISIC 2019/BKL/ISIC_0033465.jpg,지루각화증,7,isic2019,train
data/ISIC 2019/NV/ISIC_0014707_downsampled.jpg,멜라닌세포모반,2,isic2019,train
data/ISIC 2019/BKL/ISIC_0031212.jpg,지루각화증,7,isic2019,train
data/ISIC 2019/MEL/ISIC_0065132.jpg,악성흑색종,6,isic2019,train
data/ISIC 2019/NV/ISIC_0063804.jpg,멜라닌세포모반,2,isic2019,train
data/ISIC 2019/BCC/ISIC_0032222.jpg,기저세포암,1,isic2019,train
data/ISIC 2019/NV/ISIC_0028717.jpg,멜라닌세포모반,2,isic2019,train
data/ISIC 2019/NV/ISIC_0063976.jpg,멜라닌세포모반,2,isic2019,train
data/ISIC 2019/BCC/ISIC_0025383.jpg,기저세포암,1,isic2019,train
data/ISIC 2019/BKL/ISIC_0063728.jpg,지루각화증,7,isic2019,train
data/ISIC 2019/NV/ISIC_0030775.jpg,멜라닌세포모반,2,isic2019,train
data/ISIC 2019/BKL/ISIC_0065966.jpg,지루각화증,7,isic2019,train
data/ISIC 2019/BKL/ISIC_0013052_downsampled.jpg,지루각화증,7,isic2019,train
data/ISIC 2019/MEL/ISIC_0027620.jpg,악성흑색종,6,isic2019,train
data/ISIC 2019/MEL/ISIC_0072826.jpg,악성흑색종,6,isic2019,train
data/ISIC 2019/BKL/ISIC_0027239.jpg,지루각화증,7,isic2019,train
data/ISIC 2019/NV/ISIC_0015617_downsampled.jpg,멜라닌세포모반,2,isic2019,train
data/ISIC 2019/NV/ISIC_0070937.jpg,멜라닌세포모반,2,isic2019,train
data/ISIC 2019/NV/ISIC_0032770.jpg,멜라닌세포모반,2,isic2019,train
data/ISIC 2019/BKL/ISIC_0026335.jpg,지루각화증,7,isic2019,train
data/ISIC 2019/AK/ISIC_0060041.jpg,광선각화증,0,isic2019,train
data/ISIC 2019/BKL/ISIC_0033908.jpg,지루각화증,7,isic2019,train
data/ISIC 2019/BCC/ISIC_0027814.jpg,기저세포암,1,isic2019,train
data/ISIC 2019/MEL/ISIC_0029933.jpg,악성흑색종,6,isic2019,train
data/ISIC 2019/SCC/ISIC_0061192.jpg,편평세포암,8,isic2019,train
data/ISIC 2019/BCC/ISIC_0064512.jpg,기저세포암,1,isic2019,train
data/ISIC 2019/MEL/ISIC_0033429.jpg,악성흑색종,6,isic2019,train
data/ISIC 2019/BKL/ISIC_0063716.jpg,지루각화증,7,isic2019,train
data/ISIC 2019/NV/ISIC_0030285.jpg,멜라닌세포모반,2,isic2019,train
data/ISIC 2019/MEL/ISIC_0066659.jpg,악성흑색종,6,isic2019,train
data/ISIC 2019/SCC/ISIC_0064267.jpg,편평세포암,8,isic2019,train
data/ISIC 2019/BCC/ISIC_0065874.jpg,기저세포암,1,isic2019,train
data/ISIC 2019/BKL/ISIC_0064915.jpg,지루각화증,7,isic2019,train
data/ISIC 2019/MEL/ISIC_0064116.jpg,악성흑색종,6,isic2019,train
data/ISIC 2019/NV/ISIC_0000068.jpg,멜라닌세포모반,2,isic2019,train
data/ISIC 2019/MEL/ISIC_0070920.jpg,악성흑색종,6,isic2019,train
data/ISIC 2019/NV/ISIC_0072036.jpg,멜라닌세포모반,2,isic2019,train
data/ISIC 2019/MEL/ISIC_0068555.jpg,악성흑색종,6,isic2019,train
data/ISIC 2019/NV/ISIC_0068678.jpg,멜라닌세포모반,2,isic2019,train
data/ISIC 2019/BKL/ISIC_0062165.jpg,지루각화증,7,isic2019,train
data/ISIC 2019/BCC/ISIC_0062021.jpg,기저세포암,1,isic2019,train
data/ISIC 2019/BCC/ISIC_0069219.jpg,기저세포암,1,isic2019,train
data/ISIC 2019/MEL/ISIC_0071891.jpg,악성흑색종,6,isic2019,train
data/ISIC 2019/BCC/ISIC_0028107.jpg,기저세포암,1,isic2019,train
data/ISIC 2019/BKL/ISIC_0026644.jpg,지루각화증,7,isic2019,train
data/ISIC 2019/NV/ISIC_0057749.jpg,멜라닌세포모반,2,isic2019,train
data/ISIC 2019/BKL/ISIC_0026843.jpg,지루각화증,7,isic2019,train
data/ISIC 2019/BCC/ISIC_0058878.jpg,기저세포암,1,isic2019,train
data/ISIC 2019/NV/ISIC_0073220.jpg,멜라닌세포모반,2,isic2019,train
data/ISIC 2019/BCC/ISIC_0055109.jpg,기저세포암,1,isic2019,train
data/ISIC 2019/MEL/ISIC_0056988.jpg,악성흑색종,6,isic2019,train
data/ISIC 2019/BKL/ISIC_0012813_downsampled.jpg,지루각화증,7,isic2019,train
data/ISIC 2019/BCC/ISIC_0071597.jpg,기저세포암,1,isic2019,train
data/ISIC 2019/BCC/ISIC_0068402.jpg,기저세포암,1,isic2019,train
data/ISIC 2019/MEL/ISIC_0000148_downsampled.jpg,악성흑색종,6,isic2019,train
data/ISIC 2019/BCC/ISIC_0061596.jpg,기저세포암,1,isic2019,train
data/ISIC 2019/BCC/ISIC_0056548.jpg,기저세포암,1,isic2019,train
data/ISIC 2019/NV/ISIC_0067645.jpg,멜라닌세포모반,2,isic2019,train
data/ISIC 2019/MEL/ISIC_0062160.jpg,악성흑색종,6,isic2019,train
data/ISIC 2019/NV/ISIC_0027131.jpg,멜라닌세포모반,2,isic2019,train
data/ISIC 2019/NV/ISIC_0034219.jpg,멜라닌세포모반,2,isic2019,train
data/ISIC 2019/NV/ISIC_0069212.jpg,멜라닌세포모반,2,isic2019,train
data/ISIC 2019/BKL/ISIC_0031000.jpg,지루각화증,7,isic2019,train
data/ISIC 2019/BKL/ISIC_0033884.jpg,지루각화증,7,isic2019,train
data/ISIC 2019/NV/ISIC_0009954.jpg,멜라닌세포모반,2,isic2019,train
data/ISIC 2019/NV/ISIC_0025026.jpg,멜라닌세포모반,2,isic2019,train
data/ISIC 2019/BKL/ISIC_0062717.jpg,지루각화증,7,isic2019,train
data/ISIC 2019/MEL/ISIC_0063945.jpg,악성흑색종,6,isic2019,train
data/ISIC 2019/BCC/ISIC_0061348.jpg,기저세포암,1,isic2019,train
data/ISIC 2019/NV/ISIC_0024968.jpg,멜라닌세포모반,2,isic2019,train
data/ISIC 2019/MEL/ISIC_0069293.jpg,악성흑색종,6,isic2019,train
data/ISIC 2019/NV/ISIC_0000326.jpg,멜라닌세포모반,2,isic2019,train
data/ISIC 2019/BCC/ISIC_0054745.jpg,기저세포암,1,isic2019,train
data/ISIC 2019/NV/ISIC_0015369_downsampled.jpg,멜라닌세포모반,2,isic2019,train
data/ISIC 2019/BCC/ISIC_0054939.jpg,기저세포암,1,isic2019,train
data/ISIC 2019/BKL/ISIC_0031558.jpg,지루각화증,7,isic2019,train
data/ISIC 2019/BCC/ISIC_0056918.jpg,기저세포암,1,isic2019,train
data/ISIC 2019/MEL/ISIC_0066429.jpg,악성흑색종,6,isic2019,train
data/ISIC 2019/BKL/ISIC_0071329.jpg,지루각화증,7,isic2019,train
data/ISIC 2019/MEL/ISIC_0056298.jpg,악성흑색종,6,isic2019,train
data/ISIC 2019/DF/ISIC_0031344.jpg,피부섬유종,10,isic2019,train
data/ISIC 2019/AK/ISIC_0064789.jpg,광선각화증,0,isic2019,train
data/ISIC 2019/SCC/ISIC_0057198.jpg,편평세포암,8,isic2019,train
data/ISIC 2019/MEL/ISIC_0014092_downsampled.jpg,악성흑색종,6,isic2019,train
data/ISIC 2019/BCC/ISIC_0068025.jpg,기저세포암,1,isic2019,train
data/ISIC 2019/BKL/ISIC_0024839.jpg,지루각화증,7,isic2019,train
data/ISIC 2019/BCC/ISIC_0066960.jpg,기저세포암,1,isic2019,train
data/ISIC 2019/BCC/ISIC_0026957.jpg,기저세포암,1,isic2019,train
data/ISIC 2019/AK/ISIC_0028941.jpg,광선각화증,0,isic2019,train
data/ISIC 2019/MEL/ISIC_0068000.jpg,악성흑색종,6,isic2019,train
data/ISIC 2019/NV/ISIC_0026605.jpg,멜라닌세포모반,2,isic2019,train
data/ISIC 2019/NV/ISIC_0058352.jpg,멜라닌세포모반,2,isic2019,train
data/ISIC 2019/SCC/ISIC_0026083.jpg,편평세포암,8,isic2019,train
data/ISIC 2019/BCC/ISIC_0067940.jpg,기저세포암,1,isic2019,train
data/ISIC 2019/NV/ISIC_0057810.jpg,멜라닌세포모반,2,isic2019,train
data/ISIC 2019/BCC/ISIC_0069295.jpg,기저세포암,1,isic2019,train
data/ISIC 2019/MEL/ISIC_0026930.jpg,악성흑색종,6,isic2019,train
data/ISIC 2019/BCC/ISIC_0072239.jpg,기저세포암,1,isic2019,train
data/ISIC 2019/BCC/ISIC_0053993.jpg,기저세포암,1,isic2019,train
data/ISIC 2019/BCC/ISIC_0065565.jpg,기저세포암,1,isic2019,train
data/ISIC 2019/VASC/ISIC_0033092.jpg,혈관종,12,isic2019,train
data/ISIC 2019/BCC/ISIC_0065056.jpg,기저세포암,1,isic2019,train
data/ISIC 2019/BCC/ISIC_0072871.jpg,기저세포암,1,isic2019,train
data/ISIC 2019/MEL/ISIC_0030507.jpg,악성흑색종,6,isic2019,train
data/ISIC 2019/BKL/ISIC_0033685.jpg,지루각화증,7,isic2019,train
data/ISIC 2019/BCC/ISIC_0071163.jpg,기저세포암,1,isic2019,train
data/ISIC 2019/MEL/ISIC_0065142.jpg,악성흑색종,6,isic2019,train
data/ISIC 2019/BCC/ISIC_0065190.jpg,기저세포암,1,isic2019,train
data/ISIC 2019/NV/ISIC_0057464.jpg,멜라닌세포모반,2,isic2019,train
data/ISIC 2019/AK/ISIC_0065661.jpg,광선각화증,0,isic2019,train
data/ISIC 2019/DF/ISIC_0072970.jpg,피부섬유종,10,isic2019,train
data/ISIC 2019/BKL/ISIC_0069663.jpg,지루각화증,7,isic2019,train
data/ISIC 2019/BKL/ISIC_0065003.jpg,지루각화증,7,isic2019,train
data/ISIC 2019/BCC/ISIC_0028687.jpg,기저세포암,1,isic2019,train
data/ISIC 2019/NV/ISIC_0069648.jpg,멜라닌세포모반,2,isic2019,train
data/ISIC 2019/MEL/ISIC_0067804.jpg,악성흑색종,6,isic2019,train
data/ISIC 2019/NV/ISIC_0033724.jpg,멜라닌세포모반,2,isic2019,train
data/ISIC 2019/DF/ISIC_0030015.jpg,피부섬유종,10,isic2019,train
data/ISIC 2019/BKL/ISIC_0062961.jpg,지루각화증,7,isic2019,train
data/ISIC 2019/BCC/ISIC_0067677.jpg,기저세포암,1,isic2019,train
data/ISIC 2019/BCC/ISIC_0062802.jpg,기저세포암,1,isic2019,train
data/ISIC 2019/AK/ISIC_0026171.jpg,광선각화증,0,isic2019,train
data/ISIC 2019/NV/ISIC_0031299.jpg,멜라닌세포모반,2,isic2019,train
data/ISIC 2019/NV/ISIC_0031822.jpg,멜라닌세포모반,2,isic2019,train
data/ISIC 2019/NV/ISIC_0034247.jpg,멜라닌세포모반,2,isic2019,train
data/ISIC 2019/BKL/ISIC_0062805.jpg,지루각화증,7,isic2019,train
data/ISIC 2019/DF/ISIC_0030579.jpg,피부섬유종,10,isic2019,train
data/ISIC 2019/BKL/ISIC_0056854.jpg,지루각화증,7,isic2019,train
data/ISIC 2019/NV/ISIC_0063294.jpg,멜라닌세포모반,2,isic2019,train
data/ISIC 2019/MEL/ISIC_0069504.jpg,악성흑색종,6,isic2019,train
data/ISIC 2019/NV/ISIC_0063495.jpg,멜라닌세포모반,2,isic2019,train
data/ISIC 2019/BKL/ISIC_0064264.jpg,지루각화증,7,isic2019,train
data/ISIC 2019/BKL/ISIC_0032168.jpg,지루각화증,7,isic2019,train
data/ISIC 2019/NV/ISIC_0026703.jpg,멜라닌세포모반,2,isic2019,train
data/ISIC 2019/MEL/ISIC_0058367.jpg,악성흑색종,6,isic2019,train
data/ISIC 2019/NV/ISIC_0024362.jpg,멜라닌세포모반,2,isic2019,train
data/ISIC 2019/BCC/ISIC_0062231.jpg,기저세포암,1,isic2019,train
data/ISIC 2019/MEL/ISIC_0055527.jpg,악성흑색종,6,isic2019,train
data/ISIC 2019/NV/ISIC_0031785.jpg,멜라닌세포모반,2,isic2019,train
data/ISIC 2019/MEL/ISIC_0014366_downsampled.jpg,악성흑색종,6,isic2019,train
data/ISIC 2019/AK/ISIC_0055331.jpg,광선각화증,0,isic2019,train
data/ISIC 2019/BKL/ISIC_0028104.jpg,지루각화증,7,isic2019,train
data/ISIC 2019/BCC/ISIC_0061022.jpg,기저세포암,1,isic2019,train
data/ISIC 2019/BCC/ISIC_0027858.jpg,기저세포암,1,isic2019,train
data/ISIC 2019/SCC/ISIC_0025069.jpg,편평세포암,8,isic2019,train
data/ISIC 2019/MEL/ISIC_0025195.jpg,악성흑색종,6,isic2019,train
data/ISIC 2019/AK/ISIC_0060337.jpg,광선각화증,0,isic2019,train
data/ISIC 2019/NV/ISIC_0062546.jpg,멜라닌세포모반,2,isic2019,train
data/ISIC 2019/AK/ISIC_0068571.jpg,광선각화증,0,isic2019,train
data/ISIC 2019/BCC/ISIC_0067049.jpg,기저세포암,1,isic2019,train
data/ISIC 2019/BKL/ISIC_0069826.jpg,지루각화증,7,isic2019,train
data/ISIC 2019/BKL/ISIC_0065126.jpg,지루각화증,7,isic2019,train
data/ISIC 2019/NV/ISIC_0025220.jpg,멜라닌세포모반,2,isic2019,train
data/ISIC 2019/BCC/ISIC_0065703.jpg,기저세포암,1,isic2019,train
data/ISIC 2019/BKL/ISIC_0032763.jpg,지루각화증,7,isic2019,train
data/ISIC 2019/BCC/ISIC_0059930.jpg,기저세포암,1,isic2019,train
data/ISIC 2019/BCC/ISIC_0072084.jpg,기저세포암,1,isic2019,train
data/ISIC 2019/SCC/ISIC_0058515.jpg,편평세포암,8,isic2019,train
data/ISIC 2019/BKL/ISIC_0069232.jpg,지루각화증,7,isic2019,train
data/ISIC 2019/NV/ISIC_0030019.jpg,멜라닌세포모반,2,isic2019,train
data/ISIC 2019/BKL/ISIC_0062574.jpg,지루각화증,7,isic2019,train
data/ISIC 2019/BCC/ISIC_0066214.jpg,기저세포암,1,isic2019,train
data/ISIC 2019/MEL/ISIC_0065235.jpg,악성흑색종,6,isic2019,train
data/ISIC 2019/BCC/ISIC_0067988.jpg,기저세포암,1,isic2019,train
data/ISIC 2019/NV/ISIC_0027257.jpg,멜라닌세포모반,2,isic2019,train
data/ISIC 2019/BCC/ISIC_0066381.jpg,기저세포암,1,isic2019,train
data/ISIC 2019/NV/ISIC_0058759.jpg,멜라닌세포모반,2,isic2019,train
data/ISIC 2019/AK/ISIC_0068395.jpg,광선각화증,0,isic2019,train
data/ISIC 2019/VASC/ISIC_0027903.jpg,혈관종,12,isic2019,train
data/ISIC 2019/NV/ISIC_0065493.jpg,멜라닌세포모반,2,isic2019,train
data/ISIC 2019/BKL/ISIC_0013268_downsampled.jpg,지루각화증,7,isic2019,train
data/ISIC 2019/AK/ISIC_0057280.jpg,광선각화증,0,isic2019,train
data/ISIC 2019/NV/ISIC_0069414.jpg,멜라닌세포모반,2,isic2019,train
data/ISIC 2019/NV/ISIC_0011156.jpg,멜라닌세포모반,2,isic2019,train
data/ISIC 2019/BCC/ISIC_0056780.jpg,기저세포암,1,isic2019,train
data/ISIC 2019/DF/ISIC_0072193.jpg,피부섬유종,10,isic2019,train
data/ISIC 2019/BKL/ISIC_0031989.jpg,지루각화증,7,isic2019,train
data/ISIC 2019/BKL/ISIC_0056976.jpg,지루각화증,7,isic2019,train
data/ISIC 2019/BKL/ISIC_0073011.jpg,지루각화증,7,isic2019,train
data/ISIC 2019/SCC/ISIC_0033536.jpg,편평세포암,8,isic2019,train
data/ISIC 2019/BKL/ISIC_0026524.jpg,지루각화증,7,isic2019,train
data/ISIC 2019/BKL/ISIC_0067125.jpg,지루각화증,7,isic2019,train
data/ISIC 2019/BKL/ISIC_0057984.jpg,지루각화증,7,isic2019,train
data/ISIC 2019/BCC/ISIC_0070511.jpg,기저세포암,1,isic2019,train
data/ISIC 2019/MEL/ISIC_0063792.jpg,악성흑색종,6,isic2019,train
data/ISIC 2019/BKL/ISIC_0029100.jpg,지루각화증,7,isic2019,train
data/ISIC 2019/BCC/ISIC_0065489.jpg,기저세포암,1,isic2019,train
data/ISIC 2019/SCC/ISIC_0063363.jpg,편평세포암,8,isic2019,train
data/ISIC 2019/BCC/ISIC_0064962.jpg,기저세포암,1,isic2019,train
data/ISIC 2019/VASC/ISIC_0068877.jpg,혈관종,12,isic2019,train
data/ISIC 2019/MEL/ISIC_0053702.jpg,악성흑색종,6,isic2019,train
data/ISIC 2019/BKL/ISIC_0059463.jpg,지루각화증,7,isic2019,train
data/ISIC 2019/BKL/ISIC_0056517.jpg,지루각화증,7,isic2019,train
data/ISIC 2019/AK/ISIC_0057351.jpg,광선각화증,0,isic2019,train
data/ISIC 2019/BKL/ISIC_0062581.jpg,지루각화증,7,isic2019,train
data/ISIC 2019/AK/ISIC_0067150.jpg,광선각화증,0,isic2019,train
data/ISIC 2019/BCC/ISIC_0066823.jpg,기저세포암,1,isic2019,train
data/ISIC 2019/MEL/ISIC_0030784.jpg,악성흑색종,6,isic2019,train
data/ISIC 2019/SCC/ISIC_0029563.jpg,편평세포암,8,isic2019,train
data/ISIC 2019/NV/ISIC_0024753.jpg,멜라닌세포모반,2,isic2019,train
data/ISIC 2019/BCC/ISIC_0070315.jpg,기저세포암,1,isic2019,train
data/ISIC 2019/BKL/ISIC_0031362.jpg,지루각화증,7,isic2019,train
data/ISIC 2019/BKL/ISIC_0027771.jpg,지루각화증,7,isic2019,train
data/ISIC 2019/NV/ISIC_0062292.jpg,멜라닌세포모반,2,isic2019,train
data/ISIC 2019/BKL/ISIC_0058293.jpg,지루각화증,7,isic2019,train
data/ISIC 2019/MEL/ISIC_0067891.jpg,악성흑색종,6,isic2019,train
data/ISIC 2019/BKL/ISIC_0062699.jpg,지루각화증,7,isic2019,train
data/ISIC 2019/BCC/ISIC_0031728.jpg,기저세포암,1,isic2019,train
data/ISIC 2019/BKL/ISIC_0066735.jpg,지루각화증,7,isic2019,train
data/ISIC 2019/BCC/ISIC_0072237.jpg,기저세포암,1,isic2019,train
data/ISIC 2019/MEL/ISIC_0059093.jpg,악성흑색종,6,isic2019,train
data/ISIC 2019/MEL/ISIC_0030281.jpg,악성흑색종,6,isic2019,train
data/ISIC 2019/NV/ISIC_0029403.jpg,멜라닌세포모반,2,isic2019,train
data/ISIC 2019/BKL/ISIC_0026567.jpg,지루각화증,7,isic2019,train
data/ISIC 2019/NV/ISIC_0000201_downsampled.jpg,멜라닌세포모반,2,isic2019,train
data/ISIC 2019/BCC/ISIC_0059730.jpg,기저세포암,1,isic2019,train
data/ISIC 2019/BCC/ISIC_0056153.jpg,기저세포암,1,isic2019,train
data/ISIC 2019/MEL/ISIC_0063691.jpg,악성흑색종,6,isic2019,train
data/ISIC 2019/BCC/ISIC_0027545.jpg,기저세포암,1,isic2019,train
data/ISIC 2019/BCC/ISIC_0064841.jpg,기저세포암,1,isic2019,train
data/ISIC 2019/BCC/ISIC_0029917.jpg,기저세포암,1,isic2019,train
data/ISIC 2019/BKL/ISIC_0031261.jpg,지루각화증,7,isic2019,train
data/ISIC 2019/NV/ISIC_0024955.jpg,멜라닌세포모반,2,isic2019,train
data/ISIC 2019/AK/ISIC_0070713.jpg,광선각화증,0,isic2019,train
data/ISIC 2019/MEL/ISIC_0056600.jpg,악성흑색종,6,isic2019,train
data/ISIC 2019/NV/ISIC_0029132.jpg,멜라닌세포모반,2,isic2019,train
data/ISIC 2019/MEL/ISIC_0065516.jpg,악성흑색종,6,isic2019,train
data/ISIC 2019/NV/ISIC_0000488.jpg,멜라닌세포모반,2,isic2019,train
data/ISIC 2019/MEL/ISIC_0028215.jpg,악성흑색종,6,isic2019,train
data/ISIC 2019/NV/ISIC_0033376.jpg,멜라닌세포모반,2,isic2019,train
data/ISIC 2019/SCC/ISIC_0057865.jpg,편평세포암,8,isic2019,train
data/ISIC 2019/BCC/ISIC_0059729.jpg,기저세포암,1,isic2019,train
data/ISIC 2019/SCC/ISIC_0030844.jpg,편평세포암,8,isic2019,train
data/ISIC 2019/MEL/ISIC_0012988_downsampled.jpg,악성흑색종,6,isic2019,train
data/ISIC 2019/BCC/ISIC_0054623.jpg,기저세포암,1,isic2019,train
data/ISIC 2019/NV/ISIC_0032907.jpg,멜라닌세포모반,2,isic2019,train
data/ISIC 2019/BCC/ISIC_0062287.jpg,기저세포암,1,isic2019,train
data/ISIC 2019/NV/ISIC_0065117.jpg,멜라닌세포모반,2,isic2019,train
data/ISIC 2019/BCC/ISIC_0059243.jpg,기저세포암,1,isic2019,train
data/ISIC 2019/BCC/ISIC_0068680.jpg,기저세포암,1,isic2019,train
data/ISIC 2019/BCC/ISIC_0068777.jpg,기저세포암,1,isic2019,train
data/ISIC 2019/BKL/ISIC_0012852_downsampled.jpg,지루각화증,7,isic2019,train
data/ISIC 2019/NV/ISIC_0000882_downsampled.jpg,멜라닌세포모반,2,isic2019,train
data/ISIC 2019/NV/ISIC_0026022.jpg,멜라닌세포모반,2,isic2019,train
data/ISIC 2019/AK/ISIC_0063890.jpg,광선각화증,0,isic2019,train
data/ISIC 2019/NV/ISIC_0062418.jpg,멜라닌세포모반,2,isic2019,train
data/ISIC 2019/NV/ISIC_0000131_downsampled.jpg,멜라닌세포모반,2,isic2019,train
data/ISIC 2019/BKL/ISIC_0029413.jpg,지루각화증,7,isic2019,train
data/ISIC 2019/BCC/ISIC_0072649.jpg,기저세포암,1,isic2019,train
data/ISIC 2019/MEL/ISIC_0068116.jpg,악성흑색종,6,isic2019,train
data/ISIC 2019/BCC/ISIC_0070625.jpg,기저세포암,1,isic2019,train
data/ISIC 2019/BCC/ISIC_0069206.jpg,기저세포암,1,isic2019,train
data/ISIC 2019/BCC/ISIC_0056703.jpg,기저세포암,1,isic2019,train
data/ISIC 2019/BCC/ISIC_0067020.jpg,기저세포암,1,isic2019,train
data/ISIC 2019/SCC/ISIC_0064985.jpg,편평세포암,8,isic2019,train
data/ISIC 2019/NV/ISIC_0014814_downsampled.jpg,멜라닌세포모반,2,isic2019,train
data/ISIC 2019/MEL/ISIC_0061194.jpg,악성흑색종,6,isic2019,train
data/ISIC 2019/BCC/ISIC_0057569.jpg,기저세포암,1,isic2019,train
data/ISIC 2019/BKL/ISIC_0030007.jpg,지루각화증,7,isic2019,train
data/ISIC 2019/BCC/ISIC_0068400.jpg,기저세포암,1,isic2019,train
data/ISIC 2019/AK/ISIC_0059397.jpg,광선각화증,0,isic2019,train
data/ISIC 2019/BKL/ISIC_0057746.jpg,지루각화증,7,isic2019,train
data/ISIC 2019/MEL/ISIC_0070990.jpg,악성흑색종,6,isic2019,train
data/ISIC 2019/BKL/ISIC_0056715.jpg,지루각화증,7,isic2019,train
data/ISIC 2019/BKL/ISIC_0065135.jpg,지루각화증,7,isic2019,train
data/ISIC 2019/BKL/ISIC_0064976.jpg,지루각화증,7,isic2019,train
data/ISIC 2019/MEL/ISIC_0063528.jpg,악성흑색종,6,isic2019,train
data/ISIC 2019/BCC/ISIC_0062722.jpg,기저세포암,1,isic2019,train
data/ISIC 2019/NV/ISIC_0059010.jpg,멜라닌세포모반,2,isic2019,train
data/ISIC 2019/BCC/ISIC_0031400.jpg,기저세포암,1,isic2019,train
data/ISIC 2019/NV/ISIC_0032677.jpg,멜라닌세포모반,2,isic2019,train
data/ISIC 2019/NV/ISIC_0067045.jpg,멜라닌세포모반,2,isic2019,train
data/ISIC 2019/BKL/ISIC_0063868.jpg,지루각화증,7,isic2019,train
data/ISIC 2019/MEL/ISIC_0069257.jpg,악성흑색종,6,isic2019,train
data/ISIC 2019/MEL/ISIC_0032970.jpg,악성흑색종,6,isic2019,train
data/ISIC 2019/NV/ISIC_0032381.jpg,멜라닌세포모반,2,isic2019,train
data/ISIC 2019/MEL/ISIC_0068763.jpg,악성흑색종,6,isic2019,train
data/ISIC 2019/NV/ISIC_0032746.jpg,멜라닌세포모반,2,isic2019,train
data/ISIC 2019/BKL/ISIC_0060995.jpg,지루각화증,7,isic2019,train
data/ISIC 2019/VASC/ISIC_0031093.jpg,혈관종,12,isic2019,train
data/ISIC 2019/BKL/ISIC_0025554.jpg,지루각화증,7,isic2019,train
data/ISIC 2019/BCC/ISIC_0028583.jpg,기저세포암,1,isic2019,train
data/ISIC 2019/BKL/ISIC_0069981.jpg,지루각화증,7,isic2019,train
data/ISIC 2019/BCC/ISIC_0063794.jpg,기저세포암,1,isic2019,train
data/ISIC 2019/BKL/ISIC_0012510_downsampled.jpg,지루각화증,7,isic2019,train
data/ISIC 2019/BKL/ISIC_0026265.jpg,지루각화증,7,isic2019,train
data/ISIC 2019/BKL/ISIC_0061917.jpg,지루각화증,7,isic2019,train
data/ISIC 2019/AK/ISIC_0032422.jpg,광선각화증,0,isic2019,train
data/ISIC 2019/MEL/ISIC_0064073.jpg,악성흑색종,6,isic2019,train
data/ISIC 2019/NV/ISIC_0025151.jpg,멜라닌세포모반,2,isic2019,train
data/ISIC 2019/NV/ISIC_0062648.jpg,멜라닌세포모반,2,isic2019,train
data/ISIC 2019/BKL/ISIC_0032719.jpg,지루각화증,7,isic2019,train
data/ISIC 2019/BCC/ISIC_0063697.jpg,기저세포암,1,isic2019,train
data/ISIC 2019/BCC/ISIC_0067278.jpg,기저세포암,1,isic2019,train
data/ISIC 2019/BKL/ISIC_0027374.jpg,지루각화증,7,isic2019,train
data/ISIC 2019/MEL/ISIC_0030616.jpg,악성흑색종,6,isic2019,train
data/ISIC 2019/BCC/ISIC_0059692.jpg,기저세포암,1,isic2019,train
data/ISIC 2019/AK/ISIC_0067519.jpg,광선각화증,0,isic2019,train
data/ISIC 2019/BCC/ISIC_0034255.jpg,기저세포암,1,isic2019,train
data/ISIC 2019/SCC/ISIC_0064579.jpg,편평세포암,8,isic2019,train
data/ISIC 2019/NV/ISIC_0029685.jpg,멜라닌세포모반,2,isic2019,train
data/ISIC 2019/BCC/ISIC_0053772.jpg,기저세포암,1,isic2019,train
data/ISIC 2019/BKL/ISIC_0059975.jpg,지루각화증,7,isic2019,train
data/ISIC 2019/SCC/ISIC_0059575.jpg,편평세포암,8,isic2019,train
data/ISIC 2019/BKL/ISIC_0025103.jpg,지루각화증,7,isic2019,train
data/ISIC 2019/BCC/ISIC_0067182.jpg,기저세포암,1,isic2019,train
data/ISIC 2019/MEL/ISIC_0028227.jpg,악성흑색종,6,isic2019,train
data/ISIC 2019/SCC/ISIC_0068572.jpg,편평세포암,8,isic2019,train
data/ISIC 2019/MEL/ISIC_0061070.jpg,악성흑색종,6,isic2019,train
data/ISIC 2019/NV/ISIC_0061286.jpg,멜라닌세포모반,2,isic2019,train
data/ISIC 2019/MEL/ISIC_0068331.jpg,악성흑색종,6,isic2019,train
data/ISIC 2019/BKL/ISIC_0060482.jpg,지루각화증,7,isic2019,train
data/ISIC 2019/NV/ISIC_0062065.jpg,멜라닌세포모반,2,isic2019,train
data/ISIC 2019/BCC/ISIC_0065391.jpg,기저세포암,1,isic2019,train
data/ISIC 2019/BKL/ISIC_0069079.jpg,지루각화증,7,isic2019,train
data/ISIC 2019/SCC/ISIC_0029371.jpg,편평세포암,8,isic2019,train
data/ISIC 2019/NV/ISIC_0027624.jpg,멜라닌세포모반,2,isic2019,train
data/ISIC 2019/NV/ISIC_0009911.jpg,멜라닌세포모반,2,isic2019,train
data/ISIC 2019/MEL/ISIC_0065889.jpg,악성흑색종,6,isic2019,train
data/ISIC 2019/MEL/ISIC_0067598.jpg,악성흑색종,6,isic2019,train
data/ISIC 2019/NV/ISIC_0010856.jpg,멜라닌세포모반,2,isic2019,train
data/ISIC 2019/MEL/ISIC_0071537.jpg,악성흑색종,6,isic2019,train
data/ISIC 2019/BCC/ISIC_0065942.jpg,기저세포암,1,isic2019,train
data/ISIC 2019/SCC/ISIC_0064338.jpg,편평세포암,8,isic2019,train
data/ISIC 2019/MEL/ISIC_0059611.jpg,악성흑색종,6,isic2019,train
data/ISIC 2019/NV/ISIC_0070024.jpg,멜라닌세포모반,2,isic2019,train
data/ISIC 2019/SCC/ISIC_0055925.jpg,편평세포암,8,isic2019,train
data/ISIC 2019/BCC/ISIC_0069712.jpg,기저세포암,1,isic2019,train
data/ISIC 2019/BKL/ISIC_0033576.jpg,지루각화증,7,isic2019,train
data/ISIC 2019/MEL/ISIC_0034101.jpg,악성흑색종,6,isic2019,train
data/ISIC 2019/NV/ISIC_0062028.jpg,멜라닌세포모반,2,isic2019,train
data/ISIC 2019/NV/ISIC_0032085.jpg,멜라닌세포모반,2,isic2019,train
data/ISIC 2019/NV/ISIC_0067058.jpg,멜라닌세포모반,2,isic2019,train
data/ISIC 2019/NV/ISIC_0025701.jpg,멜라닌세포모반,2,isic2019,train
data/ISIC 2019/MEL/ISIC_0057251.jpg,악성흑색종,6,isic2019,train
data/ISIC 2019/MEL/ISIC_0057436.jpg,악성흑색종,6,isic2019,train
data/ISIC 2019/NV/ISIC_0030046.jpg,멜라닌세포모반,2,isic2019,train
data/ISIC 2019/BCC/ISIC_0066630.jpg,기저세포암,1,isic2019,train
data/ISIC 2019/BCC/ISIC_0070682.jpg,기저세포암,1,isic2019,train
data/ISIC 2019/MEL/ISIC_0028512.jpg,악성흑색종,6,isic2019,train
data/ISIC 2019/SCC/ISIC_0060774.jpg,편평세포암,8,isic2019,train
data/ISIC 2019/BCC/ISIC_0028858.jpg,기저세포암,1,isic2019,train
data/ISIC 2019/NV/ISIC_0027095.jpg,멜라닌세포모반,2,isic2019,train
data/ISIC 2019/MEL/ISIC_0059983.jpg,악성흑색종,6,isic2019,train
data/ISIC 2019/BCC/ISIC_0033609.jpg,기저세포암,1,isic2019,train
data/ISIC 2019/BKL/ISIC_0029841.jpg,지루각화증,7,isic2019,train
data/ISIC 2019/BKL/ISIC_0071502.jpg,지루각화증,7,isic2019,train
data/ISIC 2019/MEL/ISIC_0057913.jpg,악성흑색종,6,isic2019,train
data/ISIC 2019/VASC/ISIC_0025606.jpg,혈관종,12,isic2019,train
data/ISIC 2019/NV/ISIC_0000507.jpg,멜라닌세포모반,2,isic2019,train
data/ISIC 2019/BCC/ISIC_0062733.jpg,기저세포암,1,isic2019,train
data/ISIC 2019/MEL/ISIC_0070417.jpg,악성흑색종,6,isic2019,train
data/ISIC 2019/AK/ISIC_0053538.jpg,광선각화증,0,isic2019,train
data/ISIC 2019/NV/ISIC_0030061.jpg,멜라닌세포모반,2,isic2019,train
data/ISIC 2019/BCC/ISIC_0027595.jpg,기저세포암,1,isic2019,train
data/ISIC 2019/MEL/ISIC_0028519.jpg,악성흑색종,6,isic2019,train
data/ISIC 2019/MEL/ISIC_0068015.jpg,악성흑색종,6,isic2019,train
data/ISIC 2019/MEL/ISIC_0011295.jpg,악성흑색종,6,isic2019,train
data/ISIC 2019/NV/ISIC_0061784.jpg,멜라닌세포모반,2,isic2019,train
data/ISIC 2019/BKL/ISIC_0060833.jpg,지루각화증,7,isic2019,train
data/ISIC 2019/BCC/ISIC_0060081.jpg,기저세포암,1,isic2019,train
data/ISIC 2019/BKL/ISIC_0061426.jpg,지루각화증,7,isic2019,train
data/ISIC 2019/BCC/ISIC_0068856.jpg,기저세포암,1,isic2019,train
data/ISIC 2019/BCC/ISIC_0070390.jpg,기저세포암,1,isic2019,train
data/ISIC 2019/NV/ISIC_0055705.jpg,멜라닌세포모반,2,isic2019,train
data/ISIC 2019/MEL/ISIC_0071951.jpg,악성흑색종,6,isic2019,train
data/ISIC 2019/NV/ISIC_0032038.jpg,멜라닌세포모반,2,isic2019,train
data/ISIC 2019/BCC/ISIC_0028688.jpg,기저세포암,1,isic2019,train
data/ISIC 2019/VASC/ISIC_0062584.jpg,혈관종,12,isic2019,train
data/ISIC 2019/BCC/ISIC_0034155.jpg,기저세포암,1,isic2019,train
data/ISIC 2019/BCC/ISIC_0066202.jpg,기저세포암,1,isic2019,train
data/ISIC 2019/BCC/ISIC_0057373.jpg,기저세포암,1,isic2019,train
data/ISIC 2019/MEL/ISIC_0062602.jpg,악성흑색종,6,isic2019,train
data/ISIC 2019/BKL/ISIC_0071801.jpg,지루각화증,7,isic2019,train
data/ISIC 2019/VASC/ISIC_0069242.jpg,혈관종,12,isic2019,train
data/ISIC 2019/MEL/ISIC_0064752.jpg,악성흑색종,6,isic2019,train
data/ISIC 2019/MEL/ISIC_0012701_downsampled.jpg,악성흑색종,6,isic2019,train
data/ISIC 2019/VASC/ISIC_0024375.jpg,혈관종,12,isic2019,train
data/ISIC 2019/AK/ISIC_0027829.jpg,광선각화증,0,isic2019,train
data/ISIC 2019/BKL/ISIC_0014573_downsampled.jpg,지루각화증,7,isic2019,train
data/ISIC 2019/BCC/ISIC_0057604.jpg,기저세포암,1,isic2019,train
data/ISIC 2019/MEL/ISIC_0054570.jpg,악성흑색종,6,isic2019,train
data/ISIC 2019/MEL/ISIC_0025219.jpg,악성흑색종,6,isic2019,train
data/ISIC 2019/BKL/ISIC_0029474.jpg,지루각화증,7,isic2019,train
data/ISIC 2019/NV/ISIC_0026066.jpg,멜라닌세포모반,2,isic2019,train
data/ISIC 2019/BCC/ISIC_0054957.jpg,기저세포암,1,isic2019,train
data/ISIC 2019/NV/ISIC_0056012.jpg,멜라닌세포모반,2,isic2019,train
data/ISIC 2019/BKL/ISIC_0026846.jpg,지루각화증,7,isic2019,train
data/ISIC 2019/NV/ISIC_0063092.jpg,멜라닌세포모반,2,isic2019,train
data/ISIC 2019/BCC/ISIC_0026154.jpg,기저세포암,1,isic2019,train
data/ISIC 2019/MEL/ISIC_0069908.jpg,악성흑색종,6,isic2019,train
data/ISIC 2019/MEL/ISIC_0064066.jpg,악성흑색종,6,isic2019,train
data/ISIC 2019/NV/ISIC_0028638.jpg,멜라닌세포모반,2,isic2019,train
data/ISIC 2019/MEL/ISIC_0064860.jpg,악성흑색종,6,isic2019,train
data/ISIC 2019/SCC/ISIC_0071151.jpg,편평세포암,8,isic2019,train
data/ISIC 2019/VASC/ISIC_0025807.jpg,혈관종,12,isic2019,train
data/ISIC 2019/MEL/ISIC_0033885.jpg,악성흑색종,6,isic2019,train
data/ISIC 2019/SCC/ISIC_0068556.jpg,편평세포암,8,isic2019,train
data/ISIC 2019/BCC/ISIC_0068987.jpg,기저세포암,1,isic2019,train
data/ISIC 2019/MEL/ISIC_0066430.jpg,악성흑색종,6,isic2019,train
data/ISIC 2019/NV/ISIC_0034137.jpg,멜라닌세포모반,2,isic2019,train
data/ISIC 2019/BKL/ISIC_0060560.jpg,지루각화증,7,isic2019,train
data/ISIC 2019/BCC/ISIC_0070221.jpg,기저세포암,1,isic2019,train
data/ISIC 2019/AK/ISIC_0029781.jpg,광선각화증,0,isic2019,train
data/ISIC 2019/BKL/ISIC_0012840_downsampled.jpg,지루각화증,7,isic2019,train
data/ISIC 2019/BKL/ISIC_0014595_downsampled.jpg,지루각화증,7,isic2019,train
data/ISIC 2019/VASC/ISIC_0031103.jpg,혈관종,12,isic2019,train
data/ISIC 2019/NV/ISIC_0032874.jpg,멜라닌세포모반,2,isic2019,train
data/ISIC 2019/MEL/ISIC_0068145.jpg,악성흑색종,6,isic2019,train
data/ISIC 2019/NV/ISIC_0054962.jpg,멜라닌세포모반,2,isic2019,train
data/ISIC 2019/NV/ISIC_0031467.jpg,멜라닌세포모반,2,isic2019,train
data/ISIC 2019/MEL/ISIC_0030689.jpg,악성흑색종,6,isic2019,train
data/ISIC 2019/NV/ISIC_0031305.jpg,멜라닌세포모반,2,isic2019,train
data/ISIC 2019/BCC/ISIC_0069557.jpg,기저세포암,1,isic2019,train
data/ISIC 2019/SCC/ISIC_0067803.jpg,편평세포암,8,isic2019,train
data/ISIC 2019/NV/ISIC_0026344.jpg,멜라닌세포모반,2,isic2019,train
data/ISIC 2019/BKL/ISIC_0059363.jpg,지루각화증,7,isic2019,train
data/ISIC 2019/DF/ISIC_0058328.jpg,피부섬유종,10,isic2019,train
data/ISIC 2019/AK/ISIC_0066684.jpg,광선각화증,0,isic2019,train
data/ISIC 2019/BKL/ISIC_0026523.jpg,지루각화증,7,isic2019,train
data/ISIC 2019/BCC/ISIC_0069807.jpg,기저세포암,1,isic2019,train
data/ISIC 2019/MEL/ISIC_0000160.jpg,악성흑색종,6,isic2019,train
data/ISIC 2019/NV/ISIC_0031297.jpg,멜라닌세포모반,2,isic2019,train
data/ISIC 2019/BKL/ISIC_0030965.jpg,지루각화증,7,isic2019,train
data/ISIC 2019/BKL/ISIC_0061423.jpg,지루각화증,7,isic2019,train
data/ISIC 2019/AK/ISIC_0058320.jpg,광선각화증,0,isic2019,train
data/ISIC 2019/NV/ISIC_0059719.jpg,멜라닌세포모반,2,isic2019,train
data/ISIC 2019/NV/ISIC_0064858.jpg,멜라닌세포모반,2,isic2019,train
data/ISIC 2019/NV/ISIC_0069383.jpg,멜라닌세포모반,2,isic2019,train
data/ISIC 2019/MEL/ISIC_0011176.jpg,악성흑색종,6,isic2019,train
data/ISIC 2019/BCC/ISIC_0067736.jpg,기저세포암,1,isic2019,train
data/ISIC 2019/BKL/ISIC_0026744.jpg,지루각화증,7,isic2019,train
data/ISIC 2019/SCC/ISIC_0028499.jpg,편평세포암,8,isic2019,train
data/ISIC 2019/AK/ISIC_0056898.jpg,광선각화증,0,isic2019,train
data/ISIC 2019/BCC/ISIC_0034093.jpg,기저세포암,1,isic2019,train
data/ISIC 2019/MEL/ISIC_0033886.jpg,악성흑색종,6,isic2019,train
data/ISIC 2019/BCC/ISIC_0067707.jpg,기저세포암,1,isic2019,train
data/ISIC 2019/BKL/ISIC_0066313.jpg,지루각화증,7,isic2019,train
data/ISIC 2019/NV/ISIC_0026375.jpg,멜라닌세포모반,2,isic2019,train
data/ISIC 2019/BCC/ISIC_0028807.jpg,기저세포암,1,isic2019,train
data/ISIC 2019/BKL/ISIC_0054761.jpg,지루각화증,7,isic2019,train
data/ISIC 2019/BCC/ISIC_0072434.jpg,기저세포암,1,isic2019,train
data/ISIC 2019/MEL/ISIC_0013953_downsampled.jpg,악성흑색종,6,isic2019,train
data/ISIC 2019/MEL/ISIC_0027502.jpg,악성흑색종,6,isic2019,train
data/ISIC 2019/BCC/ISIC_0059811.jpg,기저세포암,1,isic2019,train
data/ISIC 2019/BCC/ISIC_0060922.jpg,기저세포암,1,isic2019,train
data/ISIC 2019/MEL/ISIC_0000162.jpg,악성흑색종,6,isic2019,train
data/ISIC 2019/NV/ISIC_0058470.jpg,멜라닌세포모반,2,isic2019,train
data/ISIC 2019/NV/ISIC_0030322.jpg,멜라닌세포모반,2,isic2019,train
data/ISIC 2019/BKL/ISIC_0025656.jpg,지루각화증,7,isic2019,train
data/ISIC 2019/MEL/ISIC_0061713.jpg,악성흑색종,6,isic2019,train
data/ISIC 2019/MEL/ISIC_0056138.jpg,악성흑색종,6,isic2019,train
data/ISIC 2019/BCC/ISIC_0059124.jpg,기저세포암,1,isic2019,train
data/ISIC 2019/DF/ISIC_0029783.jpg,피부섬유종,10,isic2019,train
data/ISIC 2019/BCC/ISIC_0028928.jpg,기저세포암,1,isic2019,train
data/ISIC 2019/SCC/ISIC_0065692.jpg,편평세포암,8,isic2019,train
data/ISIC 2019/NV/ISIC_0026552.jpg,멜라닌세포모반,2,isic2019,train
data/ISIC 2019/NV/ISIC_0058686.jpg,멜라닌세포모반,2,isic2019,train
data/ISIC 2019/BCC/ISIC_0065028.jpg,기저세포암,1,isic2019,train
data/ISIC 2019/MEL/ISIC_0071632.jpg,악성흑색종,6,isic2019,train
data/ISIC 2019/MEL/ISIC_0069292.jpg,악성흑색종,6,isic2019,train
data/ISIC 2019/BCC/ISIC_0070661.jpg,기저세포암,1,isic2019,train
data/ISIC 2019/SCC/ISIC_0071786.jpg,편평세포암,8,isic2019,train
data/ISIC 2019/NV/ISIC_0010093.jpg,멜라닌세포모반,2,isic2019,train
data/ISIC 2019/MEL/ISIC_0013969_downsampled.jpg,악성흑색종,6,isic2019,train
data/ISIC 2019/SCC/ISIC_0062156.jpg,편평세포암,8,isic2019,train
data/ISIC 2019/BCC/ISIC_0060685.jpg,기저세포암,1,isic2019,train
data/ISIC 2019/BKL/ISIC_0058684.jpg,지루각화증,7,isic2019,train
data/ISIC 2019/VASC/ISIC_0059442.jpg,혈관종,12,isic2019,train
data/ISIC 2019/BKL/ISIC_0027893.jpg,지루각화증,7,isic2019,train
data/ISIC 2019/BCC/ISIC_0026056.jpg,기저세포암,1,isic2019,train
data/ISIC 2019/MEL/ISIC_0061479.jpg,악성흑색종,6,isic2019,train
data/ISIC 2019/BCC/ISIC_0066881.jpg,기저세포암,1,isic2019,train
data/ISIC 2019/BCC/ISIC_0069724.jpg,기저세포암,1,isic2019,train
data/ISIC 2019/SCC/ISIC_0033550.jpg,편평세포암,8,isic2019,train
data/ISIC 2019/DF/ISIC_0033675.jpg,피부섬유종,10,isic2019,train
data/ISIC 2019/NV/ISIC_0025679.jpg,멜라닌세포모반,2,isic2019,train
data/ISIC 2019/BCC/ISIC_0056297.jpg,기저세포암,1,isic2019,train
data/ISIC 2019/BCC/ISIC_0070223.jpg,기저세포암,1,isic2019,train
data/ISIC 2019/BCC/ISIC_0065051.jpg,기저세포암,1,isic2019,train
data/ISIC 2019/BCC/ISIC_0059912.jpg,기저세포암,1,isic2019,train
data/ISIC 2019/BCC/ISIC_0065167.jpg,기저세포암,1,isic2019,train
data/ISIC 2019/BCC/ISIC_0030514.jpg,기저세포암,1,isic2019,train
data/ISIC 2019/MEL/ISIC_0013828_downsampled.jpg,악성흑색종,6,isic2019,train
data/ISIC 2019/BCC/ISIC_0032174.jpg,기저세포암,1,isic2019,train
data/ISIC 2019/BCC/ISIC_0061400.jpg,기저세포암,1,isic2019,train
data/ISIC 2019/NV/ISIC_0025853.jpg,멜라닌세포모반,2,isic2019,train
data/ISIC 2019/BKL/ISIC_0067258.jpg,지루각화증,7,isic2019,train
data/ISIC 2019/SCC/ISIC_0028158.jpg,편평세포암,8,isic2019,train
data/ISIC 2019/MEL/ISIC_0030183.jpg,악성흑색종,6,isic2019,train
data/ISIC 2019/MEL/ISIC_0065062.jpg,악성흑색종,6,isic2019,train
data/ISIC 2019/BCC/ISIC_0064223.jpg,기저세포암,1,isic2019,train
data/ISIC 2019/BCC/ISIC_0067815.jpg,기저세포암,1,isic2019,train
data/ISIC 2019/NV/ISIC_0053637.jpg,멜라닌세포모반,2,isic2019,train
data/ISIC 2019/NV/ISIC_0026179.jpg,멜라닌세포모반,2,isic2019,train
data/ISIC 2019/AK/ISIC_0057477.jpg,광선각화증,0,isic2019,train
data/ISIC 2019/AK/ISIC_0068626.jpg,광선각화증,0,isic2019,train
data/ISIC 2019/SCC/ISIC_0055920.jpg,편평세포암,8,isic2019,train
data/ISIC 2019/BCC/ISIC_0055993.jpg,기저세포암,1,isic2019,train
data/ISIC 2019/BCC/ISIC_0065328.jpg,기저세포암,1,isic2019,train
data/ISIC 2019/BKL/ISIC_0014594_downsampled.jpg,지루각화증,7,isic2019,train
data/ISIC 2019/MEL/ISIC_0010081.jpg,악성흑색종,6,isic2019,train
data/ISIC 2019/NV/ISIC_0054304.jpg,멜라닌세포모반,2,isic2019,train
data/ISIC 2019/BKL/ISIC_0027367.jpg,지루각화증,7,isic2019,train
data/ISIC 2019/MEL/ISIC_0061404.jpg,악성흑색종,6,isic2019,train
data/ISIC 2019/SCC/ISIC_0025811.jpg,편평세포암,8,isic2019,train
data/ISIC 2019/AK/ISIC_0061730.jpg,광선각화증,0,isic2019,train
data/ISIC 2019/MEL/ISIC_0032535.jpg,악성흑색종,6,isic2019,train
data/ISIC 2019/AK/ISIC_0054592.jpg,광선각화증,0,isic2019,train
data/ISIC 2019/BCC/ISIC_0054088.jpg,기저세포암,1,isic2019,train
data/ISIC 2019/BCC/ISIC_0061177.jpg,기저세포암,1,isic2019,train
data/ISIC 2019/AK/ISIC_0065416.jpg,광선각화증,0,isic2019,train
data/ISIC 2019/BCC/ISIC_0032061.jpg,기저세포암,1,isic2019,train
data/ISIC 2019/AK/ISIC_0066885.jpg,광선각화증,0,isic2019,train
data/ISIC 2019/MEL/ISIC_0033905.jpg,악성흑색종,6,isic2019,train
data/ISIC 2019/BCC/ISIC_0055065.jpg,기저세포암,1,isic2019,train
data/ISIC 2019/BCC/ISIC_0065157.jpg,기저세포암,1,isic2019,train
data/ISIC 2019/NV/ISIC_0027066.jpg,멜라닌세포모반,2,isic2019,train
data/ISIC 2019/BKL/ISIC_0072149.jpg,지루각화증,7,isic2019,train
data/ISIC 2019/NV/ISIC_0033078.jpg,멜라닌세포모반,2,isic2019,train
data/ISIC 2019/MEL/ISIC_0060377.jpg,악성흑색종,6,isic2019,train
data/ISIC 2019/MEL/ISIC_0060629.jpg,악성흑색종,6,isic2019,train
data/ISIC 2019/NV/ISIC_0066779.jpg,멜라닌세포모반,2,isic2019,train
data/ISIC 2019/BCC/ISIC_0061869.jpg,기저세포암,1,isic2019,train
data/ISIC 2019/BCC/ISIC_0066608.jpg,기저세포암,1,isic2019,train
data/ISIC 2019/AK/ISIC_0029915.jpg,광선각화증,0,isic2019,train
data/ISIC 2019/BCC/ISIC_0063236.jpg,기저세포암,1,isic2019,train
data/ISIC 2019/NV/ISIC_0028634.jpg,멜라닌세포모반,2,isic2019,train
data/ISIC 2019/SCC/ISIC_0026362.jpg,편평세포암,8,isic2019,train
data/ISIC 2019/NV/ISIC_0009978.jpg,멜라닌세포모반,2,isic2019,train
data/ISIC 2019/VASC/ISIC_0024475.jpg,혈관종,12,isic2019,train
data/ISIC 2019/MEL/ISIC_0031745.jpg,악성흑색종,6,isic2019,train
data/ISIC 2019/BCC/ISIC_0054075.jpg,기저세포암,1,isic2019,train
data/ISIC 2019/BCC/ISIC_0069362.jpg,기저세포암,1,isic2019,train
data/ISIC 2019/NV/ISIC_0028391.jpg,멜라닌세포모반,2,isic2019,train
data/ISIC 2019/SCC/ISIC_0025948.jpg,편평세포암,8,isic2019,train
data/ISIC 2019/BKL/ISIC_0064225.jpg,지루각화증,7,isic2019,train
data/ISIC 2019/NV/ISIC_0031562.jpg,멜라닌세포모반,2,isic2019,train
data/ISIC 2019/MEL/ISIC_0034222.jpg,악성흑색종,6,isic2019,train
data/ISIC 2019/MEL/ISIC_0054844.jpg,악성흑색종,6,isic2019,train
data/ISIC 2019/VASC/ISIC_0028680.jpg,혈관종,12,isic2019,train
data/ISIC 2019/BCC/ISIC_0071400.jpg,기저세포암,1,isic2019,train
data/ISIC 2019/BKL/ISIC_0032045.jpg,지루각화증,7,isic2019,train
data/ISIC 2019/MEL/ISIC_0026950.jpg,악성흑색종,6,isic2019,train
data/ISIC 2019/MEL/ISIC_0055938.jpg,악성흑색종,6,isic2019,train
data/ISIC 2019/BCC/ISIC_0072092.jpg,기저세포암,1,isic2019,train
data/ISIC 2019/BKL/ISIC_0065757.jpg,지루각화증,7,isic2019,train
data/ISIC 2019/SCC/ISIC_0062117.jpg,편평세포암,8,isic2019,train
data/ISIC 2019/AK/ISIC_0024800.jpg,광선각화증,0,isic2019,train
data/ISIC 2019/BKL/ISIC_0012447_downsampled.jpg,지루각화증,7,isic2019,train
data/ISIC 2019/NV/ISIC_0030848.jpg,멜라닌세포모반,2,isic2019,train
data/ISIC 2019/BCC/ISIC_0070015.jpg,기저세포암,1,isic2019,train
data/ISIC 2019/BCC/ISIC_0062963.jpg,기저세포암,1,isic2019,train
data/ISIC 2019/AK/ISIC_0071669.jpg,광선각화증,0,isic2019,train
data/ISIC 2019/BKL/ISIC_0032043.jpg,지루각화증,7,isic2019,train
data/ISIC 2019/BCC/ISIC_0066842.jpg,기저세포암,1,isic2019,train
data/ISIC 2019/MEL/ISIC_0061559.jpg,악성흑색종,6,isic2019,train
data/ISIC 2019/BKL/ISIC_0060902.jpg,지루각화증,7,isic2019,train
data/ISIC 2019/BKL/ISIC_0054739.jpg,지루각화증,7,isic2019,train
data/ISIC 2019/MEL/ISIC_0065133.jpg,악성흑색종,6,isic2019,train
data/ISIC 2019/MEL/ISIC_0053766.jpg,악성흑색종,6,isic2019,train
data/ISIC 2019/MEL/ISIC_0025663.jpg,악성흑색종,6,isic2019,train
data/ISIC 2019/MEL/ISIC_0014347_downsampled.jpg,악성흑색종,6,isic2019,train
data/ISIC 2019/BCC/ISIC_0064038.jpg,기저세포암,1,isic2019,train
data/ISIC 2019/NV/ISIC_0063252.jpg,멜라닌세포모반,2,isic2019,train
data/ISIC 2019/MEL/ISIC_0064320.jpg,악성흑색종,6,isic2019,train
data/ISIC 2019/SCC/ISIC_0027678.jpg,편평세포암,8,isic2019,train
data/ISIC 2019/NV/ISIC_0065881.jpg,멜라닌세포모반,2,isic2019,train
data/ISIC 2019/BKL/ISIC_0025484.jpg,지루각화증,7,isic2019,train
data/ISIC 2019/BKL/ISIC_0024337.jpg,지루각화증,7,isic2019,train
data/ISIC 2019/BCC/ISIC_0066297.jpg,기저세포암,1,isic2019,train
data/ISIC 2019/NV/ISIC_0025619.jpg,멜라닌세포모반,2,isic2019,train
data/ISIC 2019/SCC/ISIC_0030803.jpg,편평세포암,8,isic2019,train
data/ISIC 2019/NV/ISIC_0032353.jpg,멜라닌세포모반,2,isic2019,train
data/ISIC 2019/BCC/ISIC_0033372.jpg,기저세포암,1,isic2019,train
data/ISIC 2019/BKL/ISIC_0071662.jpg,지루각화증,7,isic2019,train
data/ISIC 2019/NV/ISIC_0069142.jpg,멜라닌세포모반,2,isic2019,train
data/ISIC 2019/AK/ISIC_0068175.jpg,광선각화증,0,isic2019,train
data/ISIC 2019/BKL/ISIC_0028448.jpg,지루각화증,7,isic2019,train
data/ISIC 2019/BCC/ISIC_0057574.jpg,기저세포암,1,isic2019,train
data/ISIC 2019/BCC/ISIC_0032185.jpg,기저세포암,1,isic2019,train
data/ISIC 2019/MEL/ISIC_0027171.jpg,악성흑색종,6,isic2019,train
data/ISIC 2019/NV/ISIC_0054587.jpg,멜라닌세포모반,2,isic2019,train
data/ISIC 2019/MEL/ISIC_0054677.jpg,악성흑색종,6,isic2019,train
data/ISIC 2019/BKL/ISIC_0034011.jpg,지루각화증,7,isic2019,train
data/ISIC 2019/BKL/ISIC_0032306.jpg,지루각화증,7,isic2019,train
data/ISIC 2019/BCC/ISIC_0032092.jpg,기저세포암,1,isic2019,train
data/ISIC 2019/VASC/ISIC_0031201.jpg,혈관종,12,isic2019,train
data/ISIC 2019/SCC/ISIC_0056821.jpg,편평세포암,8,isic2019,train
data/ISIC 2019/BKL/ISIC_0072501.jpg,지루각화증,7,isic2019,train
data/ISIC 2019/VASC/ISIC_0068387.jpg,혈관종,12,isic2019,train
data/ISIC 2019/BCC/ISIC_0072461.jpg,기저세포암,1,isic2019,train
data/ISIC 2019/DF/ISIC_0060615.jpg,피부섬유종,10,isic2019,train
data/ISIC 2019/AK/ISIC_0056273.jpg,광선각화증,0,isic2019,train
data/ISIC 2019/BKL/ISIC_0013409_downsampled.jpg,지루각화증,7,isic2019,train
data/ISIC 2019/BCC/ISIC_0069696.jpg,기저세포암,1,isic2019,train
data/ISIC 2019/MEL/ISIC_0059421.jpg,악성흑색종,6,isic2019,train
data/ISIC 2019/BCC/ISIC_0069153.jpg,기저세포암,1,isic2019,train
data/ISIC 2019/MEL/ISIC_0000170.jpg,악성흑색종,6,isic2019,train
data/ISIC 2019/BCC/ISIC_0070789.jpg,기저세포암,1,isic2019,train
data/ISIC 2019/BKL/ISIC_0034189.jpg,지루각화증,7,isic2019,train
data/ISIC 2019/NV/ISIC_0029470.jpg,멜라닌세포모반,2,isic2019,train
data/ISIC 2019/MEL/ISIC_0056800.jpg,악성흑색종,6,isic2019,train
data/ISIC 2019/MEL/ISIC_0053909.jpg,악성흑색종,6,isic2019,train
data/ISIC 2019/BKL/ISIC_0070681.jpg,지루각화증,7,isic2019,train
data/ISIC 2019/MEL/ISIC_0069626.jpg,악성흑색종,6,isic2019,train
data/ISIC 2019/BKL/ISIC_0029443.jpg,지루각화증,7,isic2019,train
data/ISIC 2019/SCC/ISIC_0056295.jpg,편평세포암,8,isic2019,train
data/ISIC 2019/BCC/ISIC_0033571.jpg,기저세포암,1,isic2019,train
data/ISIC 2019/BCC/ISIC_0064128.jpg,기저세포암,1,isic2019,train
data/ISIC 2019/NV/ISIC_0026739.jpg,멜라닌세포모반,2,isic2019,train
data/ISIC 2019/VASC/ISIC_0032545.jpg,혈관종,12,isic2019,train
data/ISIC 2019/NV/ISIC_0024703.jpg,멜라닌세포모반,2,isic2019,train
data/ISIC 2019/NV/ISIC_0068964.jpg,멜라닌세포모반,2,isic2019,train
data/ISIC 2019/NV/ISIC_0071807.jpg,멜라닌세포모반,2,isic2019,train
data/ISIC 2019/AK/ISIC_0030133.jpg,광선각화증,0,isic2019,train
data/ISIC 2019/NV/ISIC_0030858.jpg,멜라닌세포모반,2,isic2019,train
data/ISIC 2019/MEL/ISIC_0027964.jpg,악성흑색종,6,isic2019,train
data/ISIC 2019/AK/ISIC_0065741.jpg,광선각화증,0,isic2019,train
data/ISIC 2019/AK/ISIC_0067297.jpg,광선각화증,0,isic2019,train
data/ISIC 2019/BCC/ISIC_0058474.jpg,기저세포암,1,isic2019,train
data/ISIC 2019/BKL/ISIC_0061216.jpg,지루각화증,7,isic2019,train
data/ISIC 2019/BCC/ISIC_0066654.jpg,기저세포암,1,isic2019,train
data/ISIC 2019/BCC/ISIC_0060409.jpg,기저세포암,1,isic2019,train
data/ISIC 2019/MEL/ISIC_0072195.jpg,악성흑색종,6,isic2019,train
data/ISIC 2019/BKL/ISIC_0027455.jpg,지루각화증,7,isic2019,train
data/ISIC 2019/MEL/ISIC_0026258.jpg,악성흑색종,6,isic2019,train
data/ISIC 2019/NV/ISIC_0000001.jpg,멜라닌세포모반,2,isic2019,train
data/ISIC 2019/NV/ISIC_0028518.jpg,멜라닌세포모반,2,isic2019,train
data/ISIC 2019/AK/ISIC_0027536.jpg,광선각화증,0,isic2019,train
data/ISIC 2019/MEL/ISIC_0066289.jpg,악성흑색종,6,isic2019,train
data/ISIC 2019/NV/ISIC_0061972.jpg,멜라닌세포모반,2,isic2019,train
data/ISIC 2019/NV/ISIC_0027336.jpg,멜라닌세포모반,2,isic2019,train
data/ISIC 2019/MEL/ISIC_0030795.jpg,악성흑색종,6,isic2019,train
data/ISIC 2019/VASC/ISIC_0064953.jpg,혈관종,12,isic2019,train
data/ISIC 2019/NV/ISIC_0026628.jpg,멜라닌세포모반,2,isic2019,train
data/ISIC 2019/BCC/ISIC_0066745.jpg,기저세포암,1,isic2019,train
data/ISIC 2019/BCC/ISIC_0057822.jpg,기저세포암,1,isic2019,train
data/ISIC 2019/MEL/ISIC_0064072.jpg,악성흑색종,6,isic2019,train
data/ISIC 2019/MEL/ISIC_0057914.jpg,악성흑색종,6,isic2019,train
data/ISIC 2019/BKL/ISIC_0031200.jpg,지루각화증,7,isic2019,train
data/ISIC 2019/NV/ISIC_0013998_downsampled.jpg,멜라닌세포모반,2,isic2019,train
data/ISIC 2019/MEL/ISIC_0071060.jpg,악성흑색종,6,isic2019,train
data/ISIC 2019/VASC/ISIC_0065149.jpg,혈관종,12,isic2019,train
data/ISIC 2019/NV/ISIC_0054759.jpg,멜라닌세포모반,2,isic2019,train
data/ISIC 2019/BCC/ISIC_0065492.jpg,기저세포암,1,isic2019,train
data/ISIC 2019/BKL/ISIC_0031903.jpg,지루각화증,7,isic2019,train
data/ISIC 2019/BKL/ISIC_0058717.jpg,지루각화증,7,isic2019,train
data/ISIC 2019/NV/ISIC_0028245.jpg,멜라닌세포모반,2,isic2019,train
data/ISIC 2019/MEL/ISIC_0067443.jpg,악성흑색종,6,isic2019,train
data/ISIC 2019/MEL/ISIC_0072337.jpg,악성흑색종,6,isic2019,train
data/ISIC 2019/NV/ISIC_0062061.jpg,멜라닌세포모반,2,isic2019,train
data/ISIC 2019/NV/ISIC_0062113.jpg,멜라닌세포모반,2,isic2019,train
data/ISIC 2019/MEL/ISIC_0061647.jpg,악성흑색종,6,isic2019,train
data/ISIC 2019/MEL/ISIC_0059892.jpg,악성흑색종,6,isic2019,train
data/ISIC 2019/BKL/ISIC_0029406.jpg,지루각화증,7,isic2019,train
data/ISIC 2019/MEL/ISIC_0062171.jpg,악성흑색종,6,isic2019,train
data/ISIC 2019/NV/ISIC_0027664.jpg,멜라닌세포모반,2,isic2019,train
data/ISIC 2019/BCC/ISIC_0064510.jpg,기저세포암,1,isic2019,train
data/ISIC 2019/BCC/ISIC_0055958.jpg,기저세포암,1,isic2019,train
data/ISIC 2019/BKL/ISIC_0031060.jpg,지루각화증,7,isic2019,train
data/ISIC 2019/NV/ISIC_0033502.jpg,멜라닌세포모반,2,isic2019,train
data/ISIC 2019/MEL/ISIC_0056902.jpg,악성흑색종,6,isic2019,train
data/ISIC 2019/MEL/ISIC_0061553.jpg,악성흑색종,6,isic2019,train
data/ISIC 2019/BCC/ISIC_0055779.jpg,기저세포암,1,isic2019,train
data/ISIC 2019/BCC/ISIC_0069203.jpg,기저세포암,1,isic2019,train
data/ISIC 2019/NV/ISIC_0030799.jpg,멜라닌세포모반,2,isic2019,train
data/ISIC 2019/NV/ISIC_0030282.jpg,멜라닌세포모반,2,isic2019,train
data/ISIC 2019/BKL/ISIC_0057646.jpg,지루각화증,7,isic2019,train
data/ISIC 2019/BCC/ISIC_0070237.jpg,기저세포암,1,isic2019,train
data/ISIC 2019/VASC/ISIC_0058347.jpg,혈관종,12,isic2019,train
data/ISIC 2019/BCC/ISIC_0065279.jpg,기저세포암,1,isic2019,train
data/ISIC 2019/BKL/ISIC_0055972.jpg,지루각화증,7,isic2019,train
data/ISIC 2019/NV/ISIC_0029901.jpg,멜라닌세포모반,2,isic2019,train
data/ISIC 2019/BCC/ISIC_0061515.jpg,기저세포암,1,isic2019,train
data/ISIC 2019/NV/ISIC_0030646.jpg,멜라닌세포모반,2,isic2019,train
data/ISIC 2019/BKL/ISIC_0014723_downsampled.jpg,지루각화증,7,isic2019,train
data/ISIC 2019/BKL/ISIC_0071629.jpg,지루각화증,7,isic2019,train
data/ISIC 2019/BCC/ISIC_0059673.jpg,기저세포암,1,isic2019,train
data/ISIC 2019/AK/ISIC_0054433.jpg,광선각화증,0,isic2019,train
data/ISIC 2019/BKL/ISIC_0059613.jpg,지루각화증,7,isic2019,train
data/ISIC 2019/MEL/ISIC_0066058.jpg,악성흑색종,6,isic2019,train
data/ISIC 2019/BKL/ISIC_0072040.jpg,지루각화증,7,isic2019,train
data/ISIC 2019/NV/ISIC_0029499.jpg,멜라닌세포모반,2,isic2019,train
data/ISIC 2019/NV/ISIC_0029650.jpg,멜라닌세포모반,2,isic2019,train
data/ISIC 2019/BCC/ISIC_0068399.jpg,기저세포암,1,isic2019,train
data/ISIC 2019/MEL/ISIC_0063394.jpg,악성흑색종,6,isic2019,train
data/ISIC 2019/BKL/ISIC_0069284.jpg,지루각화증,7,isic2019,train
data/ISIC 2019/BKL/ISIC_0069291.jpg,지루각화증,7,isic2019,train
data/ISIC 2019/BCC/ISIC_0070537.jpg,기저세포암,1,isic2019,train
data/ISIC 2019/BCC/ISIC_0057111.jpg,기저세포암,1,isic2019,train
data/ISIC 2019/NV/ISIC_0011383.jpg,멜라닌세포모반,2,isic2019,train
data/ISIC 2019/BKL/ISIC_0069585.jpg,지루각화증,7,isic2019,train
data/ISIC 2019/BCC/ISIC_0058553.jpg,기저세포암,1,isic2019,train
data/ISIC 2019/MEL/ISIC_0034141.jpg,악성흑색종,6,isic2019,train
data/ISIC 2019/BCC/ISIC_0056189.jpg,기저세포암,1,isic2019,train
data/ISIC 2019/MEL/ISIC_0055931.jpg,악성흑색종,6,isic2019,train
data/ISIC 2019/DF/ISIC_0031257.jpg,피부섬유종,10,isic2019,train
data/ISIC 2019/NV/ISIC_0025271.jpg,멜라닌세포모반,2,isic2019,train
data/ISIC 2019/NV/ISIC_0067457.jpg,멜라닌세포모반,2,isic2019,train
data/ISIC 2019/BCC/ISIC_0057666.jpg,기저세포암,1,isic2019,train
data/ISIC 2019/NV/ISIC_0024327.jpg,멜라닌세포모반,2,isic2019,train
data/ISIC 2019/BCC/ISIC_0072897.jpg,기저세포암,1,isic2019,train
data/ISIC 2019/SCC/ISIC_0055929.jpg,편평세포암,8,isic2019,train
data/ISIC 2019/BCC/ISIC_0054467.jpg,기저세포암,1,isic2019,train
data/ISIC 2019/MEL/ISIC_0013606_downsampled.jpg,악성흑색종,6,isic2019,train
data/ISIC 2019/BKL/ISIC_0067627.jpg,지루각화증,7,isic2019,train
data/ISIC 2019/MEL/ISIC_0061278.jpg,악성흑색종,6,isic2019,train
data/ISIC 2019/AK/ISIC_0059709.jpg,광선각화증,0,isic2019,train
data/ISIC 2019/AK/ISIC_0054127.jpg,광선각화증,0,isic2019,train
data/ISIC 2019/BCC/ISIC_0055614.jpg,기저세포암,1,isic2019,train
data/ISIC 2019/MEL/ISIC_0056303.jpg,악성흑색종,6,isic2019,train
data/ISIC 2019/BKL/ISIC_0070127.jpg,지루각화증,7,isic2019,train
data/ISIC 2019/MEL/ISIC_0072252.jpg,악성흑색종,6,isic2019,train
data/ISIC 2019/NV/ISIC_0010176.jpg,멜라닌세포모반,2,isic2019,train
data/ISIC 2019/BCC/ISIC_0070201.jpg,기저세포암,1,isic2019,train
data/ISIC 2019/NV/ISIC_0026706.jpg,멜라닌세포모반,2,isic2019,train
data/ISIC 2019/BKL/ISIC_0027916.jpg,지루각화증,7,isic2019,train
data/ISIC 2019/BCC/ISIC_0026988.jpg,기저세포암,1,isic2019,train
data/ISIC 2019/DF/ISIC_0064115.jpg,피부섬유종,10,isic2019,train
data/ISIC 2019/NV/ISIC_0033190.jpg,멜라닌세포모반,2,isic2019,train
data/ISIC 2019/NV/ISIC_0063805.jpg,멜라닌세포모반,2,isic2019,train
data/ISIC 2019/BCC/ISIC_0067146.jpg,기저세포암,1,isic2019,train
data/ISIC 2019/NV/ISIC_0028988.jpg,멜라닌세포모반,2,isic2019,train
data/ISIC 2019/BKL/ISIC_0012790_downsampled.jpg,지루각화증,7,isic2019,train
data/ISIC 2019/MEL/ISIC_0033813.jpg,악성흑색종,6,isic2019,train
data/ISIC 2019/BCC/ISIC_0071958.jpg,기저세포암,1,isic2019,train
data/ISIC 2019/AK/ISIC_0070143.jpg,광선각화증,0,isic2019,train
data/ISIC 2019/BKL/ISIC_0031017.jpg,지루각화증,7,isic2019,train
data/ISIC 2019/BKL/ISIC_0032330.jpg,지루각화증,7,isic2019,train
data/ISIC 2019/BKL/ISIC_0031326.jpg,지루각화증,7,isic2019,train
data/ISIC 2019/MEL/ISIC_0034059.jpg,악성흑색종,6,isic2019,train
data/ISIC 2019/BCC/ISIC_0060973.jpg,기저세포암,1,isic2019,train
data/ISIC 2019/BKL/ISIC_0028560.jpg,지루각화증,7,isic2019,train
data/ISIC 2019/NV/ISIC_0064541.jpg,멜라닌세포모반,2,isic2019,train
data/ISIC 2019/MEL/ISIC_0054006.jpg,악성흑색종,6,isic2019,train
data/ISIC 2019/AK/ISIC_0057157.jpg,광선각화증,0,isic2019,train
data/ISIC 2019/MEL/ISIC_0065806.jpg,악성흑색종,6,isic2019,train
data/ISIC 2019/BCC/ISIC_0060643.jpg,기저세포암,1,isic2019,train
data/ISIC 2019/BCC/ISIC_0064452.jpg,기저세포암,1,isic2019,train
data/ISIC 2019/BCC/ISIC_0055347.jpg,기저세포암,1,isic2019,train
data/ISIC 2019/NV/ISIC_0033033.jpg,멜라닌세포모반,2,isic2019,train
data/ISIC 2019/BCC/ISIC_0058549.jpg,기저세포암,1,isic2019,train
data/ISIC 2019/BCC/ISIC_0028542.jpg,기저세포암,1,isic2019,train
data/ISIC 2019/MEL/ISIC_0014357_downsampled.jpg,악성흑색종,6,isic2019,train
data/ISIC 2019/BKL/ISIC_0034201.jpg,지루각화증,7,isic2019,train
data/ISIC 2019/NV/ISIC_0071177.jpg,멜라닌세포모반,2,isic2019,train
data/ISIC 2019/NV/ISIC_0057480.jpg,멜라닌세포모반,2,isic2019,train
data/ISIC 2019/MEL/ISIC_0070431.jpg,악성흑색종,6,isic2019,train
data/ISIC 2019/SCC/ISIC_0068664.jpg,편평세포암,8,isic2019,train
data/ISIC 2019/BCC/ISIC_0057941.jpg,기저세포암,1,isic2019,train
data/ISIC 2019/BKL/ISIC_0027017.jpg,지루각화증,7,isic2019,train
data/ISIC 2019/BCC/ISIC_0072515.jpg,기저세포암,1,isic2019,train
data/ISIC 2019/BCC/ISIC_0070831.jpg,기저세포암,1,isic2019,train
data/ISIC 2019/BCC/ISIC_0067302.jpg,기저세포암,1,isic2019,train
data/ISIC 2019/NV/ISIC_0030733.jpg,멜라닌세포모반,2,isic2019,train
data/ISIC 2019/NV/ISIC_0070005.jpg,멜라닌세포모반,2,isic2019,train
data/ISIC 2019/BCC/ISIC_0072942.jpg,기저세포암,1,isic2019,train
data/ISIC 2019/BCC/ISIC_0073128.jpg,기저세포암,1,isic2019,train
data/ISIC 2019/MEL/ISIC_0033333.jpg,악성흑색종,6,isic2019,train
data/ISIC 2019/NV/ISIC_0010498.jpg,멜라닌세포모반,2,isic2019,train
data/ISIC 2019/NV/ISIC_0027895.jpg,멜라닌세포모반,2,isic2019,train
data/ISIC 2019/NV/ISIC_0031536.jpg,멜라닌세포모반,2,isic2019,train
data/ISIC 2019/BKL/ISIC_0060440.jpg,지루각화증,7,isic2019,train
data/ISIC 2019/NV/ISIC_0031113.jpg,멜라닌세포모반,2,isic2019,train
data/ISIC 2019/AK/ISIC_0026650.jpg,광선각화증,0,isic2019,train
data/ISIC 2019/BCC/ISIC_0062332.jpg,기저세포암,1,isic2019,train
data/ISIC 2019/BKL/ISIC_0024748.jpg,지루각화증,7,isic2019,train
data/ISIC 2019/MEL/ISIC_0059891.jpg,악성흑색종,6,isic2019,train
data/ISIC 2019/MEL/ISIC_0064863.jpg,악성흑색종,6,isic2019,train
data/ISIC 2019/MEL/ISIC_0053509.jpg,악성흑색종,6,isic2019,train
data/ISIC 2019/BCC/ISIC_0030813.jpg,기저세포암,1,isic2019,train
data/ISIC 2019/MEL/ISIC_0072569.jpg,악성흑색종,6,isic2019,train
data/ISIC 2019/BKL/ISIC_0024382.jpg,지루각화증,7,isic2019,train
data/ISIC 2019/NV/ISIC_0025938.jpg,멜라닌세포모반,2,isic2019,train
data/ISIC 2019/NV/ISIC_0025523.jpg,멜라닌세포모반,2,isic2019,train
data/ISIC 2019/VASC/ISIC_0033762.jpg,혈관종,12,isic2019,train
data/ISIC 2019/BCC/ISIC_0058973.jpg,기저세포암,1,isic2019,train
data/ISIC 2019/BKL/ISIC_0012375_downsampled.jpg,지루각화증,7,isic2019,train
data/ISIC 2019/MEL/ISIC_0066520.jpg,악성흑색종,6,isic2019,train
data/ISIC 2019/MEL/ISIC_0060132.jpg,악성흑색종,6,isic2019,train
data/ISIC 2019/NV/ISIC_0029164.jpg,멜라닌세포모반,2,isic2019,train
data/ISIC 2019/BCC/ISIC_0067600.jpg,기저세포암,1,isic2019,train
data/ISIC 2019/MEL/ISIC_0027155.jpg,악성흑색종,6,isic2019,train
data/ISIC 2019/MEL/ISIC_0015132_downsampled.jpg,악성흑색종,6,isic2019,train
data/ISIC 2019/BCC/ISIC_0067595.jpg,기저세포암,1,isic2019,train
data/ISIC 2019/MEL/ISIC_0070123.jpg,악성흑색종,6,isic2019,train
data/ISIC 2019/BCC/ISIC_0066166.jpg,기저세포암,1,isic2019,train
data/ISIC 2019/BKL/ISIC_0070261.jpg,지루각화증,7,isic2019,train
data/ISIC 2019/NV/ISIC_0028125.jpg,멜라닌세포모반,2,isic2019,train
data/ISIC 2019/MEL/ISIC_0033999.jpg,악성흑색종,6,isic2019,train
data/ISIC 2019/MEL/ISIC_0062098.jpg,악성흑색종,6,isic2019,train
data/ISIC 2019/BCC/ISIC_0031943.jpg,기저세포암,1,isic2019,train
data/ISIC 2019/MEL/ISIC_0033050.jpg,악성흑색종,6,isic2019,train
data/ISIC 2019/MEL/ISIC_0055282.jpg,악성흑색종,6,isic2019,train
data/ISIC 2019/BKL/ISIC_0062110.jpg,지루각화증,7,isic2019,train
data/ISIC 2019/BKL/ISIC_0058400.jpg,지루각화증,7,isic2019,train
data/ISIC 2019/BCC/ISIC_0062833.jpg,기저세포암,1,isic2019,train
data/ISIC 2019/BCC/ISIC_0070345.jpg,기저세포암,1,isic2019,train
data/ISIC 2019/DF/ISIC_0032410.jpg,피부섬유종,10,isic2019,train
data/ISIC 2019/NV/ISIC_0033172.jpg,멜라닌세포모반,2,isic2019,train
data/ISIC 2019/BCC/ISIC_0067079.jpg,기저세포암,1,isic2019,train
data/ISIC 2019/BKL/ISIC_0029061.jpg,지루각화증,7,isic2019,train
data/ISIC 2019/VASC/ISIC_0070526.jpg,혈관종,12,isic2019,train
data/ISIC 2019/BKL/ISIC_0026607.jpg,지루각화증,7,isic2019,train
data/ISIC 2019/BCC/ISIC_0069915.jpg,기저세포암,1,isic2019,train
data/ISIC 2019/NV/ISIC_0034251.jpg,멜라닌세포모반,2,isic2019,train
data/ISIC 2019/BKL/ISIC_0032829.jpg,지루각화증,7,isic2019,train
data/ISIC 2019/NV/ISIC_0063321.jpg,멜라닌세포모반,2,isic2019,train
data/ISIC 2019/AK/ISIC_0064638.jpg,광선각화증,0,isic2019,train
data/ISIC 2019/MEL/ISIC_0058858.jpg,악성흑색종,6,isic2019,train
data/ISIC 2019/BKL/ISIC_0069853.jpg,지루각화증,7,isic2019,train
data/ISIC 2019/BKL/ISIC_0061821.jpg,지루각화증,7,isic2019,train
data/ISIC 2019/NV/ISIC_0071073.jpg,멜라닌세포모반,2,isic2019,train
data/ISIC 2019/SCC/ISIC_0029362.jpg,편평세포암,8,isic2019,train
data/ISIC 2019/MEL/ISIC_0065469.jpg,악성흑색종,6,isic2019,train
data/ISIC 2019/BCC/ISIC_0025530.jpg,기저세포암,1,isic2019,train
data/ISIC 2019/VASC/ISIC_0030956.jpg,혈관종,12,isic2019,train
data/ISIC 2019/BKL/ISIC_0061335.jpg,지루각화증,7,isic2019,train
data/ISIC 2019/NV/ISIC_0033327.jpg,멜라닌세포모반,2,isic2019,train
data/ISIC 2019/AK/ISIC_0027447.jpg,광선각화증,0,isic2019,train
data/ISIC 2019/BCC/ISIC_0061541.jpg,기저세포암,1,isic2019,train
data/ISIC 2019/NV/ISIC_0025645.jpg,멜라닌세포모반,2,isic2019,train
data/ISIC 2019/MEL/ISIC_0065681.jpg,악성흑색종,6,isic2019,train
data/ISIC 2019/MEL/ISIC_0034275.jpg,악성흑색종,6,isic2019,train
data/ISIC 2019/BCC/ISIC_0034276.jpg,기저세포암,1,isic2019,train
data/ISIC 2019/NV/ISIC_0029442.jpg,멜라닌세포모반,2,isic2019,train
data/ISIC 2019/MEL/ISIC_0033344.jpg,악성흑색종,6,isic2019,train
data/ISIC 2019/MEL/ISIC_0066412.jpg,악성흑색종,6,isic2019,train
data/ISIC 2019/MEL/ISIC_0066600.jpg,악성흑색종,6,isic2019,train
data/ISIC 2019/SCC/ISIC_0060356.jpg,편평세포암,8,isic2019,train
data/ISIC 2019/NV/ISIC_0067838.jpg,멜라닌세포모반,2,isic2019,train
data/ISIC 2019/MEL/ISIC_0066921.jpg,악성흑색종,6,isic2019,train
data/ISIC 2019/BKL/ISIC_0014571_downsampled.jpg,지루각화증,7,isic2019,train
data/ISIC 2019/BCC/ISIC_0054647.jpg,기저세포암,1,isic2019,train
data/ISIC 2019/BCC/ISIC_0060591.jpg,기저세포암,1,isic2019,train
data/ISIC 2019/MEL/ISIC_0059202.jpg,악성흑색종,6,isic2019,train
data/ISIC 2019/AK/ISIC_0057679.jpg,광선각화증,0,isic2019,train
data/ISIC 2019/NV/ISIC_0065563.jpg,멜라닌세포모반,2,isic2019,train
data/ISIC 2019/NV/ISIC_0028979.jpg,멜라닌세포모반,2,isic2019,train
data/ISIC 2019/MEL/ISIC_0072077.jpg,악성흑색종,6,isic2019,train
data/ISIC 2019/BKL/ISIC_0057463.jpg,지루각화증,7,isic2019,train
data/ISIC 2019/NV/ISIC_0029876.jpg,멜라닌세포모반,2,isic2019,train
data/ISIC 2019/NV/ISIC_0069941.jpg,멜라닌세포모반,2,isic2019,train
data/ISIC 2019/BKL/ISIC_0030173.jpg,지루각화증,7,isic2019,train
data/ISIC 2019/DF/ISIC_0031799.jpg,피부섬유종,10,isic2019,train
data/ISIC 2019/MEL/ISIC_0028548.jpg,악성흑색종,6,isic2019,train
data/ISIC 2019/BKL/ISIC_0014593_downsampled.jpg,지루각화증,7,isic2019,train
data/ISIC 2019/MEL/ISIC_0056346.jpg,악성흑색종,6,isic2019,train
data/ISIC 2019/MEL/ISIC_0063748.jpg,악성흑색종,6,isic2019,train
data/ISIC 2019/NV/ISIC_0032147.jpg,멜라닌세포모반,2,isic2019,train
data/ISIC 2019/BCC/ISIC_0055893.jpg,기저세포암,1,isic2019,train
data/ISIC 2019/BCC/ISIC_0056282.jpg,기저세포암,1,isic2019,train
data/ISIC 2019/BCC/ISIC_0069734.jpg,기저세포암,1,isic2019,train
data/ISIC 2019/BCC/ISIC_0054662.jpg,기저세포암,1,isic2019,train
data/ISIC 2019/NV/ISIC_0012518_downsampled.jpg,멜라닌세포모반,2,isic2019,train
data/ISIC 2019/BCC/ISIC_0056124.jpg,기저세포암,1,isic2019,train
data/ISIC 2019/BKL/ISIC_0063646.jpg,지루각화증,7,isic2019,train
data/ISIC 2019/BCC/ISIC_0065877.jpg,기저세포암,1,isic2019,train
data/ISIC 2019/MEL/ISIC_0013258_downsampled.jpg,악성흑색종,6,isic2019,train
data/ISIC 2019/BCC/ISIC_0061337.jpg,기저세포암,1,isic2019,train
data/ISIC 2019/NV/ISIC_0014081_downsampled.jpg,멜라닌세포모반,2,isic2019,train
data/ISIC 2019/BKL/ISIC_0053562.jpg,지루각화증,7,isic2019,train
data/ISIC 2019/MEL/ISIC_0070888.jpg,악성흑색종,6,isic2019,train
data/ISIC 2019/NV/ISIC_0059399.jpg,멜라닌세포모반,2,isic2019,train
data/ISIC 2019/NV/ISIC_0025999.jpg,멜라닌세포모반,2,isic2019,train
data/ISIC 2019/BCC/ISIC_0072506.jpg,기저세포암,1,isic2019,train
data/ISIC 2019/BCC/ISIC_0071250.jpg,기저세포암,1,isic2019,train
data/ISIC 2019/BKL/ISIC_0054392.jpg,지루각화증,7,isic2019,train
data/ISIC 2019/MEL/ISIC_0062481.jpg,악성흑색종,6,isic2019,train
data/ISIC 2019/BKL/ISIC_0013977_downsampled.jpg,지루각화증,7,isic2019,train
data/ISIC 2019/NV/ISIC_0025895.jpg,멜라닌세포모반,2,isic2019,train
data/ISIC 2019/DF/ISIC_0034135.jpg,피부섬유종,10,isic2019,train
data/ISIC 2019/MEL/ISIC_0031545.jpg,악성흑색종,6,isic2019,train
data/ISIC 2019/BCC/ISIC_0071548.jpg,기저세포암,1,isic2019,train
data/ISIC 2019/NV/ISIC_0027541.jpg,멜라닌세포모반,2,isic2019,train
data/ISIC 2019/BCC/ISIC_0060006.jpg,기저세포암,1,isic2019,train
data/ISIC 2019/NV/ISIC_0028625.jpg,멜라닌세포모반,2,isic2019,train
data/ISIC 2019/BCC/ISIC_0065879.jpg,기저세포암,1,isic2019,train
data/ISIC 2019/BKL/ISIC_0030976.jpg,지루각화증,7,isic2019,train
data/ISIC 2019/BCC/ISIC_0071682.jpg,기저세포암,1,isic2019,train
data/ISIC 2019/MEL/ISIC_0032709.jpg,악성흑색종,6,isic2019,train
data/ISIC 2019/BCC/ISIC_0068038.jpg,기저세포암,1,isic2019,train
data/ISIC 2019/MEL/ISIC_0071707.jpg,악성흑색종,6,isic2019,train
data/ISIC 2019/BKL/ISIC_0028165.jpg,지루각화증,7,isic2019,train
data/ISIC 2019/NV/ISIC_0015965_downsampled.jpg,멜라닌세포모반,2,isic2019,train
data/ISIC 2019/NV/ISIC_0024944.jpg,멜라닌세포모반,2,isic2019,train
data/ISIC 2019/MEL/ISIC_0071541.jpg,악성흑색종,6,isic2019,train
data/ISIC 2019/NV/ISIC_0066798.jpg,멜라닌세포모반,2,isic2019,train
data/ISIC 2019/NV/ISIC_0069881.jpg,멜라닌세포모반,2,isic2019,train
data/ISIC 2019/NV/ISIC_0030872.jpg,멜라닌세포모반,2,isic2019,train
data/ISIC 2019/MEL/ISIC_0066769.jpg,악성흑색종,6,isic2019,train
data/ISIC 2019/NV/ISIC_0069207.jpg,멜라닌세포모반,2,isic2019,train
data/ISIC 2019/BCC/ISIC_0066569.jpg,기저세포암,1,isic2019,train
data/ISIC 2019/BKL/ISIC_0012928_downsampled.jpg,지루각화증,7,isic2019,train
data/ISIC 2019/MEL/ISIC_0059350.jpg,악성흑색종,6,isic2019,train
data/ISIC 2019/AK/ISIC_0061376.jpg,광선각화증,0,isic2019,train
data/ISIC 2019/MEL/ISIC_0065537.jpg,악성흑색종,6,isic2019,train
data/ISIC 2019/BCC/ISIC_0070844.jpg,기저세포암,1,isic2019,train
data/ISIC 2019/BCC/ISIC_0058144.jpg,기저세포암,1,isic2019,train
data/ISIC 2019/BCC/ISIC_0068906.jpg,기저세포암,1,isic2019,train
data/ISIC 2019/NV/ISIC_0068439.jpg,멜라닌세포모반,2,isic2019,train
data/ISIC 2019/NV/ISIC_0034171.jpg,멜라닌세포모반,2,isic2019,train
data/ISIC 2019/BKL/ISIC_0014212_downsampled.jpg,지루각화증,7,isic2019,train
data/ISIC 2019/MEL/ISIC_0000043_downsampled.jpg,악성흑색종,6,isic2019,train
data/ISIC 2019/VASC/ISIC_0026092.jpg,혈관종,12,isic2019,train
data/ISIC 2019/NV/ISIC_0063906.jpg,멜라닌세포모반,2,isic2019,train
data/ISIC 2019/MEL/ISIC_0058362.jpg,악성흑색종,6,isic2019,train
data/ISIC 2019/NV/ISIC_0025440.jpg,멜라닌세포모반,2,isic2019,train
data/ISIC 2019/BCC/ISIC_0067137.jpg,기저세포암,1,isic2019,train
data/ISIC 2019/NV/ISIC_0030222.jpg,멜라닌세포모반,2,isic2019,train
data/ISIC 2019/MEL/ISIC_0070959.jpg,악성흑색종,6,isic2019,train
data/ISIC 2019/BKL/ISIC_0058558.jpg,지루각화증,7,isic2019,train
data/ISIC 2019/NV/ISIC_0013996_downsampled.jpg,멜라닌세포모반,2,isic2019,train
data/ISIC 2019/MEL/ISIC_0013334_downsampled.jpg,악성흑색종,6,isic2019,train
data/ISIC 2019/SCC/ISIC_0031738.jpg,편평세포암,8,isic2019,train
data/ISIC 2019/BKL/ISIC_0012397_downsampled.jpg,지루각화증,7,isic2019,train
data/ISIC 2019/MEL/ISIC_0057898.jpg,악성흑색종,6,isic2019,train
data/ISIC 2019/SCC/ISIC_0053475.jpg,편평세포암,8,isic2019,train
data/ISIC 2019/MEL/ISIC_0066476.jpg,악성흑색종,6,isic2019,train
data/ISIC 2019/BKL/ISIC_0032445.jpg,지루각화증,7,isic2019,train
data/ISIC 2019/DF/ISIC_0027876.jpg,피부섬유종,10,isic2019,train
data/ISIC 2019/BCC/ISIC_0063947.jpg,기저세포암,1,isic2019,train
data/ISIC 2019/MEL/ISIC_0060150.jpg,악성흑색종,6,isic2019,train
data/ISIC 2019/BCC/ISIC_0064608.jpg,기저세포암,1,isic2019,train
data/ISIC 2019/MEL/ISIC_0063367.jpg,악성흑색종,6,isic2019,train
data/ISIC 2019/VASC/ISIC_0025612.jpg,혈관종,12,isic2019,train
data/ISIC 2019/MEL/ISIC_0068080.jpg,악성흑색종,6,isic2019,train
data/ISIC 2019/SCC/ISIC_0065888.jpg,편평세포암,8,isic2019,train
data/ISIC 2019/AK/ISIC_0033413.jpg,광선각화증,0,isic2019,train
data/ISIC 2019/BKL/ISIC_0064670.jpg,지루각화증,7,isic2019,train
data/ISIC 2019/BCC/ISIC_0024443.jpg,기저세포암,1,isic2019,train
data/ISIC 2019/BKL/ISIC_0030705.jpg,지루각화증,7,isic2019,train
data/ISIC 2019/NV/ISIC_0030584.jpg,멜라닌세포모반,2,isic2019,train
data/ISIC 2019/BKL/ISIC_0026787.jpg,지루각화증,7,isic2019,train
data/ISIC 2019/MEL/ISIC_0072557.jpg,악성흑색종,6,isic2019,train
data/ISIC 2019/BCC/ISIC_0072988.jpg,기저세포암,1,isic2019,train
data/ISIC 2019/BCC/ISIC_0067042.jpg,기저세포암,1,isic2019,train
data/ISIC 2019/BCC/ISIC_0054402.jpg,기저세포암,1,isic2019,train
data/ISIC 2019/DF/ISIC_0033780.jpg,피부섬유종,10,isic2019,train
data/ISIC 2019/BCC/ISIC_0067869.jpg,기저세포암,1,isic2019,train
data/ISIC 2019/BCC/ISIC_0054295.jpg,기저세포암,1,isic2019,train
data/ISIC 2019/BCC/ISIC_0064496.jpg,기저세포암,1,isic2019,train
data/ISIC 2019/MEL/ISIC_0014983_downsampled.jpg,악성흑색종,6,isic2019,train
data/ISIC 2019/BKL/ISIC_0054349.jpg,지루각화증,7,isic2019,train
data/ISIC 2019/DF/ISIC_0029297.jpg,피부섬유종,10,isic2019,train
data/ISIC 2019/NV/ISIC_0025981.jpg,멜라닌세포모반,2,isic2019,train
data/ISIC 2019/MEL/ISIC_0064606.jpg,악성흑색종,6,isic2019,train
data/ISIC 2019/NV/ISIC_0028441.jpg,멜라닌세포모반,2,isic2019,train
data/ISIC 2019/BKL/ISIC_0064700.jpg,지루각화증,7,isic2019,train
data/ISIC 2019/BCC/ISIC_0062825.jpg,기저세포암,1,isic2019,train
data/ISIC 2019/NV/ISIC_0062543.jpg,멜라닌세포모반,2,isic2019,train
data/ISIC 2019/BKL/ISIC_0014627_downsampled.jpg,지루각화증,7,isic2019,train
data/ISIC 2019/BKL/ISIC_0069304.jpg,지루각화증,7,isic2019,train
data/ISIC 2019/BKL/ISIC_0027811.jpg,지루각화증,7,isic2019,train
data/ISIC 2019/AK/ISIC_0060480.jpg,광선각화증,0,isic2019,train
data/ISIC 2019/BKL/ISIC_0029789.jpg,지루각화증,7,isic2019,train
data/ISIC 2019/MEL/ISIC_0069622.jpg,악성흑색종,6,isic2019,train
data/ISIC 2019/AK/ISIC_0028990.jpg,광선각화증,0,isic2019,train
data/ISIC 2019/SCC/ISIC_0065725.jpg,편평세포암,8,isic2019,train
data/ISIC 2019/MEL/ISIC_0029909.jpg,악성흑색종,6,isic2019,train
data/ISIC 2019/NV/ISIC_0058236.jpg,멜라닌세포모반,2,isic2019,train
data/ISIC 2019/DF/ISIC_0057792.jpg,피부섬유종,10,isic2019,train
data/ISIC 2019/BKL/ISIC_0072752.jpg,지루각화증,7,isic2019,train
data/ISIC 2019/BCC/ISIC_0030177.jpg,기저세포암,1,isic2019,train
data/ISIC 2019/BCC/ISIC_0032696.jpg,기저세포암,1,isic2019,train
data/ISIC 2019/NV/ISIC_0031312.jpg,멜라닌세포모반,2,isic2019,train
data/ISIC 2019/NV/ISIC_0030792.jpg,멜라닌세포모반,2,isic2019,train
data/ISIC 2019/BCC/ISIC_0057917.jpg,기저세포암,1,isic2019,train
data/ISIC 2019/NV/ISIC_0028235.jpg,멜라닌세포모반,2,isic2019,train
data/ISIC 2019/BKL/ISIC_0014169_downsampled.jpg,지루각화증,7,isic2019,train
data/ISIC 2019/AK/ISIC_0063778.jpg,광선각화증,0,isic2019,train
data/ISIC 2019/BCC/ISIC_0067683.jpg,기저세포암,1,isic2019,train
data/ISIC 2019/DF/ISIC_0067762.jpg,피부섬유종,10,isic2019,train
data/ISIC 2019/MEL/ISIC_0056389.jpg,악성흑색종,6,isic2019,train
data/ISIC 2019/BCC/ISIC_0067175.jpg,기저세포암,1,isic2019,train
data/ISIC 2019/VASC/ISIC_0066504.jpg,혈관종,12,isic2019,train
data/ISIC 2019/MEL/ISIC_0069112.jpg,악성흑색종,6,isic2019,train
data/ISIC 2019/MEL/ISIC_0025085.jpg,악성흑색종,6,isic2019,train
data/ISIC 2019/BKL/ISIC_0058277.jpg,지루각화증,7,isic2019,train
data/ISIC 2019/BCC/ISIC_0072709.jpg,기저세포암,1,isic2019,train
data/ISIC 2019/MEL/ISIC_0056501.jpg,악성흑색종,6,isic2019,train
data/ISIC 2019/MEL/ISIC_0027402.jpg,악성흑색종,6,isic2019,train
data/ISIC 2019/SCC/ISIC_0054660.jpg,편평세포암,8,isic2019,train
data/ISIC 2019/MEL/ISIC_0066615.jpg,악성흑색종,6,isic2019,train
data/ISIC 2019/BCC/ISIC_0063633.jpg,기저세포암,1,isic2019,train
data/ISIC 2019/BKL/ISIC_0055182.jpg,지루각화증,7,isic2019,train
data/ISIC 2019/BKL/ISIC_0026072.jpg,지루각화증,7,isic2019,train
data/ISIC 2019/NV/ISIC_0026330.jpg,멜라닌세포모반,2,isic2019,train
data/ISIC 2019/AK/ISIC_0069802.jpg,광선각화증,0,isic2019,train
data/ISIC 2019/NV/ISIC_0064918.jpg,멜라닌세포모반,2,isic2019,train
data/ISIC 2019/AK/ISIC_0026848.jpg,광선각화증,0,isic2019,train
data/ISIC 2019/DF/ISIC_0067362.jpg,피부섬유종,10,isic2019,train
data/ISIC 2019/MEL/ISIC_0014289_downsampled.jpg,악성흑색종,6,isic2019,train
data/ISIC 2019/BKL/ISIC_0071930.jpg,지루각화증,7,isic2019,train
data/ISIC 2019/BKL/ISIC_0014216_downsampled.jpg,지루각화증,7,isic2019,train
data/ISIC 2019/MEL/ISIC_0063349.jpg,악성흑색종,6,isic2019,train
data/ISIC 2019/MEL/ISIC_0027622.jpg,악성흑색종,6,isic2019,train
data/ISIC 2019/BKL/ISIC_0012720_downsampled.jpg,지루각화증,7,isic2019,train
data/ISIC 2019/BCC/ISIC_0030746.jpg,기저세포암,1,isic2019,train
data/ISIC 2019/MEL/ISIC_0024951.jpg,악성흑색종,6,isic2019,train
data/ISIC 2019/BKL/ISIC_0072153.jpg,지루각화증,7,isic2019,train
data/ISIC 2019/MEL/ISIC_0029081.jpg,악성흑색종,6,isic2019,train
data/ISIC 2019/MEL/ISIC_0054523.jpg,악성흑색종,6,isic2019,train
data/ISIC 2019/NV/ISIC_0032779.jpg,멜라닌세포모반,2,isic2019,train
data/ISIC 2019/BCC/ISIC_0060858.jpg,기저세포암,1,isic2019,train
data/ISIC 2019/SCC/ISIC_0031852.jpg,편평세포암,8,isic2019,train
data/ISIC 2019/BCC/ISIC_0055886.jpg,기저세포암,1,isic2019,train
data/ISIC 2019/BKL/ISIC_0031168.jpg,지루각화증,7,isic2019,train
data/ISIC 2019/AK/ISIC_0066699.jpg,광선각화증,0,isic2019,train
data/ISIC 2019/BKL/ISIC_0068285.jpg,지루각화증,7,isic2019,train
data/ISIC 2019/NV/ISIC_0000127_downsampled.jpg,멜라닌세포모반,2,isic2019,train
data/ISIC 2019/BCC/ISIC_0068529.jpg,기저세포암,1,isic2019,train
data/ISIC 2019/MEL/ISIC_0066854.jpg,악성흑색종,6,isic2019,train
data/ISIC 2019/BKL/ISIC_0072622.jpg,지루각화증,7,isic2019,train
data/ISIC 2019/BKL/ISIC_0054690.jpg,지루각화증,7,isic2019,train
data/ISIC 2019/MEL/ISIC_0060624.jpg,악성흑색종,6,isic2019,train
data/ISIC 2019/BKL/ISIC_0013370_downsampled.jpg,지루각화증,7,isic2019,train
data/ISIC 2019/BCC/ISIC_0057318.jpg,기저세포암,1,isic2019,train
data/ISIC 2019/BCC/ISIC_0061054.jpg,기저세포암,1,isic2019,train
data/ISIC 2019/AK/ISIC_0062508.jpg,광선각화증,0,isic2019,train
data/ISIC 2019/SCC/ISIC_0066787.jpg,편평세포암,8,isic2019,train
data/ISIC 2019/BKL/ISIC_0026827.jpg,지루각화증,7,isic2019,train
data/ISIC 2019/NV/ISIC_0033077.jpg,멜라닌세포모반,2,isic2019,train
data/ISIC 2019/BCC/ISIC_0033579.jpg,기저세포암,1,isic2019,train
data/ISIC 2019/BCC/ISIC_0026090.jpg,기저세포암,1,isic2019,train
data/ISIC 2019/AK/ISIC_0057847.jpg,광선각화증,0,isic2019,train
data/ISIC 2019/NV/ISIC_0028378.jpg,멜라닌세포모반,2,isic2019,train
data/ISIC 2019/NV/ISIC_0025632.jpg,멜라닌세포모반,2,isic2019,train
data/ISIC 2019/MEL/ISIC_0066776.jpg,악성흑색종,6,isic2019,train
data/ISIC 2019/MEL/ISIC_0070316.jpg,악성흑색종,6,isic2019,train
data/ISIC 2019/MEL/ISIC_0056425.jpg,악성흑색종,6,isic2019,train
data/ISIC 2019/MEL/ISIC_0028467.jpg,악성흑색종,6,isic2019,train
data/ISIC 2019/BKL/ISIC_0024970.jpg,지루각화증,7,isic2019,train
data/ISIC 2019/MEL/ISIC_0057025.jpg,악성흑색종,6,isic2019,train
data/ISIC 2019/AK/ISIC_0059843.jpg,광선각화증,0,isic2019,train
data/ISIC 2019/NV/ISIC_0024694.jpg,멜라닌세포모반,2,isic2019,train
data/ISIC 2019/BCC/ISIC_0054985.jpg,기저세포암,1,isic2019,train
data/ISIC 2019/MEL/ISIC_0071196.jpg,악성흑색종,6,isic2019,train
data/ISIC 2019/AK/ISIC_0059408.jpg,광선각화증,0,isic2019,train
data/ISIC 2019/BKL/ISIC_0024324.jpg,지루각화증,7,isic2019,train
data/ISIC 2019/BKL/ISIC_0025199.jpg,지루각화증,7,isic2019,train
data/ISIC 2019/NV/ISIC_0013032_downsampled.jpg,멜라닌세포모반,2,isic2019,train
data/ISIC 2019/BKL/ISIC_0025703.jpg,지루각화증,7,isic2019,train
data/ISIC 2019/NV/ISIC_0014073_downsampled.jpg,멜라닌세포모반,2,isic2019,train
data/ISIC 2019/MEL/ISIC_0012137_downsampled.jpg,악성흑색종,6,isic2019,train
data/ISIC 2019/SCC/ISIC_0063621.jpg,편평세포암,8,isic2019,train
data/ISIC 2019/BCC/ISIC_0062450.jpg,기저세포암,1,isic2019,train
data/ISIC 2019/BKL/ISIC_0071833.jpg,지루각화증,7,isic2019,train
data/ISIC 2019/NV/ISIC_0026654.jpg,멜라닌세포모반,2,isic2019,train
data/ISIC 2019/MEL/ISIC_0071119.jpg,악성흑색종,6,isic2019,train
data/ISIC 2019/NV/ISIC_0033048.jpg,멜라닌세포모반,2,isic2019,train
data/ISIC 2019/NV/ISIC_0063574.jpg,멜라닌세포모반,2,isic2019,train
data/ISIC 2019/BKL/ISIC_0026493.jpg,지루각화증,7,isic2019,train
data/ISIC 2019/SCC/ISIC_0064760.jpg,편평세포암,8,isic2019,train
data/ISIC 2019/NV/ISIC_0012835_downsampled.jpg,멜라닌세포모반,2,isic2019,train
data/ISIC 2019/SCC/ISIC_0058543.jpg,편평세포암,8,isic2019,train
data/ISIC 2019/BCC/ISIC_0053757.jpg,기저세포암,1,isic2019,train
data/ISIC 2019/BKL/ISIC_0027094.jpg,지루각화증,7,isic2019,train
data/ISIC 2019/BKL/ISIC_0068624.jpg,지루각화증,7,isic2019,train
data/ISIC 2019/DF/ISIC_0060024.jpg,피부섬유종,10,isic2019,train
data/ISIC 2019/NV/ISIC_0029205.jpg,멜라닌세포모반,2,isic2019,train
data/ISIC 2019/MEL/ISIC_0068586.jpg,악성흑색종,6,isic2019,train
data/ISIC 2019/MEL/ISIC_0061994.jpg,악성흑색종,6,isic2019,train
data/ISIC 2019/NV/ISIC_0028272.jpg,멜라닌세포모반,2,isic2019,train
data/ISIC 2019/DF/ISIC_0071858.jpg,피부섬유종,10,isic2019,train
data/ISIC 2019/BCC/ISIC_0071156.jpg,기저세포암,1,isic2019,train
data/ISIC 2019/BKL/ISIC_0071847.jpg,지루각화증,7,isic2019,train
data/ISIC 2019/NV/ISIC_0032078.jpg,멜라닌세포모반,2,isic2019,train
data/ISIC 2019/MEL/ISIC_0068886.jpg,악성흑색종,6,isic2019,train
data/ISIC 2019/AK/ISIC_0067676.jpg,광선각화증,0,isic2019,train
data/ISIC 2019/BCC/ISIC_0072505.jpg,기저세포암,1,isic2019,train
data/ISIC 2019/BCC/ISIC_0058860.jpg,기저세포암,1,isic2019,train
data/ISIC 2019/BCC/ISIC_0057427.jpg,기저세포암,1,isic2019,train
data/ISIC 2019/BCC/ISIC_0063301.jpg,기저세포암,1,isic2019,train
data/ISIC 2019/BCC/ISIC_0072228.jpg,기저세포암,1,isic2019,train
data/ISIC 2019/MEL/ISIC_0065928.jpg,악성흑색종,6,isic2019,train
data/ISIC 2019/BKL/ISIC_0026298.jpg,지루각화증,7,isic2019,train
data/ISIC 2019/MEL/ISIC_0068188.jpg,악성흑색종,6,isic2019,train
data/ISIC 2019/BKL/ISIC_0013580_downsampled.jpg,지루각화증,7,isic2019,train
data/ISIC 2019/BCC/ISIC_0071008.jpg,기저세포암,1,isic2019,train
data/ISIC 2019/MEL/ISIC_0057960.jpg,악성흑색종,6,isic2019,train
data/ISIC 2019/BCC/ISIC_0066322.jpg,기저세포암,1,isic2019,train
data/ISIC 2019/SCC/ISIC_0068615.jpg,편평세포암,8,isic2019,train
data/ISIC 2019/NV/ISIC_0064217.jpg,멜라닌세포모반,2,isic2019,train
data/ISIC 2019/BKL/ISIC_0055986.jpg,지루각화증,7,isic2019,train
data/ISIC 2019/BCC/ISIC_0067403.jpg,기저세포암,1,isic2019,train
data/ISIC 2019/BCC/ISIC_0055898.jpg,기저세포암,1,isic2019,train
data/ISIC 2019/BCC/ISIC_0053809.jpg,기저세포암,1,isic2019,train
data/ISIC 2019/BKL/ISIC_0057879.jpg,지루각화증,7,isic2019,train
data/ISIC 2019/SCC/ISIC_0024329.jpg,편평세포암,8,isic2019,train
data/ISIC 2019/BKL/ISIC_0033414.jpg,지루각화증,7,isic2019,train
data/ISIC 2019/MEL/ISIC_0061825.jpg,악성흑색종,6,isic2019,train
data/ISIC 2019/AK/ISIC_0063435.jpg,광선각화증,0,isic2019,train
data/ISIC 2019/BCC/ISIC_0072974.jpg,기저세포암,1,isic2019,train
data/ISIC 2019/NV/ISIC_0027733.jpg,멜라닌세포모반,2,isic2019,train
data/ISIC 2019/NV/ISIC_0029357.jpg,멜라닌세포모반,2,isic2019,train
data/ISIC 2019/MEL/ISIC_0026897.jpg,악성흑색종,6,isic2019,train
data/ISIC 2019/BCC/ISIC_0065440.jpg,기저세포암,1,isic2019,train
data/ISIC 2019/NV/ISIC_0030424.jpg,멜라닌세포모반,2,isic2019,train
data/ISIC 2019/BCC/ISIC_0056696.jpg,기저세포암,1,isic2019,train
data/ISIC 2019/BCC/ISIC_0068644.jpg,기저세포암,1,isic2019,train
data/ISIC 2019/BKL/ISIC_0068577.jpg,지루각화증,7,isic2019,train
data/ISIC 2019/BCC/ISIC_0058412.jpg,기저세포암,1,isic2019,train
data/ISIC 2019/BCC/ISIC_0062965.jpg,기저세포암,1,isic2019,train
data/ISIC 2019/MEL/ISIC_0068118.jpg,악성흑색종,6,isic2019,train
data/ISIC 2019/AK/ISIC_0070993.jpg,광선각화증,0,isic2019,train
data/ISIC 2019/BCC/ISIC_0065077.jpg,기저세포암,1,isic2019,train
data/ISIC 2019/MEL/ISIC_0033034.jpg,악성흑색종,6,isic2019,train
data/ISIC 2019/BCC/ISIC_0055262.jpg,기저세포암,1,isic2019,train
data/ISIC 2019/BCC/ISIC_0063515.jpg,기저세포암,1,isic2019,train
data/ISIC 2019/AK/ISIC_0065495.jpg,광선각화증,0,isic2019,train
data/ISIC 2019/NV/ISIC_0024889.jpg,멜라닌세포모반,2,isic2019,train
data/ISIC 2019/NV/ISIC_0029196.jpg,멜라닌세포모반,2,isic2019,train
data/ISIC 2019/AK/ISIC_0069916.jpg,광선각화증,0,isic2019,train
data/ISIC 2019/SCC/ISIC_0029634.jpg,편평세포암,8,isic2019,train
data/ISIC 2019/AK/ISIC_0064796.jpg,광선각화증,0,isic2019,train
data/ISIC 2019/MEL/ISIC_0028916.jpg,악성흑색종,6,isic2019,train
data/ISIC 2019/NV/ISIC_0065630.jpg,멜라닌세포모반,2,isic2019,train
data/ISIC 2019/DF/ISIC_0058442.jpg,피부섬유종,10,isic2019,train
data/ISIC 2019/BKL/ISIC_0028958.jpg,지루각화증,7,isic2019,train
data/ISIC 2019/BKL/ISIC_0026416.jpg,지루각화증,7,isic2019,train
data/ISIC 2019/BKL/ISIC_0013223_downsampled.jpg,지루각화증,7,isic2019,train
data/ISIC 2019/MEL/ISIC_0068273.jpg,악성흑색종,6,isic2019,train
data/ISIC 2019/BKL/ISIC_0033466.jpg,지루각화증,7,isic2019,train
data/ISIC 2019/BKL/ISIC_0027710.jpg,지루각화증,7,isic2019,train
data/ISIC 2019/SCC/ISIC_0025790.jpg,편평세포암,8,isic2019,train
data/ISIC 2019/BCC/ISIC_0027371.jpg,기저세포암,1,isic2019,train
data/ISIC 2019/AK/ISIC_0071605.jpg,광선각화증,0,isic2019,train
data/ISIC 2019/SCC/ISIC_0058741.jpg,편평세포암,8,isic2019,train
data/ISIC 2019/NV/ISIC_0061796.jpg,멜라닌세포모반,2,isic2019,train
data/ISIC 2019/AK/ISIC_0058540.jpg,광선각화증,0,isic2019,train
data/ISIC 2019/BKL/ISIC_0055627.jpg,지루각화증,7,isic2019,train
data/ISIC 2019/BCC/ISIC_0058556.jpg,기저세포암,1,isic2019,train
data/ISIC 2019/BCC/ISIC_0056020.jpg,기저세포암,1,isic2019,train
data/ISIC 2019/BCC/ISIC_0059920.jpg,기저세포암,1,isic2019,train
data/ISIC 2019/BKL/ISIC_0060761.jpg,지루각화증,7,isic2019,train
data/ISIC 2019/BCC/ISIC_0070011.jpg,기저세포암,1,isic2019,train
data/ISIC 2019/NV/ISIC_0061115.jpg,멜라닌세포모반,2,isic2019,train
data/ISIC 2019/BCC/ISIC_0070825.jpg,기저세포암,1,isic2019,train
data/ISIC 2019/BKL/ISIC_0031980.jpg,지루각화증,7,isic2019,train
data/ISIC 2019/VASC/ISIC_0054532.jpg,혈관종,12,isic2019,train
data/ISIC 2019/BCC/ISIC_0058482.jpg,기저세포암,1,isic2019,train
data/ISIC 2019/BCC/ISIC_0056917.jpg,기저세포암,1,isic2019,train
data/ISIC 2019/NV/ISIC_0034029.jpg,멜라닌세포모반,2,isic2019,train
data/ISIC 2019/NV/ISIC_0030567.jpg,멜라닌세포모반,2,isic2019,train
data/ISIC 2019/MEL/ISIC_0030356.jpg,악성흑색종,6,isic2019,train
data/ISIC 2019/BKL/ISIC_0024477.jpg,지루각화증,7,isic2019,train
data/ISIC 2019/BKL/ISIC_0027905.jpg,지루각화증,7,isic2019,train
data/ISIC 2019/NV/ISIC_0033219.jpg,멜라닌세포모반,2,isic2019,train
data/ISIC 2019/BCC/ISIC_0062752.jpg,기저세포암,1,isic2019,train
data/ISIC 2019/BCC/ISIC_0033054.jpg,기저세포암,1,isic2019,train
data/ISIC 2019/BKL/ISIC_0069978.jpg,지루각화증,7,isic2019,train
data/ISIC 2019/BCC/ISIC_0072219.jpg,기저세포암,1,isic2019,train
data/ISIC 2019/NV/ISIC_0007241_downsampled.jpg,멜라닌세포모반,2,isic2019,train
data/ISIC 2019/BCC/ISIC_0063346.jpg,기저세포암,1,isic2019,train
data/ISIC 2019/AK/ISIC_0031506.jpg,광선각화증,0,isic2019,train
data/ISIC 2019/MEL/ISIC_0058024.jpg,악성흑색종,6,isic2019,train
data/ISIC 2019/BCC/ISIC_0070958.jpg,기저세포암,1,isic2019,train
data/ISIC 2019/BKL/ISIC_0057580.jpg,지루각화증,7,isic2019,train
data/ISIC 2019/SCC/ISIC_0030280.jpg,편평세포암,8,isic2019,train
data/ISIC 2019/MEL/ISIC_0063960.jpg,악성흑색종,6,isic2019,train
data/ISIC 2019/VASC/ISIC_0059295.jpg,혈관종,12,isic2019,train
data/ISIC 2019/AK/ISIC_0024646.jpg,광선각화증,0,isic2019,train
data/ISIC 2019/BKL/ISIC_0068219.jpg,지루각화증,7,isic2019,train
data/ISIC 2019/BCC/ISIC_0062902.jpg,기저세포암,1,isic2019,train
data/ISIC 2019/BKL/ISIC_0060813.jpg,지루각화증,7,isic2019,train
data/ISIC 2019/MEL/ISIC_0027234.jpg,악성흑색종,6,isic2019,train
data/ISIC 2019/NV/ISIC_0000535.jpg,멜라닌세포모반,2,isic2019,train
data/ISIC 2019/BCC/ISIC_0028084.jpg,기저세포암,1,isic2019,train
data/ISIC 2019/MEL/ISIC_0010207.jpg,악성흑색종,6,isic2019,train
data/ISIC 2019/BCC/ISIC_0058670.jpg,기저세포암,1,isic2019,train
data/ISIC 2019/NV/ISIC_0031434.jpg,멜라닌세포모반,2,isic2019,train
data/ISIC 2019/BCC/ISIC_0058104.jpg,기저세포암,1,isic2019,train
data/ISIC 2019/MEL/ISIC_0025891.jpg,악성흑색종,6,isic2019,train
data/ISIC 2019/BKL/ISIC_0071399.jpg,지루각화증,7,isic2019,train
data/ISIC 2019/DF/ISIC_0056307.jpg,피부섬유종,10,isic2019,train
data/ISIC 2019/NV/ISIC_0033530.jpg,멜라닌세포모반,2,isic2019,train
data/ISIC 2019/NV/ISIC_0029649.jpg,멜라닌세포모반,2,isic2019,train
data/ISIC 2019/AK/ISIC_0070484.jpg,광선각화증,0,isic2019,train
data/ISIC 2019/BKL/ISIC_0028881.jpg,지루각화증,7,isic2019,train
data/ISIC 2019/BKL/ISIC_0029687.jpg,지루각화증,7,isic2019,train
data/ISIC 2019/BCC/ISIC_0060338.jpg,기저세포암,1,isic2019,train
data/ISIC 2019/BCC/ISIC_0068032.jpg,기저세포암,1,isic2019,train
data/ISIC 2019/NV/ISIC_0030099.jpg,멜라닌세포모반,2,isic2019,train
data/ISIC 2019/NV/ISIC_0073004.jpg,멜라닌세포모반,2,isic2019,train
data/ISIC 2019/MEL/ISIC_0032840.jpg,악성흑색종,6,isic2019,train
data/ISIC 2019/BKL/ISIC_0028972.jpg,지루각화증,7,isic2019,train
data/ISIC 2019/DF/ISIC_0028346.jpg,피부섬유종,10,isic2019,train
data/ISIC 2019/MEL/ISIC_0032232.jpg,악성흑색종,6,isic2019,train
data/ISIC 2019/MEL/ISIC_0028114.jpg,악성흑색종,6,isic2019,train
data/ISIC 2019/BCC/ISIC_0068640.jpg,기저세포암,1,isic2019,train
data/ISIC 2019/BCC/ISIC_0063265.jpg,기저세포암,1,isic2019,train
data/ISIC 2019/NV/ISIC_0028785.jpg,멜라닌세포모반,2,isic2019,train
data/ISIC 2019/NV/ISIC_0062120.jpg,멜라닌세포모반,2,isic2019,train
data/ISIC 2019/NV/ISIC_0073159.jpg,멜라닌세포모반,2,isic2019,train
data/ISIC 2019/NV/ISIC_0025772.jpg,멜라닌세포모반,2,isic2019,train
data/ISIC 2019/NV/ISIC_0028330.jpg,멜라닌세포모반,2,isic2019,train
data/ISIC 2019/DF/ISIC_0064502.jpg,피부섬유종,10,isic2019,train
data/ISIC 2019/BKL/ISIC_0014515_downsampled.jpg,지루각화증,7,isic2019,train
data/ISIC 2019/MEL/ISIC_0001128_downsampled.jpg,악성흑색종,6,isic2019,train
data/ISIC 2019/BCC/ISIC_0068313.jpg,기저세포암,1,isic2019,train
data/ISIC 2019/NV/ISIC_0069690.jpg,멜라닌세포모반,2,isic2019,train
data/ISIC 2019/BCC/ISIC_0054144.jpg,기저세포암,1,isic2019,train
data/ISIC 2019/SCC/ISIC_0060549.jpg,편평세포암,8,isic2019,train
data/ISIC 2019/BCC/ISIC_0056218.jpg,기저세포암,1,isic2019,train
data/ISIC 2019/SCC/ISIC_0029067.jpg,편평세포암,8,isic2019,train
data/ISIC 2019/BCC/ISIC_0060984.jpg,기저세포암,1,isic2019,train
data/ISIC 2019/NV/ISIC_0024689.jpg,멜라닌세포모반,2,isic2019,train
data/ISIC 2019/NV/ISIC_0028362.jpg,멜라닌세포모반,2,isic2019,train
data/ISIC 2019/MEL/ISIC_0030759.jpg,악성흑색종,6,isic2019,train
data/ISIC 2019/BCC/ISIC_0056737.jpg,기저세포암,1,isic2019,train
data/ISIC 2019/NV/ISIC_0025705.jpg,멜라닌세포모반,2,isic2019,train
data/ISIC 2019/BKL/ISIC_0061589.jpg,지루각화증,7,isic2019,train
data/ISIC 2019/NV/ISIC_0029528.jpg,멜라닌세포모반,2,isic2019,train
data/ISIC 2019/NV/ISIC_0033903.jpg,멜라닌세포모반,2,isic2019,train
data/ISIC 2019/NV/ISIC_0029504.jpg,멜라닌세포모반,2,isic2019,train
data/ISIC 2019/BKL/ISIC_0054419.jpg,지루각화증,7,isic2019,train
data/ISIC 2019/MEL/ISIC_0063492.jpg,악성흑색종,6,isic2019,train
data/ISIC 2019/MEL/ISIC_0033261.jpg,악성흑색종,6,isic2019,train
data/ISIC 2019/MEL/ISIC_0072917.jpg,악성흑색종,6,isic2019,train
data/ISIC 2019/AK/ISIC_0057052.jpg,광선각화증,0,isic2019,train
data/ISIC 2019/BKL/ISIC_0070980.jpg,지루각화증,7,isic2019,train
data/ISIC 2019/NV/ISIC_0025750.jpg,멜라닌세포모반,2,isic2019,train
data/ISIC 2019/BKL/ISIC_0063758.jpg,지루각화증,7,isic2019,train
data/ISIC 2019/MEL/ISIC_0071901.jpg,악성흑색종,6,isic2019,train
data/ISIC 2019/SCC/ISIC_0060935.jpg,편평세포암,8,isic2019,train
data/ISIC 2019/NV/ISIC_0055283.jpg,멜라닌세포모반,2,isic2019,train
data/ISIC 2019/BCC/ISIC_0028937.jpg,기저세포암,1,isic2019,train
data/ISIC 2019/NV/ISIC_0068728.jpg,멜라닌세포모반,2,isic2019,train
data/ISIC 2019/MEL/ISIC_0032656.jpg,악성흑색종,6,isic2019,train
data/ISIC 2019/NV/ISIC_0015936_downsampled.jpg,멜라닌세포모반,2,isic2019,train
data/ISIC 2019/MEL/ISIC_0073238.jpg,악성흑색종,6,isic2019,train
data/ISIC 2019/MEL/ISIC_0062112.jpg,악성흑색종,6,isic2019,train
data/ISIC 2019/SCC/ISIC_0027719.jpg,편평세포암,8,isic2019,train
data/ISIC 2019/AK/ISIC_0069818.jpg,광선각화증,0,isic2019,train
data/ISIC 2019/BKL/ISIC_0069135.jpg,지루각화증,7,isic2019,train
data/ISIC 2019/MEL/ISIC_0011334.jpg,악성흑색종,6,isic2019,train
data/ISIC 2019/NV/ISIC_0060324.jpg,멜라닌세포모반,2,isic2019,train
data/ISIC 2019/MEL/ISIC_0061021.jpg,악성흑색종,6,isic2019,train
data/ISIC 2019/BCC/ISIC_0056024.jpg,기저세포암,1,isic2019,train
data/ISIC 2019/NV/ISIC_0058274.jpg,멜라닌세포모반,2,isic2019,train
data/ISIC 2019/AK/ISIC_0071444.jpg,광선각화증,0,isic2019,train
data/ISIC 2019/NV/ISIC_0059467.jpg,멜라닌세포모반,2,isic2019,train
data/ISIC 2019/SCC/ISIC_0027084.jpg,편평세포암,8,isic2019,train
data/ISIC 2019/SCC/ISIC_0057415.jpg,편평세포암,8,isic2019,train
data/ISIC 2019/NV/ISIC_0027931.jpg,멜라닌세포모반,2,isic2019,train
data/ISIC 2019/NV/ISIC_0070069.jpg,멜라닌세포모반,2,isic2019,train
data/ISIC 2019/NV/ISIC_0030406.jpg,멜라닌세포모반,2,isic2019,train
data/ISIC 2019/BCC/ISIC_0032727.jpg,기저세포암,1,isic2019,train
data/ISIC 2019/BKL/ISIC_0031519.jpg,지루각화증,7,isic2019,train
data/ISIC 2019/BKL/ISIC_0031808.jpg,지루각화증,7,isic2019,train
data/ISIC 2019/BKL/ISIC_0027991.jpg,지루각화증,7,isic2019,train
data/ISIC 2019/MEL/ISIC_0053953.jpg,악성흑색종,6,isic2019,train
data/ISIC 2019/BCC/ISIC_0065665.jpg,기저세포암,1,isic2019,train
data/ISIC 2019/BCC/ISIC_0066029.jpg,기저세포암,1,isic2019,train
data/ISIC 2019/MEL/ISIC_0014385_downsampled.jpg,악성흑색종,6,isic2019,train
data/ISIC 2019/NV/ISIC_0068500.jpg,멜라닌세포모반,2,isic2019,train
data/ISIC 2019/NV/ISIC_0065636.jpg,멜라닌세포모반,2,isic2019,train
data/ISIC 2019/BKL/ISIC_0025066.jpg,지루각화증,7,isic2019,train
data/ISIC 2019/AK/ISIC_0057943.jpg,광선각화증,0,isic2019,train
data/ISIC 2019/BCC/ISIC_0030712.jpg,기저세포암,1,isic2019,train
data/ISIC 2019/NV/ISIC_0030141.jpg,멜라닌세포모반,2,isic2019,train
data/ISIC 2019/MEL/ISIC_0000152_downsampled.jpg,악성흑색종,6,isic2019,train
data/ISIC 2019/AK/ISIC_0061967.jpg,광선각화증,0,isic2019,train
data/ISIC 2019/BCC/ISIC_0066736.jpg,기저세포암,1,isic2019,train
data/ISIC 2019/BCC/ISIC_0064236.jpg,기저세포암,1,isic2019,train
data/ISIC 2019/AK/ISIC_0053950.jpg,광선각화증,0,isic2019,train
data/ISIC 2019/NV/ISIC_0030704.jpg,멜라닌세포모반,2,isic2019,train
data/ISIC 2019/NV/ISIC_0028910.jpg,멜라닌세포모반,2,isic2019,train
data/ISIC 2019/BKL/ISIC_0064883.jpg,지루각화증,7,isic2019,train
data/ISIC 2019/NV/ISIC_0030890.jpg,멜라닌세포모반,2,isic2019,train
data/ISIC 2019/NV/ISIC_0015945_downsampled.jpg,멜라닌세포모반,2,isic2019,train
data/ISIC 2019/NV/ISIC_0033002.jpg,멜라닌세포모반,2,isic2019,train
data/ISIC 2019/BKL/ISIC_0032883.jpg,지루각화증,7,isic2019,train
data/ISIC 2019/NV/ISIC_0028946.jpg,멜라닌세포모반,2,isic2019,train
data/ISIC 2019/AK/ISIC_0057022.jpg,광선각화증,0,isic2019,train
data/ISIC 2019/MEL/ISIC_0065128.jpg,악성흑색종,6,isic2019,train
data/ISIC 2019/MEL/ISIC_0068420.jpg,악성흑색종,6,isic2019,train
data/ISIC 2019/NV/ISIC_0060023.jpg,멜라닌세포모반,2,isic2019,train
data/ISIC 2019/MEL/ISIC_0068460.jpg,악성흑색종,6,isic2019,train
data/ISIC 2019/BKL/ISIC_0032863.jpg,지루각화증,7,isic2019,train
data/ISIC 2019/DF/ISIC_0026789.jpg,피부섬유종,10,isic2019,train
data/ISIC 2019/BCC/ISIC_0024743.jpg,기저세포암,1,isic2019,train
data/ISIC 2019/MEL/ISIC_0055491.jpg,악성흑색종,6,isic2019,train
data/ISIC 2019/NV/ISIC_0068652.jpg,멜라닌세포모반,2,isic2019,train
data/ISIC 2019/BKL/ISIC_0026907.jpg,지루각화증,7,isic2019,train
data/ISIC 2019/BKL/ISIC_0031686.jpg,지루각화증,7,isic2019,train
data/ISIC 2019/NV/ISIC_0058511.jpg,멜라닌세포모반,2,isic2019,train
data/ISIC 2019/BKL/ISIC_0065951.jpg,지루각화증,7,isic2019,train
data/ISIC 2019/BKL/ISIC_0027027.jpg,지루각화증,7,isic2019,train
data/ISIC 2019/NV/ISIC_0000379_downsampled.jpg,멜라닌세포모반,2,isic2019,train
data/ISIC 2019/MEL/ISIC_0068343.jpg,악성흑색종,6,isic2019,train
data/ISIC 2019/NV/ISIC_0011100.jpg,멜라닌세포모반,2,isic2019,train
data/ISIC 2019/NV/ISIC_0011105.jpg,멜라닌세포모반,2,isic2019,train
data/ISIC 2019/VASC/ISIC_0032867.jpg,혈관종,12,isic2019,train
data/ISIC 2019/MEL/ISIC_0024999.jpg,악성흑색종,6,isic2019,train
data/ISIC 2019/MEL/ISIC_0029000.jpg,악성흑색종,6,isic2019,train
data/ISIC 2019/BCC/ISIC_0066487.jpg,기저세포암,1,isic2019,train
data/ISIC 2019/BCC/ISIC_0057333.jpg,기저세포암,1,isic2019,train
data/ISIC 2019/NV/ISIC_0015241_downsampled.jpg,멜라닌세포모반,2,isic2019,train
data/ISIC 2019/NV/ISIC_0034224.jpg,멜라닌세포모반,2,isic2019,train
data/ISIC 2019/VASC/ISIC_0025707.jpg,혈관종,12,isic2019,train
data/ISIC 2019/BKL/ISIC_0024371.jpg,지루각화증,7,isic2019,train
data/ISIC 2019/BKL/ISIC_0014637_downsampled.jpg,지루각화증,7,isic2019,train
data/ISIC 2019/NV/ISIC_0032754.jpg,멜라닌세포모반,2,isic2019,train
data/ISIC 2019/BKL/ISIC_0031542.jpg,지루각화증,7,isic2019,train
data/ISIC 2019/BCC/ISIC_0065581.jpg,기저세포암,1,isic2019,train
data/ISIC 2019/MEL/ISIC_0029995.jpg,악성흑색종,6,isic2019,train
data/ISIC 2019/NV/ISIC_0028547.jpg,멜라닌세포모반,2,isic2019,train
data/ISIC 2019/BKL/ISIC_0065211.jpg,지루각화증,7,isic2019,train
data/ISIC 2019/BKL/ISIC_0028124.jpg,지루각화증,7,isic2019,train
data/ISIC 2019/BCC/ISIC_0067993.jpg,기저세포암,1,isic2019,train
data/ISIC 2019/BCC/ISIC_0060582.jpg,기저세포암,1,isic2019,train
data/ISIC 2019/BCC/ISIC_0056695.jpg,기저세포암,1,isic2019,train
data/ISIC 2019/MEL/ISIC_0067009.jpg,악성흑색종,6,isic2019,train
data/ISIC 2019/MEL/ISIC_0062026.jpg,악성흑색종,6,isic2019,train
data/ISIC 2019/AK/ISIC_0033705.jpg,광선각화증,0,isic2019,train
data/ISIC 2019/BCC/ISIC_0066040.jpg,기저세포암,1,isic2019,train
data/ISIC 2019/MEL/ISIC_0030828.jpg,악성흑색종,6,isic2019,train
data/ISIC 2019/NV/ISIC_0034185.jpg,멜라닌세포모반,2,isic2019,train
data/ISIC 2019/MEL/ISIC_0026516.jpg,악성흑색종,6,isic2019,train
data/ISIC 2019/MEL/ISIC_0065374.jpg,악성흑색종,6,isic2019,train
data/ISIC 2019/MEL/ISIC_0059435.jpg,악성흑색종,6,isic2019,train
data/ISIC 2019/BKL/ISIC_0024711.jpg,지루각화증,7,isic2019,train
data/ISIC 2019/BCC/ISIC_0061697.jpg,기저세포암,1,isic2019,train
data/ISIC 2019/NV/ISIC_0028559.jpg,멜라닌세포모반,2,isic2019,train
data/ISIC 2019/NV/ISIC_0025951.jpg,멜라닌세포모반,2,isic2019,train
data/ISIC 2019/AK/ISIC_0064624.jpg,광선각화증,0,isic2019,train
data/ISIC 2019/AK/ISIC_0058379.jpg,광선각화증,0,isic2019,train
data/ISIC 2019/NV/ISIC_0055470.jpg,멜라닌세포모반,2,isic2019,train
data/ISIC 2019/BKL/ISIC_0034151.jpg,지루각화증,7,isic2019,train
data/ISIC 2019/BCC/ISIC_0063560.jpg,기저세포암,1,isic2019,train
data/ISIC 2019/NV/ISIC_0032492.jpg,멜라닌세포모반,2,isic2019,train
data/ISIC 2019/NV/ISIC_0031291.jpg,멜라닌세포모반,2,isic2019,train
data/ISIC 2019/MEL/ISIC_0066102.jpg,악성흑색종,6,isic2019,train
data/ISIC 2019/BCC/ISIC_0054772.jpg,기저세포암,1,isic2019,train
data/ISIC 2019/AK/ISIC_0026765.jpg,광선각화증,0,isic2019,train
data/ISIC 2019/BCC/ISIC_0068746.jpg,기저세포암,1,isic2019,train
data/ISIC 2019/MEL/ISIC_0056406.jpg,악성흑색종,6,isic2019,train
data/ISIC 2019/BKL/ISIC_0062209.jpg,지루각화증,7,isic2019,train
data/ISIC 2019/BCC/ISIC_0027865.jpg,기저세포암,1,isic2019,train
data/ISIC 2019/NV/ISIC_0010202.jpg,멜라닌세포모반,2,isic2019,train
data/ISIC 2019/BKL/ISIC_0062374.jpg,지루각화증,7,isic2019,train
data/ISIC 2019/NV/ISIC_0064659.jpg,멜라닌세포모반,2,isic2019,train
data/ISIC 2019/AK/ISIC_0026905.jpg,광선각화증,0,isic2019,train
data/ISIC 2019/AK/ISIC_0059800.jpg,광선각화증,0,isic2019,train
data/ISIC 2019/VASC/ISIC_0032715.jpg,혈관종,12,isic2019,train
data/ISIC 2019/MEL/ISIC_0069381.jpg,악성흑색종,6,isic2019,train
data/ISIC 2019/MEL/ISIC_0024688.jpg,악성흑색종,6,isic2019,train
data/ISIC 2019/AK/ISIC_0054181.jpg,광선각화증,0,isic2019,train
data/ISIC 2019/SCC/ISIC_0025196.jpg,편평세포암,8,isic2019,train
data/ISIC 2019/MEL/ISIC_0069410.jpg,악성흑색종,6,isic2019,train
data/ISIC 2019/BKL/ISIC_0033397.jpg,지루각화증,7,isic2019,train
data/ISIC 2019/NV/ISIC_0011326.jpg,멜라닌세포모반,2,isic2019,train
data/ISIC 2019/BCC/ISIC_0065549.jpg,기저세포암,1,isic2019,train
data/ISIC 2019/NV/ISIC_0016059_downsampled.jpg,멜라닌세포모반,2,isic2019,train
data/ISIC 2019/NV/ISIC_0058980.jpg,멜라닌세포모반,2,isic2019,train
data/ISIC 2019/NV/ISIC_0060753.jpg,멜라닌세포모반,2,isic2019,train
data/ISIC 2019/BKL/ISIC_0062146.jpg,지루각화증,7,isic2019,train
data/ISIC 2019/MEL/ISIC_0053615.jpg,악성흑색종,6,isic2019,train
data/ISIC 2019/SCC/ISIC_0030602.jpg,편평세포암,8,isic2019,train
data/ISIC 2019/BKL/ISIC_0055100.jpg,지루각화증,7,isic2019,train
data/ISIC 2019/AK/ISIC_0067432.jpg,광선각화증,0,isic2019,train
data/ISIC 2019/MEL/ISIC_0033238.jpg,악성흑색종,6,isic2019,train
data/ISIC 2019/BCC/ISIC_0024564.jpg,기저세포암,1,isic2019,train
data/ISIC 2019/NV/ISIC_0026306.jpg,멜라닌세포모반,2,isic2019,train
data/ISIC 2019/BCC/ISIC_0054575.jpg,기저세포암,1,isic2019,train
data/ISIC 2019/MEL/ISIC_0072626.jpg,악성흑색종,6,isic2019,train
data/ISIC 2019/MEL/ISIC_0056210.jpg,악성흑색종,6,isic2019,train
data/ISIC 2019/NV/ISIC_0016056_downsampled.jpg,멜라닌세포모반,2,isic2019,train
data/ISIC 2019/BCC/ISIC_0058654.jpg,기저세포암,1,isic2019,train
data/ISIC 2019/MEL/ISIC_0026811.jpg,악성흑색종,6,isic2019,train
data/ISIC 2019/BCC/ISIC_0065282.jpg,기저세포암,1,isic2019,train
data/ISIC 2019/BCC/ISIC_0026275.jpg,기저세포암,1,isic2019,train
data/ISIC 2019/BKL/ISIC_0012358_downsampled.jpg,지루각화증,7,isic2019,train
data/ISIC 2019/AK/ISIC_0064969.jpg,광선각화증,0,isic2019,train
data/ISIC 2019/AK/ISIC_0071690.jpg,광선각화증,0,isic2019,train
data/ISIC 2019/MEL/ISIC_0062087.jpg,악성흑색종,6,isic2019,train
data/ISIC 2019/MEL/ISIC_0064515.jpg,악성흑색종,6,isic2019,train
data/ISIC 2019/BKL/ISIC_0067599.jpg,지루각화증,7,isic2019,train
data/ISIC 2019/BCC/ISIC_0062480.jpg,기저세포암,1,isic2019,train
data/ISIC 2019/BKL/ISIC_0056564.jpg,지루각화증,7,isic2019,train
data/ISIC 2019/MEL/ISIC_0033469.jpg,악성흑색종,6,isic2019,train
data/ISIC 2019/NV/ISIC_0032803.jpg,멜라닌세포모반,2,isic2019,train
data/ISIC 2019/DF/ISIC_0031358.jpg,피부섬유종,10,isic2019,train
data/ISIC 2019/NV/ISIC_0058946.jpg,멜라닌세포모반,2,isic2019,train
data/ISIC 2019/VASC/ISIC_0067355.jpg,혈관종,12,isic2019,train
data/ISIC 2019/MEL/ISIC_0053473.jpg,악성흑색종,6,isic2019,train
data/ISIC 2019/MEL/ISIC_0057390.jpg,악성흑색종,6,isic2019,train
data/ISIC 2019/SCC/ISIC_0066491.jpg,편평세포암,8,isic2019,train
data/ISIC 2019/BCC/ISIC_0063004.jpg,기저세포암,1,isic2019,train
data/ISIC 2019/SCC/ISIC_0070483.jpg,편평세포암,8,isic2019,train
data/ISIC 2019/AK/ISIC_0069869.jpg,광선각화증,0,isic2019,train
data/ISIC 2019/MEL/ISIC_0032245.jpg,악성흑색종,6,isic2019,train
data/ISIC 2019/MEL/ISIC_0028860.jpg,악성흑색종,6,isic2019,train
data/ISIC 2019/BCC/ISIC_0065021.jpg,기저세포암,1,isic2019,train
data/ISIC 2019/BKL/ISIC_0030700.jpg,지루각화증,7,isic2019,train
data/ISIC 2019/MEL/ISIC_0033337.jpg,악성흑색종,6,isic2019,train
data/ISIC 2019/NV/ISIC_0032969.jpg,멜라닌세포모반,2,isic2019,train
data/ISIC 2019/NV/ISIC_0062470.jpg,멜라닌세포모반,2,isic2019,train
data/ISIC 2019/NV/ISIC_0031590.jpg,멜라닌세포모반,2,isic2019,train
data/ISIC 2019/BKL/ISIC_0059186.jpg,지루각화증,7,isic2019,train
data/ISIC 2019/BKL/ISIC_0014613_downsampled.jpg,지루각화증,7,isic2019,train
data/ISIC 2019/NV/ISIC_0064772.jpg,멜라닌세포모반,2,isic2019,train
data/ISIC 2019/BKL/ISIC_0068249.jpg,지루각화증,7,isic2019,train
data/ISIC 2019/MEL/ISIC_0061626.jpg,악성흑색종,6,isic2019,train
data/ISIC 2019/BKL/ISIC_0070683.jpg,지루각화증,7,isic2019,train
data/ISIC 2019/BKL/ISIC_0031218.jpg,지루각화증,7,isic2019,train
data/ISIC 2019/NV/ISIC_0058094.jpg,멜라닌세포모반,2,isic2019,train
data/ISIC 2019/BKL/ISIC_0061646.jpg,지루각화증,7,isic2019,train
data/ISIC 2019/NV/ISIC_0015568_downsampled.jpg,멜라닌세포모반,2,isic2019,train
data/ISIC 2019/NV/ISIC_0056584.jpg,멜라닌세포모반,2,isic2019,train
data/ISIC 2019/MEL/ISIC_0029238.jpg,악성흑색종,6,isic2019,train
data/ISIC 2019/NV/ISIC_0029845.jpg,멜라닌세포모반,2,isic2019,train
data/ISIC 2019/BCC/ISIC_0058687.jpg,기저세포암,1,isic2019,train
data/ISIC 2019/BCC/ISIC_0025509.jpg,기저세포암,1,isic2019,train
data/ISIC 2019/BCC/ISIC_0055313.jpg,기저세포암,1,isic2019,train
data/ISIC 2019/SCC/ISIC_0071509.jpg,편평세포암,8,isic2019,train
data/ISIC 2019/NV/ISIC_0030293.jpg,멜라닌세포모반,2,isic2019,train
data/ISIC 2019/NV/ISIC_0032423.jpg,멜라닌세포모반,2,isic2019,train
data/ISIC 2019/AK/ISIC_0068325.jpg,광선각화증,0,isic2019,train
data/ISIC 2019/BCC/ISIC_0073246.jpg,기저세포암,1,isic2019,train
data/ISIC 2019/MEL/ISIC_0000140_downsampled.jpg,악성흑색종,6,isic2019,train
data/ISIC 2019/BKL/ISIC_0025659.jpg,지루각화증,7,isic2019,train
data/ISIC 2019/BKL/ISIC_0027355.jpg,지루각화증,7,isic2019,train
data/ISIC 2019/BKL/ISIC_0029113.jpg,지루각화증,7,isic2019,train
data/ISIC 2019/BCC/ISIC_0070138.jpg,기저세포암,1,isic2019,train
data/ISIC 2019/MEL/ISIC_0024700.jpg,악성흑색종,6,isic2019,train
data/ISIC 2019/MEL/ISIC_0013573_downsampled.jpg,악성흑색종,6,isic2019,train
data/ISIC 2019/NV/ISIC_0027248.jpg,멜라닌세포모반,2,isic2019,train
data/ISIC 2019/BCC/ISIC_0060381.jpg,기저세포암,1,isic2019,train
data/ISIC 2019/BCC/ISIC_0066555.jpg,기저세포암,1,isic2019,train
data/ISIC 2019/BKL/ISIC_0067491.jpg,지루각화증,7,isic2019,train
data/ISIC 2019/SCC/ISIC_0026178.jpg,편평세포암,8,isic2019,train
data/ISIC 2019/BCC/ISIC_0053474.jpg,기저세포암,1,isic2019,train
data/ISIC 2019/BCC/ISIC_0063111.jpg,기저세포암,1,isic2019,train
data/ISIC 2019/BCC/ISIC_0063612.jpg,기저세포암,1,isic2019,train
data/ISIC 2019/BCC/ISIC_0055760.jpg,기저세포암,1,isic2019,train
data/ISIC 2019/NV/ISIC_0071246.jpg,멜라닌세포모반,2,isic2019,train
data/ISIC 2019/BCC/ISIC_0062747.jpg,기저세포암,1,isic2019,train
data/ISIC 2019/MEL/ISIC_0055451.jpg,악성흑색종,6,isic2019,train
data/ISIC 2019/NV/ISIC_0027975.jpg,멜라닌세포모반,2,isic2019,train
data/ISIC 2019/MEL/ISIC_0025128.jpg,악성흑색종,6,isic2019,train
data/ISIC 2019/BCC/ISIC_0060053.jpg,기저세포암,1,isic2019,train
data/ISIC 2019/NV/ISIC_0032231.jpg,멜라닌세포모반,2,isic2019,train
data/ISIC 2019/BCC/ISIC_0068751.jpg,기저세포암,1,isic2019,train
data/ISIC 2019/MEL/ISIC_0032637.jpg,악성흑색종,6,isic2019,train
data/ISIC 2019/BCC/ISIC_0056095.jpg,기저세포암,1,isic2019,train
data/ISIC 2019/MEL/ISIC_0032823.jpg,악성흑색종,6,isic2019,train
data/ISIC 2019/NV/ISIC_0028338.jpg,멜라닌세포모반,2,isic2019,train
data/ISIC 2019/MEL/ISIC_0025132.jpg,악성흑색종,6,isic2019,train
data/ISIC 2019/NV/ISIC_0062459.jpg,멜라닌세포모반,2,isic2019,train
data/ISIC 2019/BKL/ISIC_0053987.jpg,지루각화증,7,isic2019,train
data/ISIC 2019/AK/ISIC_0027452.jpg,광선각화증,0,isic2019,train
data/ISIC 2019/BKL/ISIC_0025083.jpg,지루각화증,7,isic2019,train
data/ISIC 2019/BCC/ISIC_0057751.jpg,기저세포암,1,isic2019,train
data/ISIC 2019/BKL/ISIC_0069849.jpg,지루각화증,7,isic2019,train
data/ISIC 2019/BCC/ISIC_0064162.jpg,기저세포암,1,isic2019,train
data/ISIC 2019/BKL/ISIC_0034283.jpg,지루각화증,7,isic2019,train
data/ISIC 2019/NV/ISIC_0000134_downsampled.jpg,멜라닌세포모반,2,isic2019,train
data/ISIC 2019/BKL/ISIC_0014272_downsampled.jpg,지루각화증,7,isic2019,train
data/ISIC 2019/MEL/ISIC_0033779.jpg,악성흑색종,6,isic2019,train
data/ISIC 2019/NV/ISIC_0025571.jpg,멜라닌세포모반,2,isic2019,train
data/ISIC 2019/BKL/ISIC_0025753.jpg,지루각화증,7,isic2019,train
data/ISIC 2019/BCC/ISIC_0068505.jpg,기저세포암,1,isic2019,train
data/ISIC 2019/NV/ISIC_0030667.jpg,멜라닌세포모반,2,isic2019,train
data/ISIC 2019/NV/ISIC_0056939.jpg,멜라닌세포모반,2,isic2019,train
data/ISIC 2019/MEL/ISIC_0033477.jpg,악성흑색종,6,isic2019,train
data/ISIC 2019/BCC/ISIC_0066164.jpg,기저세포암,1,isic2019,train
data/ISIC 2019/MEL/ISIC_0060827.jpg,악성흑색종,6,isic2019,train
data/ISIC 2019/NV/ISIC_0033211.jpg,멜라닌세포모반,2,isic2019,train
data/ISIC 2019/MEL/ISIC_0057545.jpg,악성흑색종,6,isic2019,train
data/ISIC 2019/BCC/ISIC_0066485.jpg,기저세포암,1,isic2019,train
data/ISIC 2019/BCC/ISIC_0026528.jpg,기저세포암,1,isic2019,train
data/ISIC 2019/SCC/ISIC_0070411.jpg,편평세포암,8,isic2019,train
data/ISIC 2019/MEL/ISIC_0055546.jpg,악성흑색종,6,isic2019,train
data/ISIC 2019/BKL/ISIC_0033601.jpg,지루각화증,7,isic2019,train
data/ISIC 2019/MEL/ISIC_0001105_downsampled.jpg,악성흑색종,6,isic2019,train
data/ISIC 2019/NV/ISIC_0032470.jpg,멜라닌세포모반,2,isic2019,train
data/ISIC 2019/SCC/ISIC_0029573.jpg,편평세포암,8,isic2019,train
data/ISIC 2019/NV/ISIC_0062777.jpg,멜라닌세포모반,2,isic2019,train
data/ISIC 2019/BKL/ISIC_0014500_downsampled.jpg,지루각화증,7,isic2019,train
data/ISIC 2019/BKL/ISIC_0065387.jpg,지루각화증,7,isic2019,train
data/ISIC 2019/MEL/ISIC_0073018.jpg,악성흑색종,6,isic2019,train
data/ISIC 2019/BCC/ISIC_0071968.jpg,기저세포암,1,isic2019,train
data/ISIC 2019/NV/ISIC_0054381.jpg,멜라닌세포모반,2,isic2019,train
data/ISIC 2019/BCC/ISIC_0065174.jpg,기저세포암,1,isic2019,train
data/ISIC 2019/BKL/ISIC_0063136.jpg,지루각화증,7,isic2019,train
data/ISIC 2019/NV/ISIC_0034250.jpg,멜라닌세포모반,2,isic2019,train
data/ISIC 2019/BCC/ISIC_0063865.jpg,기저세포암,1,isic2019,train
data/ISIC 2019/NV/ISIC_0056880.jpg,멜라닌세포모반,2,isic2019,train
data/ISIC 2019/VASC/ISIC_0025677.jpg,혈관종,12,isic2019,train
data/ISIC 2019/BCC/ISIC_0064156.jpg,기저세포암,1,isic2019,train
data/ISIC 2019/MEL/ISIC_0067296.jpg,악성흑색종,6,isic2019,train
data/ISIC 2019/MEL/ISIC_0032396.jpg,악성흑색종,6,isic2019,train
data/ISIC 2019/SCC/ISIC_0059342.jpg,편평세포암,8,isic2019,train
data/ISIC 2019/NV/ISIC_0066728.jpg,멜라닌세포모반,2,isic2019,train
data/ISIC 2019/BCC/ISIC_0071414.jpg,기저세포암,1,isic2019,train
data/ISIC 2019/BKL/ISIC_0013474_downsampled.jpg,지루각화증,7,isic2019,train
data/ISIC 2019/BKL/ISIC_0031396.jpg,지루각화증,7,isic2019,train
data/ISIC 2019/MEL/ISIC_0069593.jpg,악성흑색종,6,isic2019,train
data/ISIC 2019/BKL/ISIC_0025915.jpg,지루각화증,7,isic2019,train
data/ISIC 2019/MEL/ISIC_0055087.jpg,악성흑색종,6,isic2019,train
data/ISIC 2019/NV/ISIC_0024780.jpg,멜라닌세포모반,2,isic2019,train
data/ISIC 2019/NV/ISIC_0026426.jpg,멜라닌세포모반,2,isic2019,train
data/ISIC 2019/DF/ISIC_0055270.jpg,피부섬유종,10,isic2019,train
data/ISIC 2019/MEL/ISIC_0028220.jpg,악성흑색종,6,isic2019,train
data/ISIC 2019/MEL/ISIC_0060233.jpg,악성흑색종,6,isic2019,train
data/ISIC 2019/AK/ISIC_0060670.jpg,광선각화증,0,isic2019,train
data/ISIC 2019/NV/ISIC_0031399.jpg,멜라닌세포모반,2,isic2019,train
data/ISIC 2019/SCC/ISIC_0063559.jpg,편평세포암,8,isic2019,train
data/ISIC 2019/BCC/ISIC_0059806.jpg,기저세포암,1,isic2019,train
data/ISIC 2019/BCC/ISIC_0033203.jpg,기저세포암,1,isic2019,train
data/ISIC 2019/MEL/ISIC_0062596.jpg,악성흑색종,6,isic2019,train
data/ISIC 2019/MEL/ISIC_0032782.jpg,악성흑색종,6,isic2019,train
data/ISIC 2019/NV/ISIC_0065473.jpg,멜라닌세포모반,2,isic2019,train
data/ISIC 2019/MEL/ISIC_0064992.jpg,악성흑색종,6,isic2019,train
data/ISIC 2019/BKL/ISIC_0033378.jpg,지루각화증,7,isic2019,train
data/ISIC 2019/MEL/ISIC_0054138.jpg,악성흑색종,6,isic2019,train
data/ISIC 2019/NV/ISIC_0031415.jpg,멜라닌세포모반,2,isic2019,train
data/ISIC 2019/NV/ISIC_0064265.jpg,멜라닌세포모반,2,isic2019,train
data/ISIC 2019/NV/ISIC_0025090.jpg,멜라닌세포모반,2,isic2019,train
data/ISIC 2019/BKL/ISIC_0055146.jpg,지루각화증,7,isic2019,train
data/ISIC 2019/NV/ISIC_0030736.jpg,멜라닌세포모반,2,isic2019,train
data/ISIC 2019/BKL/ISIC_0065887.jpg,지루각화증,7,isic2019,train
data/ISIC 2019/SCC/ISIC_0061142.jpg,편평세포암,8,isic2019,train
data/ISIC 2019/BKL/ISIC_0054780.jpg,지루각화증,7,isic2019,train
data/ISIC 2019/BKL/ISIC_0033949.jpg,지루각화증,7,isic2019,train
data/ISIC 2019/BCC/ISIC_0024673.jpg,기저세포암,1,isic2019,train
data/ISIC 2019/BCC/ISIC_0069714.jpg,기저세포암,1,isic2019,train
data/ISIC 2019/MEL/ISIC_0070419.jpg,악성흑색종,6,isic2019,train
data/ISIC 2019/BCC/ISIC_0062620.jpg,기저세포암,1,isic2019,train
data/ISIC 2019/BKL/ISIC_0030231.jpg,지루각화증,7,isic2019,train
data/ISIC 2019/NV/ISIC_0069633.jpg,멜라닌세포모반,2,isic2019,train
data/ISIC 2019/BKL/ISIC_0058509.jpg,지루각화증,7,isic2019,train
data/ISIC 2019/BCC/ISIC_0026453.jpg,기저세포암,1,isic2019,train
data/ISIC 2019/MEL/ISIC_0053541.jpg,악성흑색종,6,isic2019,train
data/ISIC 2019/NV/ISIC_0024348.jpg,멜라닌세포모반,2,isic2019,train
data/ISIC 2019/MEL/ISIC_0000142_downsampled.jpg,악성흑색종,6,isic2019,train
data/ISIC 2019/BKL/ISIC_0025838.jpg,지루각화증,7,isic2019,train
data/ISIC 2019/MEL/ISIC_0033183.jpg,악성흑색종,6,isic2019,train
data/ISIC 2019/SCC/ISIC_0072869.jpg,편평세포암,8,isic2019,train
data/ISIC 2019/MEL/ISIC_0061870.jpg,악성흑색종,6,isic2019,train
data/ISIC 2019/NV/ISIC_0056689.jpg,멜라닌세포모반,2,isic2019,train
data/ISIC 2019/NV/ISIC_0030121.jpg,멜라닌세포모반,2,isic2019,train
data/ISIC 2019/BCC/ISIC_0053840.jpg,기저세포암,1,isic2019,train
data/ISIC 2019/MEL/ISIC_0011161.jpg,악성흑색종,6,isic2019,train
data/ISIC 2019/BCC/ISIC_0072759.jpg,기저세포암,1,isic2019,train
data/ISIC 2019/NV/ISIC_0028066.jpg,멜라닌세포모반,2,isic2019,train
data/ISIC 2019/NV/ISIC_0055608.jpg,멜라닌세포모반,2,isic2019,train
data/ISIC 2019/MEL/ISIC_0024967.jpg,악성흑색종,6,isic2019,train
data/ISIC 2019/NV/ISIC_0070538.jpg,멜라닌세포모반,2,isic2019,train
data/ISIC 2019/BCC/ISIC_0070301.jpg,기저세포암,1,isic2019,train
data/ISIC 2019/MEL/ISIC_0055378.jpg,악성흑색종,6,isic2019,train
data/ISIC 2019/BKL/ISIC_0026290.jpg,지루각화증,7,isic2019,train
data/ISIC 2019/BCC/ISIC_0067386.jpg,기저세포암,1,isic2019,train
data/ISIC 2019/BKL/ISIC_0024495.jpg,지루각화증,7,isic2019,train
data/ISIC 2019/NV/ISIC_0032755.jpg,멜라닌세포모반,2,isic2019,train
data/ISIC 2019/VASC/ISIC_0029486.jpg,혈관종,12,isic2019,train
data/ISIC 2019/NV/ISIC_0026945.jpg,멜라닌세포모반,2,isic2019,train
data/ISIC 2019/BKL/ISIC_0060966.jpg,지루각화증,7,isic2019,train
data/ISIC 2019/BKL/ISIC_0062561.jpg,지루각화증,7,isic2019,train
data/ISIC 2019/MEL/ISIC_0055024.jpg,악성흑색종,6,isic2019,train
data/ISIC 2019/NV/ISIC_0054327.jpg,멜라닌세포모반,2,isic2019,train
data/ISIC 2019/MEL/ISIC_0032531.jpg,악성흑색종,6,isic2019,train
data/ISIC 2019/BCC/ISIC_0029747.jpg,기저세포암,1,isic2019,train
data/ISIC 2019/MEL/ISIC_0033985.jpg,악성흑색종,6,isic2019,train
data/ISIC 2019/BCC/ISIC_0058339.jpg,기저세포암,1,isic2019,train
data/ISIC 2019/NV/ISIC_0029415.jpg,멜라닌세포모반,2,isic2019,train
data/ISIC 2019/MEL/ISIC_0000147_downsampled.jpg,악성흑색종,6,isic2019,train
data/ISIC 2019/VASC/ISIC_0061611.jpg,혈관종,12,isic2019,train
data/ISIC 2019/AK/ISIC_0059540.jpg,광선각화증,0,isic2019,train
data/ISIC 2019/MEL/ISIC_0032981.jpg,악성흑색종,6,isic2019,train
data/ISIC 2019/DF/ISIC_0024396.jpg,피부섬유종,10,isic2019,train
data/ISIC 2019/MEL/ISIC_0064800.jpg,악성흑색종,6,isic2019,train
data/ISIC 2019/MEL/ISIC_0025964.jpg,악성흑색종,6,isic2019,train
data/ISIC 2019/MEL/ISIC_0056271.jpg,악성흑색종,6,isic2019,train
data/ISIC 2019/BCC/ISIC_0063033.jpg,기저세포암,1,isic2019,train
data/ISIC 2019/AK/ISIC_0054118.jpg,광선각화증,0,isic2019,train
data/ISIC 2019/NV/ISIC_0032383.jpg,멜라닌세포모반,2,isic2019,train
data/ISIC 2019/BCC/ISIC_0055245.jpg,기저세포암,1,isic2019,train
data/ISIC 2019/AK/ISIC_0056128.jpg,광선각화증,0,isic2019,train
data/ISIC 2019/NV/ISIC_0030131.jpg,멜라닌세포모반,2,isic2019,train
data/ISIC 2019/BCC/ISIC_0058809.jpg,기저세포암,1,isic2019,train
data/ISIC 2019/NV/ISIC_0072282.jpg,멜라닌세포모반,2,isic2019,train
data/ISIC 2019/BKL/ISIC_0069768.jpg,지루각화증,7,isic2019,train
data/ISIC 2019/BCC/ISIC_0029053.jpg,기저세포암,1,isic2019,train
data/ISIC 2019/BCC/ISIC_0059246.jpg,기저세포암,1,isic2019,train
data/ISIC 2019/BCC/ISIC_0070909.jpg,기저세포암,1,isic2019,train
data/ISIC 2019/BCC/ISIC_0057086.jpg,기저세포암,1,isic2019,train
data/ISIC 2019/MEL/ISIC_0067757.jpg,악성흑색종,6,isic2019,train
data/ISIC 2019/BCC/ISIC_0070466.jpg,기저세포암,1,isic2019,train
data/ISIC 2019/BKL/ISIC_0014636_downsampled.jpg,지루각화증,7,isic2019,train
data/ISIC 2019/NV/ISIC_0071506.jpg,멜라닌세포모반,2,isic2019,train
data/ISIC 2019/MEL/ISIC_0013908_downsampled.jpg,악성흑색종,6,isic2019,train
data/ISIC 2019/MEL/ISIC_0069781.jpg,악성흑색종,6,isic2019,train
data/ISIC 2019/BKL/ISIC_0027739.jpg,지루각화증,7,isic2019,train
data/ISIC 2019/BCC/ISIC_0062682.jpg,기저세포암,1,isic2019,train
data/ISIC 2019/BCC/ISIC_0063066.jpg,기저세포암,1,isic2019,train
data/ISIC 2019/MEL/ISIC_0060393.jpg,악성흑색종,6,isic2019,train
data/ISIC 2019/MEL/ISIC_0030134.jpg,악성흑색종,6,isic2019,train
data/ISIC 2019/NV/ISIC_0067752.jpg,멜라닌세포모반,2,isic2019,train
data/ISIC 2019/BCC/ISIC_0053972.jpg,기저세포암,1,isic2019,train
data/ISIC 2019/NV/ISIC_0028867.jpg,멜라닌세포모반,2,isic2019,train
data/ISIC 2019/NV/ISIC_0030266.jpg,멜라닌세포모반,2,isic2019,train
data/ISIC 2019/MEL/ISIC_0066122.jpg,악성흑색종,6,isic2019,train
data/ISIC 2019/BCC/ISIC_0071665.jpg,기저세포암,1,isic2019,train
data/ISIC 2019/AK/ISIC_0056176.jpg,광선각화증,0,isic2019,train
data/ISIC 2019/BCC/ISIC_0060642.jpg,기저세포암,1,isic2019,train
data/ISIC 2019/MEL/ISIC_0071069.jpg,악성흑색종,6,isic2019,train
data/ISIC 2019/BKL/ISIC_0058230.jpg,지루각화증,7,isic2019,train
data/ISIC 2019/BCC/ISIC_0053867.jpg,기저세포암,1,isic2019,train
data/ISIC 2019/NV/ISIC_0031773.jpg,멜라닌세포모반,2,isic2019,train
data/ISIC 2019/BCC/ISIC_0054227.jpg,기저세포암,1,isic2019,train
data/ISIC 2019/NV/ISIC_0011207.jpg,멜라닌세포모반,2,isic2019,train
data/ISIC 2019/BCC/ISIC_0070328.jpg,기저세포암,1,isic2019,train
data/ISIC 2019/MEL/ISIC_0071314.jpg,악성흑색종,6,isic2019,train
data/ISIC 2019/BKL/ISIC_0054833.jpg,지루각화증,7,isic2019,train
data/ISIC 2019/NV/ISIC_0028047.jpg,멜라닌세포모반,2,isic2019,train
data/ISIC 2019/MEL/ISIC_0071208.jpg,악성흑색종,6,isic2019,train
data/ISIC 2019/BCC/ISIC_0071742.jpg,기저세포암,1,isic2019,train
data/ISIC 2019/MEL/ISIC_0056601.jpg,악성흑색종,6,isic2019,train
data/ISIC 2019/MEL/ISIC_0060696.jpg,악성흑색종,6,isic2019,train
data/ISIC 2019/MEL/ISIC_0058426.jpg,악성흑색종,6,isic2019,train
data/ISIC 2019/NV/ISIC_0031730.jpg,멜라닌세포모반,2,isic2019,train
data/ISIC 2019/BKL/ISIC_0031428.jpg,지루각화증,7,isic2019,train
data/ISIC 2019/NV/ISIC_0024714.jpg,멜라닌세포모반,2,isic2019,train
data/ISIC 2019/BKL/ISIC_0067692.jpg,지루각화증,7,isic2019,train
data/ISIC 2019/MEL/ISIC_0068761.jpg,악성흑색종,6,isic2019,train
data/ISIC 2019/MEL/ISIC_0059513.jpg,악성흑색종,6,isic2019,train
data/ISIC 2019/MEL/ISIC_0063795.jpg,악성흑색종,6,isic2019,train
data/ISIC 2019/MEL/ISIC_0071710.jpg,악성흑색종,6,isic2019,train
data/ISIC 2019/DF/ISIC_0026254.jpg,피부섬유종,10,isic2019,train
data/ISIC 2019/BKL/ISIC_0015113_downsampled.jpg,지루각화증,7,isic2019,train
data/ISIC 2019/BKL/ISIC_0013685_downsampled.jpg,지루각화증,7,isic2019,train
data/ISIC 2019/AK/ISIC_0066142.jpg,광선각화증,0,isic2019,train
data/ISIC 2019/MEL/ISIC_0055937.jpg,악성흑색종,6,isic2019,train
data/ISIC 2019/BCC/ISIC_0060382.jpg,기저세포암,1,isic2019,train
data/ISIC 2019/VASC/ISIC_0033591.jpg,혈관종,12,isic2019,train
data/ISIC 2019/BCC/ISIC_0063101.jpg,기저세포암,1,isic2019,train
data/ISIC 2019/MEL/ISIC_0068646.jpg,악성흑색종,6,isic2019,train
data/ISIC 2019/BCC/ISIC_0072269.jpg,기저세포암,1,isic2019,train
data/ISIC 2019/MEL/ISIC_0034180.jpg,악성흑색종,6,isic2019,train
data/ISIC 2019/BCC/ISIC_0072141.jpg,기저세포암,1,isic2019,train
data/ISIC 2019/SCC/ISIC_0070083.jpg,편평세포암,8,isic2019,train
data/ISIC 2019/BKL/ISIC_0067039.jpg,지루각화증,7,isic2019,train
data/ISIC 2019/MEL/ISIC_0062914.jpg,악성흑색종,6,isic2019,train
data/ISIC 2019/AK/ISIC_0032206.jpg,광선각화증,0,isic2019,train
data/ISIC 2019/BKL/ISIC_0028503.jpg,지루각화증,7,isic2019,train
data/ISIC 2019/BKL/ISIC_0032725.jpg,지루각화증,7,isic2019,train
data/ISIC 2019/AK/ISIC_0063107.jpg,광선각화증,0,isic2019,train
data/ISIC 2019/AK/ISIC_0029141.jpg,광선각화증,0,isic2019,train
data/ISIC 2019/NV/ISIC_0064850.jpg,멜라닌세포모반,2,isic2019,train
data/ISIC 2019/BCC/ISIC_0059801.jpg,기저세포암,1,isic2019,train
data/ISIC 2019/BCC/ISIC_0058193.jpg,기저세포암,1,isic2019,train
data/ISIC 2019/AK/ISIC_0060776.jpg,광선각화증,0,isic2019,train
data/ISIC 2019/SCC/ISIC_0055328.jpg,편평세포암,8,isic2019,train
data/ISIC 2019/BKL/ISIC_0071530.jpg,지루각화증,7,isic2019,train
data/ISIC 2019/BKL/ISIC_0030130.jpg,지루각화증,7,isic2019,train
data/ISIC 2019/NV/ISIC_0063848.jpg,멜라닌세포모반,2,isic2019,train
data/ISIC 2019/BKL/ISIC_0066872.jpg,지루각화증,7,isic2019,train
data/ISIC 2019/BCC/ISIC_0069000.jpg,기저세포암,1,isic2019,train
data/ISIC 2019/AK/ISIC_0056437.jpg,광선각화증,0,isic2019,train
data/ISIC 2019/NV/ISIC_0027985.jpg,멜라닌세포모반,2,isic2019,train
data/ISIC 2019/BKL/ISIC_0028681.jpg,지루각화증,7,isic2019,train
data/ISIC 2019/NV/ISIC_0025108.jpg,멜라닌세포모반,2,isic2019,train
data/ISIC 2019/BKL/ISIC_0025906.jpg,지루각화증,7,isic2019,train
data/ISIC 2019/VASC/ISIC_0066897.jpg,혈관종,12,isic2019,train
data/ISIC 2019/BCC/ISIC_0056030.jpg,기저세포암,1,isic2019,train
data/ISIC 2019/BCC/ISIC_0029974.jpg,기저세포암,1,isic2019,train
data/ISIC 2019/BKL/ISIC_0067587.jpg,지루각화증,7,isic2019,train
data/ISIC 2019/NV/ISIC_0033168.jpg,멜라닌세포모반,2,isic2019,train
data/ISIC 2019/BCC/ISIC_0065556.jpg,기저세포암,1,isic2019,train
data/ISIC 2019/NV/ISIC_0033467.jpg,멜라닌세포모반,2,isic2019,train
data/ISIC 2019/AK/ISIC_0061774.jpg,광선각화증,0,isic2019,train
data/ISIC 2019/BCC/ISIC_0030339.jpg,기저세포암,1,isic2019,train
data/ISIC 2019/BCC/ISIC_0059135.jpg,기저세포암,1,isic2019,train
data/ISIC 2019/BKL/ISIC_0067283.jpg,지루각화증,7,isic2019,train
data/ISIC 2019/BCC/ISIC_0055075.jpg,기저세포암,1,isic2019,train
data/ISIC 2019/MEL/ISIC_0061581.jpg,악성흑색종,6,isic2019,train
data/ISIC 2019/NV/ISIC_0069209.jpg,멜라닌세포모반,2,isic2019,train
data/ISIC 2019/NV/ISIC_0011362.jpg,멜라닌세포모반,2,isic2019,train
data/ISIC 2019/NV/ISIC_0029626.jpg,멜라닌세포모반,2,isic2019,train
data/ISIC 2019/NV/ISIC_0028456.jpg,멜라닌세포모반,2,isic2019,train
data/ISIC 2019/BCC/ISIC_0071649.jpg,기저세포암,1,isic2019,train
data/ISIC 2019/BKL/ISIC_0014503_downsampled.jpg,지루각화증,7,isic2019,train
data/ISIC 2019/MEL/ISIC_0071431.jpg,악성흑색종,6,isic2019,train
data/ISIC 2019/AK/ISIC_0066988.jpg,광선각화증,0,isic2019,train
data/ISIC 2019/NV/ISIC_0012538_downsampled.jpg,멜라닌세포모반,2,isic2019,train
data/ISIC 2019/AK/ISIC_0061247.jpg,광선각화증,0,isic2019,train
data/ISIC 2019/AK/ISIC_0065078.jpg,광선각화증,0,isic2019,train
data/ISIC 2019/NV/ISIC_0028903.jpg,멜라닌세포모반,2,isic2019,train
data/ISIC 2019/BKL/ISIC_0013059_downsampled.jpg,지루각화증,7,isic2019,train
data/ISIC 2019/MEL/ISIC_0034218.jpg,악성흑색종,6,isic2019,train
data/ISIC 2019/BCC/ISIC_0060682.jpg,기저세포암,1,isic2019,train
data/ISIC 2019/BCC/ISIC_0054972.jpg,기저세포암,1,isic2019,train
data/ISIC 2019/NV/ISIC_0032242.jpg,멜라닌세포모반,2,isic2019,train
data/ISIC 2019/VASC/ISIC_0059498.jpg,혈관종,12,isic2019,train
data/ISIC 2019/SCC/ISIC_0063278.jpg,편평세포암,8,isic2019,train
data/ISIC 2019/BCC/ISIC_0063074.jpg,기저세포암,1,isic2019,train
data/ISIC 2019/BCC/ISIC_0066380.jpg,기저세포암,1,isic2019,train
data/ISIC 2019/MEL/ISIC_0032544.jpg,악성흑색종,6,isic2019,train
data/ISIC 2019/NV/ISIC_0030863.jpg,멜라닌세포모반,2,isic2019,train
data/ISIC 2019/BKL/ISIC_0031961.jpg,지루각화증,7,isic2019,train
data/ISIC 2019/MEL/ISIC_0060897.jpg,악성흑색종,6,isic2019,train
data/ISIC 2019/DF/ISIC_0025314.jpg,피부섬유종,10,isic2019,train
data/ISIC 2019/SCC/ISIC_0063085.jpg,편평세포암,8,isic2019,train
data/ISIC 2019/SCC/ISIC_0025808.jpg,편평세포암,8,isic2019,train
data/ISIC 2019/BKL/ISIC_0054543.jpg,지루각화증,7,isic2019,train
data/ISIC 2019/NV/ISIC_0024731.jpg,멜라닌세포모반,2,isic2019,train
data/ISIC 2019/MEL/ISIC_0072755.jpg,악성흑색종,6,isic2019,train
data/ISIC 2019/MEL/ISIC_0064823.jpg,악성흑색종,6,isic2019,train
data/ISIC 2019/BCC/ISIC_0065376.jpg,기저세포암,1,isic2019,train
data/ISIC 2019/BKL/ISIC_0065810.jpg,지루각화증,7,isic2019,train
data/ISIC 2019/BCC/ISIC_0060191.jpg,기저세포암,1,isic2019,train
data/ISIC 2019/MEL/ISIC_0014428_downsampled.jpg,악성흑색종,6,isic2019,train
data/ISIC 2019/MEL/ISIC_0062442.jpg,악성흑색종,6,isic2019,train
data/ISIC 2019/NV/ISIC_0030327.jpg,멜라닌세포모반,2,isic2019,train
data/ISIC 2019/BCC/ISIC_0054121.jpg,기저세포암,1,isic2019,train
data/ISIC 2019/MEL/ISIC_0054705.jpg,악성흑색종,6,isic2019,train
data/ISIC 2019/BKL/ISIC_0056456.jpg,지루각화증,7,isic2019,train
data/ISIC 2019/DF/ISIC_0032642.jpg,피부섬유종,10,isic2019,train
data/ISIC 2019/BCC/ISIC_0031056.jpg,기저세포암,1,isic2019,train
data/ISIC 2019/BKL/ISIC_0065865.jpg,지루각화증,7,isic2019,train
data/ISIC 2019/MEL/ISIC_0057172.jpg,악성흑색종,6,isic2019,train
data/ISIC 2019/BCC/ISIC_0067714.jpg,기저세포암,1,isic2019,train
data/ISIC 2019/BKL/ISIC_0033785.jpg,지루각화증,7,isic2019,train
data/ISIC 2019/BCC/ISIC_0064612.jpg,기저세포암,1,isic2019,train
data/ISIC 2019/BKL/ISIC_0025068.jpg,지루각화증,7,isic2019,train
data/ISIC 2019/BCC/ISIC_0027004.jpg,기저세포암,1,isic2019,train
data/ISIC 2019/MEL/ISIC_0068164.jpg,악성흑색종,6,isic2019,train
data/ISIC 2019/DF/ISIC_0068991.jpg,피부섬유종,10,isic2019,train
data/ISIC 2019/BCC/ISIC_0069574.jpg,기저세포암,1,isic2019,train
data/ISIC 2019/BKL/ISIC_0068040.jpg,지루각화증,7,isic2019,train
data/ISIC 2019/MEL/ISIC_0067274.jpg,악성흑색종,6,isic2019,train
data/ISIC 2019/BKL/ISIC_0054855.jpg,지루각화증,7,isic2019,train
data/ISIC 2019/MEL/ISIC_0056092.jpg,악성흑색종,6,isic2019,train
data/ISIC 2019/MEL/ISIC_0057558.jpg,악성흑색종,6,isic2019,train
data/ISIC 2019/MEL/ISIC_0072021.jpg,악성흑색종,6,isic2019,train
data/ISIC 2019/NV/ISIC_0066439.jpg,멜라닌세포모반,2,isic2019,train
data/ISIC 2019/BCC/ISIC_0062473.jpg,기저세포암,1,isic2019,train
data/ISIC 2019/AK/ISIC_0064231.jpg,광선각화증,0,isic2019,train
data/ISIC 2019/BKL/ISIC_0069162.jpg,지루각화증,7,isic2019,train
data/ISIC 2019/BCC/ISIC_0068742.jpg,기저세포암,1,isic2019,train
data/ISIC 2019/BCC/ISIC_0067967.jpg,기저세포암,1,isic2019,train
data/ISIC 2019/NV/ISIC_0026053.jpg,멜라닌세포모반,2,isic2019,train
data/ISIC 2019/BKL/ISIC_0028856.jpg,지루각화증,7,isic2019,train
data/ISIC 2019/BCC/ISIC_0067642.jpg,기저세포암,1,isic2019,train
data/ISIC 2019/NV/ISIC_0031881.jpg,멜라닌세포모반,2,isic2019,train
data/ISIC 2019/NV/ISIC_0068855.jpg,멜라닌세포모반,2,isic2019,train
data/ISIC 2019/MEL/ISIC_0028219.jpg,악성흑색종,6,isic2019,train
data/ISIC 2019/NV/ISIC_0026267.jpg,멜라닌세포모반,2,isic2019,train
data/ISIC 2019/MEL/ISIC_0054141.jpg,악성흑색종,6,isic2019,train
data/ISIC 2019/AK/ISIC_0066360.jpg,광선각화증,0,isic2019,train
data/ISIC 2019/BCC/ISIC_0068642.jpg,기저세포암,1,isic2019,train
data/ISIC 2019/NV/ISIC_0054066.jpg,멜라닌세포모반,2,isic2019,train
data/ISIC 2019/MEL/ISIC_0024930.jpg,악성흑색종,6,isic2019,train
data/ISIC 2019/BCC/ISIC_0063514.jpg,기저세포암,1,isic2019,train
data/ISIC 2019/MEL/ISIC_0063295.jpg,악성흑색종,6,isic2019,train
data/ISIC 2019/BKL/ISIC_0028826.jpg,지루각화증,7,isic2019,train
data/ISIC 2019/BCC/ISIC_0062623.jpg,기저세포암,1,isic2019,train
data/ISIC 2019/BCC/ISIC_0072750.jpg,기저세포암,1,isic2019,train
data/ISIC 2019/NV/ISIC_0014511_downsampled.jpg,멜라닌세포모반,2,isic2019,train
data/ISIC 2019/AK/ISIC_0065125.jpg,광선각화증,0,isic2019,train
data/ISIC 2019/BCC/ISIC_0062358.jpg,기저세포암,1,isic2019,train
data/ISIC 2019/BKL/ISIC_0072054.jpg,지루각화증,7,isic2019,train
data/ISIC 2019/SCC/ISIC_0054111.jpg,편평세포암,8,isic2019,train
data/ISIC 2019/MEL/ISIC_0009868.jpg,악성흑색종,6,isic2019,train
data/ISIC 2019/BCC/ISIC_0070102.jpg,기저세포암,1,isic2019,train
data/ISIC 2019/BKL/ISIC_0025063.jpg,지루각화증,7,isic2019,train
data/ISIC 2019/MEL/ISIC_0070351.jpg,악성흑색종,6,isic2019,train
data/ISIC 2019/BCC/ISIC_0059334.jpg,기저세포암,1,isic2019,train
data/ISIC 2019/NV/ISIC_0032419.jpg,멜라닌세포모반,2,isic2019,train
data/ISIC 2019/BCC/ISIC_0060189.jpg,기저세포암,1,isic2019,train
data/ISIC 2019/MEL/ISIC_0067758.jpg,악성흑색종,6,isic2019,train
data/ISIC 2019/MEL/ISIC_0034062.jpg,악성흑색종,6,isic2019,train
data/ISIC 2019/BCC/ISIC_0061671.jpg,기저세포암,1,isic2019,train
data/ISIC 2019/MEL/ISIC_0001102_downsampled.jpg,악성흑색종,6,isic2019,train
data/ISIC 2019/BCC/ISIC_0068356.jpg,기저세포암,1,isic2019,train
data/ISIC 2019/BCC/ISIC_0061907.jpg,기저세포암,1,isic2019,train
data/ISIC 2019/BKL/ISIC_0012379_downsampled.jpg,지루각화증,7,isic2019,train
data/ISIC 2019/MEL/ISIC_0054087.jpg,악성흑색종,6,isic2019,train
data/ISIC 2019/BKL/ISIC_0012223_downsampled.jpg,지루각화증,7,isic2019,train
data/ISIC 2019/MEL/ISIC_0025589.jpg,악성흑색종,6,isic2019,train
data/ISIC 2019/NV/ISIC_0029218.jpg,멜라닌세포모반,2,isic2019,train
data/ISIC 2019/NV/ISIC_0026617.jpg,멜라닌세포모반,2,isic2019,train
data/ISIC 2019/NV/ISIC_0028470.jpg,멜라닌세포모반,2,isic2019,train
data/ISIC 2019/BCC/ISIC_0067251.jpg,기저세포암,1,isic2019,train
data/ISIC 2019/BKL/ISIC_0029213.jpg,지루각화증,7,isic2019,train
data/ISIC 2019/MEL/ISIC_0064079.jpg,악성흑색종,6,isic2019,train
data/ISIC 2019/MEL/ISIC_0027260.jpg,악성흑색종,6,isic2019,train
data/ISIC 2019/NV/ISIC_0056270.jpg,멜라닌세포모반,2,isic2019,train
data/ISIC 2019/AK/ISIC_0028190.jpg,광선각화증,0,isic2019,train
data/ISIC 2019/BKL/ISIC_0031130.jpg,지루각화증,7,isic2019,train
data/ISIC 2019/SCC/ISIC_0062479.jpg,편평세포암,8,isic2019,train
data/ISIC 2019/BCC/ISIC_0061832.jpg,기저세포암,1,isic2019,train
data/ISIC 2019/BCC/ISIC_0054697.jpg,기저세포암,1,isic2019,train
data/ISIC 2019/BCC/ISIC_0071461.jpg,기저세포암,1,isic2019,train
data/ISIC 2019/MEL/ISIC_0032134.jpg,악성흑색종,6,isic2019,train
data/ISIC 2019/BCC/ISIC_0027976.jpg,기저세포암,1,isic2019,train
data/ISIC 2019/BCC/ISIC_0065303.jpg,기저세포암,1,isic2019,train
data/ISIC 2019/BCC/ISIC_0058039.jpg,기저세포암,1,isic2019,train
data/ISIC 2019/BCC/ISIC_0066824.jpg,기저세포암,1,isic2019,train
data/ISIC 2019/BKL/ISIC_0072910.jpg,지루각화증,7,isic2019,train
data/ISIC 2019/BKL/ISIC_0029014.jpg,지루각화증,7,isic2019,train
data/ISIC 2019/BCC/ISIC_0053876.jpg,기저세포암,1,isic2019,train
data/ISIC 2019/AK/ISIC_0026984.jpg,광선각화증,0,isic2019,train
data/ISIC 2019/AK/ISIC_0060729.jpg,광선각화증,0,isic2019,train
data/ISIC 2019/BKL/ISIC_0063888.jpg,지루각화증,7,isic2019,train
data/ISIC 2019/NV/ISIC_0013772_downsampled.jpg,멜라닌세포모반,2,isic2019,train
data/ISIC 2019/BKL/ISIC_0025351.jpg,지루각화증,7,isic2019,train
data/ISIC 2019/VASC/ISIC_0064078.jpg,혈관종,12,isic2019,train
data/ISIC 2019/SCC/ISIC_0032947.jpg,편평세포암,8,isic2019,train
data/ISIC 2019/BCC/ISIC_0061309.jpg,기저세포암,1,isic2019,train
data/ISIC 2019/NV/ISIC_0031863.jpg,멜라닌세포모반,2,isic2019,train
data/ISIC 2019/MEL/ISIC_0063852.jpg,악성흑색종,6,isic2019,train
data/ISIC 2019/NV/ISIC_0016033_downsampled.jpg,멜라닌세포모반,2,isic2019,train
data/ISIC 2019/NV/ISIC_0072881.jpg,멜라닌세포모반,2,isic2019,train
data/ISIC 2019/AK/ISIC_0067450.jpg,광선각화증,0,isic2019,train
data/ISIC 2019/BKL/ISIC_0065866.jpg,지루각화증,7,isic2019,train
data/ISIC 2019/BKL/ISIC_0027859.jpg,지루각화증,7,isic2019,train
data/ISIC 2019/BCC/ISIC_0065637.jpg,기저세포암,1,isic2019,train
data/ISIC 2019/BCC/ISIC_0064150.jpg,기저세포암,1,isic2019,train
data/ISIC 2019/BCC/ISIC_0068570.jpg,기저세포암,1,isic2019,train
data/ISIC 2019/NV/ISIC_0013114_downsampled.jpg,멜라닌세포모반,2,isic2019,train
data/ISIC 2019/BKL/ISIC_0063783.jpg,지루각화증,7,isic2019,train
data/ISIC 2019/BCC/ISIC_0072772.jpg,기저세포암,1,isic2019,train
data/ISIC 2019/BKL/ISIC_0029555.jpg,지루각화증,7,isic2019,train
data/ISIC 2019/BCC/ISIC_0030755.jpg,기저세포암,1,isic2019,train
data/ISIC 2019/MEL/ISIC_0000143_downsampled.jpg,악성흑색종,6,isic2019,train
data/ISIC 2019/MEL/ISIC_0058408.jpg,악성흑색종,6,isic2019,train
data/ISIC 2019/MEL/ISIC_0027480.jpg,악성흑색종,6,isic2019,train
data/ISIC 2019/NV/ISIC_0071924.jpg,멜라닌세포모반,2,isic2019,train
data/ISIC 2019/BCC/ISIC_0055038.jpg,기저세포암,1,isic2019,train
data/ISIC 2019/BKL/ISIC_0014588_downsampled.jpg,지루각화증,7,isic2019,train
data/ISIC 2019/MEL/ISIC_0026089.jpg,악성흑색종,6,isic2019,train
data/ISIC 2019/NV/ISIC_0014117_downsampled.jpg,멜라닌세포모반,2,isic2019,train
data/ISIC 2019/BKL/ISIC_0027584.jpg,지루각화증,7,isic2019,train
data/ISIC 2019/AK/ISIC_0069460.jpg,광선각화증,0,isic2019,train
data/ISIC 2019/BKL/ISIC_0027989.jpg,지루각화증,7,isic2019,train
data/ISIC 2019/BKL/ISIC_0031766.jpg,지루각화증,7,isic2019,train
data/ISIC 2019/BKL/ISIC_0065632.jpg,지루각화증,7,isic2019,train
data/ISIC 2019/MEL/ISIC_0066350.jpg,악성흑색종,6,isic2019,train
data/ISIC 2019/BKL/ISIC_0026044.jpg,지루각화증,7,isic2019,train
data/ISIC 2019/NV/ISIC_0033420.jpg,멜라닌세포모반,2,isic2019,train
data/ISIC 2019/DF/ISIC_0073189.jpg,피부섬유종,10,isic2019,train
data/ISIC 2019/AK/ISIC_0029210.jpg,광선각화증,0,isic2019,train
data/ISIC 2019/NV/ISIC_0031204.jpg,멜라닌세포모반,2,isic2019,train
data/ISIC 2019/DF/ISIC_0027118.jpg,피부섬유종,10,isic2019,train
data/ISIC 2019/NV/ISIC_0033148.jpg,멜라닌세포모반,2,isic2019,train
data/ISIC 2019/BKL/ISIC_0028223.jpg,지루각화증,7,isic2019,train
data/ISIC 2019/NV/ISIC_0033890.jpg,멜라닌세포모반,2,isic2019,train
data/ISIC 2019/BKL/ISIC_0063134.jpg,지루각화증,7,isic2019,train
data/ISIC 2019/MEL/ISIC_0034002.jpg,악성흑색종,6,isic2019,train
data/ISIC 2019/SCC/ISIC_0031431.jpg,편평세포암,8,isic2019,train
data/ISIC 2019/MEL/ISIC_0013839_downsampled.jpg,악성흑색종,6,isic2019,train
data/ISIC 2019/BKL/ISIC_0066138.jpg,지루각화증,7,isic2019,train
data/ISIC 2019/SCC/ISIC_0033000.jpg,편평세포암,8,isic2019,train
data/ISIC 2019/BCC/ISIC_0063406.jpg,기저세포암,1,isic2019,train
data/ISIC 2019/SCC/ISIC_0029268.jpg,편평세포암,8,isic2019,train
data/ISIC 2019/BKL/ISIC_0061985.jpg,지루각화증,7,isic2019,train
data/ISIC 2019/NV/ISIC_0062898.jpg,멜라닌세포모반,2,isic2019,train
data/ISIC 2019/NV/ISIC_0032416.jpg,멜라닌세포모반,2,isic2019,train
data/ISIC 2019/DF/ISIC_0031002.jpg,피부섬유종,10,isic2019,train
data/ISIC 2019/MEL/ISIC_0033946.jpg,악성흑색종,6,isic2019,train
data/ISIC 2019/SCC/ISIC_0073088.jpg,편평세포암,8,isic2019,train
data/ISIC 2019/SCC/ISIC_0030175.jpg,편평세포암,8,isic2019,train
data/ISIC 2019/BCC/ISIC_0033001.jpg,기저세포암,1,isic2019,train
data/ISIC 2019/BKL/ISIC_0061747.jpg,지루각화증,7,isic2019,train
data/ISIC 2019/NV/ISIC_0032288.jpg,멜라닌세포모반,2,isic2019,train
data/ISIC 2019/SCC/ISIC_0058305.jpg,편평세포암,8,isic2019,train
data/ISIC 2019/BKL/ISIC_0028473.jpg,지루각화증,7,isic2019,train
data/ISIC 2019/BCC/ISIC_0065384.jpg,기저세포암,1,isic2019,train
data/ISIC 2019/AK/ISIC_0062116.jpg,광선각화증,0,isic2019,train
data/ISIC 2019/BCC/ISIC_0066821.jpg,기저세포암,1,isic2019,train
data/ISIC 2019/NV/ISIC_0063782.jpg,멜라닌세포모반,2,isic2019,train
data/ISIC 2019/BCC/ISIC_0059509.jpg,기저세포암,1,isic2019,train
data/ISIC 2019/BKL/ISIC_0062549.jpg,지루각화증,7,isic2019,train
data/ISIC 2019/NV/ISIC_0032183.jpg,멜라닌세포모반,2,isic2019,train
data/ISIC 2019/BCC/ISIC_0059306.jpg,기저세포암,1,isic2019,train
data/ISIC 2019/MEL/ISIC_0063930.jpg,악성흑색종,6,isic2019,train
data/ISIC 2019/BKL/ISIC_0064678.jpg,지루각화증,7,isic2019,train
data/ISIC 2019/BCC/ISIC_0032808.jpg,기저세포암,1,isic2019,train
data/ISIC 2019/NV/ISIC_0032528.jpg,멜라닌세포모반,2,isic2019,train
data/ISIC 2019/BCC/ISIC_0025691.jpg,기저세포암,1,isic2019,train
data/ISIC 2019/DF/ISIC_0067989.jpg,피부섬유종,10,isic2019,train
data/ISIC 2019/MEL/ISIC_0062919.jpg,악성흑색종,6,isic2019,train
data/ISIC 2019/BKL/ISIC_0012433_downsampled.jpg,지루각화증,7,isic2019,train
data/ISIC 2019/NV/ISIC_0033512.jpg,멜라닌세포모반,2,isic2019,train
data/ISIC 2019/NV/ISIC_0026460.jpg,멜라닌세포모반,2,isic2019,train
data/ISIC 2019/SCC/ISIC_0070863.jpg,편평세포암,8,isic2019,train
data/ISIC 2019/BCC/ISIC_0056730.jpg,기저세포암,1,isic2019,train
data/ISIC 2019/DF/ISIC_0033626.jpg,피부섬유종,10,isic2019,train
data/ISIC 2019/NV/ISIC_0057886.jpg,멜라닌세포모반,2,isic2019,train
data/ISIC 2019/MEL/ISIC_0070738.jpg,악성흑색종,6,isic2019,train
data/ISIC 2019/BCC/ISIC_0068050.jpg,기저세포암,1,isic2019,train
data/ISIC 2019/BKL/ISIC_0073050.jpg,지루각화증,7,isic2019,train
data/ISIC 2019/MEL/ISIC_0056739.jpg,악성흑색종,6,isic2019,train
data/ISIC 2019/BKL/ISIC_0061789.jpg,지루각화증,7,isic2019,train
data/ISIC 2019/MEL/ISIC_0059905.jpg,악성흑색종,6,isic2019,train
data/ISIC 2019/SCC/ISIC_0065103.jpg,편평세포암,8,isic2019,train
data/ISIC 2019/MEL/ISIC_0028228.jpg,악성흑색종,6,isic2019,train
data/ISIC 2019/MEL/ISIC_0067747.jpg,악성흑색종,6,isic2019,train
data/ISIC 2019/NV/ISIC_0028569.jpg,멜라닌세포모반,2,isic2019,train
data/ISIC 2019/NV/ISIC_0026052.jpg,멜라닌세포모반,2,isic2019,train
data/ISIC 2019/DF/ISIC_0026417.jpg,피부섬유종,10,isic2019,train
data/ISIC 2019/BCC/ISIC_0060823.jpg,기저세포암,1,isic2019,train
data/ISIC 2019/SCC/ISIC_0032014.jpg,편평세포암,8,isic2019,train
data/ISIC 2019/AK/ISIC_0058593.jpg,광선각화증,0,isic2019,train
data/ISIC 2019/DF/ISIC_0053857.jpg,피부섬유종,10,isic2019,train
data/ISIC 2019/MEL/ISIC_0032921.jpg,악성흑색종,6,isic2019,train
data/ISIC 2019/NV/ISIC_0012680_downsampled.jpg,멜라닌세포모반,2,isic2019,train
data/ISIC 2019/BKL/ISIC_0029040.jpg,지루각화증,7,isic2019,train
data/ISIC 2019/BKL/ISIC_0063132.jpg,지루각화증,7,isic2019,train
data/ISIC 2019/BCC/ISIC_0031643.jpg,기저세포암,1,isic2019,train
data/ISIC 2019/BCC/ISIC_0063649.jpg,기저세포암,1,isic2019,train
data/ISIC 2019/AK/ISIC_0069289.jpg,광선각화증,0,isic2019,train
data/ISIC 2019/BCC/ISIC_0062544.jpg,기저세포암,1,isic2019,train
data/ISIC 2019/MEL/ISIC_0057845.jpg,악성흑색종,6,isic2019,train
data/ISIC 2019/BKL/ISIC_0031812.jpg,지루각화증,7,isic2019,train
data/ISIC 2019/MEL/ISIC_0034233.jpg,악성흑색종,6,isic2019,train
data/ISIC 2019/SCC/ISIC_0061238.jpg,편평세포암,8,isic2019,train
data/ISIC 2019/NV/ISIC_0068737.jpg,멜라닌세포모반,2,isic2019,train
data/ISIC 2019/MEL/ISIC_0072157.jpg,악성흑색종,6,isic2019,train
data/ISIC 2019/BKL/ISIC_0014633_downsampled.jpg,지루각화증,7,isic2019,train
data/ISIC 2019/MEL/ISIC_0033129.jpg,악성흑색종,6,isic2019,train
data/ISIC 2019/MEL/ISIC_0032653.jpg,악성흑색종,6,isic2019,train
data/ISIC 2019/MEL/ISIC_0032098.jpg,악성흑색종,6,isic2019,train
data/ISIC 2019/MEL/ISIC_0063289.jpg,악성흑색종,6,isic2019,train
data/ISIC 2019/NV/ISIC_0030108.jpg,멜라닌세포모반,2,isic2019,train
data/ISIC 2019/MEL/ISIC_0057974.jpg,악성흑색종,6,isic2019,train
data/ISIC 2019/BKL/ISIC_0012537_downsampled.jpg,지루각화증,7,isic2019,train
data/ISIC 2019/NV/ISIC_0064097.jpg,멜라닌세포모반,2,isic2019,train
data/ISIC 2019/BCC/ISIC_0069088.jpg,기저세포암,1,isic2019,train
data/ISIC 2019/BKL/ISIC_0057326.jpg,지루각화증,7,isic2019,train
data/ISIC 2019/BKL/ISIC_0055472.jpg,지루각화증,7,isic2019,train
data/ISIC 2019/BKL/ISIC_0029358.jpg,지루각화증,7,isic2019,train
data/ISIC 2019/MEL/ISIC_0053841.jpg,악성흑색종,6,isic2019,train
data/ISIC 2019/BKL/ISIC_0034167.jpg,지루각화증,7,isic2019,train
data/ISIC 2019/SCC/ISIC_0055116.jpg,편평세포암,8,isic2019,train
data/ISIC 2019/AK/ISIC_0065955.jpg,광선각화증,0,isic2019,train
data/ISIC 2019/BCC/ISIC_0031225.jpg,기저세포암,1,isic2019,train
data/ISIC 2019/VASC/ISIC_0061878.jpg,혈관종,12,isic2019,train
data/ISIC 2019/BKL/ISIC_0029036.jpg,지루각화증,7,isic2019,train
data/ISIC 2019/BCC/ISIC_0059656.jpg,기저세포암,1,isic2019,train
data/ISIC 2019/MEL/ISIC_0073038.jpg,악성흑색종,6,isic2019,train
data/ISIC 2019/MEL/ISIC_0059597.jpg,악성흑색종,6,isic2019,train
data/ISIC 2019/MEL/ISIC_0057417.jpg,악성흑색종,6,isic2019,train
data/ISIC 2019/MEL/ISIC_0054179.jpg,악성흑색종,6,isic2019,train
data/ISIC 2019/BCC/ISIC_0055554.jpg,기저세포암,1,isic2019,train
data/ISIC 2019/BCC/ISIC_0072567.jpg,기저세포암,1,isic2019,train
data/ISIC 2019/MEL/ISIC_0031013.jpg,악성흑색종,6,isic2019,train
data/ISIC 2019/BCC/ISIC_0067221.jpg,기저세포암,1,isic2019,train
data/ISIC 2019/SCC/ISIC_0063047.jpg,편평세포암,8,isic2019,train
data/ISIC 2019/NV/ISIC_0030109.jpg,멜라닌세포모반,2,isic2019,train
data/ISIC 2019/SCC/ISIC_0060366.jpg,편평세포암,8,isic2019,train
data/ISIC 2019/BCC/ISIC_0063995.jpg,기저세포암,1,isic2019,train
data/ISIC 2019/BKL/ISIC_0034197.jpg,지루각화증,7,isic2019,train
data/ISIC 2019/NV/ISIC_0033936.jpg,멜라닌세포모반,2,isic2019,train
data/ISIC 2019/MEL/ISIC_0000171.jpg,악성흑색종,6,isic2019,train
data/ISIC 2019/BCC/ISIC_0069306.jpg,기저세포암,1,isic2019,train
data/ISIC 2019/SCC/ISIC_0054641.jpg,편평세포암,8,isic2019,train
data/ISIC 2019/VASC/ISIC_0031759.jpg,혈관종,12,isic2019,train
data/ISIC 2019/NV/ISIC_0024778.jpg,멜라닌세포모반,2,isic2019,train
data/ISIC 2019/BCC/ISIC_0063931.jpg,기저세포암,1,isic2019,train
data/ISIC 2019/MEL/ISIC_0070342.jpg,악성흑색종,6,isic2019,train
data/ISIC 2019/NV/ISIC_0030180.jpg,멜라닌세포모반,2,isic2019,train
data/ISIC 2019/BKL/ISIC_0072370.jpg,지루각화증,7,isic2019,train
data/ISIC 2019/MEL/ISIC_0032833.jpg,악성흑색종,6,isic2019,train
data/ISIC 2019/BKL/ISIC_0032877.jpg,지루각화증,7,isic2019,train
data/ISIC 2019/BKL/ISIC_0031016.jpg,지루각화증,7,isic2019,train
data/ISIC 2019/BKL/ISIC_0028180.jpg,지루각화증,7,isic2019,train
data/ISIC 2019/BCC/ISIC_0072457.jpg,기저세포암,1,isic2019,train
data/ISIC 2019/BCC/ISIC_0070204.jpg,기저세포암,1,isic2019,train
data/ISIC 2019/MEL/ISIC_0061315.jpg,악성흑색종,6,isic2019,train
data/ISIC 2019/BCC/ISIC_0060844.jpg,기저세포암,1,isic2019,train
data/ISIC 2019/NV/ISIC_0072503.jpg,멜라닌세포모반,2,isic2019,train
data/ISIC 2019/SCC/ISIC_0028795.jpg,편평세포암,8,isic2019,train
data/ISIC 2019/NV/ISIC_0002948_downsampled.jpg,멜라닌세포모반,2,isic2019,train
data/ISIC 2019/MEL/ISIC_0054796.jpg,악성흑색종,6,isic2019,train
data/ISIC 2019/BCC/ISIC_0062685.jpg,기저세포암,1,isic2019,train
data/ISIC 2019/BCC/ISIC_0068112.jpg,기저세포암,1,isic2019,train
data/ISIC 2019/BKL/ISIC_0064702.jpg,지루각화증,7,isic2019,train
data/ISIC 2019/BKL/ISIC_0058478.jpg,지루각화증,7,isic2019,train
data/ISIC 2019/MEL/ISIC_0058256.jpg,악성흑색종,6,isic2019,train
data/ISIC 2019/NV/ISIC_0065371.jpg,멜라닌세포모반,2,isic2019,train
data/ISIC 2019/MEL/ISIC_0059069.jpg,악성흑색종,6,isic2019,train
data/ISIC 2019/AK/ISIC_0029041.jpg,광선각화증,0,isic2019,train
data/ISIC 2019/MEL/ISIC_0034087.jpg,악성흑색종,6,isic2019,train
data/ISIC 2019/MEL/ISIC_0026963.jpg,악성흑색종,6,isic2019,train
data/ISIC 2019/BKL/ISIC_0055185.jpg,지루각화증,7,isic2019,train
data/ISIC 2019/MEL/ISIC_0069938.jpg,악성흑색종,6,isic2019,train
data/ISIC 2019/BCC/ISIC_0058389.jpg,기저세포암,1,isic2019,train
data/ISIC 2019/AK/ISIC_0065611.jpg,광선각화증,0,isic2019,train
data/ISIC 2019/MEL/ISIC_0061520.jpg,악성흑색종,6,isic2019,train
data/ISIC 2019/MEL/ISIC_0057234.jpg,악성흑색종,6,isic2019,train
data/ISIC 2019/BCC/ISIC_0058995.jpg,기저세포암,1,isic2019,train
data/ISIC 2019/BKL/ISIC_0014645_downsampled.jpg,지루각화증,7,isic2019,train
data/ISIC 2019/NV/ISIC_0062911.jpg,멜라닌세포모반,2,isic2019,train
data/ISIC 2019/BKL/ISIC_0026553.jpg,지루각화증,7,isic2019,train
data/ISIC 2019/MEL/ISIC_0066470.jpg,악성흑색종,6,isic2019,train
data/ISIC 2019/BKL/ISIC_0063398.jpg,지루각화증,7,isic2019,train
data/ISIC 2019/NV/ISIC_0025525.jpg,멜라닌세포모반,2,isic2019,train
data/ISIC 2019/SCC/ISIC_0058904.jpg,편평세포암,8,isic2019,train
data/ISIC 2019/AK/ISIC_0053749.jpg,광선각화증,0,isic2019,train
data/ISIC 2019/BCC/ISIC_0069742.jpg,기저세포암,1,isic2019,train
data/ISIC 2019/BCC/ISIC_0065922.jpg,기저세포암,1,isic2019,train
data/ISIC 2019/NV/ISIC_0010571.jpg,멜라닌세포모반,2,isic2019,train
data/ISIC 2019/MEL/ISIC_0059943.jpg,악성흑색종,6,isic2019,train
data/ISIC 2019/BKL/ISIC_0025719.jpg,지루각화증,7,isic2019,train
data/ISIC 2019/AK/ISIC_0059087.jpg,광선각화증,0,isic2019,train
data/ISIC 2019/MEL/ISIC_0067171.jpg,악성흑색종,6,isic2019,train
data/ISIC 2019/MEL/ISIC_0014183_downsampled.jpg,악성흑색종,6,isic2019,train
data/ISIC 2019/NV/ISIC_0070862.jpg,멜라닌세포모반,2,isic2019,train
data/ISIC 2019/MEL/ISIC_0013831_downsampled.jpg,악성흑색종,6,isic2019,train
data/ISIC 2019/SCC/ISIC_0061937.jpg,편평세포암,8,isic2019,train
data/ISIC 2019/AK/ISIC_0063674.jpg,광선각화증,0,isic2019,train
data/ISIC 2019/BKL/ISIC_0053552.jpg,지루각화증,7,isic2019,train
data/ISIC 2019/VASC/ISIC_0071155.jpg,혈관종,12,isic2019,train
data/ISIC 2019/VASC/ISIC_0027269.jpg,혈관종,12,isic2019,train
data/ISIC 2019/MEL/ISIC_0072820.jpg,악성흑색종,6,isic2019,train
data/ISIC 2019/SCC/ISIC_0061243.jpg,편평세포암,8,isic2019,train
data/ISIC 2019/BCC/ISIC_0059116.jpg,기저세포암,1,isic2019,train
data/ISIC 2019/BCC/ISIC_0054362.jpg,기저세포암,1,isic2019,train
data/ISIC 2019/AK/ISIC_0069925.jpg,광선각화증,0,isic2019,train
data/ISIC 2019/BKL/ISIC_0068079.jpg,지루각화증,7,isic2019,train
data/ISIC 2019/MEL/ISIC_0029318.jpg,악성흑색종,6,isic2019,train
data/ISIC 2019/NV/ISIC_0061632.jpg,멜라닌세포모반,2,isic2019,train
data/ISIC 2019/SCC/ISIC_0029851.jpg,편평세포암,8,isic2019,train
data/ISIC 2019/NV/ISIC_0009976.jpg,멜라닌세포모반,2,isic2019,train
data/ISIC 2019/SCC/ISIC_0068842.jpg,편평세포암,8,isic2019,train
data/ISIC 2019/DF/ISIC_0061605.jpg,피부섬유종,10,isic2019,train
data/ISIC 2019/MEL/ISIC_0030843.jpg,악성흑색종,6,isic2019,train
data/ISIC 2019/DF/ISIC_0033790.jpg,피부섬유종,10,isic2019,train
data/ISIC 2019/MEL/ISIC_0014476_downsampled.jpg,악성흑색종,6,isic2019,train
data/ISIC 2019/BCC/ISIC_0029831.jpg,기저세포암,1,isic2019,train
data/ISIC 2019/BCC/ISIC_0030349.jpg,기저세포암,1,isic2019,train
data/ISIC 2019/NV/ISIC_0025079.jpg,멜라닌세포모반,2,isic2019,train
data/ISIC 2019/MEL/ISIC_0024806.jpg,악성흑색종,6,isic2019,train
data/ISIC 2019/BCC/ISIC_0070652.jpg,기저세포암,1,isic2019,train
data/ISIC 2019/BKL/ISIC_0026912.jpg,지루각화증,7,isic2019,train
data/ISIC 2019/BKL/ISIC_0028587.jpg,지루각화증,7,isic2019,train
data/ISIC 2019/BCC/ISIC_0059115.jpg,기저세포암,1,isic2019,train
data/ISIC 2019/NV/ISIC_0027416.jpg,멜라닌세포모반,2,isic2019,train
data/ISIC 2019/NV/ISIC_0011353.jpg,멜라닌세포모반,2,isic2019,train
data/ISIC 2019/NV/ISIC_0055187.jpg,멜라닌세포모반,2,isic2019,train
data/ISIC 2019/MEL/ISIC_0055781.jpg,악성흑색종,6,isic2019,train
data/ISIC 2019/BKL/ISIC_0059863.jpg,지루각화증,7,isic2019,train
data/ISIC 2019/BKL/ISIC_0064567.jpg,지루각화증,7,isic2019,train
data/ISIC 2019/MEL/ISIC_0069705.jpg,악성흑색종,6,isic2019,train
data/ISIC 2019/BKL/ISIC_0072737.jpg,지루각화증,7,isic2019,train
data/ISIC 2019/BCC/ISIC_0066924.jpg,기저세포암,1,isic2019,train
data/ISIC 2019/BKL/ISIC_0030533.jpg,지루각화증,7,isic2019,train
data/ISIC 2019/NV/ISIC_0027816.jpg,멜라닌세포모반,2,isic2019,train
data/ISIC 2019/NV/ISIC_0030726.jpg,멜라닌세포모반,2,isic2019,train
data/ISIC 2019/VASC/ISIC_0071044.jpg,혈관종,12,isic2019,train
data/ISIC 2019/BKL/ISIC_0024760.jpg,지루각화증,7,isic2019,train
data/ISIC 2019/NV/ISIC_0032625.jpg,멜라닌세포모반,2,isic2019,train
data/ISIC 2019/BKL/ISIC_0055839.jpg,지루각화증,7,isic2019,train
data/ISIC 2019/AK/ISIC_0030463.jpg,광선각화증,0,isic2019,train
data/ISIC 2019/MEL/ISIC_0061761.jpg,악성흑색종,6,isic2019,train
data/ISIC 2019/BKL/ISIC_0027828.jpg,지루각화증,7,isic2019,train
data/ISIC 2019/MEL/ISIC_0030695.jpg,악성흑색종,6,isic2019,train
data/ISIC 2019/MEL/ISIC_0027282.jpg,악성흑색종,6,isic2019,train
data/ISIC 2019/BCC/ISIC_0060392.jpg,기저세포암,1,isic2019,train
data/ISIC 2019/BCC/ISIC_0054018.jpg,기저세포암,1,isic2019,train
data/ISIC 2019/DF/ISIC_0073193.jpg,피부섬유종,10,isic2019,train
data/ISIC 2019/BKL/ISIC_0060470.jpg,지루각화증,7,isic2019,train
data/ISIC 2019/BKL/ISIC_0012238_downsampled.jpg,지루각화증,7,isic2019,train
data/ISIC 2019/VASC/ISIC_0026349.jpg,혈관종,12,isic2019,train
data/ISIC 2019/MEL/ISIC_0057164.jpg,악성흑색종,6,isic2019,train
data/ISIC 2019/BCC/ISIC_0066155.jpg,기저세포암,1,isic2019,train
data/ISIC 2019/MEL/ISIC_0064448.jpg,악성흑색종,6,isic2019,train
data/ISIC 2019/MEL/ISIC_0027263.jpg,악성흑색종,6,isic2019,train
data/ISIC 2019/NV/ISIC_0025428.jpg,멜라닌세포모반,2,isic2019,train
data/ISIC 2019/NV/ISIC_0025669.jpg,멜라닌세포모반,2,isic2019,train
data/ISIC 2019/BCC/ISIC_0064233.jpg,기저세포암,1,isic2019,train
data/ISIC 2019/AK/ISIC_0071423.jpg,광선각화증,0,isic2019,train
data/ISIC 2019/BCC/ISIC_0071890.jpg,기저세포암,1,isic2019,train
data/ISIC 2019/VASC/ISIC_0070723.jpg,혈관종,12,isic2019,train
data/ISIC 2019/BKL/ISIC_0030095.jpg,지루각화증,7,isic2019,train
data/ISIC 2019/BCC/ISIC_0058576.jpg,기저세포암,1,isic2019,train
data/ISIC 2019/DF/ISIC_0071645.jpg,피부섬유종,10,isic2019,train
data/ISIC 2019/NV/ISIC_0009564_downsampled.jpg,멜라닌세포모반,2,isic2019,train
data/ISIC 2019/NV/ISIC_0014692_downsampled.jpg,멜라닌세포모반,2,isic2019,train
data/ISIC 2019/BCC/ISIC_0056607.jpg,기저세포암,1,isic2019,train
data/ISIC 2019/BKL/ISIC_0033716.jpg,지루각화증,7,isic2019,train
data/ISIC 2019/NV/ISIC_0031644.jpg,멜라닌세포모반,2,isic2019,train
data/ISIC 2019/MEL/ISIC_0065598.jpg,악성흑색종,6,isic2019,train
data/ISIC 2019/NV/ISIC_0031273.jpg,멜라닌세포모반,2,isic2019,train
data/ISIC 2019/MEL/ISIC_0058723.jpg,악성흑색종,6,isic2019,train
data/ISIC 2019/NV/ISIC_0032882.jpg,멜라닌세포모반,2,isic2019,train
data/ISIC 2019/AK/ISIC_0061170.jpg,광선각화증,0,isic2019,train
data/ISIC 2019/MEL/ISIC_0000410_downsampled.jpg,악성흑색종,6,isic2019,train
data/ISIC 2019/NV/ISIC_0061326.jpg,멜라닌세포모반,2,isic2019,train
data/ISIC 2019/NV/ISIC_0027242.jpg,멜라닌세포모반,2,isic2019,train
data/ISIC 2019/NV/ISIC_0031509.jpg,멜라닌세포모반,2,isic2019,train
data/ISIC 2019/NV/ISIC_0030662.jpg,멜라닌세포모반,2,isic2019,train
data/ISIC 2019/BKL/ISIC_0026139.jpg,지루각화증,7,isic2019,train
data/ISIC 2019/NV/ISIC_0070336.jpg,멜라닌세포모반,2,isic2019,train
data/ISIC 2019/SCC/ISIC_0060800.jpg,편평세포암,8,isic2019,train
data/ISIC 2019/MEL/ISIC_0065622.jpg,악성흑색종,6,isic2019,train
data/ISIC 2019/AK/ISIC_0059799.jpg,광선각화증,0,isic2019,train
data/ISIC 2019/NV/ISIC_0028620.jpg,멜라닌세포모반,2,isic2019,train
data/ISIC 2019/MEL/ISIC_0027904.jpg,악성흑색종,6,isic2019,train
data/ISIC 2019/MEL/ISIC_0059171.jpg,악성흑색종,6,isic2019,train
data/ISIC 2019/MEL/ISIC_0059074.jpg,악성흑색종,6,isic2019,train
data/ISIC 2019/MEL/ISIC_0065969.jpg,악성흑색종,6,isic2019,train
data/ISIC 2019/NV/ISIC_0026733.jpg,멜라닌세포모반,2,isic2019,train
data/ISIC 2019/BKL/ISIC_0054693.jpg,지루각화증,7,isic2019,train
data/ISIC 2019/SCC/ISIC_0028816.jpg,편평세포암,8,isic2019,train
data/ISIC 2019/BCC/ISIC_0058722.jpg,기저세포암,1,isic2019,train
data/ISIC 2019/MEL/ISIC_0055742.jpg,악성흑색종,6,isic2019,train
data/ISIC 2019/BKL/ISIC_0013014_downsampled.jpg,지루각화증,7,isic2019,train
data/ISIC 2019/AK/ISIC_0059572.jpg,광선각화증,0,isic2019,train
data/ISIC 2019/NV/ISIC_0011124.jpg,멜라닌세포모반,2,isic2019,train
data/ISIC 2019/DF/ISIC_0057745.jpg,피부섬유종,10,isic2019,train
data/ISIC 2019/NV/ISIC_0033978.jpg,멜라닌세포모반,2,isic2019,train
data/ISIC 2019/NV/ISIC_0063672.jpg,멜라닌세포모반,2,isic2019,train
data/ISIC 2019/SCC/ISIC_0027047.jpg,편평세포암,8,isic2019,train
data/ISIC 2019/NV/ISIC_0030836.jpg,멜라닌세포모반,2,isic2019,train
data/ISIC 2019/BCC/ISIC_0028350.jpg,기저세포암,1,isic2019,train
data/ISIC 2019/NV/ISIC_0015510_downsampled.jpg,멜라닌세포모반,2,isic2019,train
data/ISIC 2019/MEL/ISIC_0031999.jpg,악성흑색종,6,isic2019,train
data/ISIC 2019/BKL/ISIC_0031897.jpg,지루각화증,7,isic2019,train
data/ISIC 2019/BCC/ISIC_0060429.jpg,기저세포암,1,isic2019,train
data/ISIC 2019/NV/ISIC_0030928.jpg,멜라닌세포모반,2,isic2019,train
data/ISIC 2019/BCC/ISIC_0062834.jpg,기저세포암,1,isic2019,train
data/ISIC 2019/BKL/ISIC_0033776.jpg,지루각화증,7,isic2019,train
data/ISIC 2019/DF/ISIC_0031429.jpg,피부섬유종,10,isic2019,train
data/ISIC 2019/NV/ISIC_0025214.jpg,멜라닌세포모반,2,isic2019,train
data/ISIC 2019/MEL/ISIC_0061195.jpg,악성흑색종,6,isic2019,train
data/ISIC 2019/MEL/ISIC_0056089.jpg,악성흑색종,6,isic2019,train
data/ISIC 2019/NV/ISIC_0028784.jpg,멜라닌세포모반,2,isic2019,train
data/ISIC 2019/MEL/ISIC_0001119_downsampled.jpg,악성흑색종,6,isic2019,train
data/ISIC 2019/BCC/ISIC_0028818.jpg,기저세포암,1,isic2019,train
data/ISIC 2019/MEL/ISIC_0068924.jpg,악성흑색종,6,isic2019,train
data/ISIC 2019/SCC/ISIC_0054342.jpg,편평세포암,8,isic2019,train
data/ISIC 2019/AK/ISIC_0061588.jpg,광선각화증,0,isic2019,train
data/ISIC 2019/BKL/ISIC_0014630_downsampled.jpg,지루각화증,7,isic2019,train
data/ISIC 2019/BCC/ISIC_0053678.jpg,기저세포암,1,isic2019,train
data/ISIC 2019/SCC/ISIC_0054378.jpg,편평세포암,8,isic2019,train
data/ISIC 2019/BCC/ISIC_0065207.jpg,기저세포암,1,isic2019,train
data/ISIC 2019/DF/ISIC_0031827.jpg,피부섬유종,10,isic2019,train
data/ISIC 2019/NV/ISIC_0062151.jpg,멜라닌세포모반,2,isic2019,train
data/ISIC 2019/BKL/ISIC_0012719_downsampled.jpg,지루각화증,7,isic2019,train
data/ISIC 2019/VASC/ISIC_0027888.jpg,혈관종,12,isic2019,train
data/ISIC 2019/BCC/ISIC_0028765.jpg,기저세포암,1,isic2019,train
data/ISIC 2019/NV/ISIC_0000236.jpg,멜라닌세포모반,2,isic2019,train
data/ISIC 2019/NV/ISIC_0027199.jpg,멜라닌세포모반,2,isic2019,train
data/ISIC 2019/NV/ISIC_0034199.jpg,멜라닌세포모반,2,isic2019,train
data/ISIC 2019/MEL/ISIC_0073227.jpg,악성흑색종,6,isic2019,train
data/ISIC 2019/NV/ISIC_0067715.jpg,멜라닌세포모반,2,isic2019,train
data/ISIC 2019/BCC/ISIC_0055716.jpg,기저세포암,1,isic2019,train
data/ISIC 2019/NV/ISIC_0028364.jpg,멜라닌세포모반,2,isic2019,train
data/ISIC 2019/BCC/ISIC_0067147.jpg,기저세포암,1,isic2019,train
data/ISIC 2019/BKL/ISIC_0066945.jpg,지루각화증,7,isic2019,train
data/ISIC 2019/MEL/ISIC_0013874_downsampled.jpg,악성흑색종,6,isic2019,train
data/ISIC 2019/SCC/ISIC_0032349.jpg,편평세포암,8,isic2019,train
data/ISIC 2019/MEL/ISIC_0028198.jpg,악성흑색종,6,isic2019,train
data/ISIC 2019/NV/ISIC_0065713.jpg,멜라닌세포모반,2,isic2019,train
data/ISIC 2019/BCC/ISIC_0059877.jpg,기저세포암,1,isic2019,train
data/ISIC 2019/BCC/ISIC_0059570.jpg,기저세포암,1,isic2019,train
data/ISIC 2019/VASC/ISIC_0027790.jpg,혈관종,12,isic2019,train
data/ISIC 2019/MEL/ISIC_0066376.jpg,악성흑색종,6,isic2019,train
data/ISIC 2019/NV/ISIC_0033927.jpg,멜라닌세포모반,2,isic2019,train
data/ISIC 2019/MEL/ISIC_0033594.jpg,악성흑색종,6,isic2019,train
data/ISIC 2019/MEL/ISIC_0015200_downsampled.jpg,악성흑색종,6,isic2019,train
data/ISIC 2019/BCC/ISIC_0056151.jpg,기저세포암,1,isic2019,train
data/ISIC 2019/BKL/ISIC_0056672.jpg,지루각화증,7,isic2019,train
data/ISIC 2019/BKL/ISIC_0064383.jpg,지루각화증,7,isic2019,train
data/ISIC 2019/BKL/ISIC_0069401.jpg,지루각화증,7,isic2019,train
data/ISIC 2019/BKL/ISIC_0025693.jpg,지루각화증,7,isic2019,train
data/ISIC 2019/AK/ISIC_0066507.jpg,광선각화증,0,isic2019,train
data/ISIC 2019/BCC/ISIC_0059775.jpg,기저세포암,1,isic2019,train
data/ISIC 2019/BCC/ISIC_0060127.jpg,기저세포암,1,isic2019,train
data/ISIC 2019/BCC/ISIC_0058278.jpg,기저세포암,1,isic2019,train
data/ISIC 2019/MEL/ISIC_0054793.jpg,악성흑색종,6,isic2019,train
data/ISIC 2019/AK/ISIC_0028076.jpg,광선각화증,0,isic2019,train
data/ISIC 2019/BKL/ISIC_0013635_downsampled.jpg,지루각화증,7,isic2019,train
data/ISIC 2019/MEL/ISIC_0060017.jpg,악성흑색종,6,isic2019,train
data/ISIC 2019/BCC/ISIC_0068021.jpg,기저세포암,1,isic2019,train
data/ISIC 2019/BCC/ISIC_0058711.jpg,기저세포암,1,isic2019,train
data/ISIC 2019/MEL/ISIC_0056292.jpg,악성흑색종,6,isic2019,train
data/ISIC 2019/DF/ISIC_0033847.jpg,피부섬유종,10,isic2019,train
data/ISIC 2019/MEL/ISIC_0062869.jpg,악성흑색종,6,isic2019,train
data/ISIC 2019/MEL/ISIC_0066564.jpg,악성흑색종,6,isic2019,train
data/ISIC 2019/BCC/ISIC_0061883.jpg,기저세포암,1,isic2019,train
data/ISIC 2019/NV/ISIC_0026641.jpg,멜라닌세포모반,2,isic2019,train
data/ISIC 2019/BCC/ISIC_0068355.jpg,기저세포암,1,isic2019,train
data/ISIC 2019/BCC/ISIC_0071724.jpg,기저세포암,1,isic2019,train
data/ISIC 2019/BKL/ISIC_0030661.jpg,지루각화증,7,isic2019,train
data/ISIC 2019/NV/ISIC_0028498.jpg,멜라닌세포모반,2,isic2019,train
data/ISIC 2019/BKL/ISIC_0070592.jpg,지루각화증,7,isic2019,train
data/ISIC 2019/NV/ISIC_0070962.jpg,멜라닌세포모반,2,isic2019,train
data/ISIC 2019/NV/ISIC_0025868.jpg,멜라닌세포모반,2,isic2019,train
data/ISIC 2019/MEL/ISIC_0032698.jpg,악성흑색종,6,isic2019,train
data/ISIC 2019/MEL/ISIC_0032604.jpg,악성흑색종,6,isic2019,train
data/ISIC 2019/BKL/ISIC_0056732.jpg,지루각화증,7,isic2019,train
data/ISIC 2019/BKL/ISIC_0032949.jpg,지루각화증,7,isic2019,train
data/ISIC 2019/SCC/ISIC_0071318.jpg,편평세포암,8,isic2019,train
data/ISIC 2019/AK/ISIC_0062586.jpg,광선각화증,0,isic2019,train
data/ISIC 2019/BKL/ISIC_0069406.jpg,지루각화증,7,isic2019,train
data/ISIC 2019/MEL/ISIC_0064909.jpg,악성흑색종,6,isic2019,train
data/ISIC 2019/BKL/ISIC_0030377.jpg,지루각화증,7,isic2019,train
data/ISIC 2019/BCC/ISIC_0072131.jpg,기저세포암,1,isic2019,train
data/ISIC 2019/BCC/ISIC_0032482.jpg,기저세포암,1,isic2019,train
data/ISIC 2019/MEL/ISIC_0025616.jpg,악성흑색종,6,isic2019,train
data/ISIC 2019/BCC/ISIC_0066460.jpg,기저세포암,1,isic2019,train
data/ISIC 2019/NV/ISIC_0013090_downsampled.jpg,멜라닌세포모반,2,isic2019,train
data/ISIC 2019/NV/ISIC_0003657_downsampled.jpg,멜라닌세포모반,2,isic2019,train
data/ISIC 2019/AK/ISIC_0056504.jpg,광선각화증,0,isic2019,train
data/ISIC 2019/VASC/ISIC_0055316.jpg,혈관종,12,isic2019,train
data/ISIC 2019/MEL/ISIC_0055359.jpg,악성흑색종,6,isic2019,train
data/ISIC 2019/BCC/ISIC_0072465.jpg,기저세포암,1,isic2019,train
data/ISIC 2019/NV/ISIC_0053754.jpg,멜라닌세포모반,2,isic2019,train
data/ISIC 2019/BCC/ISIC_0071157.jpg,기저세포암,1,isic2019,train
data/ISIC 2019/MEL/ISIC_0032672.jpg,악성흑색종,6,isic2019,train
data/ISIC 2019/BKL/ISIC_0014643_downsampled.jpg,지루각화증,7,isic2019,train
data/ISIC 2019/NV/ISIC_0000999_downsampled.jpg,멜라닌세포모반,2,isic2019,train
data/ISIC 2019/BCC/ISIC_0063158.jpg,기저세포암,1,isic2019,train
data/ISIC 2019/NV/ISIC_0029624.jpg,멜라닌세포모반,2,isic2019,train
data/ISIC 2019/NV/ISIC_0066283.jpg,멜라닌세포모반,2,isic2019,train
data/ISIC 2019/BKL/ISIC_0014409_downsampled.jpg,지루각화증,7,isic2019,train
data/ISIC 2019/NV/ISIC_0027810.jpg,멜라닌세포모반,2,isic2019,train
data/ISIC 2019/NV/ISIC_0028077.jpg,멜라닌세포모반,2,isic2019,train
data/ISIC 2019/MEL/ISIC_0058376.jpg,악성흑색종,6,isic2019,train
data/ISIC 2019/BCC/ISIC_0029669.jpg,기저세포암,1,isic2019,train
data/ISIC 2019/MEL/ISIC_0062031.jpg,악성흑색종,6,isic2019,train
data/ISIC 2019/MEL/ISIC_0055054.jpg,악성흑색종,6,isic2019,train
data/ISIC 2019/NV/ISIC_0031926.jpg,멜라닌세포모반,2,isic2019,train
data/ISIC 2019/BCC/ISIC_0054845.jpg,기저세포암,1,isic2019,train
data/ISIC 2019/BCC/ISIC_0069589.jpg,기저세포암,1,isic2019,train
data/ISIC 2019/BCC/ISIC_0053601.jpg,기저세포암,1,isic2019,train
data/ISIC 2019/BKL/ISIC_0063213.jpg,지루각화증,7,isic2019,train
data/ISIC 2019/MEL/ISIC_0067461.jpg,악성흑색종,6,isic2019,train
data/ISIC 2019/MEL/ISIC_0029316.jpg,악성흑색종,6,isic2019,train
data/ISIC 2019/AK/ISIC_0060098.jpg,광선각화증,0,isic2019,train
data/ISIC 2019/NV/ISIC_0011120.jpg,멜라닌세포모반,2,isic2019,train
data/ISIC 2019/NV/ISIC_0062858.jpg,멜라닌세포모반,2,isic2019,train
data/ISIC 2019/BCC/ISIC_0071517.jpg,기저세포암,1,isic2019,train
data/ISIC 2019/MEL/ISIC_0064349.jpg,악성흑색종,6,isic2019,train
data/ISIC 2019/NV/ISIC_0031631.jpg,멜라닌세포모반,2,isic2019,train
data/ISIC 2019/NV/ISIC_0069356.jpg,멜라닌세포모반,2,isic2019,train
data/ISIC 2019/NV/ISIC_0006914_downsampled.jpg,멜라닌세포모반,2,isic2019,train
data/ISIC 2019/BKL/ISIC_0029770.jpg,지루각화증,7,isic2019,train
data/ISIC 2019/NV/ISIC_0024377.jpg,멜라닌세포모반,2,isic2019,train
data/ISIC 2019/AK/ISIC_0062739.jpg,광선각화증,0,isic2019,train
data/ISIC 2019/AK/ISIC_0069483.jpg,광선각화증,0,isic2019,train
data/ISIC 2019/MEL/ISIC_0033038.jpg,악성흑색종,6,isic2019,train
data/ISIC 2019/VASC/ISIC_0053779.jpg,혈관종,12,isic2019,train
data/ISIC 2019/BKL/ISIC_0056829.jpg,지루각화증,7,isic2019,train
data/ISIC 2019/MEL/ISIC_0070968.jpg,악성흑색종,6,isic2019,train
data/ISIC 2019/NV/ISIC_0029097.jpg,멜라닌세포모반,2,isic2019,train
data/ISIC 2019/BCC/ISIC_0024504.jpg,기저세포암,1,isic2019,train
data/ISIC 2019/MEL/ISIC_0062161.jpg,악성흑색종,6,isic2019,train
data/ISIC 2019/MEL/ISIC_0053479.jpg,악성흑색종,6,isic2019,train
data/ISIC 2019/BKL/ISIC_0029872.jpg,지루각화증,7,isic2019,train
data/ISIC 2019/MEL/ISIC_0058428.jpg,악성흑색종,6,isic2019,train
data/ISIC 2019/MEL/ISIC_0059318.jpg,악성흑색종,6,isic2019,train
data/ISIC 2019/BCC/ISIC_0029779.jpg,기저세포암,1,isic2019,train
data/ISIC 2019/BCC/ISIC_0033020.jpg,기저세포암,1,isic2019,train
data/ISIC 2019/NV/ISIC_0016061_downsampled.jpg,멜라닌세포모반,2,isic2019,train
data/ISIC 2019/MEL/ISIC_0025018.jpg,악성흑색종,6,isic2019,train
data/ISIC 2019/NV/ISIC_0071630.jpg,멜라닌세포모반,2,isic2019,train
data/ISIC 2019/NV/ISIC_0066963.jpg,멜라닌세포모반,2,isic2019,train
data/ISIC 2019/BCC/ISIC_0064200.jpg,기저세포암,1,isic2019,train
data/ISIC 2019/AK/ISIC_0026575.jpg,광선각화증,0,isic2019,train
data/ISIC 2019/BCC/ISIC_0061497.jpg,기저세포암,1,isic2019,train
data/ISIC 2019/BKL/ISIC_0024498.jpg,지루각화증,7,isic2019,train
data/ISIC 2019/BCC/ISIC_0028994.jpg,기저세포암,1,isic2019,train
data/ISIC 2019/BCC/ISIC_0055950.jpg,기저세포암,1,isic2019,train
data/ISIC 2019/BKL/ISIC_0028308.jpg,지루각화증,7,isic2019,train
data/ISIC 2019/BCC/ISIC_0068138.jpg,기저세포암,1,isic2019,train
data/ISIC 2019/MEL/ISIC_0053725.jpg,악성흑색종,6,isic2019,train
data/ISIC 2019/BKL/ISIC_0063739.jpg,지루각화증,7,isic2019,train
data/ISIC 2019/BCC/ISIC_0056229.jpg,기저세포암,1,isic2019,train
data/ISIC 2019/SCC/ISIC_0068498.jpg,편평세포암,8,isic2019,train
data/ISIC 2019/BKL/ISIC_0056094.jpg,지루각화증,7,isic2019,train
data/ISIC 2019/BKL/ISIC_0066989.jpg,지루각화증,7,isic2019,train
data/ISIC 2019/MEL/ISIC_0055276.jpg,악성흑색종,6,isic2019,train
data/ISIC 2019/BCC/ISIC_0062945.jpg,기저세포암,1,isic2019,train
data/ISIC 2019/NV/ISIC_0063516.jpg,멜라닌세포모반,2,isic2019,train
data/ISIC 2019/NV/ISIC_0031820.jpg,멜라닌세포모반,2,isic2019,train
data/ISIC 2019/SCC/ISIC_0024579.jpg,편평세포암,8,isic2019,train
data/ISIC 2019/MEL/ISIC_0070852.jpg,악성흑색종,6,isic2019,train
data/ISIC 2019/MEL/ISIC_0068382.jpg,악성흑색종,6,isic2019,train
data/ISIC 2019/MEL/ISIC_0055008.jpg,악성흑색종,6,isic2019,train
data/ISIC 2019/BKL/ISIC_0027967.jpg,지루각화증,7,isic2019,train
data/ISIC 2019/BCC/ISIC_0058434.jpg,기저세포암,1,isic2019,train
data/ISIC 2019/NV/ISIC_0016069_downsampled.jpg,멜라닌세포모반,2,isic2019,train
data/ISIC 2019/MEL/ISIC_0000139_downsampled.jpg,악성흑색종,6,isic2019,train
data/ISIC 2019/AK/ISIC_0069931.jpg,광선각화증,0,isic2019,train
data/ISIC 2019/MEL/ISIC_0033206.jpg,악성흑색종,6,isic2019,train
data/ISIC 2019/BCC/ISIC_0065579.jpg,기저세포암,1,isic2019,train
data/ISIC 2019/NV/ISIC_0033493.jpg,멜라닌세포모반,2,isic2019,train
data/ISIC 2019/NV/ISIC_0070705.jpg,멜라닌세포모반,2,isic2019,train
data/ISIC 2019/BCC/ISIC_0059159.jpg,기저세포암,1,isic2019,train
data/ISIC 2019/NV/ISIC_0057166.jpg,멜라닌세포모반,2,isic2019,train
data/ISIC 2019/BCC/ISIC_0063166.jpg,기저세포암,1,isic2019,train
data/ISIC 2019/NV/ISIC_0030573.jpg,멜라닌세포모반,2,isic2019,train
data/ISIC 2019/SCC/ISIC_0063669.jpg,편평세포암,8,isic2019,train
data/ISIC 2019/SCC/ISIC_0068334.jpg,편평세포암,8,isic2019,train
data/ISIC 2019/AK/ISIC_0032404.jpg,광선각화증,0,isic2019,train
data/ISIC 2019/BKL/ISIC_0060260.jpg,지루각화증,7,isic2019,train
data/ISIC 2019/BCC/ISIC_0066790.jpg,기저세포암,1,isic2019,train
data/ISIC 2019/NV/ISIC_0025629.jpg,멜라닌세포모반,2,isic2019,train
data/ISIC 2019/NV/ISIC_0010073.jpg,멜라닌세포모반,2,isic2019,train
data/ISIC 2019/BCC/ISIC_0069434.jpg,기저세포암,1,isic2019,train
data/ISIC 2019/BCC/ISIC_0025630.jpg,기저세포암,1,isic2019,train
data/ISIC 2019/MEL/ISIC_0054239.jpg,악성흑색종,6,isic2019,train
data/ISIC 2019/BCC/ISIC_0063652.jpg,기저세포암,1,isic2019,train
data/ISIC 2019/AK/ISIC_0070499.jpg,광선각화증,0,isic2019,train
data/ISIC 2019/BKL/ISIC_0028404.jpg,지루각화증,7,isic2019,train
data/ISIC 2019/BKL/ISIC_0058111.jpg,지루각화증,7,isic2019,train
data/ISIC 2019/AK/ISIC_0067799.jpg,광선각화증,0,isic2019,train
data/ISIC 2019/MEL/ISIC_0030443.jpg,악성흑색종,6,isic2019,train
data/ISIC 2019/BKL/ISIC_0032740.jpg,지루각화증,7,isic2019,train
data/ISIC 2019/NV/ISIC_0024830.jpg,멜라닌세포모반,2,isic2019,train
data/ISIC 2019/MEL/ISIC_0072876.jpg,악성흑색종,6,isic2019,train
data/ISIC 2019/NV/ISIC_0032619.jpg,멜라닌세포모반,2,isic2019,train
data/ISIC 2019/NV/ISIC_0031530.jpg,멜라닌세포모반,2,isic2019,train
data/ISIC 2019/BKL/ISIC_0054002.jpg,지루각화증,7,isic2019,train
data/ISIC 2019/BCC/ISIC_0065031.jpg,기저세포암,1,isic2019,train
data/ISIC 2019/MEL/ISIC_0058331.jpg,악성흑색종,6,isic2019,train
data/ISIC 2019/MEL/ISIC_0066355.jpg,악성흑색종,6,isic2019,train
data/ISIC 2019/MEL/ISIC_0057884.jpg,악성흑색종,6,isic2019,train
data/ISIC 2019/BKL/ISIC_0033185.jpg,지루각화증,7,isic2019,train
data/ISIC 2019/BCC/ISIC_0058259.jpg,기저세포암,1,isic2019,train
data/ISIC 2019/AK/ISIC_0053738.jpg,광선각화증,0,isic2019,train
data/ISIC 2019/AK/ISIC_0071982.jpg,광선각화증,0,isic2019,train
data/ISIC 2019/AK/ISIC_0059014.jpg,광선각화증,0,isic2019,train
data/ISIC 2019/MEL/ISIC_0059427.jpg,악성흑색종,6,isic2019,train
data/ISIC 2019/NV/ISIC_0009877.jpg,멜라닌세포모반,2,isic2019,train
data/ISIC 2019/BCC/ISIC_0071920.jpg,기저세포암,1,isic2019,train
data/ISIC 2019/SCC/ISIC_0069266.jpg,편평세포암,8,isic2019,train
data/ISIC 2019/BKL/ISIC_0014120_downsampled.jpg,지루각화증,7,isic2019,train
data/ISIC 2019/AK/ISIC_0058994.jpg,광선각화증,0,isic2019,train
data/ISIC 2019/MEL/ISIC_0056921.jpg,악성흑색종,6,isic2019,train
data/ISIC 2019/MEL/ISIC_0000299.jpg,악성흑색종,6,isic2019,train
data/ISIC 2019/AK/ISIC_0054687.jpg,광선각화증,0,isic2019,train
data/ISIC 2019/MEL/ISIC_0064270.jpg,악성흑색종,6,isic2019,train
data/ISIC 2019/BCC/ISIC_0066929.jpg,기저세포암,1,isic2019,train
data/ISIC 2019/MEL/ISIC_0009918.jpg,악성흑색종,6,isic2019,train
data/ISIC 2019/BCC/ISIC_0062782.jpg,기저세포암,1,isic2019,train
data/ISIC 2019/BKL/ISIC_0061689.jpg,지루각화증,7,isic2019,train
data/ISIC 2019/BKL/ISIC_0062421.jpg,지루각화증,7,isic2019,train
data/ISIC 2019/BCC/ISIC_0062451.jpg,기저세포암,1,isic2019,train
data/ISIC 2019/NV/ISIC_0034231.jpg,멜라닌세포모반,2,isic2019,train
data/ISIC 2019/NV/ISIC_0027662.jpg,멜라닌세포모반,2,isic2019,train
data/ISIC 2019/NV/ISIC_0068454.jpg,멜라닌세포모반,2,isic2019,train
data/ISIC 2019/MEL/ISIC_0067699.jpg,악성흑색종,6,isic2019,train
data/ISIC 2019/BCC/ISIC_0057801.jpg,기저세포암,1,isic2019,train
data/ISIC 2019/VASC/ISIC_0032538.jpg,혈관종,12,isic2019,train
data/ISIC 2019/MEL/ISIC_0027306.jpg,악성흑색종,6,isic2019,train
data/ISIC 2019/NV/ISIC_0030252.jpg,멜라닌세포모반,2,isic2019,train
data/ISIC 2019/BCC/ISIC_0025362.jpg,기저세포암,1,isic2019,train
data/ISIC 2019/MEL/ISIC_0055156.jpg,악성흑색종,6,isic2019,train
data/ISIC 2019/MEL/ISIC_0060589.jpg,악성흑색종,6,isic2019,train
data/ISIC 2019/NV/ISIC_0068225.jpg,멜라닌세포모반,2,isic2019,train
data/ISIC 2019/NV/ISIC_0067030.jpg,멜라닌세포모반,2,isic2019,train
data/ISIC 2019/NV/ISIC_0025727.jpg,멜라닌세포모반,2,isic2019,train
data/ISIC 2019/NV/ISIC_0031535.jpg,멜라닌세포모반,2,isic2019,train
data/ISIC 2019/MEL/ISIC_0061159.jpg,악성흑색종,6,isic2019,train
data/ISIC 2019/BKL/ISIC_0028294.jpg,지루각화증,7,isic2019,train
data/ISIC 2019/MEL/ISIC_0061382.jpg,악성흑색종,6,isic2019,train
data/ISIC 2019/AK/ISIC_0063956.jpg,광선각화증,0,isic2019,train
data/ISIC 2019/NV/ISIC_0030048.jpg,멜라닌세포모반,2,isic2019,train
data/ISIC 2019/MEL/ISIC_0013618_downsampled.jpg,악성흑색종,6,isic2019,train
data/ISIC 2019/BKL/ISIC_0027354.jpg,지루각화증,7,isic2019,train
data/ISIC 2019/AK/ISIC_0060078.jpg,광선각화증,0,isic2019,train
data/ISIC 2019/BCC/ISIC_0073081.jpg,기저세포암,1,isic2019,train
data/ISIC 2019/MEL/ISIC_0014800_downsampled.jpg,악성흑색종,6,isic2019,train
data/ISIC 2019/AK/ISIC_0065758.jpg,광선각화증,0,isic2019,train
data/ISIC 2019/MEL/ISIC_0069986.jpg,악성흑색종,6,isic2019,train
data/ISIC 2019/AK/ISIC_0063331.jpg,광선각화증,0,isic2019,train
data/ISIC 2019/SCC/ISIC_0062362.jpg,편평세포암,8,isic2019,train
data/ISIC 2019/SCC/ISIC_0026206.jpg,편평세포암,8,isic2019,train
data/ISIC 2019/BCC/ISIC_0053631.jpg,기저세포암,1,isic2019,train
data/ISIC 2019/BCC/ISIC_0070131.jpg,기저세포암,1,isic2019,train
data/ISIC 2019/MEL/ISIC_0014136_downsampled.jpg,악성흑색종,6,isic2019,train
data/ISIC 2019/BKL/ISIC_0054965.jpg,지루각화증,7,isic2019,train
data/ISIC 2019/DF/ISIC_0032114.jpg,피부섬유종,10,isic2019,train
data/ISIC 2019/NV/ISIC_0032512.jpg,멜라닌세포모반,2,isic2019,train
data/ISIC 2019/MEL/ISIC_0024323.jpg,악성흑색종,6,isic2019,train
data/ISIC 2019/BKL/ISIC_0012282_downsampled.jpg,지루각화증,7,isic2019,train
data/ISIC 2019/MEL/ISIC_0056728.jpg,악성흑색종,6,isic2019,train
data/ISIC 2019/NV/ISIC_0025848.jpg,멜라닌세포모반,2,isic2019,train
data/ISIC 2019/MEL/ISIC_0060946.jpg,악성흑색종,6,isic2019,train
data/ISIC 2019/AK/ISIC_0066819.jpg,광선각화증,0,isic2019,train
data/ISIC 2019/NV/ISIC_0033404.jpg,멜라닌세포모반,2,isic2019,train
data/ISIC 2019/MEL/ISIC_0032913.jpg,악성흑색종,6,isic2019,train
data/ISIC 2019/MEL/ISIC_0057067.jpg,악성흑색종,6,isic2019,train
data/ISIC 2019/BKL/ISIC_0054219.jpg,지루각화증,7,isic2019,train
data/ISIC 2019/BKL/ISIC_0067913.jpg,지루각화증,7,isic2019,train
data/ISIC 2019/BKL/ISIC_0070995.jpg,지루각화증,7,isic2019,train
data/ISIC 2019/BCC/ISIC_0061035.jpg,기저세포암,1,isic2019,train
data/ISIC 2019/NV/ISIC_0067436.jpg,멜라닌세포모반,2,isic2019,train
data/ISIC 2019/BKL/ISIC_0026104.jpg,지루각화증,7,isic2019,train
data/ISIC 2019/MEL/ISIC_0070427.jpg,악성흑색종,6,isic2019,train
data/ISIC 2019/VASC/ISIC_0064621.jpg,혈관종,12,isic2019,train
data/ISIC 2019/VASC/ISIC_0058211.jpg,혈관종,12,isic2019,train
data/ISIC 2019/BCC/ISIC_0054116.jpg,기저세포암,1,isic2019,train
data/ISIC 2019/SCC/ISIC_0060711.jpg,편평세포암,8,isic2019,train
data/ISIC 2019/NV/ISIC_0012228_downsampled.jpg,멜라닌세포모반,2,isic2019,train
data/ISIC 2019/MEL/ISIC_0025651.jpg,악성흑색종,6,isic2019,train
data/ISIC 2019/BKL/ISIC_0061978.jpg,지루각화증,7,isic2019,train
data/ISIC 2019/MEL/ISIC_0068962.jpg,악성흑색종,6,isic2019,train
data/ISIC 2019/BCC/ISIC_0054215.jpg,기저세포암,1,isic2019,train
data/ISIC 2019/NV/ISIC_0056112.jpg,멜라닌세포모반,2,isic2019,train
data/ISIC 2019/NV/ISIC_0063365.jpg,멜라닌세포모반,2,isic2019,train
data/ISIC 2019/MEL/ISIC_0064281.jpg,악성흑색종,6,isic2019,train
data/ISIC 2019/SCC/ISIC_0056925.jpg,편평세포암,8,isic2019,train
data/ISIC 2019/NV/ISIC_0025421.jpg,멜라닌세포모반,2,isic2019,train
data/ISIC 2019/NV/ISIC_0025965.jpg,멜라닌세포모반,2,isic2019,train
data/ISIC 2019/BCC/ISIC_0056317.jpg,기저세포암,1,isic2019,train
data/ISIC 2019/BCC/ISIC_0056810.jpg,기저세포암,1,isic2019,train
data/ISIC 2019/BKL/ISIC_0026737.jpg,지루각화증,7,isic2019,train
data/ISIC 2019/BCC/ISIC_0029602.jpg,기저세포암,1,isic2019,train
data/ISIC 2019/NV/ISIC_0062803.jpg,멜라닌세포모반,2,isic2019,train
data/ISIC 2019/NV/ISIC_0028580.jpg,멜라닌세포모반,2,isic2019,train
data/ISIC 2019/MEL/ISIC_0059773.jpg,악성흑색종,6,isic2019,train
data/ISIC 2019/NV/ISIC_0029868.jpg,멜라닌세포모반,2,isic2019,train
data/ISIC 2019/MEL/ISIC_0070217.jpg,악성흑색종,6,isic2019,train
data/ISIC 2019/BCC/ISIC_0063726.jpg,기저세포암,1,isic2019,train
data/ISIC 2019/BCC/ISIC_0071917.jpg,기저세포암,1,isic2019,train
data/ISIC 2019/MEL/ISIC_0063457.jpg,악성흑색종,6,isic2019,train
data/ISIC 2019/MEL/ISIC_0072429.jpg,악성흑색종,6,isic2019,train
data/ISIC 2019/MEL/ISIC_0069514.jpg,악성흑색종,6,isic2019,train
data/ISIC 2019/NV/ISIC_0029223.jpg,멜라닌세포모반,2,isic2019,train
data/ISIC 2019/BKL/ISIC_0032963.jpg,지루각화증,7,isic2019,train
data/ISIC 2019/BKL/ISIC_0054840.jpg,지루각화증,7,isic2019,train
data/ISIC 2019/BKL/ISIC_0025366.jpg,지루각화증,7,isic2019,train
data/ISIC 2019/MEL/ISIC_0060406.jpg,악성흑색종,6,isic2019,train
data/ISIC 2019/BKL/ISIC_0057798.jpg,지루각화증,7,isic2019,train
data/ISIC 2019/BCC/ISIC_0027478.jpg,기저세포암,1,isic2019,train
data/ISIC 2019/BKL/ISIC_0025799.jpg,지루각화증,7,isic2019,train
data/ISIC 2019/MEL/ISIC_0062980.jpg,악성흑색종,6,isic2019,train
data/ISIC 2019/BKL/ISIC_0054423.jpg,지루각화증,7,isic2019,train
data/ISIC 2019/BKL/ISIC_0014599_downsampled.jpg,지루각화증,7,isic2019,train
data/ISIC 2019/NV/ISIC_0010586.jpg,멜라닌세포모반,2,isic2019,train
data/ISIC 2019/BCC/ISIC_0063702.jpg,기저세포암,1,isic2019,train
data/ISIC 2019/BKL/ISIC_0027139.jpg,지루각화증,7,isic2019,train
data/ISIC 2019/MEL/ISIC_0010372.jpg,악성흑색종,6,isic2019,train
data/ISIC 2019/NV/ISIC_0024894.jpg,멜라닌세포모반,2,isic2019,train
data/ISIC 2019/BCC/ISIC_0055050.jpg,기저세포암,1,isic2019,train
data/ISIC 2019/MEL/ISIC_0063723.jpg,악성흑색종,6,isic2019,train
data/ISIC 2019/MEL/ISIC_0056974.jpg,악성흑색종,6,isic2019,train
data/ISIC 2019/AK/ISIC_0071762.jpg,광선각화증,0,isic2019,train
data/ISIC 2019/BKL/ISIC_0070854.jpg,지루각화증,7,isic2019,train
data/ISIC 2019/SCC/ISIC_0058026.jpg,편평세포암,8,isic2019,train
data/ISIC 2019/NV/ISIC_0009969.jpg,멜라닌세포모반,2,isic2019,train
data/ISIC 2019/MEL/ISIC_0066733.jpg,악성흑색종,6,isic2019,train
data/ISIC 2019/MEL/ISIC_0066116.jpg,악성흑색종,6,isic2019,train
data/ISIC 2019/AK/ISIC_0065992.jpg,광선각화증,0,isic2019,train
data/ISIC 2019/BCC/ISIC_0057989.jpg,기저세포암,1,isic2019,train
data/ISIC 2019/MEL/ISIC_0057192.jpg,악성흑색종,6,isic2019,train
data/ISIC 2019/MEL/ISIC_0056130.jpg,악성흑색종,6,isic2019,train
data/ISIC 2019/NV/ISIC_0034264.jpg,멜라닌세포모반,2,isic2019,train
data/ISIC 2019/BCC/ISIC_0063802.jpg,기저세포암,1,isic2019,train
data/ISIC 2019/BCC/ISIC_0071843.jpg,기저세포암,1,isic2019,train
data/ISIC 2019/BKL/ISIC_0034303.jpg,지루각화증,7,isic2019,train
data/ISIC 2019/MEL/ISIC_0063464.jpg,악성흑색종,6,isic2019,train
data/ISIC 2019/MEL/ISIC_0053628.jpg,악성흑색종,6,isic2019,train
data/ISIC 2019/VASC/ISIC_0029099.jpg,혈관종,12,isic2019,train
data/ISIC 2019/MEL/ISIC_0065248.jpg,악성흑색종,6,isic2019,train
data/ISIC 2019/BKL/ISIC_0031937.jpg,지루각화증,7,isic2019,train
data/ISIC 2019/MEL/ISIC_0068578.jpg,악성흑색종,6,isic2019,train
data/ISIC 2019/BCC/ISIC_0072732.jpg,기저세포암,1,isic2019,train
data/ISIC 2019/BKL/ISIC_0014610_downsampled.jpg,지루각화증,7,isic2019,train
data/ISIC 2019/BCC/ISIC_0063279.jpg,기저세포암,1,isic2019,train
data/ISIC 2019/BKL/ISIC_0067014.jpg,지루각화증,7,isic2019,train
data/ISIC 2019/AK/ISIC_0070643.jpg,광선각화증,0,isic2019,train
data/ISIC 2019/MEL/ISIC_0073210.jpg,악성흑색종,6,isic2019,train
data/ISIC 2019/VASC/ISIC_0029889.jpg,혈관종,12,isic2019,train
data/ISIC 2019/AK/ISIC_0063122.jpg,광선각화증,0,isic2019,train
data/ISIC 2019/BCC/ISIC_0073215.jpg,기저세포암,1,isic2019,train
data/ISIC 2019/BCC/ISIC_0068611.jpg,기저세포암,1,isic2019,train
data/ISIC 2019/SCC/ISIC_0059152.jpg,편평세포암,8,isic2019,train
data/ISIC 2019/NV/ISIC_0061111.jpg,멜라닌세포모반,2,isic2019,train
data/ISIC 2019/MEL/ISIC_0066127.jpg,악성흑색종,6,isic2019,train
data/ISIC 2019/BCC/ISIC_0025322.jpg,기저세포암,1,isic2019,train
data/ISIC 2019/MEL/ISIC_0032797.jpg,악성흑색종,6,isic2019,train
data/ISIC 2019/MEL/ISIC_0071594.jpg,악성흑색종,6,isic2019,train
data/ISIC 2019/SCC/ISIC_0072969.jpg,편평세포암,8,isic2019,train
data/ISIC 2019/MEL/ISIC_0030246.jpg,악성흑색종,6,isic2019,train
data/ISIC 2019/BCC/ISIC_0071637.jpg,기저세포암,1,isic2019,train
data/ISIC 2019/BCC/ISIC_0024403.jpg,기저세포암,1,isic2019,train
data/ISIC 2019/BKL/ISIC_0063510.jpg,지루각화증,7,isic2019,train
data/ISIC 2019/MEL/ISIC_0053542.jpg,악성흑색종,6,isic2019,train
data/ISIC 2019/SCC/ISIC_0031927.jpg,편평세포암,8,isic2019,train
data/ISIC 2019/MEL/ISIC_0000153_downsampled.jpg,악성흑색종,6,isic2019,train
data/ISIC 2019/BCC/ISIC_0055875.jpg,기저세포암,1,isic2019,train
data/ISIC 2019/MEL/ISIC_0013777_downsampled.jpg,악성흑색종,6,isic2019,train
data/ISIC 2019/BKL/ISIC_0027219.jpg,지루각화증,7,isic2019,train
data/ISIC 2019/MEL/ISIC_0026571.jpg,악성흑색종,6,isic2019,train
data/ISIC 2019/AK/ISIC_0068722.jpg,광선각화증,0,isic2019,train
data/ISIC 2019/BCC/ISIC_0071751.jpg,기저세포암,1,isic2019,train
data/ISIC 2019/NV/ISIC_0030841.jpg,멜라닌세포모반,2,isic2019,train
data/ISIC 2019/BKL/ISIC_0012217_downsampled.jpg,지루각화증,7,isic2019,train
data/ISIC 2019/BCC/ISIC_0064642.jpg,기저세포암,1,isic2019,train
data/ISIC 2019/BCC/ISIC_0058483.jpg,기저세포암,1,isic2019,train
data/ISIC 2019/NV/ISIC_0029408.jpg,멜라닌세포모반,2,isic2019,train
data/ISIC 2019/VASC/ISIC_0029514.jpg,혈관종,12,isic2019,train
data/ISIC 2019/NV/ISIC_0031510.jpg,멜라닌세포모반,2,isic2019,train
data/ISIC 2019/BCC/ISIC_0056916.jpg,기저세포암,1,isic2019,train
data/ISIC 2019/BCC/ISIC_0071792.jpg,기저세포암,1,isic2019,train
data/ISIC 2019/BCC/ISIC_0071859.jpg,기저세포암,1,isic2019,train
data/ISIC 2019/MEL/ISIC_0066910.jpg,악성흑색종,6,isic2019,train
data/ISIC 2019/SCC/ISIC_0057510.jpg,편평세포암,8,isic2019,train
data/ISIC 2019/BKL/ISIC_0028121.jpg,지루각화증,7,isic2019,train
data/ISIC 2019/MEL/ISIC_0026586.jpg,악성흑색종,6,isic2019,train
data/ISIC 2019/BKL/ISIC_0058044.jpg,지루각화증,7,isic2019,train
data/ISIC 2019/MEL/ISIC_0014173_downsampled.jpg,악성흑색종,6,isic2019,train
data/ISIC 2019/BCC/ISIC_0027525.jpg,기저세포암,1,isic2019,train
data/ISIC 2019/BCC/ISIC_0066894.jpg,기저세포암,1,isic2019,train
data/ISIC 2019/SCC/ISIC_0057492.jpg,편평세포암,8,isic2019,train
data/ISIC 2019/NV/ISIC_0062435.jpg,멜라닌세포모반,2,isic2019,train
data/ISIC 2019/NV/ISIC_0070885.jpg,멜라닌세포모반,2,isic2019,train
data/ISIC 2019/AK/ISIC_0025803.jpg,광선각화증,0,isic2019,train
data/ISIC 2019/AK/ISIC_0061154.jpg,광선각화증,0,isic2019,train
data/ISIC 2019/SCC/ISIC_0071631.jpg,편평세포암,8,isic2019,train
data/ISIC 2019/BCC/ISIC_0069023.jpg,기저세포암,1,isic2019,train
data/ISIC 2019/NV/ISIC_0034139.jpg,멜라닌세포모반,2,isic2019,train
data/ISIC 2019/BKL/ISIC_0028846.jpg,지루각화증,7,isic2019,train
data/ISIC 2019/BCC/ISIC_0024454.jpg,기저세포암,1,isic2019,train
data/ISIC 2019/BCC/ISIC_0063666.jpg,기저세포암,1,isic2019,train
data/ISIC 2019/NV/ISIC_0025176.jpg,멜라닌세포모반,2,isic2019,train
data/ISIC 2019/MEL/ISIC_0066182.jpg,악성흑색종,6,isic2019,train
data/ISIC 2019/AK/ISIC_0068977.jpg,광선각화증,0,isic2019,train
data/ISIC 2019/BCC/ISIC_0026940.jpg,기저세포암,1,isic2019,train
data/ISIC 2019/BKL/ISIC_0062006.jpg,지루각화증,7,isic2019,train
data/ISIC 2019/MEL/ISIC_0025035.jpg,악성흑색종,6,isic2019,train
data/ISIC 2019/MEL/ISIC_0028718.jpg,악성흑색종,6,isic2019,train
data/ISIC 2019/BKL/ISIC_0059665.jpg,지루각화증,7,isic2019,train
data/ISIC 2019/SCC/ISIC_0069220.jpg,편평세포암,8,isic2019,train
data/ISIC 2019/NV/ISIC_0008600_downsampled.jpg,멜라닌세포모반,2,isic2019,train
data/ISIC 2019/NV/ISIC_0015355_downsampled.jpg,멜라닌세포모반,2,isic2019,train
data/ISIC 2019/AK/ISIC_0064330.jpg,광선각화증,0,isic2019,train
data/ISIC 2019/NV/ISIC_0030214.jpg,멜라닌세포모반,2,isic2019,train
data/ISIC 2019/MEL/ISIC_0060526.jpg,악성흑색종,6,isic2019,train
data/ISIC 2019/MEL/ISIC_0069324.jpg,악성흑색종,6,isic2019,train
data/ISIC 2019/BKL/ISIC_0024814.jpg,지루각화증,7,isic2019,train
data/ISIC 2019/MEL/ISIC_0059707.jpg,악성흑색종,6,isic2019,train
data/ISIC 2019/BKL/ISIC_0066914.jpg,지루각화증,7,isic2019,train
data/ISIC 2019/BKL/ISIC_0015260_downsampled.jpg,지루각화증,7,isic2019,train
data/ISIC 2019/BKL/ISIC_0063075.jpg,지루각화증,7,isic2019,train
data/ISIC 2019/SCC/ISIC_0031743.jpg,편평세포암,8,isic2019,train
data/ISIC 2019/BCC/ISIC_0055455.jpg,기저세포암,1,isic2019,train
data/ISIC 2019/VASC/ISIC_0025628.jpg,혈관종,12,isic2019,train
data/ISIC 2019/MEL/ISIC_0014270_downsampled.jpg,악성흑색종,6,isic2019,train
data/ISIC 2019/NV/ISIC_0025725.jpg,멜라닌세포모반,2,isic2019,train
data/ISIC 2019/NV/ISIC_0028781.jpg,멜라닌세포모반,2,isic2019,train
data/ISIC 2019/SCC/ISIC_0028335.jpg,편평세포암,8,isic2019,train
data/ISIC 2019/MEL/ISIC_0026158.jpg,악성흑색종,6,isic2019,train
data/ISIC 2019/NV/ISIC_0026521.jpg,멜라닌세포모반,2,isic2019,train
data/ISIC 2019/NV/ISIC_0060573.jpg,멜라닌세포모반,2,isic2019,train
data/ISIC 2019/BCC/ISIC_0068142.jpg,기저세포암,1,isic2019,train
data/ISIC 2019/MEL/ISIC_0033479.jpg,악성흑색종,6,isic2019,train
data/ISIC 2019/BKL/ISIC_0024426.jpg,지루각화증,7,isic2019,train
data/ISIC 2019/DF/ISIC_0063039.jpg,피부섬유종,10,isic2019,train
data/ISIC 2019/BCC/ISIC_0058527.jpg,기저세포암,1,isic2019,train
data/ISIC 2019/BCC/ISIC_0070060.jpg,기저세포암,1,isic2019,train
data/ISIC 2019/BKL/ISIC_0059839.jpg,지루각화증,7,isic2019,train
data/ISIC 2019/MEL/ISIC_0001142_downsampled.jpg,악성흑색종,6,isic2019,train
data/ISIC 2019/AK/ISIC_0062255.jpg,광선각화증,0,isic2019,train
data/ISIC 2019/SCC/ISIC_0054030.jpg,편평세포암,8,isic2019,train
data/ISIC 2019/AK/ISIC_0063798.jpg,광선각화증,0,isic2019,train
data/ISIC 2019/NV/ISIC_0015638_downsampled.jpg,멜라닌세포모반,2,isic2019,train
data/ISIC 2019/BCC/ISIC_0057916.jpg,기저세포암,1,isic2019,train
data/ISIC 2019/BKL/ISIC_0053930.jpg,지루각화증,7,isic2019,train
data/ISIC 2019/MEL/ISIC_0026045.jpg,악성흑색종,6,isic2019,train
data/ISIC 2019/MEL/ISIC_0060671.jpg,악성흑색종,6,isic2019,train
data/ISIC 2019/BKL/ISIC_0032051.jpg,지루각화증,7,isic2019,train
data/ISIC 2019/BCC/ISIC_0057219.jpg,기저세포암,1,isic2019,train
data/ISIC 2019/NV/ISIC_0012313_downsampled.jpg,멜라닌세포모반,2,isic2019,train
data/ISIC 2019/NV/ISIC_0000018_downsampled.jpg,멜라닌세포모반,2,isic2019,train
data/ISIC 2019/BCC/ISIC_0071599.jpg,기저세포암,1,isic2019,train
data/ISIC 2019/MEL/ISIC_0058307.jpg,악성흑색종,6,isic2019,train
data/ISIC 2019/BKL/ISIC_0024383.jpg,지루각화증,7,isic2019,train
data/ISIC 2019/NV/ISIC_0032236.jpg,멜라닌세포모반,2,isic2019,train
data/ISIC 2019/BCC/ISIC_0073059.jpg,기저세포암,1,isic2019,train
data/ISIC 2019/BCC/ISIC_0067818.jpg,기저세포암,1,isic2019,train
data/ISIC 2019/BKL/ISIC_0013371_downsampled.jpg,지루각화증,7,isic2019,train
data/ISIC 2019/NV/ISIC_0012233_downsampled.jpg,멜라닌세포모반,2,isic2019,train
data/ISIC 2019/NV/ISIC_0031898.jpg,멜라닌세포모반,2,isic2019,train
data/ISIC 2019/BKL/ISIC_0071426.jpg,지루각화증,7,isic2019,train
data/ISIC 2019/AK/ISIC_0057135.jpg,광선각화증,0,isic2019,train
data/ISIC 2019/BKL/ISIC_0028593.jpg,지루각화증,7,isic2019,train
data/ISIC 2019/BCC/ISIC_0072201.jpg,기저세포암,1,isic2019,train
data/ISIC 2019/NV/ISIC_0032594.jpg,멜라닌세포모반,2,isic2019,train
data/ISIC 2019/BKL/ISIC_0068365.jpg,지루각화증,7,isic2019,train
data/ISIC 2019/MEL/ISIC_0069706.jpg,악성흑색종,6,isic2019,train
data/ISIC 2019/BKL/ISIC_0068264.jpg,지루각화증,7,isic2019,train
data/ISIC 2019/BCC/ISIC_0063529.jpg,기저세포암,1,isic2019,train
data/ISIC 2019/BCC/ISIC_0073019.jpg,기저세포암,1,isic2019,train
data/ISIC 2019/BKL/ISIC_0029251.jpg,지루각화증,7,isic2019,train
data/ISIC 2019/SCC/ISIC_0054606.jpg,편평세포암,8,isic2019,train
data/ISIC 2019/BCC/ISIC_0071555.jpg,기저세포암,1,isic2019,train
data/ISIC 2019/MEL/ISIC_0029893.jpg,악성흑색종,6,isic2019,train
data/ISIC 2019/BCC/ISIC_0073049.jpg,기저세포암,1,isic2019,train
data/ISIC 2019/NV/ISIC_0031488.jpg,멜라닌세포모반,2,isic2019,train
data/ISIC 2019/NV/ISIC_0025894.jpg,멜라닌세포모반,2,isic2019,train
data/ISIC 2019/NV/ISIC_0071327.jpg,멜라닌세포모반,2,isic2019,train
data/ISIC 2019/MEL/ISIC_0028410.jpg,악성흑색종,6,isic2019,train
data/ISIC 2019/BCC/ISIC_0065401.jpg,기저세포암,1,isic2019,train
data/ISIC 2019/MEL/ISIC_0063302.jpg,악성흑색종,6,isic2019,train
data/ISIC 2019/BCC/ISIC_0059954.jpg,기저세포암,1,isic2019,train
data/ISIC 2019/AK/ISIC_0069863.jpg,광선각화증,0,isic2019,train
data/ISIC 2019/BCC/ISIC_0063274.jpg,기저세포암,1,isic2019,train
data/ISIC 2019/NV/ISIC_0031180.jpg,멜라닌세포모반,2,isic2019,train
data/ISIC 2019/BKL/ISIC_0071211.jpg,지루각화증,7,isic2019,train
data/ISIC 2019/NV/ISIC_0056533.jpg,멜라닌세포모반,2,isic2019,train
data/ISIC 2019/BKL/ISIC_0065335.jpg,지루각화증,7,isic2019,train
data/ISIC 2019/NV/ISIC_0031754.jpg,멜라닌세포모반,2,isic2019,train
data/ISIC 2019/MEL/ISIC_0070235.jpg,악성흑색종,6,isic2019,train
data/ISIC 2019/BCC/ISIC_0069036.jpg,기저세포암,1,isic2019,train
data/ISIC 2019/NV/ISIC_0031371.jpg,멜라닌세포모반,2,isic2019,train
data/ISIC 2019/BKL/ISIC_0059918.jpg,지루각화증,7,isic2019,train
data/ISIC 2019/BCC/ISIC_0030690.jpg,기저세포암,1,isic2019,train
data/ISIC 2019/SCC/ISIC_0062568.jpg,편평세포암,8,isic2019,train
data/ISIC 2019/SCC/ISIC_0058451.jpg,편평세포암,8,isic2019,train
data/ISIC 2019/MEL/ISIC_0067335.jpg,악성흑색종,6,isic2019,train
data/ISIC 2019/DF/ISIC_0031309.jpg,피부섬유종,10,isic2019,train
data/ISIC 2019/NV/ISIC_0014150_downsampled.jpg,멜라닌세포모반,2,isic2019,train
data/ISIC 2019/NV/ISIC_0031388.jpg,멜라닌세포모반,2,isic2019,train
data/ISIC 2019/AK/ISIC_0056166.jpg,광선각화증,0,isic2019,train
data/ISIC 2019/MEL/ISIC_0025732.jpg,악성흑색종,6,isic2019,train
data/ISIC 2019/NV/ISIC_0028833.jpg,멜라닌세포모반,2,isic2019,train
data/ISIC 2019/BKL/ISIC_0071900.jpg,지루각화증,7,isic2019,train
data/ISIC 2019/NV/ISIC_0010327.jpg,멜라닌세포모반,2,isic2019,train
data/ISIC 2019/NV/ISIC_0031944.jpg,멜라닌세포모반,2,isic2019,train
data/ISIC 2019/NV/ISIC_0032666.jpg,멜라닌세포모반,2,isic2019,train
data/ISIC 2019/BCC/ISIC_0025975.jpg,기저세포암,1,isic2019,train
data/ISIC 2019/NV/ISIC_0053681.jpg,멜라닌세포모반,2,isic2019,train
data/ISIC 2019/BKL/ISIC_0026481.jpg,지루각화증,7,isic2019,train
data/ISIC 2019/NV/ISIC_0024608.jpg,멜라닌세포모반,2,isic2019,train
data/ISIC 2019/AK/ISIC_0067570.jpg,광선각화증,0,isic2019,train
data/ISIC 2019/SCC/ISIC_0030714.jpg,편평세포암,8,isic2019,train
data/ISIC 2019/MEL/ISIC_0032807.jpg,악성흑색종,6,isic2019,train
data/ISIC 2019/MEL/ISIC_0033834.jpg,악성흑색종,6,isic2019,train
data/ISIC 2019/BCC/ISIC_0029857.jpg,기저세포암,1,isic2019,train
data/ISIC 2019/MEL/ISIC_0055295.jpg,악성흑색종,6,isic2019,train
data/ISIC 2019/BKL/ISIC_0070382.jpg,지루각화증,7,isic2019,train
data/ISIC 2019/NV/ISIC_0057134.jpg,멜라닌세포모반,2,isic2019,train
data/ISIC 2019/NV/ISIC_0033671.jpg,멜라닌세포모반,2,isic2019,train
data/ISIC 2019/MEL/ISIC_0071408.jpg,악성흑색종,6,isic2019,train
data/ISIC 2019/BKL/ISIC_0072740.jpg,지루각화증,7,isic2019,train
data/ISIC 2019/BCC/ISIC_0067409.jpg,기저세포암,1,isic2019,train
data/ISIC 2019/BCC/ISIC_0058709.jpg,기저세포암,1,isic2019,train
data/ISIC 2019/NV/ISIC_0031616.jpg,멜라닌세포모반,2,isic2019,train
data/ISIC 2019/MEL/ISIC_0059005.jpg,악성흑색종,6,isic2019,train
data/ISIC 2019/BCC/ISIC_0060040.jpg,기저세포암,1,isic2019,train
data/ISIC 2019/BKL/ISIC_0032159.jpg,지루각화증,7,isic2019,train
data/ISIC 2019/BKL/ISIC_0053836.jpg,지루각화증,7,isic2019,train
data/ISIC 2019/NV/ISIC_0010044.jpg,멜라닌세포모반,2,isic2019,train
data/ISIC 2019/AK/ISIC_0069917.jpg,광선각화증,0,isic2019,train
data/ISIC 2019/BCC/ISIC_0054346.jpg,기저세포암,1,isic2019,train
data/ISIC 2019/MEL/ISIC_0067210.jpg,악성흑색종,6,isic2019,train
data/ISIC 2019/BCC/ISIC_0053885.jpg,기저세포암,1,isic2019,train
data/ISIC 2019/BCC/ISIC_0070536.jpg,기저세포암,1,isic2019,train
data/ISIC 2019/NV/ISIC_0066597.jpg,멜라닌세포모반,2,isic2019,train
data/ISIC 2019/BCC/ISIC_0065893.jpg,기저세포암,1,isic2019,train
data/ISIC 2019/BKL/ISIC_0025519.jpg,지루각화증,7,isic2019,train
data/ISIC 2019/BKL/ISIC_0063810.jpg,지루각화증,7,isic2019,train
data/ISIC 2019/BCC/ISIC_0066292.jpg,기저세포암,1,isic2019,train
data/ISIC 2019/BKL/ISIC_0066288.jpg,지루각화증,7,isic2019,train
data/ISIC 2019/BKL/ISIC_0058888.jpg,지루각화증,7,isic2019,train
data/ISIC 2019/BKL/ISIC_0057346.jpg,지루각화증,7,isic2019,train
data/ISIC 2019/NV/ISIC_0059925.jpg,멜라닌세포모반,2,isic2019,train
data/ISIC 2019/MEL/ISIC_0014316_downsampled.jpg,악성흑색종,6,isic2019,train
data/ISIC 2019/BKL/ISIC_0032335.jpg,지루각화증,7,isic2019,train
data/ISIC 2019/NV/ISIC_0030589.jpg,멜라닌세포모반,2,isic2019,train
data/ISIC 2019/NV/ISIC_0027124.jpg,멜라닌세포모반,2,isic2019,train
data/ISIC 2019/AK/ISIC_0060157.jpg,광선각화증,0,isic2019,train
data/ISIC 2019/MEL/ISIC_0065723.jpg,악성흑색종,6,isic2019,train
data/ISIC 2019/BKL/ISIC_0066547.jpg,지루각화증,7,isic2019,train
data/ISIC 2019/MEL/ISIC_0026120.jpg,악성흑색종,6,isic2019,train
data/ISIC 2019/BCC/ISIC_0063283.jpg,기저세포암,1,isic2019,train
data/ISIC 2019/NV/ISIC_0032188.jpg,멜라닌세포모반,2,isic2019,train
data/ISIC 2019/BKL/ISIC_0025716.jpg,지루각화증,7,isic2019,train
data/ISIC 2019/NV/ISIC_0024354.jpg,멜라닌세포모반,2,isic2019,train
data/ISIC 2019/BKL/ISIC_0025548.jpg,지루각화증,7,isic2019,train
data/ISIC 2019/MEL/ISIC_0010067.jpg,악성흑색종,6,isic2019,train
data/ISIC 2019/MEL/ISIC_0065477.jpg,악성흑색종,6,isic2019,train
data/ISIC 2019/MEL/ISIC_0033938.jpg,악성흑색종,6,isic2019,train
data/ISIC 2019/NV/ISIC_0055590.jpg,멜라닌세포모반,2,isic2019,train
data/ISIC 2019/MEL/ISIC_0060033.jpg,악성흑색종,6,isic2019,train
data/ISIC 2019/DF/ISIC_0029177.jpg,피부섬유종,10,isic2019,train
data/ISIC 2019/BCC/ISIC_0060209.jpg,기저세포암,1,isic2019,train
data/ISIC 2019/BKL/ISIC_0033973.jpg,지루각화증,7,isic2019,train
data/ISIC 2019/MEL/ISIC_0063130.jpg,악성흑색종,6,isic2019,train
data/ISIC 2019/BCC/ISIC_0067286.jpg,기저세포암,1,isic2019,train
data/ISIC 2019/MEL/ISIC_0060653.jpg,악성흑색종,6,isic2019,train
data/ISIC 2019/BCC/ISIC_0059275.jpg,기저세포암,1,isic2019,train
data/ISIC 2019/MEL/ISIC_0071910.jpg,악성흑색종,6,isic2019,train
data/ISIC 2019/BCC/ISIC_0058116.jpg,기저세포암,1,isic2019,train
data/ISIC 2019/NV/ISIC_0029142.jpg,멜라닌세포모반,2,isic2019,train
data/ISIC 2019/NV/ISIC_0033263.jpg,멜라닌세포모반,2,isic2019,train
data/ISIC 2019/NV/ISIC_0057433.jpg,멜라닌세포모반,2,isic2019,train
data/ISIC 2019/BCC/ISIC_0067080.jpg,기저세포암,1,isic2019,train
data/ISIC 2019/BKL/ISIC_0066264.jpg,지루각화증,7,isic2019,train
data/ISIC 2019/NV/ISIC_0057011.jpg,멜라닌세포모반,2,isic2019,train
data/ISIC 2019/AK/ISIC_0063320.jpg,광선각화증,0,isic2019,train
data/ISIC 2019/BCC/ISIC_0070656.jpg,기저세포암,1,isic2019,train
data/ISIC 2019/BKL/ISIC_0034315.jpg,지루각화증,7,isic2019,train
data/ISIC 2019/NV/ISIC_0032264.jpg,멜라닌세포모반,2,isic2019,train
data/ISIC 2019/BCC/ISIC_0063129.jpg,기저세포암,1,isic2019,train
data/ISIC 2019/NV/ISIC_0054475.jpg,멜라닌세포모반,2,isic2019,train
data/ISIC 2019/SCC/ISIC_0067052.jpg,편평세포암,8,isic2019,train
data/ISIC 2019/BCC/ISIC_0059474.jpg,기저세포암,1,isic2019,train
data/ISIC 2019/BCC/ISIC_0070608.jpg,기저세포암,1,isic2019,train
data/ISIC 2019/BKL/ISIC_0013625_downsampled.jpg,지루각화증,7,isic2019,train
data/ISIC 2019/AK/ISIC_0056115.jpg,광선각화증,0,isic2019,train
data/ISIC 2019/BCC/ISIC_0065049.jpg,기저세포암,1,isic2019,train
data/ISIC 2019/BCC/ISIC_0033575.jpg,기저세포암,1,isic2019,train
data/ISIC 2019/NV/ISIC_0058603.jpg,멜라닌세포모반,2,isic2019,train
data/ISIC 2019/MEL/ISIC_0010862.jpg,악성흑색종,6,isic2019,train
data/ISIC 2019/BKL/ISIC_0033490.jpg,지루각화증,7,isic2019,train
data/ISIC 2019/MEL/ISIC_0071017.jpg,악성흑색종,6,isic2019,train
data/ISIC 2019/MEL/ISIC_0028285.jpg,악성흑색종,6,isic2019,train
data/ISIC 2019/BCC/ISIC_0059105.jpg,기저세포암,1,isic2019,train
data/ISIC 2019/BCC/ISIC_0032290.jpg,기저세포암,1,isic2019,train
data/ISIC 2019/NV/ISIC_0027897.jpg,멜라닌세포모반,2,isic2019,train
data/ISIC 2019/NV/ISIC_0072715.jpg,멜라닌세포모반,2,isic2019,train
data/ISIC 2019/MEL/ISIC_0070387.jpg,악성흑색종,6,isic2019,train
data/ISIC 2019/BCC/ISIC_0059231.jpg,기저세포암,1,isic2019,train
data/ISIC 2019/NV/ISIC_0027271.jpg,멜라닌세포모반,2,isic2019,train
data/ISIC 2019/AK/ISIC_0061285.jpg,광선각화증,0,isic2019,train
data/ISIC 2019/BKL/ISIC_0026714.jpg,지루각화증,7,isic2019,train
data/ISIC 2019/MEL/ISIC_0033258.jpg,악성흑색종,6,isic2019,train
data/ISIC 2019/NV/ISIC_0057516.jpg,멜라닌세포모반,2,isic2019,train
data/ISIC 2019/MEL/ISIC_0072422.jpg,악성흑색종,6,isic2019,train
data/ISIC 2019/BKL/ISIC_0029029.jpg,지루각화증,7,isic2019,train
data/ISIC 2019/NV/ISIC_0033537.jpg,멜라닌세포모반,2,isic2019,train
data/ISIC 2019/BCC/ISIC_0025731.jpg,기저세포암,1,isic2019,train
data/ISIC 2019/MEL/ISIC_0055460.jpg,악성흑색종,6,isic2019,train
data/ISIC 2019/NV/ISIC_0028375.jpg,멜라닌세포모반,2,isic2019,train
data/ISIC 2019/BCC/ISIC_0028989.jpg,기저세포암,1,isic2019,train
data/ISIC 2019/MEL/ISIC_0027604.jpg,악성흑색종,6,isic2019,train
data/ISIC 2019/BCC/ISIC_0032302.jpg,기저세포암,1,isic2019,train
data/ISIC 2019/AK/ISIC_0060230.jpg,광선각화증,0,isic2019,train
data/ISIC 2019/AK/ISIC_0070877.jpg,광선각화증,0,isic2019,train
data/ISIC 2019/BCC/ISIC_0070687.jpg,기저세포암,1,isic2019,train
data/ISIC 2019/MEL/ISIC_0058016.jpg,악성흑색종,6,isic2019,train
data/ISIC 2019/MEL/ISIC_0058508.jpg,악성흑색종,6,isic2019,train
data/ISIC 2019/SCC/ISIC_0071393.jpg,편평세포암,8,isic2019,train
data/ISIC 2019/BKL/ISIC_0070646.jpg,지루각화증,7,isic2019,train
data/ISIC 2019/NV/ISIC_0065948.jpg,멜라닌세포모반,2,isic2019,train
data/ISIC 2019/BKL/ISIC_0072050.jpg,지루각화증,7,isic2019,train
data/ISIC 2019/NV/ISIC_0014812_downsampled.jpg,멜라닌세포모반,2,isic2019,train
data/ISIC 2019/DF/ISIC_0027488.jpg,피부섬유종,10,isic2019,train
data/ISIC 2019/NV/ISIC_0029334.jpg,멜라닌세포모반,2,isic2019,train
data/ISIC 2019/MEL/ISIC_0033325.jpg,악성흑색종,6,isic2019,train
data/ISIC 2019/BCC/ISIC_0068136.jpg,기저세포암,1,isic2019,train
data/ISIC 2019/MEL/ISIC_0010597.jpg,악성흑색종,6,isic2019,train
data/ISIC 2019/BKL/ISIC_0013040_downsampled.jpg,지루각화증,7,isic2019,train
data/ISIC 2019/VASC/ISIC_0033991.jpg,혈관종,12,isic2019,train
data/ISIC 2019/NV/ISIC_0032399.jpg,멜라닌세포모반,2,isic2019,train
data/ISIC 2019/NV/ISIC_0064401.jpg,멜라닌세포모반,2,isic2019,train
data/ISIC 2019/BKL/ISIC_0069683.jpg,지루각화증,7,isic2019,train
data/ISIC 2019/MEL/ISIC_0061918.jpg,악성흑색종,6,isic2019,train
data/ISIC 2019/SCC/ISIC_0032277.jpg,편평세포암,8,isic2019,train
data/ISIC 2019/BCC/ISIC_0058061.jpg,기저세포암,1,isic2019,train
data/ISIC 2019/MEL/ISIC_0067934.jpg,악성흑색종,6,isic2019,train
data/ISIC 2019/NV/ISIC_0029257.jpg,멜라닌세포모반,2,isic2019,train
data/ISIC 2019/BKL/ISIC_0069198.jpg,지루각화증,7,isic2019,train
data/ISIC 2019/MEL/ISIC_0010225.jpg,악성흑색종,6,isic2019,train
data/ISIC 2019/AK/ISIC_0068653.jpg,광선각화증,0,isic2019,train
data/ISIC 2019/BKL/ISIC_0057127.jpg,지루각화증,7,isic2019,train
data/ISIC 2019/NV/ISIC_0033958.jpg,멜라닌세포모반,2,isic2019,train
data/ISIC 2019/DF/ISIC_0063944.jpg,피부섬유종,10,isic2019,train
data/ISIC 2019/BCC/ISIC_0054595.jpg,기저세포암,1,isic2019,train
data/ISIC 2019/BKL/ISIC_0026277.jpg,지루각화증,7,isic2019,train
data/ISIC 2019/BKL/ISIC_0027394.jpg,지루각화증,7,isic2019,train
data/ISIC 2019/MEL/ISIC_0055361.jpg,악성흑색종,6,isic2019,train
data/ISIC 2019/BKL/ISIC_0013035_downsampled.jpg,지루각화증,7,isic2019,train
data/ISIC 2019/MEL/ISIC_0071471.jpg,악성흑색종,6,isic2019,train
data/ISIC 2019/BCC/ISIC_0072688.jpg,기저세포암,1,isic2019,train
data/ISIC 2019/BCC/ISIC_0063877.jpg,기저세포암,1,isic2019,train
data/ISIC 2019/MEL/ISIC_0056751.jpg,악성흑색종,6,isic2019,train
data/ISIC 2019/BKL/ISIC_0026576.jpg,지루각화증,7,isic2019,train
data/ISIC 2019/MEL/ISIC_0057315.jpg,악성흑색종,6,isic2019,train
data/ISIC 2019/AK/ISIC_0061667.jpg,광선각화증,0,isic2019,train
data/ISIC 2019/BKL/ISIC_0029243.jpg,지루각화증,7,isic2019,train
data/ISIC 2019/AK/ISIC_0068014.jpg,광선각화증,0,isic2019,train
data/ISIC 2019/BKL/ISIC_0012199_downsampled.jpg,지루각화증,7,isic2019,train
data/ISIC 2019/NV/ISIC_0063590.jpg,멜라닌세포모반,2,isic2019,train
data/ISIC 2019/MEL/ISIC_0026500.jpg,악성흑색종,6,isic2019,train
data/ISIC 2019/NV/ISIC_0055199.jpg,멜라닌세포모반,2,isic2019,train
data/ISIC 2019/NV/ISIC_0029597.jpg,멜라닌세포모반,2,isic2019,train
data/ISIC 2019/MEL/ISIC_0059281.jpg,악성흑색종,6,isic2019,train
data/ISIC 2019/MEL/ISIC_0058332.jpg,악성흑색종,6,isic2019,train
data/ISIC 2019/MEL/ISIC_0014766_downsampled.jpg,악성흑색종,6,isic2019,train
data/ISIC 2019/BKL/ISIC_0066706.jpg,지루각화증,7,isic2019,train
data/ISIC 2019/BKL/ISIC_0070838.jpg,지루각화증,7,isic2019,train
data/ISIC 2019/NV/ISIC_0032891.jpg,멜라닌세포모반,2,isic2019,train
data/ISIC 2019/BKL/ISIC_0031630.jpg,지루각화증,7,isic2019,train
data/ISIC 2019/MEL/ISIC_0065280.jpg,악성흑색종,6,isic2019,train
data/ISIC 2019/NV/ISIC_0067682.jpg,멜라닌세포모반,2,isic2019,train
data/ISIC 2019/BCC/ISIC_0063342.jpg,기저세포암,1,isic2019,train
data/ISIC 2019/BCC/ISIC_0053504.jpg,기저세포암,1,isic2019,train
data/ISIC 2019/BCC/ISIC_0027759.jpg,기저세포암,1,isic2019,train
data/ISIC 2019/BCC/ISIC_0067706.jpg,기저세포암,1,isic2019,train
data/ISIC 2019/BCC/ISIC_0055059.jpg,기저세포암,1,isic2019,train
data/ISIC 2019/MEL/ISIC_0065697.jpg,악성흑색종,6,isic2019,train
data/ISIC 2019/BCC/ISIC_0033468.jpg,기저세포암,1,isic2019,train
data/ISIC 2019/MEL/ISIC_0065918.jpg,악성흑색종,6,isic2019,train
data/ISIC 2019/MEL/ISIC_0064933.jpg,악성흑색종,6,isic2019,train
data/ISIC 2019/MEL/ISIC_0057554.jpg,악성흑색종,6,isic2019,train
data/ISIC 2019/BKL/ISIC_0060875.jpg,지루각화증,7,isic2019,train
data/ISIC 2019/BKL/ISIC_0031496.jpg,지루각화증,7,isic2019,train
data/ISIC 2019/BCC/ISIC_0070146.jpg,기저세포암,1,isic2019,train
data/ISIC 2019/BCC/ISIC_0058005.jpg,기저세포암,1,isic2019,train
data/ISIC 2019/NV/ISIC_0026425.jpg,멜라닌세포모반,2,isic2019,train
data/ISIC 2019/NV/ISIC_0028333.jpg,멜라닌세포모반,2,isic2019,train
data/ISIC 2019/NV/ISIC_0025496.jpg,멜라닌세포모반,2,isic2019,train
data/ISIC 2019/AK/ISIC_0057806.jpg,광선각화증,0,isic2019,train
data/ISIC 2019/SCC/ISIC_0026466.jpg,편평세포암,8,isic2019,train
data/ISIC 2019/NV/ISIC_0067983.jpg,멜라닌세포모반,2,isic2019,train
data/ISIC 2019/BKL/ISIC_0061536.jpg,지루각화증,7,isic2019,train
data/ISIC 2019/MEL/ISIC_0068152.jpg,악성흑색종,6,isic2019,train
data/ISIC 2019/NV/ISIC_0060245.jpg,멜라닌세포모반,2,isic2019,train
data/ISIC 2019/MEL/ISIC_0061008.jpg,악성흑색종,6,isic2019,train
data/ISIC 2019/AK/ISIC_0024654.jpg,광선각화증,0,isic2019,train
data/ISIC 2019/MEL/ISIC_0060660.jpg,악성흑색종,6,isic2019,train
data/ISIC 2019/MEL/ISIC_0014255_downsampled.jpg,악성흑색종,6,isic2019,train
data/ISIC 2019/NV/ISIC_0067149.jpg,멜라닌세포모반,2,isic2019,train
data/ISIC 2019/NV/ISIC_0024668.jpg,멜라닌세포모반,2,isic2019,train
data/ISIC 2019/MEL/ISIC_0024310.jpg,악성흑색종,6,isic2019,train
data/ISIC 2019/BCC/ISIC_0025600.jpg,기저세포암,1,isic2019,train
data/ISIC 2019/MEL/ISIC_0031005.jpg,악성흑색종,6,isic2019,train
data/ISIC 2019/MEL/ISIC_0063135.jpg,악성흑색종,6,isic2019,train
data/ISIC 2019/MEL/ISIC_0064360.jpg,악성흑색종,6,isic2019,train
data/ISIC 2019/NV/ISIC_0032990.jpg,멜라닌세포모반,2,isic2019,train
data/ISIC 2019/BKL/ISIC_0054897.jpg,지루각화증,7,isic2019,train
data/ISIC 2019/BKL/ISIC_0067992.jpg,지루각화증,7,isic2019,train
data/ISIC 2019/BCC/ISIC_0055914.jpg,기저세포암,1,isic2019,train
data/ISIC 2019/AK/ISIC_0059360.jpg,광선각화증,0,isic2019,train
data/ISIC 2019/NV/ISIC_0026243.jpg,멜라닌세포모반,2,isic2019,train
data/ISIC 2019/NV/ISIC_0027695.jpg,멜라닌세포모반,2,isic2019,train
data/ISIC 2019/DF/ISIC_0066002.jpg,피부섬유종,10,isic2019,train
data/ISIC 2019/MEL/ISIC_0064881.jpg,악성흑색종,6,isic2019,train
data/ISIC 2019/AK/ISIC_0069755.jpg,광선각화증,0,isic2019,train
data/ISIC 2019/NV/ISIC_0025862.jpg,멜라닌세포모반,2,isic2019,train
data/ISIC 2019/MEL/ISIC_0056752.jpg,악성흑색종,6,isic2019,train
data/ISIC 2019/MEL/ISIC_0000311.jpg,악성흑색종,6,isic2019,train
data/ISIC 2019/MEL/ISIC_0059248.jpg,악성흑색종,6,isic2019,train
data/ISIC 2019/BCC/ISIC_0060596.jpg,기저세포암,1,isic2019,train
data/ISIC 2019/MEL/ISIC_0014543_downsampled.jpg,악성흑색종,6,isic2019,train
data/ISIC 2019/BKL/ISIC_0057004.jpg,지루각화증,7,isic2019,train
data/ISIC 2019/SCC/ISIC_0024522.jpg,편평세포암,8,isic2019,train
data/ISIC 2019/NV/ISIC_0054108.jpg,멜라닌세포모반,2,isic2019,train
data/ISIC 2019/NV/ISIC_0058813.jpg,멜라닌세포모반,2,isic2019,train
data/ISIC 2019/VASC/ISIC_0070113.jpg,혈관종,12,isic2019,train
data/ISIC 2019/MEL/ISIC_0064589.jpg,악성흑색종,6,isic2019,train
data/ISIC 2019/MEL/ISIC_0024972.jpg,악성흑색종,6,isic2019,train
data/ISIC 2019/BCC/ISIC_0066131.jpg,기저세포암,1,isic2019,train
data/ISIC 2019/MEL/ISIC_0032110.jpg,악성흑색종,6,isic2019,train
data/ISIC 2019/AK/ISIC_0057437.jpg,광선각화증,0,isic2019,train
data/ISIC 2019/BCC/ISIC_0072029.jpg,기저세포암,1,isic2019,train
data/ISIC 2019/BKL/ISIC_0033480.jpg,지루각화증,7,isic2019,train
data/ISIC 2019/AK/ISIC_0072584.jpg,광선각화증,0,isic2019,train
data/ISIC 2019/MEL/ISIC_0054691.jpg,악성흑색종,6,isic2019,train
data/ISIC 2019/NV/ISIC_0025559.jpg,멜라닌세포모반,2,isic2019,train
data/ISIC 2019/BKL/ISIC_0024626.jpg,지루각화증,7,isic2019,train
data/ISIC 2019/NV/ISIC_0033053.jpg,멜라닌세포모반,2,isic2019,train
data/ISIC 2019/BCC/ISIC_0027526.jpg,기저세포암,1,isic2019,train
data/ISIC 2019/BCC/ISIC_0064814.jpg,기저세포암,1,isic2019,train
data/ISIC 2019/AK/ISIC_0065312.jpg,광선각화증,0,isic2019,train
data/ISIC 2019/BCC/ISIC_0058602.jpg,기저세포암,1,isic2019,train
data/ISIC 2019/BKL/ISIC_0061980.jpg,지루각화증,7,isic2019,train
data/ISIC 2019/AK/ISIC_0067945.jpg,광선각화증,0,isic2019,train
data/ISIC 2019/MEL/ISIC_0063373.jpg,악성흑색종,6,isic2019,train
data/ISIC 2019/BCC/ISIC_0066707.jpg,기저세포암,1,isic2019,train
data/ISIC 2019/DF/ISIC_0031271.jpg,피부섬유종,10,isic2019,train
data/ISIC 2019/BCC/ISIC_0055730.jpg,기저세포암,1,isic2019,train
data/ISIC 2019/BKL/ISIC_0031893.jpg,지루각화증,7,isic2019,train
data/ISIC 2019/NV/ISIC_0028708.jpg,멜라닌세포모반,2,isic2019,train
data/ISIC 2019/NV/ISIC_0060427.jpg,멜라닌세포모반,2,isic2019,train
data/ISIC 2019/NV/ISIC_0028244.jpg,멜라닌세포모반,2,isic2019,train
data/ISIC 2019/BCC/ISIC_0054861.jpg,기저세포암,1,isic2019,train
data/ISIC 2019/MEL/ISIC_0059904.jpg,악성흑색종,6,isic2019,train
data/ISIC 2019/BKL/ISIC_0028237.jpg,지루각화증,7,isic2019,train
data/ISIC 2019/AK/ISIC_0061039.jpg,광선각화증,0,isic2019,train
data/ISIC 2019/NV/ISIC_0013425_downsampled.jpg,멜라닌세포모반,2,isic2019,train
data/ISIC 2019/MEL/ISIC_0033310.jpg,악성흑색종,6,isic2019,train
data/ISIC 2019/MEL/ISIC_0025248.jpg,악성흑색종,6,isic2019,train
data/ISIC 2019/NV/ISIC_0032049.jpg,멜라닌세포모반,2,isic2019,train
data/ISIC 2019/MEL/ISIC_0028291.jpg,악성흑색종,6,isic2019,train
data/ISIC 2019/MEL/ISIC_0072747.jpg,악성흑색종,6,isic2019,train
data/ISIC 2019/NV/ISIC_0061199.jpg,멜라닌세포모반,2,isic2019,train
data/ISIC 2019/BCC/ISIC_0025826.jpg,기저세포암,1,isic2019,train
data/ISIC 2019/MEL/ISIC_0069667.jpg,악성흑색종,6,isic2019,train
data/ISIC 2019/BKL/ISIC_0059710.jpg,지루각화증,7,isic2019,train
data/ISIC 2019/NV/ISIC_0034225.jpg,멜라닌세포모반,2,isic2019,train
data/ISIC 2019/BCC/ISIC_0060603.jpg,기저세포암,1,isic2019,train
data/ISIC 2019/SCC/ISIC_0059940.jpg,편평세포암,8,isic2019,train
data/ISIC 2019/VASC/ISIC_0064960.jpg,혈관종,12,isic2019,train
data/ISIC 2019/NV/ISIC_0031726.jpg,멜라닌세포모반,2,isic2019,train
data/ISIC 2019/BKL/ISIC_0070238.jpg,지루각화증,7,isic2019,train
data/ISIC 2019/MEL/ISIC_0065525.jpg,악성흑색종,6,isic2019,train
data/ISIC 2019/NV/ISIC_0053874.jpg,멜라닌세포모반,2,isic2019,train
data/ISIC 2019/BCC/ISIC_0072066.jpg,기저세포암,1,isic2019,train
data/ISIC 2019/NV/ISIC_0064042.jpg,멜라닌세포모반,2,isic2019,train
data/ISIC 2019/BKL/ISIC_0062555.jpg,지루각화증,7,isic2019,train
data/ISIC 2019/BKL/ISIC_0058990.jpg,지루각화증,7,isic2019,train
data/ISIC 2019/MEL/ISIC_0063369.jpg,악성흑색종,6,isic2019,train
data/ISIC 2019/BCC/ISIC_0063942.jpg,기저세포암,1,isic2019,train
data/ISIC 2019/SCC/ISIC_0027231.jpg,편평세포암,8,isic2019,train
data/ISIC 2019/MEL/ISIC_0033368.jpg,악성흑색종,6,isic2019,train
data/ISIC 2019/BCC/ISIC_0063007.jpg,기저세포암,1,isic2019,train
data/ISIC 2019/AK/ISIC_0058924.jpg,광선각화증,0,isic2019,train
data/ISIC 2019/BCC/ISIC_0055397.jpg,기저세포암,1,isic2019,train
data/ISIC 2019/AK/ISIC_0071711.jpg,광선각화증,0,isic2019,train
data/ISIC 2019/MEL/ISIC_0056017.jpg,악성흑색종,6,isic2019,train
data/ISIC 2019/BCC/ISIC_0055379.jpg,기저세포암,1,isic2019,train
data/ISIC 2019/AK/ISIC_0067204.jpg,광선각화증,0,isic2019,train
data/ISIC 2019/NV/ISIC_0059228.jpg,멜라닌세포모반,2,isic2019,train
data/ISIC 2019/NV/ISIC_0068056.jpg,멜라닌세포모반,2,isic2019,train
data/ISIC 2019/BKL/ISIC_0014592_downsampled.jpg,지루각화증,7,isic2019,train
data/ISIC 2019/BKL/ISIC_0028389.jpg,지루각화증,7,isic2019,train
data/ISIC 2019/BCC/ISIC_0069421.jpg,기저세포암,1,isic2019,train
data/ISIC 2019/BKL/ISIC_0060217.jpg,지루각화증,7,isic2019,train
data/ISIC 2019/NV/ISIC_0053557.jpg,멜라닌세포모반,2,isic2019,train
data/ISIC 2019/BCC/ISIC_0031520.jpg,기저세포암,1,isic2019,train
data/ISIC 2019/BCC/ISIC_0072365.jpg,기저세포암,1,isic2019,train
data/ISIC 2019/BCC/ISIC_0065146.jpg,기저세포암,1,isic2019,train
data/ISIC 2019/AK/ISIC_0060354.jpg,광선각화증,0,isic2019,train
data/ISIC 2019/BKL/ISIC_0015038_downsampled.jpg,지루각화증,7,isic2019,train
data/ISIC 2019/BCC/ISIC_0053815.jpg,기저세포암,1,isic2019,train
data/ISIC 2019/BKL/ISIC_0060345.jpg,지루각화증,7,isic2019,train
data/ISIC 2019/MEL/ISIC_0065883.jpg,악성흑색종,6,isic2019,train
data/ISIC 2019/BKL/ISIC_0033659.jpg,지루각화증,7,isic2019,train
data/ISIC 2019/NV/ISIC_0027368.jpg,멜라닌세포모반,2,isic2019,train
data/ISIC 2019/BCC/ISIC_0031298.jpg,기저세포암,1,isic2019,train
data/ISIC 2019/MEL/ISIC_0055892.jpg,악성흑색종,6,isic2019,train
data/ISIC 2019/MEL/ISIC_0062809.jpg,악성흑색종,6,isic2019,train
data/ISIC 2019/NV/ISIC_0067533.jpg,멜라닌세포모반,2,isic2019,train
data/ISIC 2019/BKL/ISIC_0061391.jpg,지루각화증,7,isic2019,train
data/ISIC 2019/MEL/ISIC_0070149.jpg,악성흑색종,6,isic2019,train
data/ISIC 2019/MEL/ISIC_0062491.jpg,악성흑색종,6,isic2019,train
data/ISIC 2019/BCC/ISIC_0069582.jpg,기저세포암,1,isic2019,train
data/ISIC 2019/MEL/ISIC_0056247.jpg,악성흑색종,6,isic2019,train
data/ISIC 2019/BKL/ISIC_0029320.jpg,지루각화증,7,isic2019,train
data/ISIC 2019/NV/ISIC_0024903.jpg,멜라닌세포모반,2,isic2019,train
data/ISIC 2019/BCC/ISIC_0066761.jpg,기저세포암,1,isic2019,train
data/ISIC 2019/VASC/ISIC_0029439.jpg,혈관종,12,isic2019,train
data/ISIC 2019/BCC/ISIC_0056296.jpg,기저세포암,1,isic2019,train
data/ISIC 2019/NV/ISIC_0026740.jpg,멜라닌세포모반,2,isic2019,train
data/ISIC 2019/BKL/ISIC_0063635.jpg,지루각화증,7,isic2019,train
data/ISIC 2019/BKL/ISIC_0026775.jpg,지루각화증,7,isic2019,train
data/ISIC 2019/NV/ISIC_0063761.jpg,멜라닌세포모반,2,isic2019,train
data/ISIC 2019/BKL/ISIC_0033631.jpg,지루각화증,7,isic2019,train
data/ISIC 2019/BKL/ISIC_0064127.jpg,지루각화증,7,isic2019,train
data/ISIC 2019/MEL/ISIC_0024865.jpg,악성흑색종,6,isic2019,train
data/ISIC 2019/MEL/ISIC_0057621.jpg,악성흑색종,6,isic2019,train
data/ISIC 2019/MEL/ISIC_0060577.jpg,악성흑색종,6,isic2019,train
data/ISIC 2019/BKL/ISIC_0064896.jpg,지루각화증,7,isic2019,train
data/ISIC 2019/BCC/ISIC_0071908.jpg,기저세포암,1,isic2019,train
data/ISIC 2019/NV/ISIC_0069770.jpg,멜라닌세포모반,2,isic2019,train
data/ISIC 2019/VASC/ISIC_0027672.jpg,혈관종,12,isic2019,train
data/ISIC 2019/BCC/ISIC_0027546.jpg,기저세포암,1,isic2019,train
data/ISIC 2019/MEL/ISIC_0032925.jpg,악성흑색종,6,isic2019,train
data/ISIC 2019/BKL/ISIC_0033750.jpg,지루각화증,7,isic2019,train
data/ISIC 2019/NV/ISIC_0061403.jpg,멜라닌세포모반,2,isic2019,train
data/ISIC 2019/NV/ISIC_0016046_downsampled.jpg,멜라닌세포모반,2,isic2019,train
data/ISIC 2019/BCC/ISIC_0065752.jpg,기저세포암,1,isic2019,train
data/ISIC 2019/BCC/ISIC_0030574.jpg,기저세포암,1,isic2019,train
data/ISIC 2019/BCC/ISIC_0054717.jpg,기저세포암,1,isic2019,train
data/ISIC 2019/BKL/ISIC_0014386_downsampled.jpg,지루각화증,7,isic2019,train
data/ISIC 2019/MEL/ISIC_0012348_downsampled.jpg,악성흑색종,6,isic2019,train
data/ISIC 2019/BCC/ISIC_0059741.jpg,기저세포암,1,isic2019,train
data/ISIC 2019/DF/ISIC_0025373.jpg,피부섬유종,10,isic2019,train
data/ISIC 2019/BCC/ISIC_0054924.jpg,기저세포암,1,isic2019,train
data/ISIC 2019/MEL/ISIC_0025814.jpg,악성흑색종,6,isic2019,train
data/ISIC 2019/BCC/ISIC_0057504.jpg,기저세포암,1,isic2019,train
data/ISIC 2019/BKL/ISIC_0069312.jpg,지루각화증,7,isic2019,train
data/ISIC 2019/VASC/ISIC_0058542.jpg,혈관종,12,isic2019,train
data/ISIC 2019/NV/ISIC_0029459.jpg,멜라닌세포모반,2,isic2019,train
data/ISIC 2019/NV/ISIC_0061015.jpg,멜라닌세포모반,2,isic2019,train
data/ISIC 2019/NV/ISIC_0032902.jpg,멜라닌세포모반,2,isic2019,train
data/ISIC 2019/NV/ISIC_0025877.jpg,멜라닌세포모반,2,isic2019,train
data/ISIC 2019/MEL/ISIC_0062323.jpg,악성흑색종,6,isic2019,train
data/ISIC 2019/BKL/ISIC_0012455_downsampled.jpg,지루각화증,7,isic2019,train
data/ISIC 2019/BCC/ISIC_0060162.jpg,기저세포암,1,isic2019,train
data/ISIC 2019/MEL/ISIC_0072287.jpg,악성흑색종,6,isic2019,train
data/ISIC 2019/BCC/ISIC_0065567.jpg,기저세포암,1,isic2019,train
data/ISIC 2019/MEL/ISIC_0033710.jpg,악성흑색종,6,isic2019,train
data/ISIC 2019/SCC/ISIC_0068779.jpg,편평세포암,8,isic2019,train
data/ISIC 2019/MEL/ISIC_0072828.jpg,악성흑색종,6,isic2019,train
data/ISIC 2019/BCC/ISIC_0066398.jpg,기저세포암,1,isic2019,train
data/ISIC 2019/MEL/ISIC_0063164.jpg,악성흑색종,6,isic2019,train
data/ISIC 2019/MEL/ISIC_0015004_downsampled.jpg,악성흑색종,6,isic2019,train
data/ISIC 2019/MEL/ISIC_0063208.jpg,악성흑색종,6,isic2019,train
data/ISIC 2019/BKL/ISIC_0061476.jpg,지루각화증,7,isic2019,train
data/ISIC 2019/NV/ISIC_0030838.jpg,멜라닌세포모반,2,isic2019,train
data/ISIC 2019/BCC/ISIC_0062052.jpg,기저세포암,1,isic2019,train
data/ISIC 2019/NV/ISIC_0026615.jpg,멜라닌세포모반,2,isic2019,train
data/ISIC 2019/MEL/ISIC_0060380.jpg,악성흑색종,6,isic2019,train
data/ISIC 2019/AK/ISIC_0065724.jpg,광선각화증,0,isic2019,train
data/ISIC 2019/BCC/ISIC_0060533.jpg,기저세포암,1,isic2019,train
data/ISIC 2019/BKL/ISIC_0028797.jpg,지루각화증,7,isic2019,train
data/ISIC 2019/MEL/ISIC_0059349.jpg,악성흑색종,6,isic2019,train
data/ISIC 2019/NV/ISIC_0031240.jpg,멜라닌세포모반,2,isic2019,train
data/ISIC 2019/BKL/ISIC_0056431.jpg,지루각화증,7,isic2019,train
data/ISIC 2019/BCC/ISIC_0053863.jpg,기저세포암,1,isic2019,train
data/ISIC 2019/BCC/ISIC_0031450.jpg,기저세포암,1,isic2019,train
data/ISIC 2019/SCC/ISIC_0071222.jpg,편평세포암,8,isic2019,train
data/ISIC 2019/NV/ISIC_0014768_downsampled.jpg,멜라닌세포모반,2,isic2019,train
data/ISIC 2019/BCC/ISIC_0026902.jpg,기저세포암,1,isic2019,train
data/ISIC 2019/SCC/ISIC_0066030.jpg,편평세포암,8,isic2019,train
data/ISIC 2019/MEL/ISIC_0069946.jpg,악성흑색종,6,isic2019,train
data/ISIC 2019/MEL/ISIC_0067339.jpg,악성흑색종,6,isic2019,train
data/ISIC 2019/BCC/ISIC_0061206.jpg,기저세포암,1,isic2019,train
data/ISIC 2019/AK/ISIC_0068812.jpg,광선각화증,0,isic2019,train
data/ISIC 2019/NV/ISIC_0064791.jpg,멜라닌세포모반,2,isic2019,train
data/ISIC 2019/BKL/ISIC_0059383.jpg,지루각화증,7,isic2019,train
data/ISIC 2019/BKL/ISIC_0026069.jpg,지루각화증,7,isic2019,train
data/ISIC 2019/NV/ISIC_0060828.jpg,멜라닌세포모반,2,isic2019,train
data/ISIC 2019/MEL/ISIC_0054205.jpg,악성흑색종,6,isic2019,train
data/ISIC 2019/MEL/ISIC_0054391.jpg,악성흑색종,6,isic2019,train
data/ISIC 2019/BCC/ISIC_0066932.jpg,기저세포암,1,isic2019,train
data/ISIC 2019/NV/ISIC_0027112.jpg,멜라닌세포모반,2,isic2019,train
data/ISIC 2019/NV/ISIC_0025224.jpg,멜라닌세포모반,2,isic2019,train
data/ISIC 2019/NV/ISIC_0033340.jpg,멜라닌세포모반,2,isic2019,train
data/ISIC 2019/SCC/ISIC_0061046.jpg,편평세포암,8,isic2019,train
data/ISIC 2019/BKL/ISIC_0032757.jpg,지루각화증,7,isic2019,train
data/ISIC 2019/MEL/ISIC_0063002.jpg,악성흑색종,6,isic2019,train
data/ISIC 2019/VASC/ISIC_0028188.jpg,혈관종,12,isic2019,train
data/ISIC 2019/BKL/ISIC_0026365.jpg,지루각화증,7,isic2019,train
data/ISIC 2019/BCC/ISIC_0068461.jpg,기저세포암,1,isic2019,train
data/ISIC 2019/VASC/ISIC_0070899.jpg,혈관종,12,isic2019,train
data/ISIC 2019/MEL/ISIC_0064010.jpg,악성흑색종,6,isic2019,train
data/ISIC 2019/MEL/ISIC_0055254.jpg,악성흑색종,6,isic2019,train
data/ISIC 2019/BCC/ISIC_0055396.jpg,기저세포암,1,isic2019,train
data/ISIC 2019/NV/ISIC_0067729.jpg,멜라닌세포모반,2,isic2019,train
data/ISIC 2019/BKL/ISIC_0029107.jpg,지루각화증,7,isic2019,train
data/ISIC 2019/BKL/ISIC_0073048.jpg,지루각화증,7,isic2019,train
data/ISIC 2019/BCC/ISIC_0057885.jpg,기저세포암,1,isic2019,train
data/ISIC 2019/BKL/ISIC_0033184.jpg,지루각화증,7,isic2019,train
data/ISIC 2019/DF/ISIC_0066413.jpg,피부섬유종,10,isic2019,train
data/ISIC 2019/BKL/ISIC_0025032.jpg,지루각화증,7,isic2019,train
data/ISIC 2019/NV/ISIC_0024762.jpg,멜라닌세포모반,2,isic2019,train
data/ISIC 2019/BKL/ISIC_0030316.jpg,지루각화증,7,isic2019,train
data/ISIC 2019/NV/ISIC_0034268.jpg,멜라닌세포모반,2,isic2019,train
data/ISIC 2019/AK/ISIC_0071417.jpg,광선각화증,0,isic2019,train
data/ISIC 2019/MEL/ISIC_0028508.jpg,악성흑색종,6,isic2019,train
data/ISIC 2019/NV/ISIC_0024394.jpg,멜라닌세포모반,2,isic2019,train
data/ISIC 2019/AK/ISIC_0060593.jpg,광선각화증,0,isic2019,train
data/ISIC 2019/MEL/ISIC_0067167.jpg,악성흑색종,6,isic2019,train
data/ISIC 2019/NV/ISIC_0054815.jpg,멜라닌세포모반,2,isic2019,train
data/ISIC 2019/MEL/ISIC_0033399.jpg,악성흑색종,6,isic2019,train
data/ISIC 2019/NV/ISIC_0067916.jpg,멜라닌세포모반,2,isic2019,train
data/ISIC 2019/BCC/ISIC_0067346.jpg,기저세포암,1,isic2019,train
data/ISIC 2019/SCC/ISIC_0062662.jpg,편평세포암,8,isic2019,train
data/ISIC 2019/BKL/ISIC_0031600.jpg,지루각화증,7,isic2019,train
data/ISIC 2019/SCC/ISIC_0068938.jpg,편평세포암,8,isic2019,train
data/ISIC 2019/NV/ISIC_0025768.jpg,멜라닌세포모반,2,isic2019,train
data/ISIC 2019/BKL/ISIC_0065302.jpg,지루각화증,7,isic2019,train
data/ISIC 2019/BCC/ISIC_0029034.jpg,기저세포암,1,isic2019,train
data/ISIC 2019/NV/ISIC_0027981.jpg,멜라닌세포모반,2,isic2019,train
data/ISIC 2019/MEL/ISIC_0054932.jpg,악성흑색종,6,isic2019,train
data/ISIC 2019/BCC/ISIC_0068659.jpg,기저세포암,1,isic2019,train
data/ISIC 2019/MEL/ISIC_0058471.jpg,악성흑색종,6,isic2019,train
data/ISIC 2019/NV/ISIC_0068180.jpg,멜라닌세포모반,2,isic2019,train
data/ISIC 2019/BKL/ISIC_0072161.jpg,지루각화증,7,isic2019,train
data/ISIC 2019/NV/ISIC_0064866.jpg,멜라닌세포모반,2,isic2019,train
data/ISIC 2019/MEL/ISIC_0068128.jpg,악성흑색종,6,isic2019,train
data/ISIC 2019/MEL/ISIC_0000174.jpg,악성흑색종,6,isic2019,train
data/ISIC 2019/BCC/ISIC_0055736.jpg,기저세포암,1,isic2019,train
data/ISIC 2019/MEL/ISIC_0063775.jpg,악성흑색종,6,isic2019,train
data/ISIC 2019/AK/ISIC_0055732.jpg,광선각화증,0,isic2019,train
data/ISIC 2019/VASC/ISIC_0062550.jpg,혈관종,12,isic2019,train
data/ISIC 2019/BCC/ISIC_0065227.jpg,기저세포암,1,isic2019,train
data/ISIC 2019/SCC/ISIC_0058972.jpg,편평세포암,8,isic2019,train
data/ISIC 2019/SCC/ISIC_0063631.jpg,편평세포암,8,isic2019,train
data/ISIC 2019/BCC/ISIC_0054960.jpg,기저세포암,1,isic2019,train
data/ISIC 2019/NV/ISIC_0031366.jpg,멜라닌세포모반,2,isic2019,train
data/ISIC 2019/BKL/ISIC_0066764.jpg,지루각화증,7,isic2019,train
data/ISIC 2019/AK/ISIC_0071256.jpg,광선각화증,0,isic2019,train
data/ISIC 2019/SCC/ISIC_0024517.jpg,편평세포암,8,isic2019,train
data/ISIC 2019/BKL/ISIC_0072904.jpg,지루각화증,7,isic2019,train
data/ISIC 2019/BKL/ISIC_0027437.jpg,지루각화증,7,isic2019,train
data/ISIC 2019/NV/ISIC_0029887.jpg,멜라닌세포모반,2,isic2019,train
data/ISIC 2019/MEL/ISIC_0056047.jpg,악성흑색종,6,isic2019,train
data/ISIC 2019/MEL/ISIC_0027407.jpg,악성흑색종,6,isic2019,train
data/ISIC 2019/BKL/ISIC_0065389.jpg,지루각화증,7,isic2019,train
data/ISIC 2019/BKL/ISIC_0032778.jpg,지루각화증,7,isic2019,train
data/ISIC 2019/AK/ISIC_0069265.jpg,광선각화증,0,isic2019,train
data/ISIC 2019/BKL/ISIC_0028650.jpg,지루각화증,7,isic2019,train
data/ISIC 2019/MEL/ISIC_0032993.jpg,악성흑색종,6,isic2019,train
data/ISIC 2019/SCC/ISIC_0057131.jpg,편평세포암,8,isic2019,train
data/ISIC 2019/NV/ISIC_0027687.jpg,멜라닌세포모반,2,isic2019,train
data/ISIC 2019/BKL/ISIC_0012693_downsampled.jpg,지루각화증,7,isic2019,train
data/ISIC 2019/AK/ISIC_0058864.jpg,광선각화증,0,isic2019,train
data/ISIC 2019/BKL/ISIC_0062630.jpg,지루각화증,7,isic2019,train
data/ISIC 2019/NV/ISIC_0014090_downsampled.jpg,멜라닌세포모반,2,isic2019,train
data/ISIC 2019/BKL/ISIC_0033531.jpg,지루각화증,7,isic2019,train
data/ISIC 2019/BKL/ISIC_0061513.jpg,지루각화증,7,isic2019,train
data/ISIC 2019/BKL/ISIC_0059970.jpg,지루각화증,7,isic2019,train
data/ISIC 2019/NV/ISIC_0024321.jpg,멜라닌세포모반,2,isic2019,train
data/ISIC 2019/SCC/ISIC_0070772.jpg,편평세포암,8,isic2019,train
data/ISIC 2019/AK/ISIC_0057987.jpg,광선각화증,0,isic2019,train
data/ISIC 2019/BKL/ISIC_0031349.jpg,지루각화증,7,isic2019,train
data/ISIC 2019/MEL/ISIC_0072786.jpg,악성흑색종,6,isic2019,train
data/ISIC 2019/BKL/ISIC_0059544.jpg,지루각화증,7,isic2019,train
data/ISIC 2019/BCC/ISIC_0070081.jpg,기저세포암,1,isic2019,train
data/ISIC 2019/BKL/ISIC_0030208.jpg,지루각화증,7,isic2019,train
data/ISIC 2019/NV/ISIC_0024593.jpg,멜라닌세포모반,2,isic2019,train
data/ISIC 2019/NV/ISIC_0067214.jpg,멜라닌세포모반,2,isic2019,train
data/ISIC 2019/NV/ISIC_0002976_downsampled.jpg,멜라닌세포모반,2,isic2019,train
data/ISIC 2019/AK/ISIC_0063536.jpg,광선각화증,0,isic2019,train
data/ISIC 2019/BCC/ISIC_0056640.jpg,기저세포암,1,isic2019,train
data/ISIC 2019/BCC/ISIC_0069553.jpg,기저세포암,1,isic2019,train
data/ISIC 2019/BCC/ISIC_0058410.jpg,기저세포암,1,isic2019,train
data/ISIC 2019/MEL/ISIC_0031718.jpg,악성흑색종,6,isic2019,train
data/ISIC 2019/BKL/ISIC_0033260.jpg,지루각화증,7,isic2019,train
data/ISIC 2019/VASC/ISIC_0072919.jpg,혈관종,12,isic2019,train
data/ISIC 2019/BCC/ISIC_0024457.jpg,기저세포암,1,isic2019,train
data/ISIC 2019/MEL/ISIC_0059593.jpg,악성흑색종,6,isic2019,train
data/ISIC 2019/MEL/ISIC_0065582.jpg,악성흑색종,6,isic2019,train
data/ISIC 2019/MEL/ISIC_0065872.jpg,악성흑색종,6,isic2019,train
data/ISIC 2019/BCC/ISIC_0061490.jpg,기저세포암,1,isic2019,train
data/ISIC 2019/AK/ISIC_0069269.jpg,광선각화증,0,isic2019,train
data/ISIC 2019/NV/ISIC_0006982_downsampled.jpg,멜라닌세포모반,2,isic2019,train
data/ISIC 2019/BCC/ISIC_0031651.jpg,기저세포암,1,isic2019,train
data/ISIC 2019/BKL/ISIC_0014642_downsampled.jpg,지루각화증,7,isic2019,train
data/ISIC 2019/BCC/ISIC_0055766.jpg,기저세포암,1,isic2019,train
data/ISIC 2019/MEL/ISIC_0031034.jpg,악성흑색종,6,isic2019,train
data/ISIC 2019/BCC/ISIC_0031925.jpg,기저세포암,1,isic2019,train
data/ISIC 2019/MEL/ISIC_0055841.jpg,악성흑색종,6,isic2019,train
data/ISIC 2019/MEL/ISIC_0013518_downsampled.jpg,악성흑색종,6,isic2019,train
data/ISIC 2019/MEL/ISIC_0056422.jpg,악성흑색종,6,isic2019,train
data/ISIC 2019/BKL/ISIC_0025378.jpg,지루각화증,7,isic2019,train
data/ISIC 2019/BCC/ISIC_0067770.jpg,기저세포암,1,isic2019,train
data/ISIC 2019/BCC/ISIC_0062737.jpg,기저세포암,1,isic2019,train
data/ISIC 2019/SCC/ISIC_0030487.jpg,편평세포암,8,isic2019,train
data/ISIC 2019/BKL/ISIC_0055636.jpg,지루각화증,7,isic2019,train
data/ISIC 2019/MEL/ISIC_0073119.jpg,악성흑색종,6,isic2019,train
data/ISIC 2019/NV/ISIC_0032900.jpg,멜라닌세포모반,2,isic2019,train
data/ISIC 2019/BCC/ISIC_0059690.jpg,기저세포암,1,isic2019,train
data/ISIC 2019/NV/ISIC_0033605.jpg,멜라닌세포모반,2,isic2019,train
data/ISIC 2019/BCC/ISIC_0069812.jpg,기저세포암,1,isic2019,train
data/ISIC 2019/BKL/ISIC_0034113.jpg,지루각화증,7,isic2019,train
data/ISIC 2019/BKL/ISIC_0032636.jpg,지루각화증,7,isic2019,train
data/ISIC 2019/MEL/ISIC_0058249.jpg,악성흑색종,6,isic2019,train
data/ISIC 2019/BCC/ISIC_0061311.jpg,기저세포암,1,isic2019,train
data/ISIC 2019/BKL/ISIC_0055557.jpg,지루각화증,7,isic2019,train
data/ISIC 2019/AK/ISIC_0031108.jpg,광선각화증,0,isic2019,train
data/ISIC 2019/BKL/ISIC_0058589.jpg,지루각화증,7,isic2019,train
data/ISIC 2019/BKL/ISIC_0025973.jpg,지루각화증,7,isic2019,train
data/ISIC 2019/MEL/ISIC_0067006.jpg,악성흑색종,6,isic2019,train
data/ISIC 2019/BKL/ISIC_0025076.jpg,지루각화증,7,isic2019,train
data/ISIC 2019/VASC/ISIC_0033565.jpg,혈관종,12,isic2019,train
data/ISIC 2019/NV/ISIC_0025841.jpg,멜라닌세포모반,2,isic2019,train
data/ISIC 2019/BCC/ISIC_0028556.jpg,기저세포암,1,isic2019,train
data/ISIC 2019/MEL/ISIC_0071580.jpg,악성흑색종,6,isic2019,train
data/ISIC 2019/NV/ISIC_0027883.jpg,멜라닌세포모반,2,isic2019,train
data/ISIC 2019/MEL/ISIC_0053981.jpg,악성흑색종,6,isic2019,train
data/ISIC 2019/BKL/ISIC_0062013.jpg,지루각화증,7,isic2019,train
data/ISIC 2019/MEL/ISIC_0070927.jpg,악성흑색종,6,isic2019,train
data/ISIC 2019/MEL/ISIC_0014951_downsampled.jpg,악성흑색종,6,isic2019,train
data/ISIC 2019/MEL/ISIC_0032982.jpg,악성흑색종,6,isic2019,train
data/ISIC 2019/NV/ISIC_0000214.jpg,멜라닌세포모반,2,isic2019,train
data/ISIC 2019/DF/ISIC_0025911.jpg,피부섬유종,10,isic2019,train
data/ISIC 2019/BCC/ISIC_0062225.jpg,기저세포암,1,isic2019,train
data/ISIC 2019/MEL/ISIC_0059178.jpg,악성흑색종,6,isic2019,train
data/ISIC 2019/BKL/ISIC_0029394.jpg,지루각화증,7,isic2019,train
data/ISIC 2019/BKL/ISIC_0029764.jpg,지루각화증,7,isic2019,train
data/ISIC 2019/NV/ISIC_0030850.jpg,멜라닌세포모반,2,isic2019,train
data/ISIC 2019/MEL/ISIC_0070611.jpg,악성흑색종,6,isic2019,train
data/ISIC 2019/MEL/ISIC_0062954.jpg,악성흑색종,6,isic2019,train
data/ISIC 2019/AK/ISIC_0058902.jpg,광선각화증,0,isic2019,train
data/ISIC 2019/NV/ISIC_0012453_downsampled.jpg,멜라닌세포모반,2,isic2019,train
data/ISIC 2019/BKL/ISIC_0029823.jpg,지루각화증,7,isic2019,train
data/ISIC 2019/BCC/ISIC_0069311.jpg,기저세포암,1,isic2019,train
data/ISIC 2019/NV/ISIC_0033098.jpg,멜라닌세포모반,2,isic2019,train
data/ISIC 2019/NV/ISIC_0065517.jpg,멜라닌세포모반,2,isic2019,train
data/ISIC 2019/BKL/ISIC_0031761.jpg,지루각화증,7,isic2019,train
data/ISIC 2019/BCC/ISIC_0056477.jpg,기저세포암,1,isic2019,train
data/ISIC 2019/BKL/ISIC_0060720.jpg,지루각화증,7,isic2019,train
data/ISIC 2019/BCC/ISIC_0059012.jpg,기저세포암,1,isic2019,train
data/ISIC 2019/BCC/ISIC_0058227.jpg,기저세포암,1,isic2019,train
data/ISIC 2019/NV/ISIC_0000268.jpg,멜라닌세포모반,2,isic2019,train
data/ISIC 2019/BKL/ISIC_0031464.jpg,지루각화증,7,isic2019,train
data/ISIC 2019/BKL/ISIC_0031088.jpg,지루각화증,7,isic2019,train
data/ISIC 2019/BCC/ISIC_0026970.jpg,기저세포암,1,isic2019,train
data/ISIC 2019/BKL/ISIC_0063698.jpg,지루각화증,7,isic2019,train
data/ISIC 2019/NV/ISIC_0026795.jpg,멜라닌세포모반,2,isic2019,train
data/ISIC 2019/BKL/ISIC_0025515.jpg,지루각화증,7,isic2019,train
data/ISIC 2019/NV/ISIC_0029304.jpg,멜라닌세포모반,2,isic2019,train
data/ISIC 2019/SCC/ISIC_0070224.jpg,편평세포암,8,isic2019,train
data/ISIC 2019/NV/ISIC_0072420.jpg,멜라닌세포모반,2,isic2019,train
data/ISIC 2019/NV/ISIC_0025892.jpg,멜라닌세포모반,2,isic2019,train
data/ISIC 2019/MEL/ISIC_0068768.jpg,악성흑색종,6,isic2019,train
data/ISIC 2019/BKL/ISIC_0069015.jpg,지루각화증,7,isic2019,train
data/ISIC 2019/SCC/ISIC_0066908.jpg,편평세포암,8,isic2019,train
data/ISIC 2019/NV/ISIC_0012770_downsampled.jpg,멜라닌세포모반,2,isic2019,train
data/ISIC 2019/NV/ISIC_0059392.jpg,멜라닌세포모반,2,isic2019,train
data/ISIC 2019/MEL/ISIC_0032149.jpg,악성흑색종,6,isic2019,train
data/ISIC 2019/BCC/ISIC_0068287.jpg,기저세포암,1,isic2019,train
data/ISIC 2019/MEL/ISIC_0072714.jpg,악성흑색종,6,isic2019,train
data/ISIC 2019/DF/ISIC_0067414.jpg,피부섬유종,10,isic2019,train
data/ISIC 2019/MEL/ISIC_0054886.jpg,악성흑색종,6,isic2019,train
data/ISIC 2019/BKL/ISIC_0029548.jpg,지루각화증,7,isic2019,train
data/ISIC 2019/BCC/ISIC_0066406.jpg,기저세포암,1,isic2019,train
data/ISIC 2019/MEL/ISIC_0064120.jpg,악성흑색종,6,isic2019,train
data/ISIC 2019/BCC/ISIC_0068598.jpg,기저세포암,1,isic2019,train
data/ISIC 2019/BKL/ISIC_0057368.jpg,지루각화증,7,isic2019,train
data/ISIC 2019/VASC/ISIC_0070904.jpg,혈관종,12,isic2019,train
data/ISIC 2019/BKL/ISIC_0033306.jpg,지루각화증,7,isic2019,train
data/ISIC 2019/BCC/ISIC_0068044.jpg,기저세포암,1,isic2019,train
data/ISIC 2019/NV/ISIC_0069562.jpg,멜라닌세포모반,2,isic2019,train
data/ISIC 2019/MEL/ISIC_0033662.jpg,악성흑색종,6,isic2019,train
data/ISIC 2019/SCC/ISIC_0069446.jpg,편평세포암,8,isic2019,train
data/ISIC 2019/NV/ISIC_0011150.jpg,멜라닌세포모반,2,isic2019,train
data/ISIC 2019/BCC/ISIC_0025285.jpg,기저세포암,1,isic2019,train
data/ISIC 2019/BCC/ISIC_0033499.jpg,기저세포암,1,isic2019,train
data/ISIC 2019/NV/ISIC_0070173.jpg,멜라닌세포모반,2,isic2019,train
data/ISIC 2019/BKL/ISIC_0072665.jpg,지루각화증,7,isic2019,train
data/ISIC 2019/NV/ISIC_0033564.jpg,멜라닌세포모반,2,isic2019,train
data/ISIC 2019/MEL/ISIC_0033679.jpg,악성흑색종,6,isic2019,train
data/ISIC 2019/SCC/ISIC_0028644.jpg,편평세포암,8,isic2019,train
data/ISIC 2019/MEL/ISIC_0028418.jpg,악성흑색종,6,isic2019,train
data/ISIC 2019/BKL/ISIC_0014177_downsampled.jpg,지루각화증,7,isic2019,train
data/ISIC 2019/SCC/ISIC_0071058.jpg,편평세포암,8,isic2019,train
data/ISIC 2019/MEL/ISIC_0029146.jpg,악성흑색종,6,isic2019,train
data/ISIC 2019/NV/ISIC_0072892.jpg,멜라닌세포모반,2,isic2019,train
data/ISIC 2019/BKL/ISIC_0033127.jpg,지루각화증,7,isic2019,train
data/ISIC 2019/BCC/ISIC_0058415.jpg,기저세포암,1,isic2019,train
data/ISIC 2019/NV/ISIC_0068268.jpg,멜라닌세포모반,2,isic2019,train
data/ISIC 2019/BKL/ISIC_0059035.jpg,지루각화증,7,isic2019,train
data/ISIC 2019/NV/ISIC_0034129.jpg,멜라닌세포모반,2,isic2019,train
data/ISIC 2019/MEL/ISIC_0068583.jpg,악성흑색종,6,isic2019,train
data/ISIC 2019/BKL/ISIC_0071445.jpg,지루각화증,7,isic2019,train
data/ISIC 2019/NV/ISIC_0029773.jpg,멜라닌세포모반,2,isic2019,train
data/ISIC 2019/BCC/ISIC_0058150.jpg,기저세포암,1,isic2019,train
data/ISIC 2019/BKL/ISIC_0013667_downsampled.jpg,지루각화증,7,isic2019,train
data/ISIC 2019/MEL/ISIC_0000157.jpg,악성흑색종,6,isic2019,train
data/ISIC 2019/NV/ISIC_0063476.jpg,멜라닌세포모반,2,isic2019,train
data/ISIC 2019/NV/ISIC_0025390.jpg,멜라닌세포모반,2,isic2019,train
data/ISIC 2019/BCC/ISIC_0070701.jpg,기저세포암,1,isic2019,train
data/ISIC 2019/MEL/ISIC_0066308.jpg,악성흑색종,6,isic2019,train
data/ISIC 2019/MEL/ISIC_0061699.jpg,악성흑색종,6,isic2019,train
data/ISIC 2019/NV/ISIC_0066674.jpg,멜라닌세포모반,2,isic2019,train
data/ISIC 2019/BKL/ISIC_0031008.jpg,지루각화증,7,isic2019,train
data/ISIC 2019/MEL/ISIC_0011099.jpg,악성흑색종,6,isic2019,train
data/ISIC 2019/NV/ISIC_0070617.jpg,멜라닌세포모반,2,isic2019,train
data/ISIC 2019/BCC/ISIC_0069433.jpg,기저세포암,1,isic2019,train
data/ISIC 2019/VASC/ISIC_0024747.jpg,혈관종,12,isic2019,train
data/ISIC 2019/MEL/ISIC_0058448.jpg,악성흑색종,6,isic2019,train
data/ISIC 2019/BCC/ISIC_0053692.jpg,기저세포암,1,isic2019,train
data/ISIC 2019/BKL/ISIC_0014617_downsampled.jpg,지루각화증,7,isic2019,train
data/ISIC 2019/MEL/ISIC_0015071_downsampled.jpg,악성흑색종,6,isic2019,train
data/ISIC 2019/BCC/ISIC_0026574.jpg,기저세포암,1,isic2019,train
data/ISIC 2019/SCC/ISIC_0071976.jpg,편평세포암,8,isic2019,train
data/ISIC 2019/NV/ISIC_0054562.jpg,멜라닌세포모반,2,isic2019,train
data/ISIC 2019/NV/ISIC_0025809.jpg,멜라닌세포모반,2,isic2019,train
data/ISIC 2019/BCC/ISIC_0058342.jpg,기저세포암,1,isic2019,train
data/ISIC 2019/MEL/ISIC_0057457.jpg,악성흑색종,6,isic2019,train
data/ISIC 2019/BCC/ISIC_0032415.jpg,기저세포암,1,isic2019,train
data/ISIC 2019/SCC/ISIC_0073223.jpg,편평세포암,8,isic2019,train
data/ISIC 2019/VASC/ISIC_0032557.jpg,혈관종,12,isic2019,train
data/ISIC 2019/VASC/ISIC_0030882.jpg,혈관종,12,isic2019,train
data/ISIC 2019/MEL/ISIC_0070727.jpg,악성흑색종,6,isic2019,train
data/ISIC 2019/BCC/ISIC_0063587.jpg,기저세포암,1,isic2019,train
data/ISIC 2019/MEL/ISIC_0024647.jpg,악성흑색종,6,isic2019,train
data/ISIC 2019/BKL/ISIC_0060161.jpg,지루각화증,7,isic2019,train
data/ISIC 2019/MEL/ISIC_0024932.jpg,악성흑색종,6,isic2019,train
data/ISIC 2019/BCC/ISIC_0062868.jpg,기저세포암,1,isic2019,train
data/ISIC 2019/SCC/ISIC_0060331.jpg,편평세포암,8,isic2019,train
data/ISIC 2019/NV/ISIC_0032802.jpg,멜라닌세포모반,2,isic2019,train
data/ISIC 2019/BCC/ISIC_0061056.jpg,기저세포암,1,isic2019,train
data/ISIC 2019/MEL/ISIC_0010319.jpg,악성흑색종,6,isic2019,train
data/ISIC 2019/NV/ISIC_0071554.jpg,멜라닌세포모반,2,isic2019,train
data/ISIC 2019/MEL/ISIC_0054244.jpg,악성흑색종,6,isic2019,train
data/ISIC 2019/BCC/ISIC_0030782.jpg,기저세포암,1,isic2019,train
data/ISIC 2019/BKL/ISIC_0030488.jpg,지루각화증,7,isic2019,train
data/ISIC 2019/NV/ISIC_0060261.jpg,멜라닌세포모반,2,isic2019,train
data/ISIC 2019/BCC/ISIC_0069259.jpg,기저세포암,1,isic2019,train
data/ISIC 2019/BKL/ISIC_0058532.jpg,지루각화증,7,isic2019,train
data/ISIC 2019/AK/ISIC_0030586.jpg,광선각화증,0,isic2019,train
data/ISIC 2019/MEL/ISIC_0034263.jpg,악성흑색종,6,isic2019,train
data/ISIC 2019/NV/ISIC_0024888.jpg,멜라닌세포모반,2,isic2019,train
data/ISIC 2019/NV/ISIC_0060504.jpg,멜라닌세포모반,2,isic2019,train
data/ISIC 2019/NV/ISIC_0066647.jpg,멜라닌세포모반,2,isic2019,train
data/ISIC 2019/BCC/ISIC_0057629.jpg,기저세포암,1,isic2019,train
data/ISIC 2019/MEL/ISIC_0033217.jpg,악성흑색종,6,isic2019,train
data/ISIC 2019/NV/ISIC_0070291.jpg,멜라닌세포모반,2,isic2019,train
data/ISIC 2019/MEL/ISIC_0063998.jpg,악성흑색종,6,isic2019,train
data/ISIC 2019/AK/ISIC_0065861.jpg,광선각화증,0,isic2019,train
data/ISIC 2019/MEL/ISIC_0068629.jpg,악성흑색종,6,isic2019,train
data/ISIC 2019/BKL/ISIC_0030188.jpg,지루각화증,7,isic2019,train
data/ISIC 2019/BCC/ISIC_0061661.jpg,기저세포암,1,isic2019,train
data/ISIC 2019/BCC/ISIC_0055673.jpg,기저세포암,1,isic2019,train
data/ISIC 2019/MEL/ISIC_0061446.jpg,악성흑색종,6,isic2019,train
data/ISIC 2019/AK/ISIC_0072932.jpg,광선각화증,0,isic2019,train
data/ISIC 2019/MEL/ISIC_0059165.jpg,악성흑색종,6,isic2019,train
data/ISIC 2019/NV/ISIC_0015171_downsampled.jpg,멜라닌세포모반,2,isic2019,train
data/ISIC 2019/BKL/ISIC_0024832.jpg,지루각화증,7,isic2019,train
data/ISIC 2019/BCC/ISIC_0026343.jpg,기저세포암,1,isic2019,train
data/ISIC 2019/NV/ISIC_0012320_downsampled.jpg,멜라닌세포모반,2,isic2019,train
data/ISIC 2019/BKL/ISIC_0029062.jpg,지루각화증,7,isic2019,train
data/ISIC 2019/BCC/ISIC_0072623.jpg,기저세포암,1,isic2019,train
data/ISIC 2019/BKL/ISIC_0034126.jpg,지루각화증,7,isic2019,train
data/ISIC 2019/BCC/ISIC_0056585.jpg,기저세포암,1,isic2019,train
data/ISIC 2019/BCC/ISIC_0056563.jpg,기저세포암,1,isic2019,train
data/ISIC 2019/BKL/ISIC_0027781.jpg,지루각화증,7,isic2019,train
data/ISIC 2019/BCC/ISIC_0068639.jpg,기저세포암,1,isic2019,train
data/ISIC 2019/BCC/ISIC_0027629.jpg,기저세포암,1,isic2019,train
data/ISIC 2019/NV/ISIC_0010222.jpg,멜라닌세포모반,2,isic2019,train
data/ISIC 2019/BKL/ISIC_0013281_downsampled.jpg,지루각화증,7,isic2019,train
data/ISIC 2019/MEL/ISIC_0030824.jpg,악성흑색종,6,isic2019,train
data/ISIC 2019/BKL/ISIC_0013910_downsampled.jpg,지루각화증,7,isic2019,train
data/ISIC 2019/BCC/ISIC_0065849.jpg,기저세포암,1,isic2019,train
data/ISIC 2019/DF/ISIC_0061305.jpg,피부섬유종,10,isic2019,train
data/ISIC 2019/BCC/ISIC_0072602.jpg,기저세포암,1,isic2019,train
data/ISIC 2019/NV/ISIC_0025273.jpg,멜라닌세포모반,2,isic2019,train
data/ISIC 2019/NV/ISIC_0053922.jpg,멜라닌세포모반,2,isic2019,train
data/ISIC 2019/BKL/ISIC_0030056.jpg,지루각화증,7,isic2019,train
data/ISIC 2019/MEL/ISIC_0064396.jpg,악성흑색종,6,isic2019,train
data/ISIC 2019/MEL/ISIC_0072827.jpg,악성흑색종,6,isic2019,train
data/ISIC 2019/BKL/ISIC_0027806.jpg,지루각화증,7,isic2019,train
data/ISIC 2019/AK/ISIC_0054635.jpg,광선각화증,0,isic2019,train
data/ISIC 2019/NV/ISIC_0056543.jpg,멜라닌세포모반,2,isic2019,train
data/ISIC 2019/BCC/ISIC_0032660.jpg,기저세포암,1,isic2019,train
data/ISIC 2019/BKL/ISIC_0030522.jpg,지루각화증,7,isic2019,train
data/ISIC 2019/NV/ISIC_0032712.jpg,멜라닌세포모반,2,isic2019,train
data/ISIC 2019/MEL/ISIC_0026115.jpg,악성흑색종,6,isic2019,train
data/ISIC 2019/MEL/ISIC_0054889.jpg,악성흑색종,6,isic2019,train
data/ISIC 2019/SCC/ISIC_0066938.jpg,편평세포암,8,isic2019,train
data/ISIC 2019/BKL/ISIC_0012448_downsampled.jpg,지루각화증,7,isic2019,train
data/ISIC 2019/MEL/ISIC_0034253.jpg,악성흑색종,6,isic2019,train
data/ISIC 2019/MEL/ISIC_0070374.jpg,악성흑색종,6,isic2019,train
data/ISIC 2019/AK/ISIC_0058242.jpg,광선각화증,0,isic2019,train
data/ISIC 2019/MEL/ISIC_0055528.jpg,악성흑색종,6,isic2019,train
data/ISIC 2019/BCC/ISIC_0063967.jpg,기저세포암,1,isic2019,train
data/ISIC 2019/MEL/ISIC_0061184.jpg,악성흑색종,6,isic2019,train
data/ISIC 2019/BKL/ISIC_0031277.jpg,지루각화증,7,isic2019,train
data/ISIC 2019/NV/ISIC_0067252.jpg,멜라닌세포모반,2,isic2019,train
data/ISIC 2019/MEL/ISIC_0055003.jpg,악성흑색종,6,isic2019,train
data/ISIC 2019/MEL/ISIC_0061636.jpg,악성흑색종,6,isic2019,train
data/ISIC 2019/NV/ISIC_0031259.jpg,멜라닌세포모반,2,isic2019,train
data/ISIC 2019/NV/ISIC_0024458.jpg,멜라닌세포모반,2,isic2019,train
data/ISIC 2019/MEL/ISIC_0028127.jpg,악성흑색종,6,isic2019,train
data/ISIC 2019/BKL/ISIC_0033829.jpg,지루각화증,7,isic2019,train
data/ISIC 2019/BKL/ISIC_0057250.jpg,지루각화증,7,isic2019,train
data/ISIC 2019/NV/ISIC_0061714.jpg,멜라닌세포모반,2,isic2019,train
data/ISIC 2019/MEL/ISIC_0011126.jpg,악성흑색종,6,isic2019,train
data/ISIC 2019/MEL/ISIC_0070308.jpg,악성흑색종,6,isic2019,train
data/ISIC 2019/NV/ISIC_0030515.jpg,멜라닌세포모반,2,isic2019,train
data/ISIC 2019/BKL/ISIC_0027370.jpg,지루각화증,7,isic2019,train
data/ISIC 2019/MEL/ISIC_0000175.jpg,악성흑색종,6,isic2019,train
data/ISIC 2019/MEL/ISIC_0060266.jpg,악성흑색종,6,isic2019,train
data/ISIC 2019/BKL/ISIC_0029522.jpg,지루각화증,7,isic2019,train
data/ISIC 2019/MEL/ISIC_0061141.jpg,악성흑색종,6,isic2019,train
data/ISIC 2019/MEL/ISIC_0065997.jpg,악성흑색종,6,isic2019,train
data/ISIC 2019/BCC/ISIC_0067130.jpg,기저세포암,1,isic2019,train
data/ISIC 2019/BCC/ISIC_0059400.jpg,기저세포암,1,isic2019,train
data/ISIC 2019/BKL/ISIC_0032215.jpg,지루각화증,7,isic2019,train
data/ISIC 2019/AK/ISIC_0061767.jpg,광선각화증,0,isic2019,train
data/ISIC 2019/SCC/ISIC_0063855.jpg,편평세포암,8,isic2019,train
data/ISIC 2019/AK/ISIC_0054271.jpg,광선각화증,0,isic2019,train
data/ISIC 2019/BCC/ISIC_0056965.jpg,기저세포암,1,isic2019,train
data/ISIC 2019/MEL/ISIC_0056694.jpg,악성흑색종,6,isic2019,train
data/ISIC 2019/BKL/ISIC_0014580_downsampled.jpg,지루각화증,7,isic2019,train
data/ISIC 2019/BKL/ISIC_0026614.jpg,지루각화증,7,isic2019,train
data/ISIC 2019/SCC/ISIC_0067663.jpg,편평세포암,8,isic2019,train
data/ISIC 2019/BCC/ISIC_0059577.jpg,기저세포암,1,isic2019,train
data/ISIC 2019/VASC/ISIC_0028163.jpg,혈관종,12,isic2019,train
data/ISIC 2019/NV/ISIC_0027104.jpg,멜라닌세포모반,2,isic2019,train
data/ISIC 2019/VASC/ISIC_0033817.jpg,혈관종,12,isic2019,train
data/ISIC 2019/VASC/ISIC_0025680.jpg,혈관종,12,isic2019,train
data/ISIC 2019/BKL/ISIC_0065862.jpg,지루각화증,7,isic2019,train
data/ISIC 2019/MEL/ISIC_0034048.jpg,악성흑색종,6,isic2019,train
data/ISIC 2019/AK/ISIC_0070691.jpg,광선각화증,0,isic2019,train
data/ISIC 2019/MEL/ISIC_0065091.jpg,악성흑색종,6,isic2019,train
data/ISIC 2019/MEL/ISIC_0060222.jpg,악성흑색종,6,isic2019,train
data/ISIC 2019/DF/ISIC_0055121.jpg,피부섬유종,10,isic2019,train
data/ISIC 2019/BCC/ISIC_0065481.jpg,기저세포암,1,isic2019,train
data/ISIC 2019/NV/ISIC_0071026.jpg,멜라닌세포모반,2,isic2019,train
data/ISIC 2019/BKL/ISIC_0059706.jpg,지루각화증,7,isic2019,train
data/ISIC 2019/BKL/ISIC_0063408.jpg,지루각화증,7,isic2019,train
data/ISIC 2019/VASC/ISIC_0065503.jpg,혈관종,12,isic2019,train
data/ISIC 2019/BKL/ISIC_0065800.jpg,지루각화증,7,isic2019,train
data/ISIC 2019/AK/ISIC_0057357.jpg,광선각화증,0,isic2019,train
data/ISIC 2019/BKL/ISIC_0066046.jpg,지루각화증,7,isic2019,train
data/ISIC 2019/BCC/ISIC_0064148.jpg,기저세포암,1,isic2019,train
data/ISIC 2019/NV/ISIC_0031285.jpg,멜라닌세포모반,2,isic2019,train
data/ISIC 2019/BCC/ISIC_0069476.jpg,기저세포암,1,isic2019,train
data/ISIC 2019/NV/ISIC_0012941_downsampled.jpg,멜라닌세포모반,2,isic2019,train
data/ISIC 2019/BKL/ISIC_0025276.jpg,지루각화증,7,isic2019,train
data/ISIC 2019/NV/ISIC_0069371.jpg,멜라닌세포모반,2,isic2019,train
data/ISIC 2019/BCC/ISIC_0066121.jpg,기저세포암,1,isic2019,train
data/ISIC 2019/BCC/ISIC_0056899.jpg,기저세포암,1,isic2019,train
data/ISIC 2019/SCC/ISIC_0072250.jpg,편평세포암,8,isic2019,train
data/ISIC 2019/NV/ISIC_0032402.jpg,멜라닌세포모반,2,isic2019,train
data/ISIC 2019/SCC/ISIC_0030549.jpg,편평세포암,8,isic2019,train
data/ISIC 2019/BCC/ISIC_0032194.jpg,기저세포암,1,isic2019,train
data/ISIC 2019/BCC/ISIC_0027058.jpg,기저세포암,1,isic2019,train
data/ISIC 2019/BKL/ISIC_0012416_downsampled.jpg,지루각화증,7,isic2019,train
data/ISIC 2019/BKL/ISIC_0059191.jpg,지루각화증,7,isic2019,train
data/ISIC 2019/SCC/ISIC_0069949.jpg,편평세포암,8,isic2019,train
data/ISIC 2019/MEL/ISIC_0060155.jpg,악성흑색종,6,isic2019,train
data/ISIC 2019/MEL/ISIC_0000548.jpg,악성흑색종,6,isic2019,train
data/ISIC 2019/MEL/ISIC_0067347.jpg,악성흑색종,6,isic2019,train
data/ISIC 2019/NV/ISIC_0026187.jpg,멜라닌세포모반,2,isic2019,train
data/ISIC 2019/AK/ISIC_0069027.jpg,광선각화증,0,isic2019,train
data/ISIC 2019/MEL/ISIC_0071788.jpg,악성흑색종,6,isic2019,train
data/ISIC 2019/NV/ISIC_0026379.jpg,멜라닌세포모반,2,isic2019,train
data/ISIC 2019/BKL/ISIC_0029791.jpg,지루각화증,7,isic2019,train
data/ISIC 2019/NV/ISIC_0000436_downsampled.jpg,멜라닌세포모반,2,isic2019,train
data/ISIC 2019/NV/ISIC_0063486.jpg,멜라닌세포모반,2,isic2019,train
data/ISIC 2019/BCC/ISIC_0025711.jpg,기저세포암,1,isic2019,train
data/ISIC 2019/MEL/ISIC_0033405.jpg,악성흑색종,6,isic2019,train
data/ISIC 2019/NV/ISIC_0024328.jpg,멜라닌세포모반,2,isic2019,train
data/ISIC 2019/SCC/ISIC_0055712.jpg,편평세포암,8,isic2019,train
data/ISIC 2019/BKL/ISIC_0068859.jpg,지루각화증,7,isic2019,train
data/ISIC 2019/NV/ISIC_0009938.jpg,멜라닌세포모반,2,isic2019,train
data/ISIC 2019/SCC/ISIC_0025319.jpg,편평세포암,8,isic2019,train
data/ISIC 2019/MEL/ISIC_0063871.jpg,악성흑색종,6,isic2019,train
data/ISIC 2019/BKL/ISIC_0067726.jpg,지루각화증,7,isic2019,train
data/ISIC 2019/BCC/ISIC_0059426.jpg,기저세포암,1,isic2019,train
data/ISIC 2019/AK/ISIC_0073153.jpg,광선각화증,0,isic2019,train
data/ISIC 2019/NV/ISIC_0029551.jpg,멜라닌세포모반,2,isic2019,train
data/ISIC 2019/SCC/ISIC_0057421.jpg,편평세포암,8,isic2019,train
data/ISIC 2019/SCC/ISIC_0028224.jpg,편평세포암,8,isic2019,train
data/ISIC 2019/MEL/ISIC_0073054.jpg,악성흑색종,6,isic2019,train
data/ISIC 2019/BKL/ISIC_0057348.jpg,지루각화증,7,isic2019,train
data/ISIC 2019/NV/ISIC_0024927.jpg,멜라닌세포모반,2,isic2019,train
data/ISIC 2019/MEL/ISIC_0015119_downsampled.jpg,악성흑색종,6,isic2019,train
data/ISIC 2019/BKL/ISIC_0056759.jpg,지루각화증,7,isic2019,train
data/ISIC 2019/NV/ISIC_0033682.jpg,멜라닌세포모반,2,isic2019,train
data/ISIC 2019/BKL/ISIC_0071427.jpg,지루각화증,7,isic2019,train
data/ISIC 2019/NV/ISIC_0060518.jpg,멜라닌세포모반,2,isic2019,train
data/ISIC 2019/NV/ISIC_0062185.jpg,멜라닌세포모반,2,isic2019,train
data/ISIC 2019/BCC/ISIC_0058043.jpg,기저세포암,1,isic2019,train
data/ISIC 2019/BCC/ISIC_0067464.jpg,기저세포암,1,isic2019,train
data/ISIC 2019/NV/ISIC_0014791_downsampled.jpg,멜라닌세포모반,2,isic2019,train
data/ISIC 2019/BKL/ISIC_0059935.jpg,지루각화증,7,isic2019,train
data/ISIC 2019/BCC/ISIC_0061303.jpg,기저세포암,1,isic2019,train
data/ISIC 2019/NV/ISIC_0024872.jpg,멜라닌세포모반,2,isic2019,train
data/ISIC 2019/NV/ISIC_0031332.jpg,멜라닌세포모반,2,isic2019,train
data/ISIC 2019/MEL/ISIC_0032976.jpg,악성흑색종,6,isic2019,train
data/ISIC 2019/MEL/ISIC_0011136.jpg,악성흑색종,6,isic2019,train
data/ISIC 2019/BKL/ISIC_0025209.jpg,지루각화증,7,isic2019,train
data/ISIC 2019/NV/ISIC_0027312.jpg,멜라닌세포모반,2,isic2019,train
data/ISIC 2019/BCC/ISIC_0057903.jpg,기저세포암,1,isic2019,train
data/ISIC 2019/BCC/ISIC_0061696.jpg,기저세포암,1,isic2019,train
data/ISIC 2019/NV/ISIC_0072165.jpg,멜라닌세포모반,2,isic2019,train
data/ISIC 2019/NV/ISIC_0000243.jpg,멜라닌세포모반,2,isic2019,train
data/ISIC 2019/NV/ISIC_0028423.jpg,멜라닌세포모반,2,isic2019,train
data/ISIC 2019/BCC/ISIC_0064075.jpg,기저세포암,1,isic2019,train
data/ISIC 2019/BCC/ISIC_0060939.jpg,기저세포암,1,isic2019,train
data/ISIC 2019/MEL/ISIC_0061798.jpg,악성흑색종,6,isic2019,train
data/ISIC 2019/MEL/ISIC_0073127.jpg,악성흑색종,6,isic2019,train
data/ISIC 2019/BKL/ISIC_0013841_downsampled.jpg,지루각화증,7,isic2019,train
data/ISIC 2019/BCC/ISIC_0059210.jpg,기저세포암,1,isic2019,train
data/ISIC 2019/NV/ISIC_0059354.jpg,멜라닌세포모반,2,isic2019,train
data/ISIC 2019/BKL/ISIC_0063317.jpg,지루각화증,7,isic2019,train
data/ISIC 2019/NV/ISIC_0062943.jpg,멜라닌세포모반,2,isic2019,train
data/ISIC 2019/MEL/ISIC_0070581.jpg,악성흑색종,6,isic2019,train
data/ISIC 2019/BKL/ISIC_0072436.jpg,지루각화증,7,isic2019,train
data/ISIC 2019/NV/ISIC_0027087.jpg,멜라닌세포모반,2,isic2019,train
data/ISIC 2019/MEL/ISIC_0032603.jpg,악성흑색종,6,isic2019,train
data/ISIC 2019/MEL/ISIC_0054979.jpg,악성흑색종,6,isic2019,train
data/ISIC 2019/AK/ISIC_0072646.jpg,광선각화증,0,isic2019,train
data/ISIC 2019/MEL/ISIC_0025303.jpg,악성흑색종,6,isic2019,train
data/ISIC 2019/VASC/ISIC_0072937.jpg,혈관종,12,isic2019,train
data/ISIC 2019/NV/ISIC_0024998.jpg,멜라닌세포모반,2,isic2019,train
data/ISIC 2019/MEL/ISIC_0066750.jpg,악성흑색종,6,isic2019,train
data/ISIC 2019/SCC/ISIC_0065018.jpg,편평세포암,8,isic2019,train
data/ISIC 2019/BCC/ISIC_0053534.jpg,기저세포암,1,isic2019,train
data/ISIC 2019/BCC/ISIC_0065076.jpg,기저세포암,1,isic2019,train
data/ISIC 2019/NV/ISIC_0057774.jpg,멜라닌세포모반,2,isic2019,train
data/ISIC 2019/BKL/ISIC_0029345.jpg,지루각화증,7,isic2019,train
data/ISIC 2019/BCC/ISIC_0064681.jpg,기저세포암,1,isic2019,train
data/ISIC 2019/SCC/ISIC_0072135.jpg,편평세포암,8,isic2019,train
data/ISIC 2019/BKL/ISIC_0029060.jpg,지루각화증,7,isic2019,train
data/ISIC 2019/MEL/ISIC_0066952.jpg,악성흑색종,6,isic2019,train
data/ISIC 2019/BKL/ISIC_0028710.jpg,지루각화증,7,isic2019,train
data/ISIC 2019/BCC/ISIC_0059402.jpg,기저세포암,1,isic2019,train
data/ISIC 2019/NV/ISIC_0011107.jpg,멜라닌세포모반,2,isic2019,train
data/ISIC 2019/BKL/ISIC_0055164.jpg,지루각화증,7,isic2019,train
data/ISIC 2019/NV/ISIC_0025139.jpg,멜라닌세포모반,2,isic2019,train
data/ISIC 2019/NV/ISIC_0062693.jpg,멜라닌세포모반,2,isic2019,train
data/ISIC 2019/BCC/ISIC_0072511.jpg,기저세포암,1,isic2019,train
data/ISIC 2019/MEL/ISIC_0032790.jpg,악성흑색종,6,isic2019,train
data/ISIC 2019/BCC/ISIC_0064599.jpg,기저세포암,1,isic2019,train
data/ISIC 2019/AK/ISIC_0053764.jpg,광선각화증,0,isic2019,train
data/ISIC 2019/BCC/ISIC_0070802.jpg,기저세포암,1,isic2019,train
data/ISIC 2019/BCC/ISIC_0070523.jpg,기저세포암,1,isic2019,train
data/ISIC 2019/MEL/ISIC_0031550.jpg,악성흑색종,6,isic2019,train
data/ISIC 2019/NV/ISIC_0034124.jpg,멜라닌세포모반,2,isic2019,train
data/ISIC 2019/NV/ISIC_0059419.jpg,멜라닌세포모반,2,isic2019,train
data/ISIC 2019/MEL/ISIC_0070743.jpg,악성흑색종,6,isic2019,train
data/ISIC 2019/BCC/ISIC_0066190.jpg,기저세포암,1,isic2019,train
data/ISIC 2019/MEL/ISIC_0056626.jpg,악성흑색종,6,isic2019,train
data/ISIC 2019/SCC/ISIC_0029549.jpg,편평세포암,8,isic2019,train
data/ISIC 2019/MEL/ISIC_0060975.jpg,악성흑색종,6,isic2019,train
data/ISIC 2019/NV/ISIC_0056761.jpg,멜라닌세포모반,2,isic2019,train
data/ISIC 2019/NV/ISIC_0028997.jpg,멜라닌세포모반,2,isic2019,train
data/ISIC 2019/BCC/ISIC_0031762.jpg,기저세포암,1,isic2019,train
data/ISIC 2019/BKL/ISIC_0065631.jpg,지루각화증,7,isic2019,train
data/ISIC 2019/BCC/ISIC_0065453.jpg,기저세포암,1,isic2019,train
data/ISIC 2019/MEL/ISIC_0065001.jpg,악성흑색종,6,isic2019,train
data/ISIC 2019/MEL/ISIC_0072824.jpg,악성흑색종,6,isic2019,train
data/ISIC 2019/BCC/ISIC_0054684.jpg,기저세포암,1,isic2019,train
data/ISIC 2019/BKL/ISIC_0012501_downsampled.jpg,지루각화증,7,isic2019,train
data/ISIC 2019/BKL/ISIC_0032570.jpg,지루각화증,7,isic2019,train
data/ISIC 2019/BCC/ISIC_0069537.jpg,기저세포암,1,isic2019,train
data/ISIC 2019/MEL/ISIC_0059294.jpg,악성흑색종,6,isic2019,train
data/ISIC 2019/AK/ISIC_0059852.jpg,광선각화증,0,isic2019,train
data/ISIC 2019/NV/ISIC_0025258.jpg,멜라닌세포모반,2,isic2019,train
data/ISIC 2019/MEL/ISIC_0071931.jpg,악성흑색종,6,isic2019,train
data/ISIC 2019/NV/ISIC_0000537.jpg,멜라닌세포모반,2,isic2019,train
data/ISIC 2019/MEL/ISIC_0059077.jpg,악성흑색종,6,isic2019,train
data/ISIC 2019/MEL/ISIC_0067466.jpg,악성흑색종,6,isic2019,train
data/ISIC 2019/BKL/ISIC_0012248_downsampled.jpg,지루각화증,7,isic2019,train
data/ISIC 2019/DF/ISIC_0060890.jpg,피부섬유종,10,isic2019,train
data/ISIC 2019/NV/ISIC_0014490_downsampled.jpg,멜라닌세포모반,2,isic2019,train
data/ISIC 2019/AK/ISIC_0059561.jpg,광선각화증,0,isic2019,train
data/ISIC 2019/MEL/ISIC_0025268.jpg,악성흑색종,6,isic2019,train
data/ISIC 2019/BCC/ISIC_0067876.jpg,기저세포암,1,isic2019,train
data/ISIC 2019/MEL/ISIC_0067695.jpg,악성흑색종,6,isic2019,train
data/ISIC 2019/NV/ISIC_0033683.jpg,멜라닌세포모반,2,isic2019,train
data/ISIC 2019/DF/ISIC_0070546.jpg,피부섬유종,10,isic2019,train
data/ISIC 2019/NV/ISIC_0054838.jpg,멜라닌세포모반,2,isic2019,train
data/ISIC 2019/MEL/ISIC_0063595.jpg,악성흑색종,6,isic2019,train
data/ISIC 2019/BKL/ISIC_0054461.jpg,지루각화증,7,isic2019,train
data/ISIC 2019/BCC/ISIC_0063375.jpg,기저세포암,1,isic2019,train
data/ISIC 2019/BCC/ISIC_0060542.jpg,기저세포암,1,isic2019,train
data/ISIC 2019/BCC/ISIC_0060947.jpg,기저세포암,1,isic2019,train
data/ISIC 2019/SCC/ISIC_0061759.jpg,편평세포암,8,isic2019,train
data/ISIC 2019/SCC/ISIC_0064593.jpg,편평세포암,8,isic2019,train
data/ISIC 2019/BCC/ISIC_0069936.jpg,기저세포암,1,isic2019,train
data/ISIC 2019/BCC/ISIC_0059644.jpg,기저세포암,1,isic2019,train
data/ISIC 2019/MEL/ISIC_0064110.jpg,악성흑색종,6,isic2019,train
data/ISIC 2019/BCC/ISIC_0062090.jpg,기저세포암,1,isic2019,train
data/ISIC 2019/NV/ISIC_0059047.jpg,멜라닌세포모반,2,isic2019,train
data/ISIC 2019/BKL/ISIC_0063460.jpg,지루각화증,7,isic2019,train
data/ISIC 2019/DF/ISIC_0063817.jpg,피부섬유종,10,isic2019,train
data/ISIC 2019/BCC/ISIC_0071369.jpg,기저세포암,1,isic2019,train
data/ISIC 2019/MEL/ISIC_0059481.jpg,악성흑색종,6,isic2019,train
data/ISIC 2019/BKL/ISIC_0071511.jpg,지루각화증,7,isic2019,train
data/ISIC 2019/AK/ISIC_0053708.jpg,광선각화증,0,isic2019,train
data/ISIC 2019/BKL/ISIC_0067582.jpg,지루각화증,7,isic2019,train
data/ISIC 2019/BKL/ISIC_0060305.jpg,지루각화증,7,isic2019,train
data/ISIC 2019/MEL/ISIC_0062048.jpg,악성흑색종,6,isic2019,train
data/ISIC 2019/NV/ISIC_0013204_downsampled.jpg,멜라닌세포모반,2,isic2019,train
data/ISIC 2019/SCC/ISIC_0057224.jpg,편평세포암,8,isic2019,train
data/ISIC 2019/NV/ISIC_0025054.jpg,멜라닌세포모반,2,isic2019,train
data/ISIC 2019/MEL/ISIC_0027702.jpg,악성흑색종,6,isic2019,train
data/ISIC 2019/BKL/ISIC_0027533.jpg,지루각화증,7,isic2019,train
data/ISIC 2019/SCC/ISIC_0065816.jpg,편평세포암,8,isic2019,train
data/ISIC 2019/BKL/ISIC_0029289.jpg,지루각화증,7,isic2019,train
data/ISIC 2019/SCC/ISIC_0024450.jpg,편평세포암,8,isic2019,train
data/ISIC 2019/BKL/ISIC_0059022.jpg,지루각화증,7,isic2019,train
data/ISIC 2019/MEL/ISIC_0014372_downsampled.jpg,악성흑색종,6,isic2019,train
data/ISIC 2019/BCC/ISIC_0072625.jpg,기저세포암,1,isic2019,train
data/ISIC 2019/NV/ISIC_0028417.jpg,멜라닌세포모반,2,isic2019,train
data/ISIC 2019/AK/ISIC_0068843.jpg,광선각화증,0,isic2019,train
data/ISIC 2019/NV/ISIC_0031348.jpg,멜라닌세포모반,2,isic2019,train
data/ISIC 2019/BCC/ISIC_0054849.jpg,기저세포암,1,isic2019,train
data/ISIC 2019/AK/ISIC_0058890.jpg,광선각화증,0,isic2019,train
data/ISIC 2019/NV/ISIC_0064955.jpg,멜라닌세포모반,2,isic2019,train
data/ISIC 2019/BCC/ISIC_0061470.jpg,기저세포암,1,isic2019,train
data/ISIC 2019/NV/ISIC_0028256.jpg,멜라닌세포모반,2,isic2019,train
data/ISIC 2019/MEL/ISIC_0032070.jpg,악성흑색종,6,isic2019,train
data/ISIC 2019/BCC/ISIC_0028197.jpg,기저세포암,1,isic2019,train
data/ISIC 2019/MEL/ISIC_0033883.jpg,악성흑색종,6,isic2019,train
data/ISIC 2019/DF/ISIC_0027044.jpg,피부섬유종,10,isic2019,train
data/ISIC 2019/MEL/ISIC_0059216.jpg,악성흑색종,6,isic2019,train
data/ISIC 2019/MEL/ISIC_0063081.jpg,악성흑색종,6,isic2019,train
data/ISIC 2019/BKL/ISIC_0072456.jpg,지루각화증,7,isic2019,train
data/ISIC 2019/BCC/ISIC_0056219.jpg,기저세포암,1,isic2019,train
data/ISIC 2019/BKL/ISIC_0064750.jpg,지루각화증,7,isic2019,train
data/ISIC 2019/BKL/ISIC_0024782.jpg,지루각화증,7,isic2019,train
data/ISIC 2019/BCC/ISIC_0071899.jpg,기저세포암,1,isic2019,train
data/ISIC 2019/NV/ISIC_0026211.jpg,멜라닌세포모반,2,isic2019,train
data/ISIC 2019/NV/ISIC_0066456.jpg,멜라닌세포모반,2,isic2019,train
data/ISIC 2019/BKL/ISIC_0067557.jpg,지루각화증,7,isic2019,train
data/ISIC 2019/BCC/ISIC_0063338.jpg,기저세포암,1,isic2019,train
data/ISIC 2019/AK/ISIC_0060755.jpg,광선각화증,0,isic2019,train
data/ISIC 2019/SCC/ISIC_0068071.jpg,편평세포암,8,isic2019,train
data/ISIC 2019/BCC/ISIC_0065061.jpg,기저세포암,1,isic2019,train
data/ISIC 2019/MEL/ISIC_0067628.jpg,악성흑색종,6,isic2019,train
data/ISIC 2019/BKL/ISIC_0053569.jpg,지루각화증,7,isic2019,train
data/ISIC 2019/MEL/ISIC_0066506.jpg,악성흑색종,6,isic2019,train
data/ISIC 2019/BCC/ISIC_0054735.jpg,기저세포암,1,isic2019,train
data/ISIC 2019/MEL/ISIC_0033911.jpg,악성흑색종,6,isic2019,train
data/ISIC 2019/BCC/ISIC_0057347.jpg,기저세포암,1,isic2019,train
data/ISIC 2019/BCC/ISIC_0054567.jpg,기저세포암,1,isic2019,train
data/ISIC 2019/BKL/ISIC_0061370.jpg,지루각화증,7,isic2019,train
data/ISIC 2019/BCC/ISIC_0060086.jpg,기저세포암,1,isic2019,train
data/ISIC 2019/SCC/ISIC_0027930.jpg,편평세포암,8,isic2019,train
data/ISIC 2019/AK/ISIC_0063927.jpg,광선각화증,0,isic2019,train
data/ISIC 2019/SCC/ISIC_0071969.jpg,편평세포암,8,isic2019,train
data/ISIC 2019/NV/ISIC_0064284.jpg,멜라닌세포모반,2,isic2019,train
data/ISIC 2019/SCC/ISIC_0030158.jpg,편평세포암,8,isic2019,train
data/ISIC 2019/MEL/ISIC_0028543.jpg,악성흑색종,6,isic2019,train
data/ISIC 2019/MEL/ISIC_0061131.jpg,악성흑색종,6,isic2019,train
data/ISIC 2019/NV/ISIC_0059963.jpg,멜라닌세포모반,2,isic2019,train
data/ISIC 2019/BCC/ISIC_0069465.jpg,기저세포암,1,isic2019,train
data/ISIC 2019/BKL/ISIC_0029924.jpg,지루각화증,7,isic2019,train
data/ISIC 2019/BKL/ISIC_0032508.jpg,지루각화증,7,isic2019,train
data/ISIC 2019/BKL/ISIC_0015112_downsampled.jpg,지루각화증,7,isic2019,train
data/ISIC 2019/BCC/ISIC_0070573.jpg,기저세포암,1,isic2019,train
data/ISIC 2019/MEL/ISIC_0067776.jpg,악성흑색종,6,isic2019,train
data/ISIC 2019/BCC/ISIC_0061998.jpg,기저세포암,1,isic2019,train
data/ISIC 2019/BCC/ISIC_0069732.jpg,기저세포암,1,isic2019,train
data/ISIC 2019/MEL/ISIC_0053774.jpg,악성흑색종,6,isic2019,train
data/ISIC 2019/MEL/ISIC_0058768.jpg,악성흑색종,6,isic2019,train
data/ISIC 2019/BCC/ISIC_0070966.jpg,기저세포암,1,isic2019,train
data/ISIC 2019/BCC/ISIC_0053546.jpg,기저세포암,1,isic2019,train
data/ISIC 2019/SCC/ISIC_0030076.jpg,편평세포암,8,isic2019,train
data/ISIC 2019/NV/ISIC_0070787.jpg,멜라닌세포모반,2,isic2019,train
data/ISIC 2019/NV/ISIC_0031451.jpg,멜라닌세포모반,2,isic2019,train
data/ISIC 2019/MEL/ISIC_0013736_downsampled.jpg,악성흑색종,6,isic2019,train
data/ISIC 2019/DF/ISIC_0064413.jpg,피부섬유종,10,isic2019,train
data/ISIC 2019/BKL/ISIC_0069263.jpg,지루각화증,7,isic2019,train
data/ISIC 2019/MEL/ISIC_0026664.jpg,악성흑색종,6,isic2019,train
data/ISIC 2019/DF/ISIC_0027745.jpg,피부섬유종,10,isic2019,train
data/ISIC 2019/BCC/ISIC_0069888.jpg,기저세포암,1,isic2019,train
data/ISIC 2019/NV/ISIC_0031910.jpg,멜라닌세포모반,2,isic2019,train
data/ISIC 2019/BKL/ISIC_0029455.jpg,지루각화증,7,isic2019,train
data/ISIC 2019/MEL/ISIC_0014360_downsampled.jpg,악성흑색종,6,isic2019,train
data/ISIC 2019/NV/ISIC_0027166.jpg,멜라닌세포모반,2,isic2019,train
data/ISIC 2019/BKL/ISIC_0057636.jpg,지루각화증,7,isic2019,train
data/ISIC 2019/NV/ISIC_0055310.jpg,멜라닌세포모반,2,isic2019,train
data/ISIC 2019/AK/ISIC_0057126.jpg,광선각화증,0,isic2019,train
data/ISIC 2019/BCC/ISIC_0071056.jpg,기저세포암,1,isic2019,train
data/ISIC 2019/MEL/ISIC_0055362.jpg,악성흑색종,6,isic2019,train
data/ISIC 2019/MEL/ISIC_0055253.jpg,악성흑색종,6,isic2019,train
data/ISIC 2019/MEL/ISIC_0027863.jpg,악성흑색종,6,isic2019,train
data/ISIC 2019/BCC/ISIC_0071692.jpg,기저세포암,1,isic2019,train
data/ISIC 2019/MEL/ISIC_0068617.jpg,악성흑색종,6,isic2019,train
data/ISIC 2019/NV/ISIC_0024503.jpg,멜라닌세포모반,2,isic2019,train
data/ISIC 2019/MEL/ISIC_0026690.jpg,악성흑색종,6,isic2019,train
data/ISIC 2019/MEL/ISIC_0069058.jpg,악성흑색종,6,isic2019,train
data/ISIC 2019/NV/ISIC_0066488.jpg,멜라닌세포모반,2,isic2019,train
data/ISIC 2019/NV/ISIC_0063935.jpg,멜라닌세포모반,2,isic2019,train
data/ISIC 2019/BKL/ISIC_0012902_downsampled.jpg,지루각화증,7,isic2019,train
data/ISIC 2019/BKL/ISIC_0033199.jpg,지루각화증,7,isic2019,train
data/ISIC 2019/NV/ISIC_0062164.jpg,멜라닌세포모반,2,isic2019,train
data/ISIC 2019/AK/ISIC_0066895.jpg,광선각화증,0,isic2019,train
data/ISIC 2019/SCC/ISIC_0068955.jpg,편평세포암,8,isic2019,train
data/ISIC 2019/BKL/ISIC_0029793.jpg,지루각화증,7,isic2019,train
data/ISIC 2019/BCC/ISIC_0069161.jpg,기저세포암,1,isic2019,train
data/ISIC 2019/BCC/ISIC_0068352.jpg,기저세포암,1,isic2019,train
data/ISIC 2019/NV/ISIC_0071868.jpg,멜라닌세포모반,2,isic2019,train
data/ISIC 2019/BCC/ISIC_0063036.jpg,기저세포암,1,isic2019,train
data/ISIC 2019/MEL/ISIC_0028087.jpg,악성흑색종,6,isic2019,train
data/ISIC 2019/BKL/ISIC_0012927_downsampled.jpg,지루각화증,7,isic2019,train
data/ISIC 2019/BCC/ISIC_0059366.jpg,기저세포암,1,isic2019,train
data/ISIC 2019/NV/ISIC_0058546.jpg,멜라닌세포모반,2,isic2019,train
data/ISIC 2019/BKL/ISIC_0028233.jpg,지루각화증,7,isic2019,train
data/ISIC 2019/BCC/ISIC_0057359.jpg,기저세포암,1,isic2019,train
data/ISIC 2019/BKL/ISIC_0068575.jpg,지루각화증,7,isic2019,train
data/ISIC 2019/NV/ISIC_0068271.jpg,멜라닌세포모반,2,isic2019,train
data/ISIC 2019/MEL/ISIC_0055733.jpg,악성흑색종,6,isic2019,train
data/ISIC 2019/MEL/ISIC_0066401.jpg,악성흑색종,6,isic2019,train
data/ISIC 2019/NV/ISIC_0012141_downsampled.jpg,멜라닌세포모반,2,isic2019,train
data/ISIC 2019/BKL/ISIC_0054708.jpg,지루각화증,7,isic2019,train
data/ISIC 2019/BCC/ISIC_0054240.jpg,기저세포암,1,isic2019,train
data/ISIC 2019/NV/ISIC_0026750.jpg,멜라닌세포모반,2,isic2019,train
data/ISIC 2019/NV/ISIC_0008029_downsampled.jpg,멜라닌세포모반,2,isic2019,train
data/ISIC 2019/NV/ISIC_0029042.jpg,멜라닌세포모반,2,isic2019,train
data/ISIC 2019/BKL/ISIC_0033169.jpg,지루각화증,7,isic2019,train
data/ISIC 2019/NV/ISIC_0015007_downsampled.jpg,멜라닌세포모반,2,isic2019,train
data/ISIC 2019/BKL/ISIC_0031181.jpg,지루각화증,7,isic2019,train
data/ISIC 2019/MEL/ISIC_0033103.jpg,악성흑색종,6,isic2019,train
data/ISIC 2019/MEL/ISIC_0061950.jpg,악성흑색종,6,isic2019,train
data/ISIC 2019/MEL/ISIC_0066588.jpg,악성흑색종,6,isic2019,train
data/ISIC 2019/BKL/ISIC_0063969.jpg,지루각화증,7,isic2019,train
data/ISIC 2019/BKL/ISIC_0014600_downsampled.jpg,지루각화증,7,isic2019,train
data/ISIC 2019/BCC/ISIC_0062527.jpg,기저세포암,1,isic2019,train
data/ISIC 2019/BCC/ISIC_0069300.jpg,기저세포암,1,isic2019,train
data/ISIC 2019/MEL/ISIC_0068627.jpg,악성흑색종,6,isic2019,train
data/ISIC 2019/BKL/ISIC_0071694.jpg,지루각화증,7,isic2019,train
data/ISIC 2019/NV/ISIC_0015447_downsampled.jpg,멜라닌세포모반,2,isic2019,train
data/ISIC 2019/BKL/ISIC_0069010.jpg,지루각화증,7,isic2019,train
data/ISIC 2019/AK/ISIC_0025825.jpg,광선각화증,0,isic2019,train
data/ISIC 2019/BCC/ISIC_0062664.jpg,기저세포암,1,isic2019,train
data/ISIC 2019/BCC/ISIC_0058611.jpg,기저세포암,1,isic2019,train
data/ISIC 2019/BCC/ISIC_0057839.jpg,기저세포암,1,isic2019,train
data/ISIC 2019/AK/ISIC_0058940.jpg,광선각화증,0,isic2019,train
data/ISIC 2019/BKL/ISIC_0024435.jpg,지루각화증,7,isic2019,train
data/ISIC 2019/NV/ISIC_0072764.jpg,멜라닌세포모반,2,isic2019,train
data/ISIC 2019/BCC/ISIC_0065885.jpg,기저세포암,1,isic2019,train
data/ISIC 2019/NV/ISIC_0014225_downsampled.jpg,멜라닌세포모반,2,isic2019,train
data/ISIC 2019/SCC/ISIC_0024923.jpg,편평세포암,8,isic2019,train
data/ISIC 2019/MEL/ISIC_0069515.jpg,악성흑색종,6,isic2019,train
data/ISIC 2019/MEL/ISIC_0072624.jpg,악성흑색종,6,isic2019,train
data/ISIC 2019/AK/ISIC_0064022.jpg,광선각화증,0,isic2019,train
data/ISIC 2019/SCC/ISIC_0058622.jpg,편평세포암,8,isic2019,train
data/ISIC 2019/NV/ISIC_0031889.jpg,멜라닌세포모반,2,isic2019,train
data/ISIC 2019/NV/ISIC_0070399.jpg,멜라닌세포모반,2,isic2019,train
data/ISIC 2019/AK/ISIC_0066082.jpg,광선각화증,0,isic2019,train
data/ISIC 2019/NV/ISIC_0033207.jpg,멜라닌세포모반,2,isic2019,train
data/ISIC 2019/VASC/ISIC_0026068.jpg,혈관종,12,isic2019,train
data/ISIC 2019/BKL/ISIC_0033952.jpg,지루각화증,7,isic2019,train
data/ISIC 2019/BCC/ISIC_0024931.jpg,기저세포암,1,isic2019,train
data/ISIC 2019/BKL/ISIC_0056240.jpg,지루각화증,7,isic2019,train
data/ISIC 2019/MEL/ISIC_0062994.jpg,악성흑색종,6,isic2019,train
data/ISIC 2019/MEL/ISIC_0064462.jpg,악성흑색종,6,isic2019,train
data/ISIC 2019/MEL/ISIC_0014963_downsampled.jpg,악성흑색종,6,isic2019,train
data/ISIC 2019/SCC/ISIC_0067527.jpg,편평세포암,8,isic2019,train
data/ISIC 2019/BCC/ISIC_0064797.jpg,기저세포암,1,isic2019,train
data/ISIC 2019/BCC/ISIC_0069639.jpg,기저세포암,1,isic2019,train
data/ISIC 2019/NV/ISIC_0014803_downsampled.jpg,멜라닌세포모반,2,isic2019,train
data/ISIC 2019/BCC/ISIC_0073055.jpg,기저세포암,1,isic2019,train
data/ISIC 2019/MEL/ISIC_0054885.jpg,악성흑색종,6,isic2019,train
data/ISIC 2019/BKL/ISIC_0070565.jpg,지루각화증,7,isic2019,train
data/ISIC 2019/VASC/ISIC_0025197.jpg,혈관종,12,isic2019,train
data/ISIC 2019/BCC/ISIC_0072492.jpg,기저세포암,1,isic2019,train
data/ISIC 2019/BCC/ISIC_0062393.jpg,기저세포암,1,isic2019,train
data/ISIC 2019/BCC/ISIC_0064685.jpg,기저세포암,1,isic2019,train
data/ISIC 2019/NV/ISIC_0024684.jpg,멜라닌세포모반,2,isic2019,train
data/ISIC 2019/NV/ISIC_0063735.jpg,멜라닌세포모반,2,isic2019,train
data/ISIC 2019/BKL/ISIC_0027990.jpg,지루각화증,7,isic2019,train
data/ISIC 2019/MEL/ISIC_0069380.jpg,악성흑색종,6,isic2019,train
data/ISIC 2019/NV/ISIC_0025729.jpg,멜라닌세포모반,2,isic2019,train
data/ISIC 2019/MEL/ISIC_0064344.jpg,악성흑색종,6,isic2019,train
data/ISIC 2019/MEL/ISIC_0064759.jpg,악성흑색종,6,isic2019,train
data/ISIC 2019/MEL/ISIC_0055690.jpg,악성흑색종,6,isic2019,train
data/ISIC 2019/BKL/ISIC_0070498.jpg,지루각화증,7,isic2019,train
data/ISIC 2019/MEL/ISIC_0014506_downsampled.jpg,악성흑색종,6,isic2019,train
data/ISIC 2019/BCC/ISIC_0028890.jpg,기저세포암,1,isic2019,train
data/ISIC 2019/MEL/ISIC_0061944.jpg,악성흑색종,6,isic2019,train
data/ISIC 2019/NV/ISIC_0026119.jpg,멜라닌세포모반,2,isic2019,train
data/ISIC 2019/NV/ISIC_0028430.jpg,멜라닌세포모반,2,isic2019,train
data/ISIC 2019/MEL/ISIC_0034287.jpg,악성흑색종,6,isic2019,train
data/ISIC 2019/BCC/ISIC_0031378.jpg,기저세포암,1,isic2019,train
data/ISIC 2019/MEL/ISIC_0053570.jpg,악성흑색종,6,isic2019,train
data/ISIC 2019/BKL/ISIC_0066132.jpg,지루각화증,7,isic2019,train
data/ISIC 2019/BCC/ISIC_0059180.jpg,기저세포암,1,isic2019,train
data/ISIC 2019/MEL/ISIC_0010350.jpg,악성흑색종,6,isic2019,train
data/ISIC 2019/BCC/ISIC_0055485.jpg,기저세포암,1,isic2019,train
data/ISIC 2019/BCC/ISIC_0057642.jpg,기저세포암,1,isic2019,train
data/ISIC 2019/SCC/ISIC_0066377.jpg,편평세포암,8,isic2019,train
data/ISIC 2019/BCC/ISIC_0061186.jpg,기저세포암,1,isic2019,train
data/ISIC 2019/MEL/ISIC_0062471.jpg,악성흑색종,6,isic2019,train
data/ISIC 2019/NV/ISIC_0031472.jpg,멜라닌세포모반,2,isic2019,train
data/ISIC 2019/BCC/ISIC_0062659.jpg,기저세포암,1,isic2019,train
data/ISIC 2019/BCC/ISIC_0054113.jpg,기저세포암,1,isic2019,train
data/ISIC 2019/BCC/ISIC_0057186.jpg,기저세포암,1,isic2019,train
data/ISIC 2019/BCC/ISIC_0072471.jpg,기저세포암,1,isic2019,train
data/ISIC 2019/MEL/ISIC_0014072_downsampled.jpg,악성흑색종,6,isic2019,train
data/ISIC 2019/BKL/ISIC_0066129.jpg,지루각화증,7,isic2019,train
data/ISIC 2019/NV/ISIC_0011115.jpg,멜라닌세포모반,2,isic2019,train
data/ISIC 2019/BCC/ISIC_0058704.jpg,기저세포암,1,isic2019,train
data/ISIC 2019/VASC/ISIC_0026467.jpg,혈관종,12,isic2019,train
data/ISIC 2019/NV/ISIC_0055926.jpg,멜라닌세포모반,2,isic2019,train
data/ISIC 2019/BCC/ISIC_0072453.jpg,기저세포암,1,isic2019,train
data/ISIC 2019/BCC/ISIC_0026845.jpg,기저세포암,1,isic2019,train
data/ISIC 2019/MEL/ISIC_0056723.jpg,악성흑색종,6,isic2019,train
data/ISIC 2019/NV/ISIC_0065223.jpg,멜라닌세포모반,2,isic2019,train
data/ISIC 2019/NV/ISIC_0066017.jpg,멜라닌세포모반,2,isic2019,train
data/ISIC 2019/MEL/ISIC_0070805.jpg,악성흑색종,6,isic2019,train
data/ISIC 2019/MEL/ISIC_0015109_downsampled.jpg,악성흑색종,6,isic2019,train
data/ISIC 2019/BCC/ISIC_0032439.jpg,기저세포암,1,isic2019,train
data/ISIC 2019/BCC/ISIC_0058966.jpg,기저세포암,1,isic2019,train
data/ISIC 2019/NV/ISIC_0031059.jpg,멜라닌세포모반,2,isic2019,train
data/ISIC 2019/AK/ISIC_0030825.jpg,광선각화증,0,isic2019,train
data/ISIC 2019/BKL/ISIC_0025326.jpg,지루각화증,7,isic2019,train
data/ISIC 2019/MEL/ISIC_0063475.jpg,악성흑색종,6,isic2019,train
data/ISIC 2019/BCC/ISIC_0068869.jpg,기저세포암,1,isic2019,train
data/ISIC 2019/BCC/ISIC_0057596.jpg,기저세포암,1,isic2019,train
data/ISIC 2019/NV/ISIC_0072957.jpg,멜라닌세포모반,2,isic2019,train
data/ISIC 2019/BKL/ISIC_0064474.jpg,지루각화증,7,isic2019,train
data/ISIC 2019/BKL/ISIC_0014579_downsampled.jpg,지루각화증,7,isic2019,train
data/ISIC 2019/VASC/ISIC_0072012.jpg,혈관종,12,isic2019,train
data/ISIC 2019/BKL/ISIC_0067546.jpg,지루각화증,7,isic2019,train
data/ISIC 2019/BKL/ISIC_0058265.jpg,지루각화증,7,isic2019,train
data/ISIC 2019/NV/ISIC_0054176.jpg,멜라닌세포모반,2,isic2019,train
data/ISIC 2019/BCC/ISIC_0063900.jpg,기저세포암,1,isic2019,train
data/ISIC 2019/BCC/ISIC_0028122.jpg,기저세포암,1,isic2019,train
data/ISIC 2019/MEL/ISIC_0068677.jpg,악성흑색종,6,isic2019,train
data/ISIC 2019/SCC/ISIC_0032329.jpg,편평세포암,8,isic2019,train
data/ISIC 2019/BCC/ISIC_0029546.jpg,기저세포암,1,isic2019,train
data/ISIC 2019/BCC/ISIC_0070539.jpg,기저세포암,1,isic2019,train
data/ISIC 2019/MEL/ISIC_0025791.jpg,악성흑색종,6,isic2019,train
data/ISIC 2019/BKL/ISIC_0060920.jpg,지루각화증,7,isic2019,train
data/ISIC 2019/BKL/ISIC_0024786.jpg,지루각화증,7,isic2019,train
data/ISIC 2019/NV/ISIC_0010492.jpg,멜라닌세포모반,2,isic2019,train
data/ISIC 2019/VASC/ISIC_0067029.jpg,혈관종,12,isic2019,train
data/ISIC 2019/BKL/ISIC_0026717.jpg,지루각화증,7,isic2019,train
data/ISIC 2019/MEL/ISIC_0063157.jpg,악성흑색종,6,isic2019,train
data/ISIC 2019/SCC/ISIC_0070338.jpg,편평세포암,8,isic2019,train
data/ISIC 2019/NV/ISIC_0073209.jpg,멜라닌세포모반,2,isic2019,train
data/ISIC 2019/BKL/ISIC_0033212.jpg,지루각화증,7,isic2019,train
data/ISIC 2019/MEL/ISIC_0015110_downsampled.jpg,악성흑색종,6,isic2019,train
data/ISIC 2019/AK/ISIC_0026212.jpg,광선각화증,0,isic2019,train
data/ISIC 2019/BCC/ISIC_0064805.jpg,기저세포암,1,isic2019,train
data/ISIC 2019/BCC/ISIC_0056895.jpg,기저세포암,1,isic2019,train
data/ISIC 2019/BKL/ISIC_0032643.jpg,지루각화증,7,isic2019,train
data/ISIC 2019/BCC/ISIC_0057442.jpg,기저세포암,1,isic2019,train
data/ISIC 2019/NV/ISIC_0030725.jpg,멜라닌세포모반,2,isic2019,train
data/ISIC 2019/BCC/ISIC_0067999.jpg,기저세포암,1,isic2019,train
data/ISIC 2019/NV/ISIC_0060312.jpg,멜라닌세포모반,2,isic2019,train
data/ISIC 2019/BKL/ISIC_0028201.jpg,지루각화증,7,isic2019,train
data/ISIC 2019/MEL/ISIC_0033152.jpg,악성흑색종,6,isic2019,train
data/ISIC 2019/MEL/ISIC_0057148.jpg,악성흑색종,6,isic2019,train
data/ISIC 2019/NV/ISIC_0025933.jpg,멜라닌세포모반,2,isic2019,train
data/ISIC 2019/SCC/ISIC_0067709.jpg,편평세포암,8,isic2019,train
data/ISIC 2019/AK/ISIC_0066395.jpg,광선각화증,0,isic2019,train
data/ISIC 2019/MEL/ISIC_0034269.jpg,악성흑색종,6,isic2019,train
data/ISIC 2019/NV/ISIC_0025714.jpg,멜라닌세포모반,2,isic2019,train
data/ISIC 2019/BKL/ISIC_0054207.jpg,지루각화증,7,isic2019,train
data/ISIC 2019/VASC/ISIC_0027983.jpg,혈관종,12,isic2019,train
data/ISIC 2019/NV/ISIC_0027833.jpg,멜라닌세포모반,2,isic2019,train
data/ISIC 2019/AK/ISIC_0065628.jpg,광선각화증,0,isic2019,train
data/ISIC 2019/MEL/ISIC_0055340.jpg,악성흑색종,6,isic2019,train
data/ISIC 2019/BCC/ISIC_0069555.jpg,기저세포암,1,isic2019,train
data/ISIC 2019/BCC/ISIC_0066782.jpg,기저세포암,1,isic2019,train
data/ISIC 2019/SCC/ISIC_0055107.jpg,편평세포암,8,isic2019,train
data/ISIC 2019/BCC/ISIC_0058852.jpg,기저세포암,1,isic2019,train
data/ISIC 2019/MEL/ISIC_0055462.jpg,악성흑색종,6,isic2019,train
data/ISIC 2019/DF/ISIC_0056280.jpg,피부섬유종,10,isic2019,train
data/ISIC 2019/BCC/ISIC_0065780.jpg,기저세포암,1,isic2019,train
data/ISIC 2019/NV/ISIC_0027605.jpg,멜라닌세포모반,2,isic2019,train
data/ISIC 2019/BCC/ISIC_0072477.jpg,기저세포암,1,isic2019,train
data/ISIC 2019/BCC/ISIC_0025266.jpg,기저세포암,1,isic2019,train
data/ISIC 2019/MEL/ISIC_0071192.jpg,악성흑색종,6,isic2019,train
data/ISIC 2019/NV/ISIC_0033641.jpg,멜라닌세포모반,2,isic2019,train
data/ISIC 2019/MEL/ISIC_0032313.jpg,악성흑색종,6,isic2019,train
data/ISIC 2019/BCC/ISIC_0055768.jpg,기저세포암,1,isic2019,train
data/ISIC 2019/BKL/ISIC_0054907.jpg,지루각화증,7,isic2019,train
data/ISIC 2019/BCC/ISIC_0061344.jpg,기저세포암,1,isic2019,train
data/ISIC 2019/BCC/ISIC_0058819.jpg,기저세포암,1,isic2019,train
data/ISIC 2019/BCC/ISIC_0053769.jpg,기저세포암,1,isic2019,train
data/ISIC 2019/NV/ISIC_0026673.jpg,멜라닌세포모반,2,isic2019,train
data/ISIC 2019/NV/ISIC_0013428_downsampled.jpg,멜라닌세포모반,2,isic2019,train
data/ISIC 2019/BKL/ISIC_0061871.jpg,지루각화증,7,isic2019,train
data/ISIC 2019/BCC/ISIC_0065178.jpg,기저세포암,1,isic2019,train
data/ISIC 2019/BCC/ISIC_0071565.jpg,기저세포암,1,isic2019,train
data/ISIC 2019/MEL/ISIC_0028481.jpg,악성흑색종,6,isic2019,train
data/ISIC 2019/MEL/ISIC_0068614.jpg,악성흑색종,6,isic2019,train
data/ISIC 2019/BKL/ISIC_0056132.jpg,지루각화증,7,isic2019,train
data/ISIC 2019/NV/ISIC_0026077.jpg,멜라닌세포모반,2,isic2019,train
data/ISIC 2019/NV/ISIC_0000323.jpg,멜라닌세포모반,2,isic2019,train
data/ISIC 2019/BKL/ISIC_0073228.jpg,지루각화증,7,isic2019,train
data/ISIC 2019/MEL/ISIC_0014788_downsampled.jpg,악성흑색종,6,isic2019,train
data/ISIC 2019/MEL/ISIC_0025550.jpg,악성흑색종,6,isic2019,train
data/ISIC 2019/SCC/ISIC_0066801.jpg,편평세포암,8,isic2019,train
data/ISIC 2019/NV/ISIC_0027943.jpg,멜라닌세포모반,2,isic2019,train
data/ISIC 2019/NV/ISIC_0024685.jpg,멜라닌세포모반,2,isic2019,train
data/ISIC 2019/BCC/ISIC_0059213.jpg,기저세포암,1,isic2019,train
data/ISIC 2019/NV/ISIC_0029799.jpg,멜라닌세포모반,2,isic2019,train
data/ISIC 2019/NV/ISIC_0026261.jpg,멜라닌세포모반,2,isic2019,train
data/ISIC 2019/NV/ISIC_0068552.jpg,멜라닌세포모반,2,isic2019,train
data/ISIC 2019/NV/ISIC_0025946.jpg,멜라닌세포모반,2,isic2019,train
data/ISIC 2019/AK/ISIC_0070895.jpg,광선각화증,0,isic2019,train
data/ISIC 2019/MEL/ISIC_0072358.jpg,악성흑색종,6,isic2019,train
data/ISIC 2019/NV/ISIC_0013112_downsampled.jpg,멜라닌세포모반,2,isic2019,train
data/ISIC 2019/SCC/ISIC_0031940.jpg,편평세포암,8,isic2019,train
data/ISIC 2019/BKL/ISIC_0031601.jpg,지루각화증,7,isic2019,train
data/ISIC 2019/BKL/ISIC_0032513.jpg,지루각화증,7,isic2019,train
data/ISIC 2019/NV/ISIC_0067691.jpg,멜라닌세포모반,2,isic2019,train
data/ISIC 2019/BCC/ISIC_0056083.jpg,기저세포암,1,isic2019,train
data/ISIC 2019/AK/ISIC_0028558.jpg,광선각화증,0,isic2019,train
data/ISIC 2019/BCC/ISIC_0065330.jpg,기저세포암,1,isic2019,train
data/ISIC 2019/BKL/ISIC_0063729.jpg,지루각화증,7,isic2019,train
data/ISIC 2019/NV/ISIC_0032167.jpg,멜라닌세포모반,2,isic2019,train
data/ISIC 2019/BKL/ISIC_0014179_downsampled.jpg,지루각화증,7,isic2019,train
data/ISIC 2019/BKL/ISIC_0064518.jpg,지루각화증,7,isic2019,train
data/ISIC 2019/VASC/ISIC_0060699.jpg,혈관종,12,isic2019,train
data/ISIC 2019/MEL/ISIC_0067666.jpg,악성흑색종,6,isic2019,train
data/ISIC 2019/BKL/ISIC_0073099.jpg,지루각화증,7,isic2019,train
data/ISIC 2019/BCC/ISIC_0068068.jpg,기저세포암,1,isic2019,train
data/ISIC 2019/BCC/ISIC_0033205.jpg,기저세포암,1,isic2019,train
data/ISIC 2019/DF/ISIC_0060348.jpg,피부섬유종,10,isic2019,train
data/ISIC 2019/BKL/ISIC_0026159.jpg,지루각화증,7,isic2019,train
data/ISIC 2019/BKL/ISIC_0026895.jpg,지루각화증,7,isic2019,train
data/ISIC 2019/NV/ISIC_0058585.jpg,멜라닌세포모반,2,isic2019,train
data/ISIC 2019/NV/ISIC_0026793.jpg,멜라닌세포모반,2,isic2019,train
data/ISIC 2019/BCC/ISIC_0058069.jpg,기저세포암,1,isic2019,train
data/ISIC 2019/BKL/ISIC_0029927.jpg,지루각화증,7,isic2019,train
data/ISIC 2019/VASC/ISIC_0065439.jpg,혈관종,12,isic2019,train
data/ISIC 2019/BCC/ISIC_0072663.jpg,기저세포암,1,isic2019,train
data/ISIC 2019/MEL/ISIC_0068315.jpg,악성흑색종,6,isic2019,train
data/ISIC 2019/MEL/ISIC_0066098.jpg,악성흑색종,6,isic2019,train
data/ISIC 2019/BCC/ISIC_0068052.jpg,기저세포암,1,isic2019,train
data/ISIC 2019/BCC/ISIC_0058744.jpg,기저세포암,1,isic2019,train
data/ISIC 2019/BCC/ISIC_0027093.jpg,기저세포암,1,isic2019,train
data/ISIC 2019/BCC/ISIC_0033248.jpg,기저세포암,1,isic2019,train
data/ISIC 2019/BKL/ISIC_0058944.jpg,지루각화증,7,isic2019,train
data/ISIC 2019/MEL/ISIC_0000279.jpg,악성흑색종,6,isic2019,train
data/ISIC 2019/MEL/ISIC_0071808.jpg,악성흑색종,6,isic2019,train
data/ISIC 2019/MEL/ISIC_0027487.jpg,악성흑색종,6,isic2019,train
data/ISIC 2019/NV/ISIC_0012965_downsampled.jpg,멜라닌세포모반,2,isic2019,train
data/ISIC 2019/BCC/ISIC_0064163.jpg,기저세포암,1,isic2019,train
data/ISIC 2019/MEL/ISIC_0032903.jpg,악성흑색종,6,isic2019,train
data/ISIC 2019/BKL/ISIC_0012294_downsampled.jpg,지루각화증,7,isic2019,train
data/ISIC 2019/BCC/ISIC_0055271.jpg,기저세포암,1,isic2019,train
data/ISIC 2019/NV/ISIC_0058534.jpg,멜라닌세포모반,2,isic2019,train
data/ISIC 2019/SCC/ISIC_0061148.jpg,편평세포암,8,isic2019,train
data/ISIC 2019/MEL/ISIC_0058580.jpg,악성흑색종,6,isic2019,train
data/ISIC 2019/NV/ISIC_0026705.jpg,멜라닌세포모반,2,isic2019,train
data/ISIC 2019/AK/ISIC_0054209.jpg,광선각화증,0,isic2019,train
data/ISIC 2019/NV/ISIC_0054356.jpg,멜라닌세포모반,2,isic2019,train
data/ISIC 2019/BKL/ISIC_0014578_downsampled.jpg,지루각화증,7,isic2019,train
data/ISIC 2019/MEL/ISIC_0064877.jpg,악성흑색종,6,isic2019,train
data/ISIC 2019/NV/ISIC_0027518.jpg,멜라닌세포모반,2,isic2019,train
data/ISIC 2019/MEL/ISIC_0053555.jpg,악성흑색종,6,isic2019,train
data/ISIC 2019/MEL/ISIC_0066593.jpg,악성흑색종,6,isic2019,train
data/ISIC 2019/NV/ISIC_0056706.jpg,멜라닌세포모반,2,isic2019,train
data/ISIC 2019/BKL/ISIC_0062371.jpg,지루각화증,7,isic2019,train
data/ISIC 2019/BCC/ISIC_0054074.jpg,기저세포암,1,isic2019,train
data/ISIC 2019/MEL/ISIC_0062850.jpg,악성흑색종,6,isic2019,train
data/ISIC 2019/BCC/ISIC_0064699.jpg,기저세포암,1,isic2019,train
data/ISIC 2019/BKL/ISIC_0012932_downsampled.jpg,지루각화증,7,isic2019,train
data/ISIC 2019/SCC/ISIC_0025182.jpg,편평세포암,8,isic2019,train
data/ISIC 2019/BCC/ISIC_0064869.jpg,기저세포암,1,isic2019,train
data/ISIC 2019/NV/ISIC_0014933_downsampled.jpg,멜라닌세포모반,2,isic2019,train
data/ISIC 2019/BCC/ISIC_0028877.jpg,기저세포암,1,isic2019,train
data/ISIC 2019/MEL/ISIC_0063885.jpg,악성흑색종,6,isic2019,train
data/ISIC 2019/SCC/ISIC_0029043.jpg,편평세포암,8,isic2019,train
data/ISIC 2019/NV/ISIC_0070518.jpg,멜라닌세포모반,2,isic2019,train
data/ISIC 2019/BKL/ISIC_0024825.jpg,지루각화증,7,isic2019,train
data/ISIC 2019/BKL/ISIC_0032116.jpg,지루각화증,7,isic2019,train
data/ISIC 2019/NV/ISIC_0059888.jpg,멜라닌세포모반,2,isic2019,train
data/ISIC 2019/MEL/ISIC_0000298.jpg,악성흑색종,6,isic2019,train
data/ISIC 2019/BKL/ISIC_0064025.jpg,지루각화증,7,isic2019,train
data/ISIC 2019/NV/ISIC_0034088.jpg,멜라닌세포모반,2,isic2019,train
data/ISIC 2019/BCC/ISIC_0056942.jpg,기저세포암,1,isic2019,train
data/ISIC 2019/BKL/ISIC_0069425.jpg,지루각화증,7,isic2019,train
data/ISIC 2019/BCC/ISIC_0072539.jpg,기저세포암,1,isic2019,train
data/ISIC 2019/BKL/ISIC_0032063.jpg,지루각화증,7,isic2019,train
data/ISIC 2019/BKL/ISIC_0012415_downsampled.jpg,지루각화증,7,isic2019,train
data/ISIC 2019/NV/ISIC_0063313.jpg,멜라닌세포모반,2,isic2019,train
data/ISIC 2019/MEL/ISIC_0072989.jpg,악성흑색종,6,isic2019,train
data/ISIC 2019/BKL/ISIC_0014083_downsampled.jpg,지루각화증,7,isic2019,train
data/ISIC 2019/MEL/ISIC_0066671.jpg,악성흑색종,6,isic2019,train
data/ISIC 2019/BCC/ISIC_0073151.jpg,기저세포암,1,isic2019,train
data/ISIC 2019/BCC/ISIC_0060657.jpg,기저세포암,1,isic2019,train
data/ISIC 2019/BCC/ISIC_0061220.jpg,기저세포암,1,isic2019,train
data/ISIC 2019/BKL/ISIC_0025064.jpg,지루각화증,7,isic2019,train
data/ISIC 2019/BKL/ISIC_0032773.jpg,지루각화증,7,isic2019,train
data/ISIC 2019/MEL/ISIC_0033728.jpg,악성흑색종,6,isic2019,train
data/ISIC 2019/NV/ISIC_0057230.jpg,멜라닌세포모반,2,isic2019,train
data/ISIC 2019/BKL/ISIC_0025876.jpg,지루각화증,7,isic2019,train
data/ISIC 2019/BKL/ISIC_0070575.jpg,지루각화증,7,isic2019,train
data/ISIC 2019/BCC/ISIC_0070057.jpg,기저세포암,1,isic2019,train
data/ISIC 2019/MEL/ISIC_0062806.jpg,악성흑색종,6,isic2019,train
data/ISIC 2019/NV/ISIC_0024574.jpg,멜라닌세포모반,2,isic2019,train
data/ISIC 2019/MEL/ISIC_0054465.jpg,악성흑색종,6,isic2019,train
data/ISIC 2019/NV/ISIC_0029465.jpg,멜라닌세포모반,2,isic2019,train
data/ISIC 2019/BCC/ISIC_0064684.jpg,기저세포암,1,isic2019,train
data/ISIC 2019/BKL/ISIC_0033758.jpg,지루각화증,7,isic2019,train
data/ISIC 2019/BCC/ISIC_0065594.jpg,기저세포암,1,isic2019,train
data/ISIC 2019/BCC/ISIC_0067552.jpg,기저세포암,1,isic2019,train
data/ISIC 2019/BCC/ISIC_0072603.jpg,기저세포암,1,isic2019,train
data/ISIC 2019/MEL/ISIC_0015193_downsampled.jpg,악성흑색종,6,isic2019,train
data/ISIC 2019/VASC/ISIC_0071557.jpg,혈관종,12,isic2019,train
data/ISIC 2019/NV/ISIC_0069805.jpg,멜라닌세포모반,2,isic2019,train
data/ISIC 2019/NV/ISIC_0062790.jpg,멜라닌세포모반,2,isic2019,train
data/ISIC 2019/BKL/ISIC_0015108_downsampled.jpg,지루각화증,7,isic2019,train
data/ISIC 2019/BCC/ISIC_0028719.jpg,기저세포암,1,isic2019,train
data/ISIC 2019/BKL/ISIC_0033606.jpg,지루각화증,7,isic2019,train
data/ISIC 2019/MEL/ISIC_0015185_downsampled.jpg,악성흑색종,6,isic2019,train
data/ISIC 2019/BKL/ISIC_0073181.jpg,지루각화증,7,isic2019,train
data/ISIC 2019/BCC/ISIC_0059212.jpg,기저세포암,1,isic2019,train
data/ISIC 2019/VASC/ISIC_0071383.jpg,혈관종,12,isic2019,train
data/ISIC 2019/NV/ISIC_0032951.jpg,멜라닌세포모반,2,isic2019,train
data/ISIC 2019/NV/ISIC_0034097.jpg,멜라닌세포모반,2,isic2019,train
data/ISIC 2019/MEL/ISIC_0060096.jpg,악성흑색종,6,isic2019,train
data/ISIC 2019/BKL/ISIC_0062566.jpg,지루각화증,7,isic2019,train
data/ISIC 2019/VASC/ISIC_0027256.jpg,혈관종,12,isic2019,train
data/ISIC 2019/BCC/ISIC_0054150.jpg,기저세포암,1,isic2019,train
data/ISIC 2019/BKL/ISIC_0025575.jpg,지루각화증,7,isic2019,train
data/ISIC 2019/BCC/ISIC_0056172.jpg,기저세포암,1,isic2019,train
data/ISIC 2019/BCC/ISIC_0060195.jpg,기저세포암,1,isic2019,train
data/ISIC 2019/BKL/ISIC_0066072.jpg,지루각화증,7,isic2019,train
data/ISIC 2019/NV/ISIC_0026264.jpg,멜라닌세포모반,2,isic2019,train
data/ISIC 2019/NV/ISIC_0061724.jpg,멜라닌세포모반,2,isic2019,train
data/ISIC 2019/SCC/ISIC_0030591.jpg,편평세포암,8,isic2019,train
data/ISIC 2019/BCC/ISIC_0062569.jpg,기저세포암,1,isic2019,train
data/ISIC 2019/MEL/ISIC_0014663_downsampled.jpg,악성흑색종,6,isic2019,train
data/ISIC 2019/VASC/ISIC_0030770.jpg,혈관종,12,isic2019,train
data/ISIC 2019/BCC/ISIC_0055221.jpg,기저세포암,1,isic2019,train
data/ISIC 2019/MEL/ISIC_0000165.jpg,악성흑색종,6,isic2019,train
data/ISIC 2019/NV/ISIC_0025338.jpg,멜라닌세포모반,2,isic2019,train
data/ISIC 2019/SCC/ISIC_0058318.jpg,편평세포암,8,isic2019,train
data/ISIC 2019/BKL/ISIC_0026675.jpg,지루각화증,7,isic2019,train
data/ISIC 2019/MEL/ISIC_0071693.jpg,악성흑색종,6,isic2019,train
data/ISIC 2019/BCC/ISIC_0073109.jpg,기저세포암,1,isic2019,train
data/ISIC 2019/MEL/ISIC_0066626.jpg,악성흑색종,6,isic2019,train
data/ISIC 2019/BCC/ISIC_0067089.jpg,기저세포암,1,isic2019,train
data/ISIC 2019/MEL/ISIC_0066627.jpg,악성흑색종,6,isic2019,train
data/ISIC 2019/MEL/ISIC_0032687.jpg,악성흑색종,6,isic2019,train
data/ISIC 2019/MEL/ISIC_0061595.jpg,악성흑색종,6,isic2019,train
data/ISIC 2019/BCC/ISIC_0073148.jpg,기저세포암,1,isic2019,train
data/ISIC 2019/AK/ISIC_0059886.jpg,광선각화증,0,isic2019,train
data/ISIC 2019/NV/ISIC_0054406.jpg,멜라닌세포모반,2,isic2019,train
data/ISIC 2019/SCC/ISIC_0056621.jpg,편평세포암,8,isic2019,train
data/ISIC 2019/VASC/ISIC_0056928.jpg,혈관종,12,isic2019,train
data/ISIC 2019/BKL/ISIC_0025419.jpg,지루각화증,7,isic2019,train
data/ISIC 2019/MEL/ISIC_0073168.jpg,악성흑색종,6,isic2019,train
data/ISIC 2019/AK/ISIC_0061593.jpg,광선각화증,0,isic2019,train
data/ISIC 2019/NV/ISIC_0069529.jpg,멜라닌세포모반,2,isic2019,train
data/ISIC 2019/BKL/ISIC_0031061.jpg,지루각화증,7,isic2019,train
data/ISIC 2019/MEL/ISIC_0071892.jpg,악성흑색종,6,isic2019,train
data/ISIC 2019/BCC/ISIC_0072731.jpg,기저세포암,1,isic2019,train
data/ISIC 2019/MEL/ISIC_0033717.jpg,악성흑색종,6,isic2019,train
data/ISIC 2019/MEL/ISIC_0061491.jpg,악성흑색종,6,isic2019,train
data/ISIC 2019/NV/ISIC_0028859.jpg,멜라닌세포모반,2,isic2019,train
data/ISIC 2019/MEL/ISIC_0066947.jpg,악성흑색종,6,isic2019,train
data/ISIC 2019/AK/ISIC_0026194.jpg,광선각화증,0,isic2019,train
data/ISIC 2019/NV/ISIC_0053655.jpg,멜라닌세포모반,2,isic2019,train
data/ISIC 2019/MEL/ISIC_0068221.jpg,악성흑색종,6,isic2019,train
data/ISIC 2019/BCC/ISIC_0062851.jpg,기저세포암,1,isic2019,train
data/ISIC 2019/BCC/ISIC_0072931.jpg,기저세포암,1,isic2019,train
data/ISIC 2019/BCC/ISIC_0053621.jpg,기저세포암,1,isic2019,train
data/ISIC 2019/AK/ISIC_0067490.jpg,광선각화증,0,isic2019,train
data/ISIC 2019/VASC/ISIC_0032890.jpg,혈관종,12,isic2019,train
data/ISIC 2019/MEL/ISIC_0013767_downsampled.jpg,악성흑색종,6,isic2019,train
data/ISIC 2019/NV/ISIC_0015996_downsampled.jpg,멜라닌세포모반,2,isic2019,train
data/ISIC 2019/BCC/ISIC_0067265.jpg,기저세포암,1,isic2019,train
data/ISIC 2019/SCC/ISIC_0060580.jpg,편평세포암,8,isic2019,train
data/ISIC 2019/NV/ISIC_0063990.jpg,멜라닌세포모반,2,isic2019,train
data/ISIC 2019/SCC/ISIC_0032238.jpg,편평세포암,8,isic2019,train
data/ISIC 2019/MEL/ISIC_0060972.jpg,악성흑색종,6,isic2019,train
data/ISIC 2019/NV/ISIC_0068651.jpg,멜라닌세포모반,2,isic2019,train
data/ISIC 2019/BCC/ISIC_0070430.jpg,기저세포암,1,isic2019,train
data/ISIC 2019/MEL/ISIC_0072454.jpg,악성흑색종,6,isic2019,train
data/ISIC 2019/MEL/ISIC_0055643.jpg,악성흑색종,6,isic2019,train
data/ISIC 2019/NV/ISIC_0031500.jpg,멜라닌세포모반,2,isic2019,train
data/ISIC 2019/BCC/ISIC_0064657.jpg,기저세포암,1,isic2019,train
data/ISIC 2019/MEL/ISIC_0063470.jpg,악성흑색종,6,isic2019,train
data/ISIC 2019/SCC/ISIC_0053561.jpg,편평세포암,8,isic2019,train
data/ISIC 2019/BCC/ISIC_0059017.jpg,기저세포암,1,isic2019,train
data/ISIC 2019/BCC/ISIC_0031552.jpg,기저세포암,1,isic2019,train
data/ISIC 2019/MEL/ISIC_0031170.jpg,악성흑색종,6,isic2019,train
data/ISIC 2019/NV/ISIC_0064412.jpg,멜라닌세포모반,2,isic2019,train
data/ISIC 2019/NV/ISIC_0027147.jpg,멜라닌세포모반,2,isic2019,train
data/ISIC 2019/NV/ISIC_0025213.jpg,멜라닌세포모반,2,isic2019,train
data/ISIC 2019/BCC/ISIC_0061055.jpg,기저세포암,1,isic2019,train
data/ISIC 2019/BKL/ISIC_0015158_downsampled.jpg,지루각화증,7,isic2019,train
data/ISIC 2019/BCC/ISIC_0059447.jpg,기저세포암,1,isic2019,train
data/ISIC 2019/NV/ISIC_0058755.jpg,멜라닌세포모반,2,isic2019,train
data/ISIC 2019/BCC/ISIC_0062281.jpg,기저세포암,1,isic2019,train
data/ISIC 2019/MEL/ISIC_0061336.jpg,악성흑색종,6,isic2019,train
data/ISIC 2019/NV/ISIC_0071118.jpg,멜라닌세포모반,2,isic2019,train
data/ISIC 2019/BCC/ISIC_0069831.jpg,기저세포암,1,isic2019,train
data/ISIC 2019/NV/ISIC_0026638.jpg,멜라닌세포모반,2,isic2019,train
data/ISIC 2019/BKL/ISIC_0013341_downsampled.jpg,지루각화증,7,isic2019,train
data/ISIC 2019/NV/ISIC_0071911.jpg,멜라닌세포모반,2,isic2019,train
data/ISIC 2019/MEL/ISIC_0060140.jpg,악성흑색종,6,isic2019,train
data/ISIC 2019/MEL/ISIC_0000049_downsampled.jpg,악성흑색종,6,isic2019,train
data/ISIC 2019/MEL/ISIC_0068234.jpg,악성흑색종,6,isic2019,train
data/ISIC 2019/BCC/ISIC_0070381.jpg,기저세포암,1,isic2019,train
data/ISIC 2019/MEL/ISIC_0029157.jpg,악성흑색종,6,isic2019,train
data/ISIC 2019/MEL/ISIC_0013865_downsampled.jpg,악성흑색종,6,isic2019,train
data/ISIC 2019/MEL/ISIC_0066382.jpg,악성흑색종,6,isic2019,train
data/ISIC 2019/NV/ISIC_0028478.jpg,멜라닌세포모반,2,isic2019,train
data/ISIC 2019/MEL/ISIC_0060154.jpg,악성흑색종,6,isic2019,train
data/ISIC 2019/BCC/ISIC_0071331.jpg,기저세포암,1,isic2019,train
data/ISIC 2019/NV/ISIC_0056451.jpg,멜라닌세포모반,2,isic2019,train
data/ISIC 2019/MEL/ISIC_0065029.jpg,악성흑색종,6,isic2019,train
data/ISIC 2019/BCC/ISIC_0064931.jpg,기저세포암,1,isic2019,train
data/ISIC 2019/BKL/ISIC_0025337.jpg,지루각화증,7,isic2019,train
data/ISIC 2019/AK/ISIC_0070195.jpg,광선각화증,0,isic2019,train
data/ISIC 2019/SCC/ISIC_0067868.jpg,편평세포암,8,isic2019,train
data/ISIC 2019/DF/ISIC_0027613.jpg,피부섬유종,10,isic2019,train
data/ISIC 2019/NV/ISIC_0032106.jpg,멜라닌세포모반,2,isic2019,train
data/ISIC 2019/BKL/ISIC_0061752.jpg,지루각화증,7,isic2019,train
data/ISIC 2019/BCC/ISIC_0071672.jpg,기저세포암,1,isic2019,train
data/ISIC 2019/BKL/ISIC_0025623.jpg,지루각화증,7,isic2019,train
data/ISIC 2019/BCC/ISIC_0066727.jpg,기저세포암,1,isic2019,train
data/ISIC 2019/BCC/ISIC_0060421.jpg,기저세포암,1,isic2019,train
data/ISIC 2019/NV/ISIC_0029703.jpg,멜라닌세포모반,2,isic2019,train
data/ISIC 2019/DF/ISIC_0060809.jpg,피부섬유종,10,isic2019,train
data/ISIC 2019/NV/ISIC_0030416.jpg,멜라닌세포모반,2,isic2019,train
data/ISIC 2019/MEL/ISIC_0064406.jpg,악성흑색종,6,isic2019,train
data/ISIC 2019/BKL/ISIC_0013203_downsampled.jpg,지루각화증,7,isic2019,train
data/ISIC 2019/MEL/ISIC_0059209.jpg,악성흑색종,6,isic2019,train
data/ISIC 2019/NV/ISIC_0069858.jpg,멜라닌세포모반,2,isic2019,train
data/ISIC 2019/NV/ISIC_0026028.jpg,멜라닌세포모반,2,isic2019,train
data/ISIC 2019/AK/ISIC_0069194.jpg,광선각화증,0,isic2019,train
data/ISIC 2019/MEL/ISIC_0010000.jpg,악성흑색종,6,isic2019,train
data/ISIC 2019/NV/ISIC_0058529.jpg,멜라닌세포모반,2,isic2019,train
data/ISIC 2019/BKL/ISIC_0029308.jpg,지루각화증,7,isic2019,train
data/ISIC 2019/NV/ISIC_0028355.jpg,멜라닌세포모반,2,isic2019,train
data/ISIC 2019/BKL/ISIC_0025642.jpg,지루각화증,7,isic2019,train
data/ISIC 2019/BKL/ISIC_0013400_downsampled.jpg,지루각화증,7,isic2019,train
data/ISIC 2019/BCC/ISIC_0059516.jpg,기저세포암,1,isic2019,train
data/ISIC 2019/BKL/ISIC_0012884_downsampled.jpg,지루각화증,7,isic2019,train
data/ISIC 2019/NV/ISIC_0033351.jpg,멜라닌세포모반,2,isic2019,train
data/ISIC 2019/NV/ISIC_0025944.jpg,멜라닌세포모반,2,isic2019,train
data/ISIC 2019/AK/ISIC_0072307.jpg,광선각화증,0,isic2019,train
data/ISIC 2019/BKL/ISIC_0068596.jpg,지루각화증,7,isic2019,train
data/ISIC 2019/BCC/ISIC_0031976.jpg,기저세포암,1,isic2019,train
data/ISIC 2019/MEL/ISIC_0033925.jpg,악성흑색종,6,isic2019,train
data/ISIC 2019/DF/ISIC_0066239.jpg,피부섬유종,10,isic2019,train
data/ISIC 2019/BCC/ISIC_0069604.jpg,기저세포암,1,isic2019,train
data/ISIC 2019/MEL/ISIC_0057896.jpg,악성흑색종,6,isic2019,train
data/ISIC 2019/BCC/ISIC_0031122.jpg,기저세포암,1,isic2019,train
data/ISIC 2019/NV/ISIC_0009961.jpg,멜라닌세포모반,2,isic2019,train
data/ISIC 2019/NV/ISIC_0031690.jpg,멜라닌세포모반,2,isic2019,train
data/ISIC 2019/BKL/ISIC_0066385.jpg,지루각화증,7,isic2019,train
data/ISIC 2019/BCC/ISIC_0027998.jpg,기저세포암,1,isic2019,train
data/ISIC 2019/BCC/ISIC_0028739.jpg,기저세포암,1,isic2019,train
data/ISIC 2019/MEL/ISIC_0062708.jpg,악성흑색종,6,isic2019,train
data/ISIC 2019/NV/ISIC_0027228.jpg,멜라닌세포모반,2,isic2019,train
data/ISIC 2019/BCC/ISIC_0056235.jpg,기저세포암,1,isic2019,train
data/ISIC 2019/NV/ISIC_0033292.jpg,멜라닌세포모반,2,isic2019,train
data/ISIC 2019/SCC/ISIC_0062903.jpg,편평세포암,8,isic2019,train
data/ISIC 2019/BCC/ISIC_0058845.jpg,기저세포암,1,isic2019,train
data/ISIC 2019/SCC/ISIC_0071999.jpg,편평세포암,8,isic2019,train
data/ISIC 2019/VASC/ISIC_0032745.jpg,혈관종,12,isic2019,train
data/ISIC 2019/NV/ISIC_0032413.jpg,멜라닌세포모반,2,isic2019,train
data/ISIC 2019/BKL/ISIC_0069221.jpg,지루각화증,7,isic2019,train
data/ISIC 2019/BCC/ISIC_0063563.jpg,기저세포암,1,isic2019,train
data/ISIC 2019/NV/ISIC_0057394.jpg,멜라닌세포모반,2,isic2019,train
data/ISIC 2019/MEL/ISIC_0012395_downsampled.jpg,악성흑색종,6,isic2019,train
data/ISIC 2019/BKL/ISIC_0033660.jpg,지루각화증,7,isic2019,train
data/ISIC 2019/BCC/ISIC_0057056.jpg,기저세포암,1,isic2019,train
data/ISIC 2019/BKL/ISIC_0071871.jpg,지루각화증,7,isic2019,train
data/ISIC 2019/BKL/ISIC_0055955.jpg,지루각화증,7,isic2019,train
data/ISIC 2019/BKL/ISIC_0030436.jpg,지루각화증,7,isic2019,train
data/ISIC 2019/BKL/ISIC_0067096.jpg,지루각화증,7,isic2019,train
data/ISIC 2019/BCC/ISIC_0026433.jpg,기저세포암,1,isic2019,train
data/ISIC 2019/NV/ISIC_0033194.jpg,멜라닌세포모반,2,isic2019,train
data/ISIC 2019/BKL/ISIC_0071080.jpg,지루각화증,7,isic2019,train
data/ISIC 2019/SCC/ISIC_0072546.jpg,편평세포암,8,isic2019,train
data/ISIC 2019/NV/ISIC_0059326.jpg,멜라닌세포모반,2,isic2019,train
data/ISIC 2019/NV/ISIC_0068487.jpg,멜라닌세포모반,2,isic2019,train
data/ISIC 2019/BCC/ISIC_0054202.jpg,기저세포암,1,isic2019,train
data/ISIC 2019/BCC/ISIC_0057273.jpg,기저세포암,1,isic2019,train
data/ISIC 2019/MEL/ISIC_0061710.jpg,악성흑색종,6,isic2019,train
data/ISIC 2019/BKL/ISIC_0071902.jpg,지루각화증,7,isic2019,train
data/ISIC 2019/BCC/ISIC_0055584.jpg,기저세포암,1,isic2019,train
data/ISIC 2019/BKL/ISIC_0031876.jpg,지루각화증,7,isic2019,train
data/ISIC 2019/BKL/ISIC_0070963.jpg,지루각화증,7,isic2019,train
data/ISIC 2019/BCC/ISIC_0055681.jpg,기저세포암,1,isic2019,train
data/ISIC 2019/BKL/ISIC_0062369.jpg,지루각화증,7,isic2019,train
data/ISIC 2019/MEL/ISIC_0055810.jpg,악성흑색종,6,isic2019,train
data/ISIC 2019/SCC/ISIC_0055469.jpg,편평세포암,8,isic2019,train
data/ISIC 2019/NV/ISIC_0028940.jpg,멜라닌세포모반,2,isic2019,train
data/ISIC 2019/MEL/ISIC_0055337.jpg,악성흑색종,6,isic2019,train
data/ISIC 2019/NV/ISIC_0031826.jpg,멜라닌세포모반,2,isic2019,train
data/ISIC 2019/BCC/ISIC_0072086.jpg,기저세포암,1,isic2019,train
data/ISIC 2019/MEL/ISIC_0057370.jpg,악성흑색종,6,isic2019,train
data/ISIC 2019/MEL/ISIC_0014558_downsampled.jpg,악성흑색종,6,isic2019,train
data/ISIC 2019/BKL/ISIC_0058195.jpg,지루각화증,7,isic2019,train
data/ISIC 2019/BKL/ISIC_0012359_downsampled.jpg,지루각화증,7,isic2019,train
data/ISIC 2019/DF/ISIC_0071425.jpg,피부섬유종,10,isic2019,train
data/ISIC 2019/NV/ISIC_0069344.jpg,멜라닌세포모반,2,isic2019,train
data/ISIC 2019/NV/ISIC_0015943_downsampled.jpg,멜라닌세포모반,2,isic2019,train
data/ISIC 2019/NV/ISIC_0009160_downsampled.jpg,멜라닌세포모반,2,isic2019,train
data/ISIC 2019/BCC/ISIC_0066125.jpg,기저세포암,1,isic2019,train
data/ISIC 2019/BCC/ISIC_0029564.jpg,기저세포암,1,isic2019,train
data/ISIC 2019/MEL/ISIC_0026094.jpg,악성흑색종,6,isic2019,train
data/ISIC 2019/NV/ISIC_0065233.jpg,멜라닌세포모반,2,isic2019,train
data/ISIC 2019/NV/ISIC_0058594.jpg,멜라닌세포모반,2,isic2019,train
data/ISIC 2019/MEL/ISIC_0034005.jpg,악성흑색종,6,isic2019,train
data/ISIC 2019/SCC/ISIC_0069551.jpg,편평세포암,8,isic2019,train
data/ISIC 2019/NV/ISIC_0030433.jpg,멜라닌세포모반,2,isic2019,train
data/ISIC 2019/BKL/ISIC_0030372.jpg,지루각화증,7,isic2019,train
data/ISIC 2019/BCC/ISIC_0064325.jpg,기저세포암,1,isic2019,train
data/ISIC 2019/BKL/ISIC_0013945_downsampled.jpg,지루각화증,7,isic2019,train
data/ISIC 2019/NV/ISIC_0053752.jpg,멜라닌세포모반,2,isic2019,train
data/ISIC 2019/BCC/ISIC_0072809.jpg,기저세포암,1,isic2019,train
data/ISIC 2019/BCC/ISIC_0070943.jpg,기저세포암,1,isic2019,train
data/ISIC 2019/MEL/ISIC_0069119.jpg,악성흑색종,6,isic2019,train
data/ISIC 2019/NV/ISIC_0025636.jpg,멜라닌세포모반,2,isic2019,train
data/ISIC 2019/BCC/ISIC_0028238.jpg,기저세포암,1,isic2019,train
data/ISIC 2019/MEL/ISIC_0060032.jpg,악성흑색종,6,isic2019,train
data/ISIC 2019/MEL/ISIC_0053582.jpg,악성흑색종,6,isic2019,train
data/ISIC 2019/BCC/ISIC_0061555.jpg,기저세포암,1,isic2019,train
data/ISIC 2019/AK/ISIC_0068092.jpg,광선각화증,0,isic2019,train
data/ISIC 2019/BKL/ISIC_0014793_downsampled.jpg,지루각화증,7,isic2019,train
data/ISIC 2019/BCC/ISIC_0057445.jpg,기저세포암,1,isic2019,train
data/ISIC 2019/NV/ISIC_0029631.jpg,멜라닌세포모반,2,isic2019,train
data/ISIC 2019/BCC/ISIC_0069976.jpg,기저세포암,1,isic2019,train
data/ISIC 2019/NV/ISIC_0029950.jpg,멜라닌세포모반,2,isic2019,train
data/ISIC 2019/MEL/ISIC_0014133_downsampled.jpg,악성흑색종,6,isic2019,train
data/ISIC 2019/BKL/ISIC_0068366.jpg,지루각화증,7,isic2019,train
data/ISIC 2019/NV/ISIC_0000073.jpg,멜라닌세포모반,2,isic2019,train
data/ISIC 2019/MEL/ISIC_0068874.jpg,악성흑색종,6,isic2019,train
data/ISIC 2019/SCC/ISIC_0058934.jpg,편평세포암,8,isic2019,train
data/ISIC 2019/NV/ISIC_0000196_downsampled.jpg,멜라닌세포모반,2,isic2019,train
data/ISIC 2019/MEL/ISIC_0056984.jpg,악성흑색종,6,isic2019,train
data/ISIC 2019/MEL/ISIC_0013617_downsampled.jpg,악성흑색종,6,isic2019,train
data/ISIC 2019/BKL/ISIC_0027559.jpg,지루각화증,7,isic2019,train
data/ISIC 2019/BCC/ISIC_0066392.jpg,기저세포암,1,isic2019,train
data/ISIC 2019/BCC/ISIC_0066489.jpg,기저세포암,1,isic2019,train
data/ISIC 2019/AK/ISIC_0062940.jpg,광선각화증,0,isic2019,train
data/ISIC 2019/NV/ISIC_0056404.jpg,멜라닌세포모반,2,isic2019,train
data/ISIC 2019/BCC/ISIC_0064744.jpg,기저세포암,1,isic2019,train
data/ISIC 2019/DF/ISIC_0054951.jpg,피부섬유종,10,isic2019,train
data/ISIC 2019/NV/ISIC_0062705.jpg,멜라닌세포모반,2,isic2019,train
data/ISIC 2019/BCC/ISIC_0064399.jpg,기저세포암,1,isic2019,train
data/ISIC 2019/MEL/ISIC_0033171.jpg,악성흑색종,6,isic2019,train
data/ISIC 2019/NV/ISIC_0024603.jpg,멜라닌세포모반,2,isic2019,train
data/ISIC 2019/BKL/ISIC_0029505.jpg,지루각화증,7,isic2019,train
data/ISIC 2019/BKL/ISIC_0013981_downsampled.jpg,지루각화증,7,isic2019,train
data/ISIC 2019/MEL/ISIC_0066101.jpg,악성흑색종,6,isic2019,train
data/ISIC 2019/SCC/ISIC_0069271.jpg,편평세포암,8,isic2019,train
data/ISIC 2019/MEL/ISIC_0024482.jpg,악성흑색종,6,isic2019,train
data/ISIC 2019/AK/ISIC_0025953.jpg,광선각화증,0,isic2019,train
data/ISIC 2019/AK/ISIC_0067078.jpg,광선각화증,0,isic2019,train
data/ISIC 2019/BCC/ISIC_0058699.jpg,기저세포암,1,isic2019,train
data/ISIC 2019/NV/ISIC_0025070.jpg,멜라닌세포모반,2,isic2019,train
data/ISIC 2019/NV/ISIC_0069274.jpg,멜라닌세포모반,2,isic2019,train
data/ISIC 2019/MEL/ISIC_0065709.jpg,악성흑색종,6,isic2019,train
data/ISIC 2019/MEL/ISIC_0056901.jpg,악성흑색종,6,isic2019,train
data/ISIC 2019/NV/ISIC_0032254.jpg,멜라닌세포모반,2,isic2019,train
data/ISIC 2019/AK/ISIC_0070305.jpg,광선각화증,0,isic2019,train
data/ISIC 2019/VASC/ISIC_0054131.jpg,혈관종,12,isic2019,train
data/ISIC 2019/BCC/ISIC_0072129.jpg,기저세포암,1,isic2019,train
data/ISIC 2019/NV/ISIC_0064493.jpg,멜라닌세포모반,2,isic2019,train
data/ISIC 2019/NV/ISIC_0000480.jpg,멜라닌세포모반,2,isic2019,train
data/ISIC 2019/NV/ISIC_0026878.jpg,멜라닌세포모반,2,isic2019,train
data/ISIC 2019/BKL/ISIC_0061902.jpg,지루각화증,7,isic2019,train
data/ISIC 2019/AK/ISIC_0027562.jpg,광선각화증,0,isic2019,train
data/ISIC 2019/AK/ISIC_0032199.jpg,광선각화증,0,isic2019,train
data/ISIC 2019/NV/ISIC_0027161.jpg,멜라닌세포모반,2,isic2019,train
data/ISIC 2019/MEL/ISIC_0072374.jpg,악성흑색종,6,isic2019,train
data/ISIC 2019/NV/ISIC_0029322.jpg,멜라닌세포모반,2,isic2019,train
data/ISIC 2019/BCC/ISIC_0066922.jpg,기저세포암,1,isic2019,train
data/ISIC 2019/BCC/ISIC_0066414.jpg,기저세포암,1,isic2019,train
data/ISIC 2019/NV/ISIC_0012740_downsampled.jpg,멜라닌세포모반,2,isic2019,train
data/ISIC 2019/BKL/ISIC_0015062_downsampled.jpg,지루각화증,7,isic2019,train
data/ISIC 2019/SCC/ISIC_0066656.jpg,편평세포암,8,isic2019,train
data/ISIC 2019/NV/ISIC_0065987.jpg,멜라닌세포모반,2,isic2019,train
data/ISIC 2019/DF/ISIC_0060327.jpg,피부섬유종,10,isic2019,train
data/ISIC 2019/MEL/ISIC_0062077.jpg,악성흑색종,6,isic2019,train
data/ISIC 2019/MEL/ISIC_0071180.jpg,악성흑색종,6,isic2019,train
data/ISIC 2019/SCC/ISIC_0066259.jpg,편평세포암,8,isic2019,train
data/ISIC 2019/BCC/ISIC_0055330.jpg,기저세포암,1,isic2019,train
data/ISIC 2019/BCC/ISIC_0068862.jpg,기저세포암,1,isic2019,train
data/ISIC 2019/MEL/ISIC_0054544.jpg,악성흑색종,6,isic2019,train
data/ISIC 2019/AK/ISIC_0025992.jpg,광선각화증,0,isic2019,train
data/ISIC 2019/BCC/ISIC_0071882.jpg,기저세포암,1,isic2019,train
data/ISIC 2019/NV/ISIC_0026271.jpg,멜라닌세포모반,2,isic2019,train
data/ISIC 2019/MEL/ISIC_0058245.jpg,악성흑색종,6,isic2019,train
data/ISIC 2019/BKL/ISIC_0012117_downsampled.jpg,지루각화증,7,isic2019,train
data/ISIC 2019/MEL/ISIC_0013565_downsampled.jpg,악성흑색종,6,isic2019,train
data/ISIC 2019/BCC/ISIC_0070665.jpg,기저세포암,1,isic2019,train
data/ISIC 2019/AK/ISIC_0070737.jpg,광선각화증,0,isic2019,train
data/ISIC 2019/NV/ISIC_0013778_downsampled.jpg,멜라닌세포모반,2,isic2019,train
data/ISIC 2019/MEL/ISIC_0059170.jpg,악성흑색종,6,isic2019,train
data/ISIC 2019/NV/ISIC_0025521.jpg,멜라닌세포모반,2,isic2019,train
data/ISIC 2019/MEL/ISIC_0072405.jpg,악성흑색종,6,isic2019,train
data/ISIC 2019/MEL/ISIC_0071101.jpg,악성흑색종,6,isic2019,train
data/ISIC 2019/NV/ISIC_0027150.jpg,멜라닌세포모반,2,isic2019,train
data/ISIC 2019/AK/ISIC_0072364.jpg,광선각화증,0,isic2019,train
data/ISIC 2019/BKL/ISIC_0014640_downsampled.jpg,지루각화증,7,isic2019,train
data/ISIC 2019/AK/ISIC_0058404.jpg,광선각화증,0,isic2019,train
data/ISIC 2019/MEL/ISIC_0067513.jpg,악성흑색종,6,isic2019,train
data/ISIC 2019/MEL/ISIC_0060099.jpg,악성흑색종,6,isic2019,train
data/ISIC 2019/BKL/ISIC_0030801.jpg,지루각화증,7,isic2019,train
data/ISIC 2019/NV/ISIC_0014728_downsampled.jpg,멜라닌세포모반,2,isic2019,train
data/ISIC 2019/SCC/ISIC_0068266.jpg,편평세포암,8,isic2019,train
data/ISIC 2019/MEL/ISIC_0032856.jpg,악성흑색종,6,isic2019,train
data/ISIC 2019/BKL/ISIC_0025767.jpg,지루각화증,7,isic2019,train
data/ISIC 2019/MEL/ISIC_0033498.jpg,악성흑색종,6,isic2019,train
data/ISIC 2019/MEL/ISIC_0058947.jpg,악성흑색종,6,isic2019,train
data/ISIC 2019/NV/ISIC_0032783.jpg,멜라닌세포모반,2,isic2019,train
data/ISIC 2019/BCC/ISIC_0033979.jpg,기저세포암,1,isic2019,train
data/ISIC 2019/SCC/ISIC_0027708.jpg,편평세포암,8,isic2019,train
data/ISIC 2019/NV/ISIC_0029374.jpg,멜라닌세포모반,2,isic2019,train
data/ISIC 2019/BKL/ISIC_0063105.jpg,지루각화증,7,isic2019,train
data/ISIC 2019/BCC/ISIC_0057404.jpg,기저세포암,1,isic2019,train
data/ISIC 2019/BCC/ISIC_0061603.jpg,기저세포암,1,isic2019,train
data/ISIC 2019/BKL/ISIC_0073070.jpg,지루각화증,7,isic2019,train
data/ISIC 2019/BCC/ISIC_0066238.jpg,기저세포암,1,isic2019,train
data/ISIC 2019/NV/ISIC_0025193.jpg,멜라닌세포모반,2,isic2019,train
data/ISIC 2019/MEL/ISIC_0026458.jpg,악성흑색종,6,isic2019,train
data/ISIC 2019/MEL/ISIC_0028156.jpg,악성흑색종,6,isic2019,train
data/ISIC 2019/MEL/ISIC_0000555.jpg,악성흑색종,6,isic2019,train
data/ISIC 2019/NV/ISIC_0065222.jpg,멜라닌세포모반,2,isic2019,train
data/ISIC 2019/VASC/ISIC_0028431.jpg,혈관종,12,isic2019,train
data/ISIC 2019/BKL/ISIC_0061723.jpg,지루각화증,7,isic2019,train
data/ISIC 2019/BCC/ISIC_0061456.jpg,기저세포암,1,isic2019,train
data/ISIC 2019/MEL/ISIC_0067743.jpg,악성흑색종,6,isic2019,train
data/ISIC 2019/NV/ISIC_0024954.jpg,멜라닌세포모반,2,isic2019,train
data/ISIC 2019/MEL/ISIC_0001148_downsampled.jpg,악성흑색종,6,isic2019,train
data/ISIC 2019/BKL/ISIC_0029288.jpg,지루각화증,7,isic2019,train
data/ISIC 2019/NV/ISIC_0032771.jpg,멜라닌세포모반,2,isic2019,train
data/ISIC 2019/BCC/ISIC_0063970.jpg,기저세포암,1,isic2019,train
data/ISIC 2019/BKL/ISIC_0071140.jpg,지루각화증,7,isic2019,train
data/ISIC 2019/MEL/ISIC_0064298.jpg,악성흑색종,6,isic2019,train
data/ISIC 2019/BKL/ISIC_0063571.jpg,지루각화증,7,isic2019,train
data/ISIC 2019/BKL/ISIC_0013765_downsampled.jpg,지루각화증,7,isic2019,train
data/ISIC 2019/MEL/ISIC_0058063.jpg,악성흑색종,6,isic2019,train
data/ISIC 2019/BCC/ISIC_0058500.jpg,기저세포암,1,isic2019,train
data/ISIC 2019/DF/ISIC_0064930.jpg,피부섬유종,10,isic2019,train
data/ISIC 2019/MEL/ISIC_0030187.jpg,악성흑색종,6,isic2019,train
data/ISIC 2019/MEL/ISIC_0061418.jpg,악성흑색종,6,isic2019,train
data/ISIC 2019/BCC/ISIC_0067529.jpg,기저세포암,1,isic2019,train
data/ISIC 2019/MEL/ISIC_0071642.jpg,악성흑색종,6,isic2019,train
data/ISIC 2019/BCC/ISIC_0062464.jpg,기저세포암,1,isic2019,train
data/ISIC 2019/BKL/ISIC_0057552.jpg,지루각화증,7,isic2019,train
data/ISIC 2019/BCC/ISIC_0065249.jpg,기저세포암,1,isic2019,train
data/ISIC 2019/BKL/ISIC_0033486.jpg,지루각화증,7,isic2019,train
data/ISIC 2019/SCC/ISIC_0065455.jpg,편평세포암,8,isic2019,train
data/ISIC 2019/BKL/ISIC_0025805.jpg,지루각화증,7,isic2019,train
data/ISIC 2019/BKL/ISIC_0064786.jpg,지루각화증,7,isic2019,train
data/ISIC 2019/DF/ISIC_0071998.jpg,피부섬유종,10,isic2019,train
data/ISIC 2019/MEL/ISIC_0024987.jpg,악성흑색종,6,isic2019,train
data/ISIC 2019/BCC/ISIC_0062240.jpg,기저세포암,1,isic2019,train
data/ISIC 2019/NV/ISIC_0025447.jpg,멜라닌세포모반,2,isic2019,train
data/ISIC 2019/VASC/ISIC_0061557.jpg,혈관종,12,isic2019,train
data/ISIC 2019/BKL/ISIC_0056174.jpg,지루각화증,7,isic2019,train
data/ISIC 2019/BKL/ISIC_0056107.jpg,지루각화증,7,isic2019,train
data/ISIC 2019/BCC/ISIC_0026156.jpg,기저세포암,1,isic2019,train
data/ISIC 2019/BKL/ISIC_0030683.jpg,지루각화증,7,isic2019,train
data/ISIC 2019/AK/ISIC_0069630.jpg,광선각화증,0,isic2019,train
data/ISIC 2019/AK/ISIC_0062622.jpg,광선각화증,0,isic2019,train
data/ISIC 2019/NV/ISIC_0030716.jpg,멜라닌세포모반,2,isic2019,train
data/ISIC 2019/BCC/ISIC_0067312.jpg,기저세포암,1,isic2019,train
data/ISIC 2019/BCC/ISIC_0068160.jpg,기저세포암,1,isic2019,train
data/ISIC 2019/MEL/ISIC_0059423.jpg,악성흑색종,6,isic2019,train
data/ISIC 2019/BKL/ISIC_0062094.jpg,지루각화증,7,isic2019,train
data/ISIC 2019/BCC/ISIC_0069261.jpg,기저세포암,1,isic2019,train
data/ISIC 2019/MEL/ISIC_0057744.jpg,악성흑색종,6,isic2019,train
data/ISIC 2019/BCC/ISIC_0029193.jpg,기저세포암,1,isic2019,train
data/ISIC 2019/MEL/ISIC_0056167.jpg,악성흑색종,6,isic2019,train
data/ISIC 2019/SCC/ISIC_0072499.jpg,편평세포암,8,isic2019,train
data/ISIC 2019/BKL/ISIC_0069588.jpg,지루각화증,7,isic2019,train
data/ISIC 2019/AK/ISIC_0054333.jpg,광선각화증,0,isic2019,train
data/ISIC 2019/BCC/ISIC_0061637.jpg,기저세포암,1,isic2019,train
data/ISIC 2019/BKL/ISIC_0065647.jpg,지루각화증,7,isic2019,train
data/ISIC 2019/NV/ISIC_0056340.jpg,멜라닌세포모반,2,isic2019,train
data/ISIC 2019/MEL/ISIC_0031295.jpg,악성흑색종,6,isic2019,train
data/ISIC 2019/SCC/ISIC_0072628.jpg,편평세포암,8,isic2019,train
data/ISIC 2019/MEL/ISIC_0014546_downsampled.jpg,악성흑색종,6,isic2019,train
data/ISIC 2019/BCC/ISIC_0070461.jpg,기저세포암,1,isic2019,train
data/ISIC 2019/BKL/ISIC_0027435.jpg,지루각화증,7,isic2019,train
data/ISIC 2019/SCC/ISIC_0070290.jpg,편평세포암,8,isic2019,train
data/ISIC 2019/MEL/ISIC_0064342.jpg,악성흑색종,6,isic2019,train
data/ISIC 2019/NV/ISIC_0000380_downsampled.jpg,멜라닌세포모반,2,isic2019,train
data/ISIC 2019/BCC/ISIC_0060288.jpg,기저세포암,1,isic2019,train
data/ISIC 2019/BKL/ISIC_0028970.jpg,지루각화증,7,isic2019,train
data/ISIC 2019/NV/ISIC_0068574.jpg,멜라닌세포모반,2,isic2019,train
data/ISIC 2019/NV/ISIC_0024364.jpg,멜라닌세포모반,2,isic2019,train
data/ISIC 2019/MEL/ISIC_0057169.jpg,악성흑색종,6,isic2019,train
data/ISIC 2019/MEL/ISIC_0059929.jpg,악성흑색종,6,isic2019,train
data/ISIC 2019/NV/ISIC_0059844.jpg,멜라닌세포모반,2,isic2019,train
data/ISIC 2019/MEL/ISIC_0054624.jpg,악성흑색종,6,isic2019,train
data/ISIC 2019/BCC/ISIC_0062899.jpg,기저세포암,1,isic2019,train
data/ISIC 2019/BCC/ISIC_0029655.jpg,기저세포암,1,isic2019,train
data/ISIC 2019/NV/ISIC_0025907.jpg,멜라닌세포모반,2,isic2019,train
data/ISIC 2019/NV/ISIC_0016011_downsampled.jpg,멜라닌세포모반,2,isic2019,train
data/ISIC 2019/BKL/ISIC_0027681.jpg,지루각화증,7,isic2019,train
data/ISIC 2019/NV/ISIC_0031807.jpg,멜라닌세포모반,2,isic2019,train
data/ISIC 2019/BKL/ISIC_0071241.jpg,지루각화증,7,isic2019,train
data/ISIC 2019/BCC/ISIC_0059865.jpg,기저세포암,1,isic2019,train
data/ISIC 2019/NV/ISIC_0029430.jpg,멜라닌세포모반,2,isic2019,train
data/ISIC 2019/SCC/ISIC_0070035.jpg,편평세포암,8,isic2019,train
data/ISIC 2019/NV/ISIC_0030999.jpg,멜라닌세포모반,2,isic2019,train
data/ISIC 2019/AK/ISIC_0066056.jpg,광선각화증,0,isic2019,train
data/ISIC 2019/NV/ISIC_0027180.jpg,멜라닌세포모반,2,isic2019,train
data/ISIC 2019/BKL/ISIC_0054165.jpg,지루각화증,7,isic2019,train
data/ISIC 2019/AK/ISIC_0029500.jpg,광선각화증,0,isic2019,train
data/ISIC 2019/NV/ISIC_0007087_downsampled.jpg,멜라닌세포모반,2,isic2019,train
data/ISIC 2019/BKL/ISIC_0028094.jpg,지루각화증,7,isic2019,train
data/ISIC 2019/NV/ISIC_0026073.jpg,멜라닌세포모반,2,isic2019,train
data/ISIC 2019/MEL/ISIC_0061921.jpg,악성흑색종,6,isic2019,train
data/ISIC 2019/MEL/ISIC_0055226.jpg,악성흑색종,6,isic2019,train
data/ISIC 2019/NV/ISIC_0066604.jpg,멜라닌세포모반,2,isic2019,train
data/ISIC 2019/BKL/ISIC_0069763.jpg,지루각화증,7,isic2019,train
data/ISIC 2019/SCC/ISIC_0060059.jpg,편평세포암,8,isic2019,train
data/ISIC 2019/NV/ISIC_0012670_downsampled.jpg,멜라닌세포모반,2,isic2019,train
data/ISIC 2019/BKL/ISIC_0062300.jpg,지루각화증,7,isic2019,train
data/ISIC 2019/BKL/ISIC_0056045.jpg,지루각화증,7,isic2019,train
data/ISIC 2019/BKL/ISIC_0068521.jpg,지루각화증,7,isic2019,train
data/ISIC 2019/MEL/ISIC_0027126.jpg,악성흑색종,6,isic2019,train
data/ISIC 2019/BCC/ISIC_0073113.jpg,기저세포암,1,isic2019,train
data/ISIC 2019/SCC/ISIC_0028872.jpg,편평세포암,8,isic2019,train
data/ISIC 2019/BCC/ISIC_0062962.jpg,기저세포암,1,isic2019,train
data/ISIC 2019/BCC/ISIC_0066852.jpg,기저세포암,1,isic2019,train
data/ISIC 2019/NV/ISIC_0028779.jpg,멜라닌세포모반,2,isic2019,train
data/ISIC 2019/BKL/ISIC_0029568.jpg,지루각화증,7,isic2019,train
data/ISIC 2019/NV/ISIC_0025649.jpg,멜라닌세포모반,2,isic2019,train
data/ISIC 2019/BCC/ISIC_0056866.jpg,기저세포암,1,isic2019,train
data/ISIC 2019/BCC/ISIC_0060370.jpg,기저세포암,1,isic2019,train
data/ISIC 2019/NV/ISIC_0056733.jpg,멜라닌세포모반,2,isic2019,train
data/ISIC 2019/BCC/ISIC_0069047.jpg,기저세포암,1,isic2019,train
data/ISIC 2019/DF/ISIC_0056495.jpg,피부섬유종,10,isic2019,train
data/ISIC 2019/MEL/ISIC_0031401.jpg,악성흑색종,6,isic2019,train
data/ISIC 2019/VASC/ISIC_0027522.jpg,혈관종,12,isic2019,train
data/ISIC 2019/NV/ISIC_0024617.jpg,멜라닌세포모반,2,isic2019,train
data/ISIC 2019/AK/ISIC_0062043.jpg,광선각화증,0,isic2019,train
data/ISIC 2019/MEL/ISIC_0067318.jpg,악성흑색종,6,isic2019,train
data/ISIC 2019/MEL/ISIC_0058425.jpg,악성흑색종,6,isic2019,train
data/ISIC 2019/MEL/ISIC_0072215.jpg,악성흑색종,6,isic2019,train
data/ISIC 2019/BKL/ISIC_0073142.jpg,지루각화증,7,isic2019,train
data/ISIC 2019/NV/ISIC_0030804.jpg,멜라닌세포모반,2,isic2019,train
data/ISIC 2019/MEL/ISIC_0054193.jpg,악성흑색종,6,isic2019,train
data/ISIC 2019/NV/ISIC_0028004.jpg,멜라닌세포모반,2,isic2019,train
data/ISIC 2019/NV/ISIC_0033380.jpg,멜라닌세포모반,2,isic2019,train
data/ISIC 2019/SCC/ISIC_0031692.jpg,편평세포암,8,isic2019,train
data/ISIC 2019/SCC/ISIC_0064584.jpg,편평세포암,8,isic2019,train
data/ISIC 2019/MEL/ISIC_0028899.jpg,악성흑색종,6,isic2019,train
data/ISIC 2019/MEL/ISIC_0070313.jpg,악성흑색종,6,isic2019,train
data/ISIC 2019/BKL/ISIC_0066731.jpg,지루각화증,7,isic2019,train
data/ISIC 2019/AK/ISIC_0064617.jpg,광선각화증,0,isic2019,train
data/ISIC 2019/NV/ISIC_0032157.jpg,멜라닌세포모반,2,isic2019,train
data/ISIC 2019/BKL/ISIC_0060384.jpg,지루각화증,7,isic2019,train
data/ISIC 2019/NV/ISIC_0068314.jpg,멜라닌세포모반,2,isic2019,train
data/ISIC 2019/MEL/ISIC_0065535.jpg,악성흑색종,6,isic2019,train
data/ISIC 2019/BKL/ISIC_0012432_downsampled.jpg,지루각화증,7,isic2019,train
data/ISIC 2019/BKL/ISIC_0033581.jpg,지루각화증,7,isic2019,train
data/ISIC 2019/BCC/ISIC_0067131.jpg,기저세포암,1,isic2019,train
data/ISIC 2019/BCC/ISIC_0066250.jpg,기저세포암,1,isic2019,train
data/ISIC 2019/NV/ISIC_0066653.jpg,멜라닌세포모반,2,isic2019,train
data/ISIC 2019/SCC/ISIC_0055218.jpg,편평세포암,8,isic2019,train
data/ISIC 2019/BKL/ISIC_0058563.jpg,지루각화증,7,isic2019,train
data/ISIC 2019/NV/ISIC_0030601.jpg,멜라닌세포모반,2,isic2019,train
data/ISIC 2019/BKL/ISIC_0026661.jpg,지루각화증,7,isic2019,train
data/ISIC 2019/AK/ISIC_0070116.jpg,광선각화증,0,isic2019,train
data/ISIC 2019/MEL/ISIC_0060585.jpg,악성흑색종,6,isic2019,train
data/ISIC 2019/NV/ISIC_0008913_downsampled.jpg,멜라닌세포모반,2,isic2019,train
data/ISIC 2019/NV/ISIC_0030728.jpg,멜라닌세포모반,2,isic2019,train
data/ISIC 2019/NV/ISIC_0031435.jpg,멜라닌세포모반,2,isic2019,train
data/ISIC 2019/BKL/ISIC_0059841.jpg,지루각화증,7,isic2019,train
data/ISIC 2019/BKL/ISIC_0026409.jpg,지루각화증,7,isic2019,train
data/ISIC 2019/BCC/ISIC_0059307.jpg,기저세포암,1,isic2019,train
data/ISIC 2019/MEL/ISIC_0056659.jpg,악성흑색종,6,isic2019,train
data/ISIC 2019/BCC/ISIC_0069335.jpg,기저세포암,1,isic2019,train
data/ISIC 2019/BCC/ISIC_0063808.jpg,기저세포암,1,isic2019,train
data/ISIC 2019/AK/ISIC_0030491.jpg,광선각화증,0,isic2019,train
data/ISIC 2019/NV/ISIC_0055970.jpg,멜라닌세포모반,2,isic2019,train
data/ISIC 2019/BKL/ISIC_0029425.jpg,지루각화증,7,isic2019,train
data/ISIC 2019/NV/ISIC_0060371.jpg,멜라닌세포모반,2,isic2019,train
data/ISIC 2019/VASC/ISIC_0073012.jpg,혈관종,12,isic2019,train
data/ISIC 2019/BCC/ISIC_0054487.jpg,기저세포암,1,isic2019,train
data/ISIC 2019/VASC/ISIC_0029404.jpg,혈관종,12,isic2019,train
data/ISIC 2019/NV/ISIC_0025858.jpg,멜라닌세포모반,2,isic2019,train
data/ISIC 2019/NV/ISIC_0067015.jpg,멜라닌세포모반,2,isic2019,train
data/ISIC 2019/MEL/ISIC_0024739.jpg,악성흑색종,6,isic2019,train
data/ISIC 2019/MEL/ISIC_0000164.jpg,악성흑색종,6,isic2019,train
data/ISIC 2019/BCC/ISIC_0054347.jpg,기저세포암,1,isic2019,train
data/ISIC 2019/BCC/ISIC_0073028.jpg,기저세포암,1,isic2019,train
data/ISIC 2019/MEL/ISIC_0030901.jpg,악성흑색종,6,isic2019,train
data/ISIC 2019/SCC/ISIC_0057294.jpg,편평세포암,8,isic2019,train
data/ISIC 2019/AK/ISIC_0071015.jpg,광선각화증,0,isic2019,train
data/ISIC 2019/MEL/ISIC_0011356.jpg,악성흑색종,6,isic2019,train
data/ISIC 2019/MEL/ISIC_0010863.jpg,악성흑색종,6,isic2019,train
data/ISIC 2019/BKL/ISIC_0014620_downsampled.jpg,지루각화증,7,isic2019,train
data/ISIC 2019/BCC/ISIC_0057349.jpg,기저세포암,1,isic2019,train
data/ISIC 2019/BKL/ISIC_0014819_downsampled.jpg,지루각화증,7,isic2019,train
data/ISIC 2019/NV/ISIC_0024924.jpg,멜라닌세포모반,2,isic2019,train
data/ISIC 2019/NV/ISIC_0059454.jpg,멜라닌세포모반,2,isic2019,train
data/ISIC 2019/SCC/ISIC_0056522.jpg,편평세포암,8,isic2019,train
data/ISIC 2019/NV/ISIC_0030025.jpg,멜라닌세포모반,2,isic2019,train
data/ISIC 2019/AK/ISIC_0055889.jpg,광선각화증,0,isic2019,train
data/ISIC 2019/NV/ISIC_0024566.jpg,멜라닌세포모반,2,isic2019,train
data/ISIC 2019/BCC/ISIC_0054877.jpg,기저세포암,1,isic2019,train
data/ISIC 2019/NV/ISIC_0031991.jpg,멜라닌세포모반,2,isic2019,train
data/ISIC 2019/BKL/ISIC_0027606.jpg,지루각화증,7,isic2019,train
data/ISIC 2019/SCC/ISIC_0067544.jpg,편평세포암,8,isic2019,train
data/ISIC 2019/BCC/ISIC_0061874.jpg,기저세포암,1,isic2019,train
data/ISIC 2019/NV/ISIC_0031846.jpg,멜라닌세포모반,2,isic2019,train
data/ISIC 2019/NV/ISIC_0060473.jpg,멜라닌세포모반,2,isic2019,train
data/ISIC 2019/NV/ISIC_0032412.jpg,멜라닌세포모반,2,isic2019,train
data/ISIC 2019/AK/ISIC_0066006.jpg,광선각화증,0,isic2019,train
data/ISIC 2019/BKL/ISIC_0057576.jpg,지루각화증,7,isic2019,train
data/ISIC 2019/BCC/ISIC_0070541.jpg,기저세포암,1,isic2019,train
data/ISIC 2019/BCC/ISIC_0057352.jpg,기저세포암,1,isic2019,train
data/ISIC 2019/MEL/ISIC_0059493.jpg,악성흑색종,6,isic2019,train
data/ISIC 2019/BCC/ISIC_0030659.jpg,기저세포암,1,isic2019,train
data/ISIC 2019/MEL/ISIC_0062626.jpg,악성흑색종,6,isic2019,train
data/ISIC 2019/MEL/ISIC_0056036.jpg,악성흑색종,6,isic2019,train
data/ISIC 2019/MEL/ISIC_0060152.jpg,악성흑색종,6,isic2019,train
data/ISIC 2019/BKL/ISIC_0059695.jpg,지루각화증,7,isic2019,train
data/ISIC 2019/NV/ISIC_0000262.jpg,멜라닌세포모반,2,isic2019,train
data/ISIC 2019/NV/ISIC_0016038_downsampled.jpg,멜라닌세포모반,2,isic2019,train
data/ISIC 2019/MEL/ISIC_0070593.jpg,악성흑색종,6,isic2019,train
data/ISIC 2019/BKL/ISIC_0061338.jpg,지루각화증,7,isic2019,train
data/ISIC 2019/MEL/ISIC_0054329.jpg,악성흑색종,6,isic2019,train
data/ISIC 2019/NV/ISIC_0060039.jpg,멜라닌세포모반,2,isic2019,train
data/ISIC 2019/BCC/ISIC_0065428.jpg,기저세포암,1,isic2019,train
data/ISIC 2019/NV/ISIC_0057184.jpg,멜라닌세포모반,2,isic2019,train
data/ISIC 2019/NV/ISIC_0026833.jpg,멜라닌세포모반,2,isic2019,train
data/ISIC 2019/BCC/ISIC_0070880.jpg,기저세포암,1,isic2019,train
data/ISIC 2019/MEL/ISIC_0033063.jpg,악성흑색종,6,isic2019,train
data/ISIC 2019/BKL/ISIC_0012214_downsampled.jpg,지루각화증,7,isic2019,train
data/ISIC 2019/BCC/ISIC_0065684.jpg,기저세포암,1,isic2019,train
data/ISIC 2019/MEL/ISIC_0062925.jpg,악성흑색종,6,isic2019,train
data/ISIC 2019/MEL/ISIC_0014181_downsampled.jpg,악성흑색종,6,isic2019,train
data/ISIC 2019/BCC/ISIC_0061866.jpg,기저세포암,1,isic2019,train
data/ISIC 2019/MEL/ISIC_0065173.jpg,악성흑색종,6,isic2019,train
data/ISIC 2019/BCC/ISIC_0070437.jpg,기저세포암,1,isic2019,train
data/ISIC 2019/NV/ISIC_0062616.jpg,멜라닌세포모반,2,isic2019,train
data/ISIC 2019/NV/ISIC_0063801.jpg,멜라닌세포모반,2,isic2019,train
data/ISIC 2019/AK/ISIC_0056302.jpg,광선각화증,0,isic2019,train
data/ISIC 2019/NV/ISIC_0072305.jpg,멜라닌세포모반,2,isic2019,train
data/ISIC 2019/MEL/ISIC_0070756.jpg,악성흑색종,6,isic2019,train
data/ISIC 2019/BKL/ISIC_0068922.jpg,지루각화증,7,isic2019,train
data/ISIC 2019/NV/ISIC_0000448_downsampled.jpg,멜라닌세포모반,2,isic2019,train
data/ISIC 2019/MEL/ISIC_0060319.jpg,악성흑색종,6,isic2019,train
data/ISIC 2019/AK/ISIC_0026468.jpg,광선각화증,0,isic2019,train
data/ISIC 2019/BKL/ISIC_0055151.jpg,지루각화증,7,isic2019,train
data/ISIC 2019/NV/ISIC_0058606.jpg,멜라닌세포모반,2,isic2019,train
data/ISIC 2019/BKL/ISIC_0063818.jpg,지루각화증,7,isic2019,train
data/ISIC 2019/BKL/ISIC_0062672.jpg,지루각화증,7,isic2019,train
data/ISIC 2019/MEL/ISIC_0065974.jpg,악성흑색종,6,isic2019,train
data/ISIC 2019/MEL/ISIC_0067395.jpg,악성흑색종,6,isic2019,train
data/ISIC 2019/BKL/ISIC_0070329.jpg,지루각화증,7,isic2019,train
data/ISIC 2019/NV/ISIC_0027882.jpg,멜라닌세포모반,2,isic2019,train
data/ISIC 2019/BKL/ISIC_0014589_downsampled.jpg,지루각화증,7,isic2019,train
data/ISIC 2019/AK/ISIC_0026626.jpg,광선각화증,0,isic2019,train
data/ISIC 2019/DF/ISIC_0033422.jpg,피부섬유종,10,isic2019,train
data/ISIC 2019/SCC/ISIC_0067948.jpg,편평세포암,8,isic2019,train
data/ISIC 2019/NV/ISIC_0028768.jpg,멜라닌세포모반,2,isic2019,train
data/ISIC 2019/BCC/ISIC_0070072.jpg,기저세포암,1,isic2019,train
data/ISIC 2019/BKL/ISIC_0072224.jpg,지루각화증,7,isic2019,train
data/ISIC 2019/BCC/ISIC_0069184.jpg,기저세포암,1,isic2019,train
data/ISIC 2019/BKL/ISIC_0027270.jpg,지루각화증,7,isic2019,train
data/ISIC 2019/BKL/ISIC_0031851.jpg,지루각화증,7,isic2019,train
data/ISIC 2019/MEL/ISIC_0069370.jpg,악성흑색종,6,isic2019,train
data/ISIC 2019/VASC/ISIC_0072479.jpg,혈관종,12,isic2019,train
data/ISIC 2019/BKL/ISIC_0027025.jpg,지루각화증,7,isic2019,train
data/ISIC 2019/BCC/ISIC_0057715.jpg,기저세포암,1,isic2019,train
data/ISIC 2019/SCC/ISIC_0029059.jpg,편평세포암,8,isic2019,train
data/ISIC 2019/NV/ISIC_0033645.jpg,멜라닌세포모반,2,isic2019,train
data/ISIC 2019/SCC/ISIC_0024843.jpg,편평세포암,8,isic2019,train
data/ISIC 2019/BCC/ISIC_0059793.jpg,기저세포암,1,isic2019,train
data/ISIC 2019/NV/ISIC_0053677.jpg,멜라닌세포모반,2,isic2019,train
data/ISIC 2019/NV/ISIC_0063471.jpg,멜라닌세포모반,2,isic2019,train
data/ISIC 2019/NV/ISIC_0067453.jpg,멜라닌세포모반,2,isic2019,train
data/ISIC 2019/BCC/ISIC_0058393.jpg,기저세포암,1,isic2019,train
data/ISIC 2019/BKL/ISIC_0031024.jpg,지루각화증,7,isic2019,train
data/ISIC 2019/NV/ISIC_0026839.jpg,멜라닌세포모반,2,isic2019,train
data/ISIC 2019/MEL/ISIC_0029209.jpg,악성흑색종,6,isic2019,train
data/ISIC 2019/MEL/ISIC_0032888.jpg,악성흑색종,6,isic2019,train
data/ISIC 2019/BCC/ISIC_0056042.jpg,기저세포암,1,isic2019,train
data/ISIC 2019/MEL/ISIC_0015133_downsampled.jpg,악성흑색종,6,isic2019,train
data/ISIC 2019/BCC/ISIC_0070924.jpg,기저세포암,1,isic2019,train
data/ISIC 2019/BCC/ISIC_0068450.jpg,기저세포암,1,isic2019,train
data/ISIC 2019/MEL/ISIC_0034134.jpg,악성흑색종,6,isic2019,train
data/ISIC 2019/BKL/ISIC_0024336.jpg,지루각화증,7,isic2019,train
data/ISIC 2019/BKL/ISIC_0029291.jpg,지루각화증,7,isic2019,train
data/ISIC 2019/MEL/ISIC_0025751.jpg,악성흑색종,6,isic2019,train
data/ISIC 2019/MEL/ISIC_0055287.jpg,악성흑색종,6,isic2019,train
data/ISIC 2019/BKL/ISIC_0032756.jpg,지루각화증,7,isic2019,train
data/ISIC 2019/MEL/ISIC_0057655.jpg,악성흑색종,6,isic2019,train
data/ISIC 2019/SCC/ISIC_0056886.jpg,편평세포암,8,isic2019,train
data/ISIC 2019/NV/ISIC_0059207.jpg,멜라닌세포모반,2,isic2019,train
data/ISIC 2019/BKL/ISIC_0033056.jpg,지루각화증,7,isic2019,train
data/ISIC 2019/BCC/ISIC_0056293.jpg,기저세포암,1,isic2019,train
data/ISIC 2019/BCC/ISIC_0068322.jpg,기저세포암,1,isic2019,train
data/ISIC 2019/BCC/ISIC_0055497.jpg,기저세포암,1,isic2019,train
data/ISIC 2019/NV/ISIC_0009909.jpg,멜라닌세포모반,2,isic2019,train
data/ISIC 2019/BCC/ISIC_0072247.jpg,기저세포암,1,isic2019,train
data/ISIC 2019/NV/ISIC_0028174.jpg,멜라닌세포모반,2,isic2019,train
data/ISIC 2019/AK/ISIC_0070243.jpg,광선각화증,0,isic2019,train
data/ISIC 2019/SCC/ISIC_0072933.jpg,편평세포암,8,isic2019,train
data/ISIC 2019/BCC/ISIC_0061205.jpg,기저세포암,1,isic2019,train
data/ISIC 2019/MEL/ISIC_0032724.jpg,악성흑색종,6,isic2019,train
data/ISIC 2019/SCC/ISIC_0061451.jpg,편평세포암,8,isic2019,train
data/ISIC 2019/NV/ISIC_0011367.jpg,멜라닌세포모반,2,isic2019,train
data/ISIC 2019/BKL/ISIC_0033491.jpg,지루각화증,7,isic2019,train
data/ISIC 2019/BCC/ISIC_0063984.jpg,기저세포암,1,isic2019,train
data/ISIC 2019/DF/ISIC_0024553.jpg,피부섬유종,10,isic2019,train
data/ISIC 2019/BKL/ISIC_0061098.jpg,지루각화증,7,isic2019,train
data/ISIC 2019/NV/ISIC_0063768.jpg,멜라닌세포모반,2,isic2019,train
data/ISIC 2019/BKL/ISIC_0069516.jpg,지루각화증,7,isic2019,train
data/ISIC 2019/NV/ISIC_0032494.jpg,멜라닌세포모반,2,isic2019,train
data/ISIC 2019/NV/ISIC_0031089.jpg,멜라닌세포모반,2,isic2019,train
data/ISIC 2019/VASC/ISIC_0025321.jpg,혈관종,12,isic2019,train
data/ISIC 2019/MEL/ISIC_0030031.jpg,악성흑색종,6,isic2019,train
data/ISIC 2019/MEL/ISIC_0060114.jpg,악성흑색종,6,isic2019,train
data/ISIC 2019/MEL/ISIC_0055902.jpg,악성흑색종,6,isic2019,train
data/ISIC 2019/NV/ISIC_0024656.jpg,멜라닌세포모반,2,isic2019,train
data/ISIC 2019/NV/ISIC_0013843_downsampled.jpg,멜라닌세포모반,2,isic2019,train
data/ISIC 2019/BKL/ISIC_0024883.jpg,지루각화증,7,isic2019,train
data/ISIC 2019/AK/ISIC_0065633.jpg,광선각화증,0,isic2019,train
data/ISIC 2019/BCC/ISIC_0065602.jpg,기저세포암,1,isic2019,train
data/ISIC 2019/AK/ISIC_0058640.jpg,광선각화증,0,isic2019,train
data/ISIC 2019/BCC/ISIC_0073071.jpg,기저세포암,1,isic2019,train
data/ISIC 2019/AK/ISIC_0064211.jpg,광선각화증,0,isic2019,train
data/ISIC 2019/NV/ISIC_0033106.jpg,멜라닌세포모반,2,isic2019,train
data/ISIC 2019/BKL/ISIC_0027037.jpg,지루각화증,7,isic2019,train
data/ISIC 2019/BCC/ISIC_0065710.jpg,기저세포암,1,isic2019,train
data/ISIC 2019/NV/ISIC_0067551.jpg,멜라닌세포모반,2,isic2019,train
data/ISIC 2019/NV/ISIC_0025177.jpg,멜라닌세포모반,2,isic2019,train
data/ISIC 2019/BKL/ISIC_0025939.jpg,지루각화증,7,isic2019,train
data/ISIC 2019/SCC/ISIC_0030986.jpg,편평세포암,8,isic2019,train
data/ISIC 2019/BCC/ISIC_0029337.jpg,기저세포암,1,isic2019,train
data/ISIC 2019/AK/ISIC_0055844.jpg,광선각화증,0,isic2019,train
data/ISIC 2019/BCC/ISIC_0027851.jpg,기저세포암,1,isic2019,train
data/ISIC 2019/MEL/ISIC_0065655.jpg,악성흑색종,6,isic2019,train
data/ISIC 2019/SCC/ISIC_0055112.jpg,편평세포암,8,isic2019,train
data/ISIC 2019/AK/ISIC_0057526.jpg,광선각화증,0,isic2019,train
data/ISIC 2019/NV/ISIC_0010593.jpg,멜라닌세포모반,2,isic2019,train
data/ISIC 2019/BCC/ISIC_0053558.jpg,기저세포암,1,isic2019,train
data/ISIC 2019/BCC/ISIC_0071172.jpg,기저세포암,1,isic2019,train
data/ISIC 2019/MEL/ISIC_0029502.jpg,악성흑색종,6,isic2019,train
data/ISIC 2019/BCC/ISIC_0060112.jpg,기저세포암,1,isic2019,train
data/ISIC 2019/BKL/ISIC_0029135.jpg,지루각화증,7,isic2019,train
data/ISIC 2019/BCC/ISIC_0072835.jpg,기저세포암,1,isic2019,train
data/ISIC 2019/AK/ISIC_0053515.jpg,광선각화증,0,isic2019,train
data/ISIC 2019/MEL/ISIC_0072983.jpg,악성흑색종,6,isic2019,train
data/ISIC 2019/NV/ISIC_0030612.jpg,멜라닌세포모반,2,isic2019,train
data/ISIC 2019/NV/ISIC_0011119.jpg,멜라닌세포모반,2,isic2019,train
data/ISIC 2019/AK/ISIC_0071932.jpg,광선각화증,0,isic2019,train
data/ISIC 2019/MEL/ISIC_0014557_downsampled.jpg,악성흑색종,6,isic2019,train
data/ISIC 2019/NV/ISIC_0030989.jpg,멜라닌세포모반,2,isic2019,train
data/ISIC 2019/MEL/ISIC_0014826_downsampled.jpg,악성흑색종,6,isic2019,train
data/ISIC 2019/DF/ISIC_0057236.jpg,피부섬유종,10,isic2019,train
data/ISIC 2019/NV/ISIC_0027922.jpg,멜라닌세포모반,2,isic2019,train
data/ISIC 2019/BKL/ISIC_0030365.jpg,지루각화증,7,isic2019,train
data/ISIC 2019/BCC/ISIC_0025824.jpg,기저세포암,1,isic2019,train
data/ISIC 2019/BKL/ISIC_0031078.jpg,지루각화증,7,isic2019,train
data/ISIC 2019/SCC/ISIC_0031570.jpg,편평세포암,8,isic2019,train
data/ISIC 2019/NV/ISIC_0000357.jpg,멜라닌세포모반,2,isic2019,train
data/ISIC 2019/NV/ISIC_0028595.jpg,멜라닌세포모반,2,isic2019,train
data/ISIC 2019/MEL/ISIC_0069995.jpg,악성흑색종,6,isic2019,train
data/ISIC 2019/NV/ISIC_0025044.jpg,멜라닌세포모반,2,isic2019,train
data/ISIC 2019/MEL/ISIC_0013783_downsampled.jpg,악성흑색종,6,isic2019,train
data/ISIC 2019/BCC/ISIC_0058060.jpg,기저세포암,1,isic2019,train
data/ISIC 2019/NV/ISIC_0013325_downsampled.jpg,멜라닌세포모반,2,isic2019,train
data/ISIC 2019/MEL/ISIC_0030360.jpg,악성흑색종,6,isic2019,train
data/ISIC 2019/BCC/ISIC_0066318.jpg,기저세포암,1,isic2019,train
data/ISIC 2019/SCC/ISIC_0058893.jpg,편평세포암,8,isic2019,train
data/ISIC 2019/BCC/ISIC_0024332.jpg,기저세포암,1,isic2019,train
data/ISIC 2019/NV/ISIC_0072183.jpg,멜라닌세포모반,2,isic2019,train
data/ISIC 2019/BKL/ISIC_0032304.jpg,지루각화증,7,isic2019,train
data/ISIC 2019/MEL/ISIC_0059362.jpg,악성흑색종,6,isic2019,train
data/ISIC 2019/AK/ISIC_0066296.jpg,광선각화증,0,isic2019,train
data/ISIC 2019/MEL/ISIC_0070137.jpg,악성흑색종,6,isic2019,train
data/ISIC 2019/BKL/ISIC_0069879.jpg,지루각화증,7,isic2019,train
data/ISIC 2019/NV/ISIC_0026534.jpg,멜라닌세포모반,2,isic2019,train
data/ISIC 2019/BCC/ISIC_0060031.jpg,기저세포암,1,isic2019,train
data/ISIC 2019/BCC/ISIC_0070053.jpg,기저세포암,1,isic2019,train
data/ISIC 2019/SCC/ISIC_0026522.jpg,편평세포암,8,isic2019,train
data/ISIC 2019/BCC/ISIC_0072573.jpg,기저세포암,1,isic2019,train
data/ISIC 2019/MEL/ISIC_0067694.jpg,악성흑색종,6,isic2019,train
data/ISIC 2019/BKL/ISIC_0024623.jpg,지루각화증,7,isic2019,train
data/ISIC 2019/BKL/ISIC_0065688.jpg,지루각화증,7,isic2019,train
data/ISIC 2019/MEL/ISIC_0065675.jpg,악성흑색종,6,isic2019,train
data/ISIC 2019/MEL/ISIC_0072799.jpg,악성흑색종,6,isic2019,train
data/ISIC 2019/MEL/ISIC_0064481.jpg,악성흑색종,6,isic2019,train
data/ISIC 2019/AK/ISIC_0068360.jpg,광선각화증,0,isic2019,train
data/ISIC 2019/BCC/ISIC_0031569.jpg,기저세포암,1,isic2019,train
data/ISIC 2019/NV/ISIC_0070475.jpg,멜라닌세포모반,2,isic2019,train
data/ISIC 2019/NV/ISIC_0028692.jpg,멜라닌세포모반,2,isic2019,train
data/ISIC 2019/BKL/ISIC_0012291_downsampled.jpg,지루각화증,7,isic2019,train
data/ISIC 2019/NV/ISIC_0060012.jpg,멜라닌세포모반,2,isic2019,train
data/ISIC 2019/MEL/ISIC_0063680.jpg,악성흑색종,6,isic2019,train
data/ISIC 2019/NV/ISIC_0059761.jpg,멜라닌세포모반,2,isic2019,train
data/ISIC 2019/NV/ISIC_0067236.jpg,멜라닌세포모반,2,isic2019,train
data/ISIC 2019/BKL/ISIC_0029126.jpg,지루각화증,7,isic2019,train
data/ISIC 2019/BKL/ISIC_0057272.jpg,지루각화증,7,isic2019,train
data/ISIC 2019/MEL/ISIC_0054146.jpg,악성흑색종,6,isic2019,train
data/ISIC 2019/NV/ISIC_0000475.jpg,멜라닌세포모반,2,isic2019,train
data/ISIC 2019/AK/ISIC_0024763.jpg,광선각화증,0,isic2019,train
data/ISIC 2019/BCC/ISIC_0067532.jpg,기저세포암,1,isic2019,train
data/ISIC 2019/BCC/ISIC_0053463.jpg,기저세포암,1,isic2019,train
data/ISIC 2019/MEL/ISIC_0055293.jpg,악성흑색종,6,isic2019,train
data/ISIC 2019/MEL/ISIC_0061928.jpg,악성흑색종,6,isic2019,train
data/ISIC 2019/MEL/ISIC_0066332.jpg,악성흑색종,6,isic2019,train
data/ISIC 2019/BCC/ISIC_0073247.jpg,기저세포암,1,isic2019,train
data/ISIC 2019/BCC/ISIC_0069485.jpg,기저세포암,1,isic2019,train
data/ISIC 2019/AK/ISIC_0068973.jpg,광선각화증,0,isic2019,train
data/ISIC 2019/MEL/ISIC_0070111.jpg,악성흑색종,6,isic2019,train
data/ISIC 2019/NV/ISIC_0014762_downsampled.jpg,멜라닌세포모반,2,isic2019,train
data/ISIC 2019/BCC/ISIC_0069001.jpg,기저세포암,1,isic2019,train
data/ISIC 2019/BKL/ISIC_0032129.jpg,지루각화증,7,isic2019,train
data/ISIC 2019/NV/ISIC_0033827.jpg,멜라닌세포모반,2,isic2019,train
data/ISIC 2019/BKL/ISIC_0015006_downsampled.jpg,지루각화증,7,isic2019,train
data/ISIC 2019/MEL/ISIC_0029819.jpg,악성흑색종,6,isic2019,train
data/ISIC 2019/BCC/ISIC_0060680.jpg,기저세포암,1,isic2019,train
data/ISIC 2019/BKL/ISIC_0032876.jpg,지루각화증,7,isic2019,train
data/ISIC 2019/MEL/ISIC_0033700.jpg,악성흑색종,6,isic2019,train
data/ISIC 2019/NV/ISIC_0056342.jpg,멜라닌세포모반,2,isic2019,train
data/ISIC 2019/BKL/ISIC_0030998.jpg,지루각화증,7,isic2019,train
data/ISIC 2019/BCC/ISIC_0056875.jpg,기저세포암,1,isic2019,train
data/ISIC 2019/NV/ISIC_0002287_downsampled.jpg,멜라닌세포모반,2,isic2019,train
data/ISIC 2019/BCC/ISIC_0059200.jpg,기저세포암,1,isic2019,train
data/ISIC 2019/BCC/ISIC_0058335.jpg,기저세포암,1,isic2019,train
data/ISIC 2019/MEL/ISIC_0028017.jpg,악성흑색종,6,isic2019,train
data/ISIC 2019/MEL/ISIC_0056531.jpg,악성흑색종,6,isic2019,train
data/ISIC 2019/BKL/ISIC_0055097.jpg,지루각화증,7,isic2019,train
data/ISIC 2019/BKL/ISIC_0025312.jpg,지루각화증,7,isic2019,train
data/ISIC 2019/SCC/ISIC_0059405.jpg,편평세포암,8,isic2019,train
data/ISIC 2019/BKL/ISIC_0029674.jpg,지루각화증,7,isic2019,train
data/ISIC 2019/BKL/ISIC_0013673_downsampled.jpg,지루각화증,7,isic2019,train
data/ISIC 2019/BKL/ISIC_0029340.jpg,지루각화증,7,isic2019,train
data/ISIC 2019/DF/ISIC_0027598.jpg,피부섬유종,10,isic2019,train
data/ISIC 2019/BCC/ISIC_0070266.jpg,기저세포암,1,isic2019,train
data/ISIC 2019/BKL/ISIC_0034031.jpg,지루각화증,7,isic2019,train
data/ISIC 2019/BKL/ISIC_0068284.jpg,지루각화증,7,isic2019,train
data/ISIC 2019/BCC/ISIC_0027704.jpg,기저세포암,1,isic2019,train
data/ISIC 2019/BCC/ISIC_0059997.jpg,기저세포암,1,isic2019,train
data/ISIC 2019/NV/ISIC_0000474.jpg,멜라닌세포모반,2,isic2019,train
data/ISIC 2019/BCC/ISIC_0058463.jpg,기저세포암,1,isic2019,train
data/ISIC 2019/MEL/ISIC_0034094.jpg,악성흑색종,6,isic2019,train
data/ISIC 2019/BKL/ISIC_0032675.jpg,지루각화증,7,isic2019,train
data/ISIC 2019/SCC/ISIC_0053457.jpg,편평세포암,8,isic2019,train
data/ISIC 2019/MEL/ISIC_0014795_downsampled.jpg,악성흑색종,6,isic2019,train
data/ISIC 2019/BKL/ISIC_0070954.jpg,지루각화증,7,isic2019,train
data/ISIC 2019/BCC/ISIC_0053483.jpg,기저세포암,1,isic2019,train
data/ISIC 2019/BKL/ISIC_0071574.jpg,지루각화증,7,isic2019,train
data/ISIC 2019/NV/ISIC_0033997.jpg,멜라닌세포모반,2,isic2019,train
data/ISIC 2019/BKL/ISIC_0061658.jpg,지루각화증,7,isic2019,train
data/ISIC 2019/NV/ISIC_0013126_downsampled.jpg,멜라닌세포모반,2,isic2019,train
data/ISIC 2019/BKL/ISIC_0032111.jpg,지루각화증,7,isic2019,train
data/ISIC 2019/AK/ISIC_0054531.jpg,광선각화증,0,isic2019,train
data/ISIC 2019/AK/ISIC_0066785.jpg,광선각화증,0,isic2019,train
data/ISIC 2019/BKL/ISIC_0034142.jpg,지루각화증,7,isic2019,train
data/ISIC 2019/VASC/ISIC_0031955.jpg,혈관종,12,isic2019,train
data/ISIC 2019/MEL/ISIC_0001134_downsampled.jpg,악성흑색종,6,isic2019,train
data/ISIC 2019/NV/ISIC_0067926.jpg,멜라닌세포모반,2,isic2019,train
data/ISIC 2019/MEL/ISIC_0056979.jpg,악성흑색종,6,isic2019,train
data/ISIC 2019/MEL/ISIC_0071906.jpg,악성흑색종,6,isic2019,train
data/ISIC 2019/DF/ISIC_0033810.jpg,피부섬유종,10,isic2019,train
data/ISIC 2019/BCC/ISIC_0072361.jpg,기저세포암,1,isic2019,train
data/ISIC 2019/AK/ISIC_0053892.jpg,광선각화증,0,isic2019,train
data/ISIC 2019/NV/ISIC_0056540.jpg,멜라닌세포모반,2,isic2019,train
data/ISIC 2019/NV/ISIC_0055910.jpg,멜라닌세포모반,2,isic2019,train
data/ISIC 2019/BCC/ISIC_0062236.jpg,기저세포암,1,isic2019,train
data/ISIC 2019/NV/ISIC_0064028.jpg,멜라닌세포모반,2,isic2019,train
data/ISIC 2019/BCC/ISIC_0053500.jpg,기저세포암,1,isic2019,train
data/ISIC 2019/DF/ISIC_0034169.jpg,피부섬유종,10,isic2019,train
data/ISIC 2019/BCC/ISIC_0061209.jpg,기저세포암,1,isic2019,train
data/ISIC 2019/BCC/ISIC_0064024.jpg,기저세포암,1,isic2019,train
data/ISIC 2019/BKL/ISIC_0071365.jpg,지루각화증,7,isic2019,train
data/ISIC 2019/BCC/ISIC_0068101.jpg,기저세포암,1,isic2019,train
data/ISIC 2019/SCC/ISIC_0024925.jpg,편평세포암,8,isic2019,train
data/ISIC 2019/MEL/ISIC_0033416.jpg,악성흑색종,6,isic2019,train
data/ISIC 2019/BKL/ISIC_0012254_downsampled.jpg,지루각화증,7,isic2019,train
data/ISIC 2019/MEL/ISIC_0000169.jpg,악성흑색종,6,isic2019,train
data/ISIC 2019/MEL/ISIC_0024459.jpg,악성흑색종,6,isic2019,train
data/ISIC 2019/MEL/ISIC_0069077.jpg,악성흑색종,6,isic2019,train
data/ISIC 2019/BCC/ISIC_0060931.jpg,기저세포암,1,isic2019,train
data/ISIC 2019/NV/ISIC_0031933.jpg,멜라닌세포모반,2,isic2019,train
data/ISIC 2019/MEL/ISIC_0062497.jpg,악성흑색종,6,isic2019,train
data/ISIC 2019/BKL/ISIC_0015170_downsampled.jpg,지루각화증,7,isic2019,train
data/ISIC 2019/BCC/ISIC_0054782.jpg,기저세포암,1,isic2019,train
data/ISIC 2019/NV/ISIC_0026406.jpg,멜라닌세포모반,2,isic2019,train
data/ISIC 2019/BKL/ISIC_0028123.jpg,지루각화증,7,isic2019,train
data/ISIC 2019/BKL/ISIC_0025466.jpg,지루각화증,7,isic2019,train
data/ISIC 2019/MEL/ISIC_0029370.jpg,악성흑색종,6,isic2019,train
data/ISIC 2019/NV/ISIC_0031617.jpg,멜라닌세포모반,2,isic2019,train
data/ISIC 2019/NV/ISIC_0070038.jpg,멜라닌세포모반,2,isic2019,train
data/ISIC 2019/NV/ISIC_0028712.jpg,멜라닌세포모반,2,isic2019,train
data/ISIC 2019/SCC/ISIC_0067643.jpg,편평세포암,8,isic2019,train
data/ISIC 2019/BCC/ISIC_0072463.jpg,기저세포암,1,isic2019,train
data/ISIC 2019/BKL/ISIC_0055036.jpg,지루각화증,7,isic2019,train
data/ISIC 2019/BCC/ISIC_0067098.jpg,기저세포암,1,isic2019,train
data/ISIC 2019/MEL/ISIC_0028930.jpg,악성흑색종,6,isic2019,train
data/ISIC 2019/NV/ISIC_0030961.jpg,멜라닌세포모반,2,isic2019,train
data/ISIC 2019/BCC/ISIC_0053511.jpg,기저세포암,1,isic2019,train
data/ISIC 2019/NV/ISIC_0061966.jpg,멜라닌세포모반,2,isic2019,train
data/ISIC 2019/NV/ISIC_0028613.jpg,멜라닌세포모반,2,isic2019,train
data/ISIC 2019/BKL/ISIC_0027218.jpg,지루각화증,7,isic2019,train
data/ISIC 2019/BCC/ISIC_0067295.jpg,기저세포암,1,isic2019,train
data/ISIC 2019/NV/ISIC_0056339.jpg,멜라닌세포모반,2,isic2019,train
data/ISIC 2019/BKL/ISIC_0030067.jpg,지루각화증,7,isic2019,train
data/ISIC 2019/BCC/ISIC_0058900.jpg,기저세포암,1,isic2019,train
data/ISIC 2019/BCC/ISIC_0065863.jpg,기저세포암,1,isic2019,train
data/ISIC 2019/NV/ISIC_0025423.jpg,멜라닌세포모반,2,isic2019,train
data/ISIC 2019/NV/ISIC_0026594.jpg,멜라닌세포모반,2,isic2019,train
data/ISIC 2019/MEL/ISIC_0061685.jpg,악성흑색종,6,isic2019,train
data/ISIC 2019/NV/ISIC_0064528.jpg,멜라닌세포모반,2,isic2019,train
data/ISIC 2019/NV/ISIC_0029759.jpg,멜라닌세포모반,2,isic2019,train
data/ISIC 2019/BCC/ISIC_0026716.jpg,기저세포암,1,isic2019,train
data/ISIC 2019/BCC/ISIC_0067720.jpg,기저세포암,1,isic2019,train
data/ISIC 2019/SCC/ISIC_0027700.jpg,편평세포암,8,isic2019,train
data/ISIC 2019/MEL/ISIC_0014735_downsampled.jpg,악성흑색종,6,isic2019,train
data/ISIC 2019/MEL/ISIC_0053804.jpg,악성흑색종,6,isic2019,train
data/ISIC 2019/BCC/ISIC_0028050.jpg,기저세포암,1,isic2019,train
data/ISIC 2019/BCC/ISIC_0066525.jpg,기저세포암,1,isic2019,train
data/ISIC 2019/MEL/ISIC_0067233.jpg,악성흑색종,6,isic2019,train
data/ISIC 2019/MEL/ISIC_0068407.jpg,악성흑색종,6,isic2019,train
data/ISIC 2019/BKL/ISIC_0065554.jpg,지루각화증,7,isic2019,train
data/ISIC 2019/NV/ISIC_0034181.jpg,멜라닌세포모반,2,isic2019,train
data/ISIC 2019/NV/ISIC_0069067.jpg,멜라닌세포모반,2,isic2019,train
data/ISIC 2019/BKL/ISIC_0055261.jpg,지루각화증,7,isic2019,train
data/ISIC 2019/DF/ISIC_0061959.jpg,피부섬유종,10,isic2019,train
data/ISIC 2019/BKL/ISIC_0058497.jpg,지루각화증,7,isic2019,train
data/ISIC 2019/MEL/ISIC_0032420.jpg,악성흑색종,6,isic2019,train
data/ISIC 2019/MEL/ISIC_0055511.jpg,악성흑색종,6,isic2019,train
data/ISIC 2019/AK/ISIC_0065304.jpg,광선각화증,0,isic2019,train
data/ISIC 2019/NV/ISIC_0027800.jpg,멜라닌세포모반,2,isic2019,train
data/ISIC 2019/MEL/ISIC_0055157.jpg,악성흑색종,6,isic2019,train
data/ISIC 2019/BCC/ISIC_0072450.jpg,기저세포암,1,isic2019,train
data/ISIC 2019/BKL/ISIC_0034125.jpg,지루각화증,7,isic2019,train
data/ISIC 2019/NV/ISIC_0030376.jpg,멜라닌세포모반,2,isic2019,train
data/ISIC 2019/BCC/ISIC_0057233.jpg,기저세포암,1,isic2019,train
data/ISIC 2019/SCC/ISIC_0026981.jpg,편평세포암,8,isic2019,train
data/ISIC 2019/NV/ISIC_0031447.jpg,멜라닌세포모반,2,isic2019,train
data/ISIC 2019/BCC/ISIC_0029755.jpg,기저세포암,1,isic2019,train
data/ISIC 2019/BKL/ISIC_0030240.jpg,지루각화증,7,isic2019,train
data/ISIC 2019/BKL/ISIC_0070365.jpg,지루각화증,7,isic2019,train
data/ISIC 2019/MEL/ISIC_0072393.jpg,악성흑색종,6,isic2019,train
data/ISIC 2019/MEL/ISIC_0033687.jpg,악성흑색종,6,isic2019,train
data/ISIC 2019/NV/ISIC_0072632.jpg,멜라닌세포모반,2,isic2019,train
data/ISIC 2019/MEL/ISIC_0065006.jpg,악성흑색종,6,isic2019,train
data/ISIC 2019/BCC/ISIC_0056824.jpg,기저세포암,1,isic2019,train
data/ISIC 2019/BKL/ISIC_0032481.jpg,지루각화증,7,isic2019,train
data/ISIC 2019/NV/ISIC_0055835.jpg,멜라닌세포모반,2,isic2019,train
data/ISIC 2019/BCC/ISIC_0062015.jpg,기저세포암,1,isic2019,train
data/ISIC 2019/AK/ISIC_0068377.jpg,광선각화증,0,isic2019,train
data/ISIC 2019/MEL/ISIC_0012512_downsampled.jpg,악성흑색종,6,isic2019,train
data/ISIC 2019/MEL/ISIC_0067452.jpg,악성흑색종,6,isic2019,train
data/ISIC 2019/BCC/ISIC_0068004.jpg,기저세포암,1,isic2019,train
data/ISIC 2019/BKL/ISIC_0029849.jpg,지루각화증,7,isic2019,train
data/ISIC 2019/BKL/ISIC_0031287.jpg,지루각화증,7,isic2019,train
data/ISIC 2019/NV/ISIC_0009914.jpg,멜라닌세포모반,2,isic2019,train
data/ISIC 2019/BCC/ISIC_0028671.jpg,기저세포암,1,isic2019,train
data/ISIC 2019/BKL/ISIC_0026871.jpg,지루각화증,7,isic2019,train
data/ISIC 2019/AK/ISIC_0061410.jpg,광선각화증,0,isic2019,train
data/ISIC 2019/BKL/ISIC_0067664.jpg,지루각화증,7,isic2019,train
data/ISIC 2019/NV/ISIC_0031357.jpg,멜라닌세포모반,2,isic2019,train
data/ISIC 2019/MEL/ISIC_0053791.jpg,악성흑색종,6,isic2019,train
data/ISIC 2019/BKL/ISIC_0027470.jpg,지루각화증,7,isic2019,train
data/ISIC 2019/MEL/ISIC_0072516.jpg,악성흑색종,6,isic2019,train
data/ISIC 2019/NV/ISIC_0028806.jpg,멜라닌세포모반,2,isic2019,train
data/ISIC 2019/MEL/ISIC_0072585.jpg,악성흑색종,6,isic2019,train
data/ISIC 2019/BKL/ISIC_0053716.jpg,지루각화증,7,isic2019,train
data/ISIC 2019/NV/ISIC_0015216_downsampled.jpg,멜라닌세포모반,2,isic2019,train
data/ISIC 2019/BCC/ISIC_0055353.jpg,기저세포암,1,isic2019,train
data/ISIC 2019/BCC/ISIC_0064269.jpg,기저세포암,1,isic2019,train
data/ISIC 2019/BCC/ISIC_0055441.jpg,기저세포암,1,isic2019,train
data/ISIC 2019/NV/ISIC_0069326.jpg,멜라닌세포모반,2,isic2019,train
data/ISIC 2019/MEL/ISIC_0058000.jpg,악성흑색종,6,isic2019,train
data/ISIC 2019/NV/ISIC_0032942.jpg,멜라닌세포모반,2,isic2019,train
data/ISIC 2019/BCC/ISIC_0055010.jpg,기저세포암,1,isic2019,train
data/ISIC 2019/NV/ISIC_0066342.jpg,멜라닌세포모반,2,isic2019,train
data/ISIC 2019/BCC/ISIC_0063714.jpg,기저세포암,1,isic2019,train
data/ISIC 2019/AK/ISIC_0062104.jpg,광선각화증,0,isic2019,train
data/ISIC 2019/SCC/ISIC_0025696.jpg,편평세포암,8,isic2019,train
data/ISIC 2019/BCC/ISIC_0063892.jpg,기저세포암,1,isic2019,train
data/ISIC 2019/BKL/ISIC_0027706.jpg,지루각화증,7,isic2019,train
data/ISIC 2019/NV/ISIC_0024664.jpg,멜라닌세포모반,2,isic2019,train
data/ISIC 2019/MEL/ISIC_0058876.jpg,악성흑색종,6,isic2019,train
data/ISIC 2019/BKL/ISIC_0028992.jpg,지루각화증,7,isic2019,train
data/ISIC 2019/BKL/ISIC_0030605.jpg,지루각화증,7,isic2019,train
data/ISIC 2019/NV/ISIC_0059144.jpg,멜라닌세포모반,2,isic2019,train
data/ISIC 2019/MEL/ISIC_0030014.jpg,악성흑색종,6,isic2019,train
data/ISIC 2019/BKL/ISIC_0056514.jpg,지루각화증,7,isic2019,train
data/ISIC 2019/MEL/ISIC_0069204.jpg,악성흑색종,6,isic2019,train
data/ISIC 2019/NV/ISIC_0028811.jpg,멜라닌세포모반,2,isic2019,train
data/ISIC 2019/SCC/ISIC_0066625.jpg,편평세포암,8,isic2019,train
data/ISIC 2019/SCC/ISIC_0025471.jpg,편평세포암,8,isic2019,train
data/ISIC 2019/BCC/ISIC_0061683.jpg,기저세포암,1,isic2019,train
data/ISIC 2019/MEL/ISIC_0062423.jpg,악성흑색종,6,isic2019,train
data/ISIC 2019/DF/ISIC_0025504.jpg,피부섬유종,10,isic2019,train
data/ISIC 2019/NV/ISIC_0012285_downsampled.jpg,멜라닌세포모반,2,isic2019,train
data/ISIC 2019/MEL/ISIC_0026647.jpg,악성흑색종,6,isic2019,train
data/ISIC 2019/SCC/ISIC_0054174.jpg,편평세포암,8,isic2019,train
data/ISIC 2019/MEL/ISIC_0062575.jpg,악성흑색종,6,isic2019,train
data/ISIC 2019/NV/ISIC_0028636.jpg,멜라닌세포모반,2,isic2019,train
data/ISIC 2019/DF/ISIC_0030870.jpg,피부섬유종,10,isic2019,train
data/ISIC 2019/NV/ISIC_0063556.jpg,멜라닌세포모반,2,isic2019,train
data/ISIC 2019/BCC/ISIC_0067580.jpg,기저세포암,1,isic2019,train
data/ISIC 2019/NV/ISIC_0031250.jpg,멜라닌세포모반,2,isic2019,train
data/ISIC 2019/BCC/ISIC_0058567.jpg,기저세포암,1,isic2019,train
data/ISIC 2019/NV/ISIC_0030497.jpg,멜라닌세포모반,2,isic2019,train
data/ISIC 2019/SCC/ISIC_0071071.jpg,편평세포암,8,isic2019,train
data/ISIC 2019/BKL/ISIC_0061226.jpg,지루각화증,7,isic2019,train
data/ISIC 2019/BCC/ISIC_0057732.jpg,기저세포암,1,isic2019,train
data/ISIC 2019/MEL/ISIC_0028760.jpg,악성흑색종,6,isic2019,train
